name,machine_type,trace,-10,-9,-8,-7,-6,-5,-4,-3,-2,-1,0,1,2,3
m287_gpu0,gpu,utilization,46.6,47.7,59.466666667,79.8,54.6,75.6,84.166666667,77.4,85.75,73.533333333,14.7,50.333333333,94.266666667,84.2
m287_gpu5,gpu,utilization,85.4,87.0,92.3,66.133333333,20.933333333,71.0,61.983333333,20.333333333,79.75,95.133333333,69.0,19.666666667,46.866666667,93.166666667
