name,machine_type,trace,-10,-9,-8,-7,-6,-5,-4,-3,-2,-1,0,1,2,3
m315_gpu0,gpu,utilization,86.3,82.583333333,11.0,10.15,87.266666667,87.933333333,81.933333333,88.883333333,76.266666667,0.0,0.0,0.0,21.75,87.0
m315_gpu1,gpu,utilization,87.9,80.583333333,9.1666666667,10.383333333,88.733333333,87.133333333,87.883333333,87.0,75.4,14.833333333,88.833333333,70.4,22.25,88.566666667
m315_gpu2,gpu,utilization,87.1,81.583333333,10.083333333,10.383333333,88.733333333,87.133333333,87.883333333,87.116666667,76.266666667,14.666666667,73.333333333,0.0,22.5,86.1
m315_gpu3,gpu,utilization,87.9,80.583333333,9.1666666667,10.266666667,88.0,87.866666667,86.65,84.116666667,73.666666667,14.5,87.166666667,70.4,22.25,88.783333333
m315_gpu4,gpu,utilization,86.2,81.416666667,8.25,10.383333333,88.6,86.133333333,87.233333333,88.883333333,76.266666667,14.666666667,88.0,70.4,22.0,88.0
m315_gpu5,gpu,utilization,8.5,79.083333333,12.833333333,10.15,87.133333333,88.0,88.116666667,88.883333333,76.266666667,14.5,87.0,69.6,22.25,88.783333333
m315_gpu6,gpu,utilization,83.4,80.666666667,10.083333333,10.383333333,89.0,88.866666667,88.116666667,88.883333333,76.266666667,14.666666667,88.166666667,71.2,21.75,87.433333333
m315_gpu7,gpu,utilization,88.0,81.416666667,8.25,10.383333333,89.0,89.0,88.883333333,88.0,76.266666667,14.833333333,88.833333333,70.4,22.5,89.566666667
