name,machine_type,trace,-10,-9,-8,-7,-6,-5,-4,-3,-2,-1,0,1,2,3
m221_gpu0,gpu,utilization,30.7,27.1,19.933333333,26.133333333,14.366666667,24.933333333,23.833333333,21.333333333,14.666666667,23.733333333,19.9,17.4,23.933333333,10.266666667
m221_gpu1,gpu,utilization,28.0,27.1,19.7,24.266666667,14.466666667,28.0,27.333333333,19.083333333,10.2,26.733333333,22.866666667,19.3,23.666666667,6.2
m221_gpu2,gpu,utilization,30.1,29.8,19.466666667,22.733333333,19.3,27.666666667,23.416666667,26.083333333,6.5333333333,27.4,18.966666667,18.4,24.6,6.2666666667
m221_gpu3,gpu,utilization,28.1,28.0,19.466666667,22.666666667,18.333333333,27.866666667,25.75,21.75,9.3333333333,27.666666667,22.866666667,19.25,22.733333333,6.3333333333
m221_gpu4,gpu,utilization,30.3,31.6,19.466666667,22.733333333,19.3,27.733333333,23.916666667,21.5,6.5333333333,27.4,18.9,16.6,26.466666667,6.3333333333
m221_gpu5,gpu,utilization,31.6,27.1,19.466666667,22.4,14.466666667,27.733333333,23.916666667,22.333333333,15.866666667,27.4,18.933333333,17.55,26.733333333,10.2
m221_gpu6,gpu,utilization,28.1,28.0,19.466666667,22.4,14.466666667,28.0,27.25,18.583333333,14.8,25.6,20.066666667,22.3,26.666666667,9.0
m221_gpu7,gpu,utilization,28.0,27.2,20.466666667,23.333333333,14.466666667,27.933333333,26.666666667,22.583333333,18.4,23.8,20.866666667,17.6,27.733333333,10.866666667
