name,machine_type,trace,-10,-9,-8,-7,-6,-5,-4,-3,-2,-1,0,1,2,3
m86_gpu2,gpu,utilization,100.0,36.666666667,0.0,60.133333333,24.6,0.0,0.0,68.333333333,100.0,100.0,100.0,100.0,46.016666667,76.3
m86_gpu5,gpu,utilization,26.0,24.733333333,25.366666667,24.533333333,24.0,26.2,21.983333333,22.05,18.8,13.5,11.3,12.333333333,8.9,21.7
m86_gpu6,gpu,utilization,0.0,13.933333333,73.933333333,26.133333333,40.6,15.466666667,0.0,66.966666667,29.4,32.2,82.4,87.333333333,76.533333333,22.2
m86_gpu7,gpu,utilization,36.666666667,0.0,0.0,3.6666666667,1.5,0.0,0.0,68.333333333,100.0,100.0,100.0,100.0,31.666666667,70.0
m271_gpu0,gpu,utilization,0.0,0.0,0.0,72.6,29.7,0.0,0.0,0.0,70.0,30.0,0.0,0.0,68.333333333,100.0
m271_gpu3,gpu,utilization,0.0,11.4,5.7,0.0,0.0,73.333333333,36.933333333,3.8,0.0,0.0,0.0,66.666666667,100.0,30.0
m271_gpu4,gpu,utilization,0.0,0.0,0.0,0.0,0.0,0.0,0.0,0.0,70.0,30.0,0.0,66.666666667,31.666666667,0.0
m271_gpu5,gpu,utilization,62.066666667,44.166666667,8.2166666667,1.6,68.6,26.133333333,0.0,66.966666667,29.4,65.8,81.4,89.333333333,30.4,22.4
