name,machine_type,trace,-10,-9,-8,-7,-6,-5,-4,-3,-2,-1,0,1,2,3
m105_gpu1,gpu,utilization,0.0,0.0,0.0,0.0,0.0,0.0,0.0,0.0,0.0,0.0,0.0,0.0,0.0,3.5333333333
m105_gpu3,gpu,utilization,90.0,89.083333333,88.05,89.966666667,88.1,90.0,90.0,90.0,90.0,90.0,90.983333333,91.0,89.85,80.666666667
m105_gpu4,gpu,utilization,16.7,23.416666667,25.9,18.133333333,25.65,19.166666667,21.416666667,21.416666667,19.966666667,19.966666667,18.983333333,23.75,15.266666667,22.133333333
m105_gpu5,gpu,utilization,0.0,0.0,0.0,0.0,0.0,0.0,0.0,0.0,0.0,0.0,0.0,0.0,0.0,3.9333333333
