name,machine_type,trace,-10,-9,-8,-7,-6,-5,-4,-3,-2,-1,0,1,2,3
m7_gpu1,gpu,utilization,73.666666667,78.3,75.2,73.8,86.266666667,79.5,68.6,72.9,85.033333333,77.1,81.2,78.716666667,81.9,86.0
m7_gpu7,gpu,utilization,89.75,90.016666667,83.6,53.6,5.0,33.966666667,82.25,84.1,83.816666667,61.7,82.0,75.766666667,66.6,82.666666667
