name,machine_type,trace,-10,-9,-8,-7,-6,-5,-4,-3,-2,-1,0,1,2,3
m215_gpu0,gpu,utilization,36.416666667,84.866666667,84.0,84.333333333,85.816666667,77.416666667,57.2,85.8,68.0,21.25,85.0,65.166666667,19.833333333,85.0
m215_gpu1,gpu,utilization,43.766666667,47.733333333,85.0,85.0,84.816666667,65.8,17.2,76.2,46.6,85.25,86.0,65.933333333,13.3,62.6
m215_gpu2,gpu,utilization,58.133333333,49.466666667,85.0,84.833333333,84.183333333,66.583333333,17.0,85.0,80.8,69.5,74.8,33.733333333,19.6,84.2
m215_gpu3,gpu,utilization,25.75,45.0,84.0,84.166666667,85.0,66.583333333,17.0,85.0,68.0,21.25,84.733333333,64.4,19.833333333,85.0
m215_gpu4,gpu,utilization,49.45,64.8,44.3,49.166666667,68.666666667,85.216666667,80.4,62.2,63.2,21.0,82.666666667,60.566666667,15.866666667,66.8
m215_gpu5,gpu,utilization,84.0,84.133333333,85.0,85.0,85.0,66.583333333,17.0,85.0,68.0,21.25,84.733333333,79.333333333,68.9,85.0
m215_gpu6,gpu,utilization,10.033333333,86.0,86.0,86.0,86.183333333,68.15,17.2,86.2,69.6,21.5,86.0,65.933333333,20.066666667,86.0
m215_gpu7,gpu,utilization,47.25,87.0,87.0,87.0,87.0,68.15,17.4,86.8,68.8,21.75,87.0,66.7,9.1,48.6
