name,machine_type,trace,-10,-9,-8,-7,-6,-5,-4,-3,-2,-1,0,1,2,3
m325_gpu0,gpu,utilization,0.0,0.0,0.0,0.0,0.0,0.0,0.0,0.0,0.0,0.0,0.0,0.0,0.0,0.0
m325_gpu1,gpu,utilization,15.7,8.75,0.26666666667,26.6,17.216666667,8.85,25.25,16.35,16.35,25.0,25.0,25.0,4.35,0.13333333333
m325_gpu3,gpu,utilization,15.9,13.333333333,0.43333333333,30.4,31.566666667,6.6,18.0,11.175,11.175,23.0,23.983333333,20.2,6.2333333333,0.2
m325_gpu6,gpu,utilization,22.0,30.416666667,1.0333333333,22.8,12.333333333,8.6,20.2,14.55,14.55,23.0,23.983333333,24.0,2.3666666667,0.066666666667
