name,machine_type,trace,-10,-9,-8,-7,-6,-5,-4,-3,-2,-1,0,1,2,3
m275_gpu0,gpu,utilization,94.516666667,100.0,15.0,10.2,44.3,6.6666666667,0.0,0.0,91.666666667,100.0,100.0,3.5333333333,12.2,18.666666667
m275_gpu1,gpu,utilization,94.866666667,31.533333333,3.15,64.6,54.75,38.0,4.2,0.0,0.0,93.333333333,100.0,64.633333333,82.65,0.66666666667
m275_gpu2,gpu,utilization,88.566666667,38.466666667,4.35,41.65,55.8,7.6,75.966666667,7.1666666667,79.75,99.133333333,100.0,4.6333333333,79.1,96.666666667
m275_gpu5,gpu,utilization,88.45,13.333333333,83.3,95.45,14.25,82.333333333,95.0,7.9166666667,80.666666667,55.333333333,67.933333333,3.9666666667,98.8,76.8
m49_gpu0,gpu,utilization,1.1666666667,45.933333333,24.95,83.75,99.25,42.8,3.9666666667,0.0,0.0,0.0,93.333333333,3.3333333333,5.0,98.5
m49_gpu3,gpu,utilization,52.816666667,7.8666666667,0.0,1.7,81.9,12.8,0.0,0.0,91.666666667,6.6666666667,93.333333333,3.3333333333,1.8,38.133333333
m49_gpu5,gpu,utilization,25.116666667,2.4,0.0,82.45,16.25,86.933333333,95.583333333,99.583333333,16.583333333,93.933333333,49.6,2.75,69.35,2.1
m49_gpu6,gpu,utilization,1.1666666667,86.666666667,15.0,85.0,47.3,91.733333333,11.666666667,0.0,84.333333333,99.466666667,71.066666667,2.9,38.4,84.533333333
