name,machine_type,trace,-10,-9,-8,-7,-6,-5,-4,-3,-2,-1,0,1,2,3
m9_gpu0,gpu,utilization,100.0,100.0,99.166666667,13.2,87.3,8.0833333333,85.683333333,97.0,97.883333333,99.766666667,15.0,0.0,87.45,99.0
m9_gpu1,gpu,utilization,99.5,98.366666667,99.666666667,13.333333333,89.1,98.083333333,97.116666667,97.0,98.766666667,99.883333333,15.0,0.0,0.0,85.0
m9_gpu2,gpu,utilization,97.0,97.0,99.5,71.4,95.8,8.25,85.683333333,97.0,97.883333333,97.116666667,14.55,86.566666667,11.433333333,85.0
m9_gpu3,gpu,utilization,97.5,99.45,97.5,12.933333333,87.3,97.916666667,96.233333333,99.466666667,98.233333333,97.116666667,14.55,88.333333333,11.666666667,82.45
m9_gpu4,gpu,utilization,99.5,97.55,97.833333333,97.133333333,97.0,8.0833333333,87.45,97.266666667,97.883333333,96.233333333,14.4,75.966666667,10.033333333,84.15
m9_gpu5,gpu,utilization,97.166666667,97.0,99.5,88.733333333,97.8,8.25,84.8,96.866666667,97.883333333,97.116666667,14.55,0.0,38.866666667,91.6
m9_gpu6,gpu,utilization,97.5,99.45,97.5,98.733333333,97.2,8.0833333333,85.683333333,99.6,98.233333333,97.116666667,14.55,0.0,1.7666666667,82.75
m9_gpu7,gpu,utilization,0.0,0.0,80.833333333,12.933333333,90.0,8.3333333333,0.0,0.0,86.566666667,97.116666667,14.55,0.0,0.0,0.0
