name,machine_type,trace,-10,-9,-8,-7,-6,-5,-4,-3,-2,-1,0,1,2,3
m343_gpu0,gpu,utilization,99.65,96.75,98.25,99.3,99.0,97.7,98.9,99.383333333,99.616666667,100.0,100.0,99.416666667,99.0,98.366666667
m343_gpu1,gpu,utilization,57.25,53.45,62.55,57.3,17.1,5.85,3.3,27.75,36.983333333,53.0,26.8,9.9166666667,6.8,42.433333333
m343_gpu3,gpu,utilization,9.45,34.45,69.9,81.8,83.0,34.25,32.066666667,34.283333333,54.133333333,54.8,66.8,76.75,68.2,76.4
m343_gpu6,gpu,utilization,29.4,52.65,82.95,53.9,68.333333333,38.75,5.8666666667,20.966666667,64.216666667,80.6,80.2,80.416666667,32.0,50.033333333
