name,machine_type,trace,-10,-9,-8,-7,-6,-5,-4,-3,-2,-1,0,1,2,3
m278_gpu2,gpu,utilization,0.0,0.0,0.0,0.0,0.0,0.0,0.0,0.0,0.0,0.0,68.933333333,86.366666667,12.9,0.0
m278_gpu3,gpu,utilization,84.15,77.6,81.483333333,82.25,82.766666667,83.0,75.8,82.0,84.0,83.166666667,83.783333333,77.466666667,81.95,83.883333333
m278_gpu5,gpu,utilization,32.0,8.0,25.5,29.0,31.066666667,31.2,7.8,26.0,30.433333333,31.666666667,31.216666667,7.3166666667,25.8,31.766666667
m278_gpu6,gpu,utilization,0.0,0.0,0.0,0.0,0.0,0.0,0.0,0.0,0.0,0.0,69.716666667,70.216666667,9.9,0.0
