name,machine_type,trace,-10,-9,-8,-7,-6,-5,-4,-3,-2,-1,0,1,2,3
m147_gpu1,gpu,utilization,32.25,32.25,8.0,20.916666667,20.916666667,93.0,16.15,0.0,0.73333333333,10.816666667,0.55,30.633333333,30.633333333,9.1333333333
m147_gpu2,gpu,utilization,36.066666667,36.066666667,0.0,9.5,9.5,0.0,0.0,0.0,4.6666666667,69.75,55.9,35.283333333,35.283333333,73.983333333
m147_gpu4,gpu,utilization,0.0,0.0,0.0,5.225,5.225,46.0,40.75,16.15,3.8,56.05,4.65,44.95,44.95,30.666666667
m147_gpu7,gpu,utilization,0.0,0.0,0.0,10.908333333,10.908333333,94.0,23.75,0.0,0.53333333333,7.8666666667,0.0,8.7833333333,8.7833333333,28.4
m162_gpu1,gpu,utilization,27.55,27.55,50.0,52.266666667,52.266666667,8.0,25.6,53.2,0.73333333333,10.816666667,0.0,4.1333333333,4.1333333333,93.0
m162_gpu2,gpu,utilization,31.516666667,31.516666667,0.0,25.575,25.575,0.0,34.7,63.65,6.0666666667,89.483333333,0.05,0.48333333333,0.48333333333,1.2
m162_gpu3,gpu,utilization,44.95,44.95,0.0,72.708333333,72.708333333,0.0,36.95,88.35,0.0,0.0,0.0,0.0,0.0,51.316666667
m162_gpu5,gpu,utilization,45.1,45.1,54.0,72.725,72.725,0.0,90.3,37.05,0.8,11.8,2.5,24.166666667,24.166666667,26.133333333
