name,machine_type,trace,-10,-9,-8,-7,-6,-5,-4,-3,-2,-1,0,1,2,3
m298_gpu0,gpu,utilization,62.566666667,15.0,65.1,92.316666667,97.466666667,100.0,40.0,0.0,0.0,30.816666667,85.75,25.0,73.333333333,30.0
m298_gpu1,gpu,utilization,60.9,19.75,73.0,47.383333333,48.283333333,86.0,100.0,36.666666667,66.666666667,100.0,79.0,61.5,74.133333333,94.0
m298_gpu3,gpu,utilization,23.333333333,0.0,65.1,97.783333333,100.0,66.2,79.2,36.666666667,56.0,95.466666667,100.0,86.5,95.2,30.0
m298_gpu6,gpu,utilization,20.533333333,46.5,88.6,100.0,100.0,100.0,100.0,87.966666667,93.666666667,28.333333333,51.0,29.0,43.133333333,15.9
m390_gpu2,gpu,utilization,99.0,57.0,82.9,99.316666667,99.683333333,57.75,74.0,68.966666667,83.666666667,99.283333333,54.75,85.0,100.0,100.0
m390_gpu4,gpu,utilization,99.0,57.0,82.9,99.316666667,99.683333333,63.6,77.6,63.9,81.0,99.283333333,57.75,86.0,100.0,100.0
m390_gpu5,gpu,utilization,99.0,55.5,82.3,99.316666667,99.683333333,61.0,76.0,77.2,88.0,99.283333333,55.5,85.25,100.0,100.0
m390_gpu7,gpu,utilization,99.766666667,54.25,81.7,99.316666667,87.383333333,40.4,67.2,65.8,82.0,99.283333333,57.75,86.0,100.0,100.0
