name,machine_type,trace,-10,-9,-8,-7,-6,-5,-4,-3,-2,-1,0,1,2,3
m161_gpu3,gpu,utilization,59.15,28.816666667,60.666666667,0.0,27.55,87.666666667,85.1,49.4,0.0,29.133333333,65.933333333,25.783333333,69.766666667,0.0
m161_gpu4,gpu,utilization,58.5,28.816666667,60.666666667,0.0,28.5,60.0,27.0,58.5,28.5,90.0,64.5,25.216666667,68.233333333,0.0
m161_gpu6,gpu,utilization,58.5,28.5,60.0,0.0,28.816666667,90.666666667,89.1,56.55,28.816666667,90.683333333,64.5,25.783333333,91.466666667,71.3
m161_gpu7,gpu,utilization,57.2,28.5,60.0,0.0,28.183333333,89.333333333,63.0,0.0,25.333333333,82.85,63.783333333,25.216666667,89.7,92.0
