name,machine_type,trace,-10,-9,-8,-7,-6,-5,-4,-3,-2,-1,0,1,2,3
m223_gpu0,gpu,utilization,0.0,0.0,0.0,34.3,98.0,71.866666667,0.0,0.0,0.0,0.0,0.0,0.0,0.0,0.0
m223_gpu2,gpu,utilization,0.0,0.0,0.0,34.3,66.966666667,0.0,0.0,0.0,0.0,0.0,0.0,0.0,0.0,0.0
m223_gpu6,gpu,utilization,0.0,0.0,0.0,33.95,97.316666667,71.866666667,0.0,0.0,0.0,0.0,0.0,0.0,0.0,0.0
m223_gpu7,gpu,utilization,0.0,0.0,0.0,33.95,97.0,71.133333333,0.0,0.0,0.0,0.0,0.0,0.0,0.0,0.0
