name,machine_type,trace,-10,-9,-8,-7,-6,-5,-4,-3,-2,-1,0,1,2,3
m9_gpu0,gpu,utilization,72.0,75.333333333,74.1,70.6,70.7,76.95,73.633333333,72.8,73.533333333,77.066666667,84.8,79.833333333,74.0,70.6
m9_gpu2,gpu,utilization,80.333333333,31.0,57.733333333,75.0,70.1,34.95,39.833333333,69.2,79.25,32.433333333,43.4,81.5,80.833333333,83.5
m9_gpu3,gpu,utilization,70.666666667,25.0,44.433333333,78.6,72.533333333,30.0,42.666666667,67.6,68.316666667,27.3,52.4,75.5,66.25,67.833333333
m9_gpu7,gpu,utilization,70.0,25.666666667,46.966666667,70.0,79.9,40.6,36.7,68.8,80.633333333,32.8,44.6,74.75,71.333333333,70.833333333
