name,machine_type,trace,-10,-9,-8,-7,-6,-5,-4,-3,-2,-1,0,1,2,3
m59_gpu0,gpu,utilization,0.0,0.0,0.0,22.8,35.15,37.566666667,62.066666667,32.666666667,65.333333333,7.0,12.333333333,37.95,94.016666667,50.166666667
m59_gpu1,gpu,utilization,0.0,0.0,0.0,19.6,30.216666667,37.183333333,61.433333333,33.0,66.0,4.9,8.6333333333,37.183333333,90.1,46.083333333
m59_gpu2,gpu,utilization,0.58333333333,0.0,6.25,39.0,46.25,37.183333333,61.433333333,24.0,48.0,0.0,0.0,37.566666667,98.0,57.166666667
m59_gpu5,gpu,utilization,0.0,0.0,0.0,39.2,61.583333333,39.416666667,62.066666667,33.0,66.0,9.45,16.65,37.183333333,84.733333333,37.916666667
m29_gpu1,gpu,utilization,54.833333333,0.0,22.083333333,31.8,0.0,6.1333333333,42.4,58.666666667,0.0,0.0,36.8,95.616666667,58.583333333,40.416666667
m29_gpu3,gpu,utilization,77.416666667,36.95,21.0,12.6,0.0,0.0,20.9,38.0,2.3333333333,4.55,36.8,96.0,59.2,36.25
m29_gpu4,gpu,utilization,71.0,22.5,44.333333333,58.8,0.0,0.0,34.833333333,63.333333333,8.0,15.6,37.183333333,97.0,59.816666667,27.916666667
m29_gpu5,gpu,utilization,49.583333333,0.0,26.666666667,38.4,0.0,0.0,35.566666667,64.666666667,0.0,0.0,36.416666667,94.233333333,57.35,36.666666667
