name,machine_type,trace,-10,-9,-8,-7,-6,-5,-4,-3,-2,-1,0,1,2,3
m179_gpu4,gpu,utilization,86.533333333,90.6,88.733333333,88.0,20.533333333,0.0,0.0,66.0,24.933333333,63.066666667,87.4,29.333333333,60.133333333,88.65
m179_gpu5,gpu,utilization,87.533333333,90.066666667,87.733333333,86.2,20.066666667,0.0,0.0,65.25,24.65,64.533333333,87.3,29.0,59.45,88.3
m319_gpu3,gpu,utilization,87.0,90.066666667,16.683333333,0.0,52.133333333,16.633333333,63.25,86.25,80.55,82.4,86.8,29.333333333,60.133333333,88.0
m319_gpu7,gpu,utilization,89.0,90.533333333,86.1,57.8,80.133333333,23.066666667,66.0,88.5,89.0,89.0,89.0,29.666666667,61.5,88.7
m9_gpu5,gpu,utilization,0.0,0.0,1.6333333333,70.8,86.466666667,20.066666667,43.5,79.0,87.433333333,87.266666667,87.0,29.0,59.45,86.35
m9_gpu6,gpu,utilization,23.733333333,69.766666667,88.55,88.8,87.466666667,20.3,66.75,88.25,88.716666667,88.266666667,88.0,29.333333333,59.45,86.35
m111_gpu1,gpu,utilization,87.266666667,87.766666667,16.133333333,70.4,88.0,20.533333333,66.75,81.5,86.166666667,89.733333333,89.3,29.666666667,58.766666667,87.95
m111_gpu7,gpu,utilization,87.733333333,87.233333333,15.95,70.4,87.233333333,20.3,65.25,87.75,87.283333333,87.733333333,88.0,29.333333333,60.133333333,86.7
