name,machine_type,trace,-10,-9,-8,-7,-6,-5,-4,-3,-2,-1,0,1,2,3
m161_gpu0,gpu,utilization,0.0,0.0,0.0,24.666666667,77.9,86.7,86.0,85.366666667,84.0,84.35,86.1,87.05,85.35,86.0
m161_gpu1,gpu,utilization,0.0,0.0,32.583333333,84.0,57.4,25.5,85.316666667,86.633333333,87.05,85.0,85.0,85.633333333,86.3,85.95
m161_gpu2,gpu,utilization,0.0,0.0,0.0,29.0,86.7,86.0,86.633333333,87.05,85.316666667,85.3,84.0,84.633333333,85.3,84.633333333
m161_gpu3,gpu,utilization,0.0,0.0,33.733333333,86.666666667,58.8,26.1,59.45,27.233333333,85.366666667,84.7,86.0,86.316666667,86.65,86.0
m161_gpu4,gpu,utilization,0.0,0.0,32.966666667,85.333333333,58.8,25.5,84.683333333,84.0,81.466666667,79.5,85.266666667,84.316666667,85.0,85.0
m161_gpu5,gpu,utilization,0.0,0.0,0.0,29.0,87.0,86.7,58.766666667,27.55,87.0,86.65,86.366666667,86.683333333,86.35,86.683333333
m161_gpu6,gpu,utilization,0.0,0.0,34.116666667,87.333333333,58.8,26.4,88.633333333,89.683333333,89.0,89.35,89.266666667,87.683333333,87.7,88.366666667
m161_gpu7,gpu,utilization,0.0,0.0,0.0,29.0,60.9,26.1,64.833333333,39.483333333,60.133333333,30.8,87.266666667,86.95,88.3,87.0
