name,machine_type,trace,-10,-9,-8,-7,-6,-5,-4,-3,-2,-1,0,1,2,3
m51_gpu0,gpu,utilization,99.0,99.0,99.0,99.0,99.0,99.0,99.0,99.0,83.583333333,88.583333333,99.0,99.0,99.0,87.666666667
m51_gpu1,gpu,utilization,99.0,99.0,98.466666667,98.566666667,98.433333333,98.6,99.0,99.0,86.05,90.25,99.0,99.0,99.0,85.966666667
m51_gpu2,gpu,utilization,99.0,99.0,99.0,99.0,99.0,99.0,99.0,99.0,90.983333333,93.583333333,99.0,99.0,99.0,90.5
m51_gpu3,gpu,utilization,99.0,99.0,99.0,99.0,99.0,99.0,99.0,99.0,86.666666667,37.0,57.6,99.0,99.0,87.1
m51_gpu4,gpu,utilization,99.0,99.0,99.0,99.0,99.0,99.0,99.0,99.0,85.433333333,89.833333333,99.0,99.0,99.0,87.1
m51_gpu5,gpu,utilization,99.0,99.0,99.0,99.0,99.0,99.0,99.0,99.0,85.433333333,89.833333333,99.0,99.0,99.0,84.266666667
m51_gpu6,gpu,utilization,99.0,99.0,99.0,99.0,99.0,99.0,99.0,99.0,86.666666667,90.666666667,99.0,99.0,99.0,84.266666667
m51_gpu7,gpu,utilization,99.0,99.0,99.0,99.0,99.0,99.0,99.0,99.0,87.9,91.5,99.0,99.0,99.0,81.433333333
