name,machine_type,trace,-10,-9,-8,-7,-6,-5,-4,-3,-2,-1,0,1,2,3
m331_gpu1,gpu,utilization,75.583333333,59.5,33.333333333,71.1,74.0,83.683333333,79.2,66.333333333,59.566666667,66.333333333,71.316666667,71.333333333,69.4,67.0
m331_gpu4,gpu,utilization,80.9,59.5,26.333333333,79.6,66.666666667,52.566666667,80.516666667,71.333333333,64.7,58.333333333,59.85,71.333333333,82.0,80.666666667
m331_gpu5,gpu,utilization,77.166666667,58.8,26.0,77.4,70.666666667,67.916666667,80.883333333,59.333333333,47.566666667,65.0,58.066666667,72.0,77.4,75.0
m331_gpu7,gpu,utilization,81.216666667,60.2,26.666666667,81.8,61.666666667,35.8,81.516666667,67.0,56.666666667,61.666666667,59.316666667,63.0,68.7,70.0
