name,machine_type,trace,-10,-9,-8,-7,-6,-5,-4,-3,-2,-1,0,1,2,3
m300_gpu1,gpu,utilization,62.533333333,79.833333333,77.8,51.5,75.9,85.9,78.2,17.733333333,58.266666667,77.566666667,78.0,76.3,84.166666667,79.466666667
m300_gpu2,gpu,utilization,66.216666667,31.166666667,77.866666667,38.4,78.45,75.566666667,85.8,20.766666667,3.0666666667,3.2166666667,3.0,41.25,79.033333333,55.783333333
m300_gpu3,gpu,utilization,57.45,73.833333333,76.133333333,44.55,81.5,85.733333333,69.8,15.4,2.3,3.0,3.8333333333,72.85,85.816666667,86.816666667
m300_gpu7,gpu,utilization,67.566666667,67.5,85.333333333,85.45,87.55,81.466666667,62.4,13.533333333,3.8333333333,2.65,2.0,56.4,78.25,87.533333333
