name,machine_type,trace,-10,-9,-8,-7,-6,-5,-4,-3,-2,-1,0,1,2,3
m147_gpu0,gpu,utilization,90.8,88.15,86.6,85.933333333,89.5,95.533333333,93.166666667,89.35,89.65,90.433333333,88.25,88.8,90.616666667,92.266666667
m147_gpu2,gpu,utilization,45.6,59.25,92.466666667,66.166666667,71.0,91.466666667,89.666666667,85.2,82.4,85.433333333,54.666666667,44.4,81.6,93.033333333
m147_gpu4,gpu,utilization,37.2,57.45,90.333333333,67.85,55.0,81.8,96.6,56.05,63.5,95.0,89.75,89.6,69.183333333,54.366666667
m147_gpu7,gpu,utilization,0.0,0.0,0.0,0.0,0.0,0.0,0.0,0.0,0.0,0.0,0.0,0.0,0.0,0.0
m102_gpu0,gpu,utilization,0.0,0.0,0.0,0.0,0.0,0.0,0.0,0.0,0.0,0.0,0.0,0.0,0.0,0.0
m102_gpu3,gpu,utilization,0.0,0.0,0.0,0.0,0.0,0.0,0.0,0.0,0.0,0.0,0.0,0.0,0.0,0.0
m102_gpu4,gpu,utilization,0.0,0.0,0.0,0.0,0.0,0.0,0.0,0.0,0.0,0.0,0.0,0.0,0.0,0.0
m102_gpu6,gpu,utilization,0.0,0.0,0.0,0.0,0.0,0.0,0.0,0.0,0.0,0.0,0.0,0.0,0.0,0.0
