name,machine_type,trace,-10,-9,-8,-7,-6,-5,-4,-3,-2,-1,0,1,2,3
m325_gpu1,gpu,utilization,0.0,0.0,0.0,88.2,96.166666667,11.2,0.0,0.0,0.0,1.8,84.45,16.5,0.0,0.0
m325_gpu3,gpu,utilization,0.0,0.0,0.0,88.2,98.0,11.433333333,0.0,0.0,0.0,2.7,84.6,16.5,0.0,0.0
m325_gpu6,gpu,utilization,0.0,0.0,0.0,0.0,0.0,0.0,0.0,0.0,0.0,2.7,85.45,16.666666667,0.0,0.0
m325_gpu7,gpu,utilization,0.0,0.0,0.0,0.0,0.0,0.0,0.0,0.0,0.0,1.8,84.45,16.5,0.0,0.0
