name,machine_type,trace,-10,-9,-8,-7,-6,-5,-4,-3,-2,-1,0,1,2,3
m263_gpu2,gpu,utilization,61.3,59.716666667,48.4,55.6,67.4,70.0,68.783333333,58.5,48.5,51.1,66.8,66.4,69.033333333,55.25
m263_gpu5,gpu,utilization,58.0,61.066666667,64.4,56.5,46.2,49.4,53.316666667,52.15,54.15,53.65,60.6,53.6,65.966666667,57.5
m263_gpu6,gpu,utilization,59.933333333,51.366666667,59.6,56.8,51.0,45.2,45.6,51.95,52.1,53.55,48.1,49.733333333,60.933333333,63.25
m263_gpu7,gpu,utilization,56.633333333,45.433333333,59.8,55.133333333,46.6,50.6,57.216666667,58.75,54.6,60.1,48.6,47.533333333,61.4,64.75
