name,machine_type,trace,-10,-9,-8,-7,-6,-5,-4,-3,-2,-1,0,1,2,3
m151_gpu0,gpu,utilization,0.0,0.0,0.0,0.0,0.0,0.0,0.0,0.0,0.0,0.0,0.0,0.0,0.0,0.0
m151_gpu1,gpu,utilization,0.0,0.0,0.0,0.0,0.0,0.0,0.0,0.0,0.0,33.833333333,25.133333333,0.0,0.0,0.0
m219_gpu0,gpu,utilization,0.0,0.0,0.0,0.0,0.0,0.0,0.0,0.0,0.0,0.0,0.0,0.0,0.0,0.0
m219_gpu1,gpu,utilization,59.166666667,60.0,58.916666667,20.9,33.0,59.083333333,61.416666667,61.566666667,60.3,59.0,59.0,58.466666667,59.033333333,60.0
