name,machine_type,trace,-10,-9,-8,-7,-6,-5,-4,-3,-2,-1,0,1,2,3
m33_gpu0,gpu,utilization,85.633333333,86.266666667,85.766666667,29.75,52.416666667,34.0,54.6,86.533333333,87.366666667,87.6,32.266666667,57.2,27.866666667,58.0
m33_gpu1,gpu,utilization,85.366666667,85.366666667,32.583333333,0.0,0.0,52.8,86.7,85.366666667,85.633333333,84.8,30.8,55.25,86.366666667,85.0
m33_gpu2,gpu,utilization,85.683333333,86.0,86.0,30.1,53.033333333,34.4,55.9,31.533333333,53.2,33.6,55.1,86.35,27.233333333,57.333333333
m33_gpu3,gpu,utilization,85.416666667,85.1,84.616666667,29.75,51.8,33.6,54.6,77.033333333,81.233333333,34.4,0.0,55.9,85.316666667,84.333333333
m33_gpu4,gpu,utilization,84.633333333,32.066666667,53.183333333,79.8,82.55,34.4,56.55,86.366666667,86.0,86.6,31.9,56.55,27.55,56.0
m33_gpu5,gpu,utilization,86.0,86.633333333,86.383333333,30.1,52.416666667,85.6,86.65,86.366666667,86.0,85.4,31.166666667,55.9,27.233333333,58.666666667
m33_gpu6,gpu,utilization,87.633333333,87.633333333,88.0,30.8,54.266666667,35.2,57.2,86.733333333,87.9,88.4,32.266666667,58.5,87.95,87.666666667
m33_gpu7,gpu,utilization,87.316666667,87.0,87.0,30.45,54.266666667,35.2,57.2,87.366666667,87.633333333,88.0,32.266666667,55.9,27.233333333,58.0
