name,machine_type,trace,-10,-9,-8,-7,-6,-5,-4,-3,-2,-1,0,1,2,3
m11_gpu0,gpu,utilization,0.91666666667,3.0333333333,27.5,34.35,21.666666667,4.2,23.333333333,4.6666666667,34.5,33.2,42.5,55.066666667,2.1666666667,26.95
m11_gpu1,gpu,utilization,0.0,3.0333333333,27.35,33.65,22.533333333,4.2,33.166666667,56.066666667,36.0,31.4,31.166666667,0.0,3.5833333333,40.85
m11_gpu2,gpu,utilization,52.25,3.0333333333,22.1,5.85,33.8,4.35,38.0,80.733333333,55.0,4.5333333333,36.083333333,55.066666667,7.0,81.95
m11_gpu3,gpu,utilization,5.8333333333,64.866666667,27.5,34.2,20.8,4.2,23.333333333,4.9333333333,36.166666667,31.6,26.583333333,0.0,4.1666666667,47.5
m11_gpu4,gpu,utilization,10.083333333,2.9166666667,26.8,35.05,20.8,4.2,23.333333333,5.0666666667,31.666666667,3.0666666667,27.916666667,76.533333333,4.5,53.5
m11_gpu5,gpu,utilization,0.0,3.15,27.9,31.95,22.533333333,4.05,22.5,0.0,5.6666666667,33.733333333,29.333333333,5.4,76.166666667,24.05
m11_gpu6,gpu,utilization,1.8333333333,3.5,25.5,3.6,20.8,0.0,9.6666666667,55.333333333,31.666666667,3.7333333333,25.666666667,4.8,70.333333333,51.55
m11_gpu7,gpu,utilization,60.916666667,85.183333333,27.65,35.2,33.533333333,80.0,24.166666667,0.0,10.833333333,60.466666667,28.416666667,0.0,0.0,0.0
