name,machine_type,trace,-10,-9,-8,-7,-6,-5,-4,-3,-2,-1,0,1,2,3
m233_gpu0,gpu,utilization,97.55,100.0,100.0,100.0,100.0,99.833333333,97.483333333,93.866666667,100.0,99.566666667,98.5,100.0,99.2,96.6
m233_gpu1,gpu,utilization,100.0,100.0,100.0,100.0,99.55,97.333333333,97.266666667,93.1,100.0,99.566666667,98.5,100.0,99.0,95.45
m233_gpu2,gpu,utilization,97.816666667,97.4,100.0,100.0,100.0,99.833333333,98.783333333,98.466666667,99.25,97.65,100.0,99.783333333,99.2,100.0
m233_gpu3,gpu,utilization,98.183333333,99.133333333,100.0,99.6,97.45,99.833333333,99.0,99.233333333,100.0,100.0,99.5,98.216666667,99.2,100.0
m233_gpu4,gpu,utilization,100.0,100.0,100.0,99.6,97.0,97.5,98.05,93.1,99.0,96.216666667,97.75,99.783333333,98.2,95.6
m233_gpu5,gpu,utilization,100.0,100.0,100.0,99.6,97.0,97.333333333,97.05,92.333333333,99.0,96.216666667,97.75,99.783333333,98.2,95.75
m233_gpu6,gpu,utilization,99.45,97.4,100.0,99.733333333,98.0,98.166666667,98.783333333,98.466666667,99.25,97.65,99.5,98.216666667,99.2,100.0
m233_gpu7,gpu,utilization,18.333333333,100.0,99.883333333,98.733333333,97.45,99.833333333,96.616666667,90.8,75.0,21.666666667,100.0,100.0,80.0,14.55
