name,machine_type,trace,-10,-9,-8,-7,-6,-5,-4,-3,-2,-1,0,1,2,3
m52_gpu0,gpu,utilization,23.433333333,13.3,12.033333333,32.0,18.6,1.9166666667,6.4166666667,5.1333333333,18.5,33.266666667,30.8,18.15,15.0,22.8
m52_gpu1,gpu,utilization,16.283333333,3.15,0.0,20.8,24.8,29.25,14.583333333,15.466666667,23.5,27.8,29.55,15.75,19.25,17.733333333
m52_gpu2,gpu,utilization,22.2,12.6,5.0666666667,26.85,21.4,27.65,15.833333333,18.133333333,33.5,37.2,36.6,17.4,14.916666667,20.9
m52_gpu3,gpu,utilization,25.283333333,19.55,2.9333333333,0.0,22.8,14.566666667,16.333333333,13.066666667,20.0,34.4,15.4,0.0,17.083333333,28.9
m52_gpu4,gpu,utilization,25.283333333,20.2,4.5666666667,0.7,22.2,14.183333333,14.0,11.2,19.0,31.466666667,13.2,0.0,15.416666667,27.1
m52_gpu5,gpu,utilization,23.433333333,13.3,11.4,32.3,20.2,2.6833333333,6.4166666667,5.6666666667,18.0,32.666666667,31.8,18.7,14.166666667,21.533333333
m52_gpu6,gpu,utilization,17.316666667,7.0,0.0,15.6,33.6,33.833333333,13.083333333,7.4,24.0,36.866666667,21.45,0.0,12.5,19.0
m52_gpu7,gpu,utilization,24.05,18.2,2.5666666667,0.0,24.0,16.566666667,17.75,13.533333333,20.5,35.4,15.95,0.0,16.666666667,27.166666667
