name,machine_type,trace,-10,-9,-8,-7,-6,-5,-4,-3,-2,-1,0,1,2,3
m147_gpu0,gpu,utilization,99.466666667,99.0,99.516666667,79.7,56.45,76.75,100.0,100.0,100.0,99.5,99.0,95.5,72.366666667,52.866666667
m147_gpu1,gpu,utilization,99.466666667,99.0,99.516666667,74.866666667,50.583333333,75.716666667,100.0,100.0,100.0,99.5,99.0,96.5,74.366666667,55.433333333
m147_gpu2,gpu,utilization,99.466666667,99.0,99.0,67.1,43.333333333,56.866666667,81.8,100.0,100.0,99.5,99.0,87.0,60.533333333,53.233333333
m147_gpu3,gpu,utilization,99.466666667,99.0,99.516666667,71.0,47.75,76.75,100.0,100.0,100.0,100.0,99.483333333,90.0,63.95,53.1
m147_gpu4,gpu,utilization,99.466666667,99.0,99.516666667,83.083333333,59.833333333,76.75,100.0,100.0,100.0,99.5,99.0,79.0,52.283333333,51.1
m147_gpu5,gpu,utilization,99.466666667,99.0,99.516666667,79.216666667,53.383333333,74.166666667,100.0,100.0,100.0,99.5,99.0,92.0,75.183333333,57.5
m147_gpu6,gpu,utilization,99.466666667,99.0,97.966666667,69.933333333,45.65,60.15,86.466666667,100.0,100.0,99.5,99.0,87.0,62.083333333,51.133333333
m147_gpu7,gpu,utilization,99.466666667,99.0,99.516666667,70.516666667,46.233333333,75.716666667,100.0,100.0,100.0,99.5,99.0,97.0,70.2,50.4
