name,machine_type,trace,-10,-9,-8,-7,-6,-5,-4,-3,-2,-1,0,1,2,3
m280_gpu0,gpu,utilization,89.7,87.7,97.466666667,90.4,87.633333333,91.25,89.733333333,94.616666667,87.033333333,95.15,94.5,90.233333333,89.0,88.233333333
m280_gpu1,gpu,utilization,87.9,61.5,27.233333333,82.533333333,79.066666667,90.75,50.0,30.066666667,68.8,65.166666667,82.25,74.883333333,93.633333333,79.2
m280_gpu3,gpu,utilization,82.7,56.033333333,2.2166666667,20.333333333,64.0,86.0,62.2,31.916666667,90.366666667,92.15,62.333333333,44.833333333,81.766666667,62.95
m280_gpu6,gpu,utilization,90.3,62.183333333,6.65,39.4,90.933333333,83.5,41.333333333,38.283333333,70.433333333,32.983333333,49.75,76.566666667,94.5,65.066666667
