name,machine_type,trace,-10,-9,-8,-7,-6,-5,-4,-3,-2,-1,0,1,2,3
m146_gpu0,gpu,utilization,100.0,100.0,10.0,0.0,0.0,0.0,0.0,0.0,0.0,0.0,0.0,0.0,0.0,0.0
m146_gpu2,gpu,utilization,57.133333333,67.266666667,68.0,63.583333333,67.5,68.0,65.35,64.116666667,67.6,67.133333333,66.15,65.183333333,67.3,67.25
m146_gpu4,gpu,utilization,45.033333333,43.133333333,43.0,42.116666667,44.7,42.45,42.883333333,43.883333333,45.8,46.0,43.45,45.45,45.233333333,41.25
m146_gpu5,gpu,utilization,46.933333333,45.133333333,44.1,46.65,46.1,44.3,45.766666667,46.883333333,44.3,44.0,43.15,46.266666667,44.7,41.75
