name,machine_type,trace,-10,-9,-8,-7,-6,-5,-4,-3,-2,-1,0,1,2,3
m14_gpu1,gpu,utilization,1.55,92.966666667,91.666666667,81.2,2.2,27.833333333,82.8,5.55,36.333333333,41.4,96.3,92.4,51.15,51.15
m14_gpu2,gpu,utilization,1.5333333333,92.2,97.066666667,82.2,52.4,17.583333333,81.0,4.2,25.166666667,9.5333333333,9.9,92.4,51.15,51.15
m14_gpu3,gpu,utilization,1.65,98.933333333,96.2,81.866666667,36.3,26.833333333,81.9,6.45,35.833333333,1.7333333333,21.6,92.4,51.15,51.15
m14_gpu6,gpu,utilization,1.3,78.666666667,97.0,77.466666667,0.0,7.6666666667,82.8,2.4,16.333333333,27.066666667,87.3,92.4,51.15,51.15
