name,machine_type,trace,-10,-9,-8,-7,-6,-5,-4,-3,-2,-1,0,1,2,3
m350_gpu0,gpu,utilization,49.3,45.583333333,45.466666667,48.733333333,49.283333333,48.333333333,47.333333333,50.9,48.216666667,46.683333333,45.533333333,45.716666667,46.0,47.4
m350_gpu1,gpu,utilization,50.6,50.0,50.733333333,49.633333333,48.283333333,50.0,53.0,51.4,54.1,53.95,49.333333333,48.716666667,47.566666667,51.9
m350_gpu2,gpu,utilization,51.5,48.633333333,47.266666667,48.366666667,49.0,48.333333333,48.666666667,50.3,49.633333333,48.316666667,51.666666667,47.983333333,51.016666667,50.2
m350_gpu3,gpu,utilization,47.0,51.1,50.066666667,49.683333333,51.433333333,48.0,47.333333333,49.3,49.316666667,52.416666667,50.333333333,47.566666667,49.15,51.4
m350_gpu4,gpu,utilization,47.3,48.366666667,43.866666667,46.783333333,51.15,52.0,44.666666667,44.25,48.05,51.05,46.866666667,48.583333333,48.566666667,48.0
m350_gpu5,gpu,utilization,51.0,48.266666667,52.133333333,51.95,53.15,51.333333333,49.333333333,49.65,52.733333333,51.95,53.2,50.416666667,50.433333333,52.4
m350_gpu6,gpu,utilization,44.6,46.05,46.266666667,49.416666667,46.7,46.333333333,47.0,48.95,47.266666667,46.0,43.8,46.583333333,45.85,44.3
m350_gpu7,gpu,utilization,0.0,0.0,0.0,0.0,0.0,0.0,0.0,0.0,0.0,0.0,0.0,0.0,0.0,0.0
