name,machine_type,trace,-10,-9,-8,-7,-6,-5,-4,-3,-2,-1,0,1,2,3
m23_gpu2,gpu,utilization,13.0,60.933333333,72.483333333,61.6,43.9,61.25,66.283333333,46.666666667,59.833333333,57.0,72.25,52.3,3.7333333333,21.7
m23_gpu3,gpu,utilization,14.833333333,69.0,70.516666667,68.6,42.25,54.866666667,55.4,52.766666667,70.233333333,56.0,67.5,53.4,3.2666666667,20.433333333
m194_gpu3,gpu,utilization,100.0,83.133333333,6.2666666667,20.0,100.0,78.333333333,3.0333333333,10.733333333,21.666666667,82.5,47.5,100.0,100.0,100.0
m194_gpu7,gpu,utilization,78.333333333,18.333333333,78.333333333,0.0,5.85,25.7,16.45,20.3,89.816666667,75.0,25.0,88.0,44.0,10.483333333
