name,machine_type,trace,-10,-9,-8,-7,-6,-5,-4,-3,-2,-1,0,1,2,3
m376_gpu3,gpu,utilization,45.633333333,44.333333333,39.833333333,37.433333333,47.6,47.6,45.8,45.7,44.966666667,44.0,45.733333333,48.5,45.933333333,45.55
m376_gpu5,gpu,utilization,56.633333333,56.333333333,53.516666667,48.216666667,54.2,56.3,57.8,58.966666667,55.966666667,57.0,57.533333333,57.5,53.383333333,51.55
m376_gpu6,gpu,utilization,53.466666667,55.0,51.1,47.95,52.4,56.25,55.4,55.966666667,53.933333333,56.0,56.533333333,56.0,54.483333333,53.483333333
m376_gpu7,gpu,utilization,0.0,0.0,0.0,0.0,0.0,0.0,0.0,0.0,0.0,0.0,0.0,0.0,0.0,0.0
