name,machine_type,trace,-10,-9,-8,-7,-6,-5,-4,-3,-2,-1,0,1,2,3
m82_gpu0,gpu,utilization,95.8,100.0,56.666666667,0.0,30.0,84.166666667,100.0,100.0,100.0,100.0,81.366666667,74.2,100.0,58.333333333
m82_gpu1,gpu,utilization,0.0,0.0,43.333333333,55.0,27.6,80.366666667,100.0,75.6,22.75,40.0,56.666666667,40.0,85.833333333,80.166666667
m82_gpu2,gpu,utilization,88.6,73.75,64.3,55.0,32.8,79.433333333,84.583333333,100.0,58.333333333,17.2,67.7,90.8,86.583333333,100.0
m82_gpu3,gpu,utilization,92.0,46.666666667,27.733333333,35.2,40.0,63.333333333,38.333333333,85.2,36.75,0.0,43.333333333,80.0,55.833333333,79.0
m82_gpu4,gpu,utilization,40.0,77.083333333,68.833333333,55.0,26.0,77.833333333,95.783333333,89.4,52.5,40.0,77.9,69.4,100.0,90.833333333
m82_gpu5,gpu,utilization,89.2,100.0,100.0,100.0,100.0,89.0,81.5,80.0,29.166666667,40.0,100.0,100.0,58.333333333,36.666666667
m82_gpu6,gpu,utilization,74.2,75.5,100.0,55.0,40.0,100.0,94.25,91.0,58.333333333,0.0,43.333333333,95.2,87.583333333,50.75
m82_gpu7,gpu,utilization,100.0,100.0,100.0,55.0,34.0,75.1,74.1,60.0,0.0,38.4,97.733333333,94.0,64.583333333,62.666666667
