name,machine_type,trace,-10,-9,-8,-7,-6,-5,-4,-3,-2,-1,0,1,2,3
m182_gpu1,gpu,utilization,53.4,52.466666667,47.9,55.5,62.6,55.6,52.9,58.8,43.333333333,36.416666667,47.8,52.433333333,54.916666667,59.833333333
m182_gpu4,gpu,utilization,69.8,49.2,31.0,14.566666667,2.0,39.0,47.433333333,48.6,52.666666667,44.0,38.433333333,27.233333333,30.666666667,17.466666667
m182_gpu6,gpu,utilization,38.6,45.5,50.9,22.8,2.0,37.15,49.5,38.6,28.583333333,35.666666667,47.966666667,47.033333333,52.75,26.133333333
m182_gpu7,gpu,utilization,66.0,50.466666667,33.45,15.433333333,2.0,43.933333333,46.566666667,43.8,53.916666667,48.416666667,37.333333333,34.7,34.833333333,15.866666667
