name,machine_type,trace,-10,-9,-8,-7,-6,-5,-4,-3,-2,-1,0,1,2,3
m128_gpu6,gpu,utilization,94.05,94.083333333,91.8,94.3,95.133333333,94.0,94.0,93.5,93.0,93.45,93.066666667,93.35,93.7,92.45
m156_gpu5,gpu,utilization,0.0,0.0,0.0,0.0,0.0,0.0,0.0,0.0,0.0,0.0,0.0,0.0,0.0,0.0
m204_gpu2,gpu,utilization,0.0,0.0,0.0,0.0,0.0,0.0,0.0,0.0,0.0,0.0,0.0,0.0,0.0,0.0
m156_gpu1,gpu,utilization,0.0,0.0,0.0,0.0,0.0,0.0,0.0,0.0,0.0,0.0,0.0,0.0,0.0,0.0
m156_gpu0,gpu,utilization,0.0,0.0,0.0,0.0,0.0,0.0,0.0,0.0,0.0,0.0,0.0,0.0,0.0,0.0
m128_gpu4,gpu,utilization,0.0,0.0,0.0,0.0,0.0,0.0,0.0,0.0,0.0,0.0,0.0,0.0,0.0,0.0
m128_gpu5,gpu,utilization,96.0,96.0,96.0,96.866666667,95.833333333,94.666666667,97.0,96.0,95.0,90.05,88.666666667,85.9,85.1,97.0
m128_gpu3,gpu,utilization,97.0,96.233333333,95.8,97.0,96.566666667,96.833333333,52.266666667,48.0,95.066666667,95.35,96.066666667,86.45,83.366666667,93.9
