name,machine_type,trace,-10,-9,-8,-7,-6,-5,-4,-3,-2,-1,0,1,2,3
m373_gpu4,gpu,utilization,0.0,84.066666667,94.35,19.75,91.3,97.4,93.333333333,95.9,51.666666667,51.666666667,97.0,77.333333333,77.983333333,98.3
m373_gpu7,gpu,utilization,0.0,0.0,0.0,0.0,0.0,0.0,0.0,0.0,0.0,0.0,0.0,0.0,0.0,0.0
