name,machine_type,trace,-10,-9,-8,-7,-6,-5,-4,-3,-2,-1,0,1,2,3
m385_gpu0,gpu,utilization,84.6,43.333333333,0.0,15.5,62.666666667,58.933333333,54.533333333,48.333333333,48.333333333,51.666666667,51.666666667,50.4,4.0,1.7333333333
m385_gpu1,gpu,utilization,100.0,83.566666667,31.95,41.333333333,89.333333333,55.2,50.4,48.333333333,48.333333333,51.666666667,51.666666667,52.466666667,4.6,0.86666666667
m385_gpu2,gpu,utilization,100.0,43.333333333,0.0,31.516666667,79.2,55.2,50.4,48.333333333,48.333333333,51.666666667,51.666666667,54.016666667,9.8666666667,3.9
m385_gpu3,gpu,utilization,100.0,43.9,0.45,39.783333333,87.733333333,56.133333333,50.95,47.85,48.333333333,51.666666667,51.666666667,52.983333333,5.6,1.3
m385_gpu4,gpu,utilization,100.0,59.766666667,13.05,45.983333333,94.133333333,55.2,49.916666667,47.85,48.333333333,51.666666667,51.666666667,53.5,6.6,1.7333333333
m385_gpu5,gpu,utilization,100.0,44.466666667,0.9,41.333333333,89.333333333,55.666666667,50.433333333,47.85,48.333333333,51.666666667,51.666666667,52.466666667,5.7333333333,1.7333333333
m385_gpu6,gpu,utilization,90.666666667,43.333333333,0.0,24.283333333,71.733333333,54.266666667,49.366666667,48.333333333,48.333333333,51.666666667,51.666666667,50.4,6.2666666667,3.4666666667
m385_gpu7,gpu,utilization,100.0,44.466666667,0.9,44.95,93.066666667,55.2,50.4,48.333333333,48.333333333,51.666666667,51.666666667,53.5,6.0333333333,1.3
