name,machine_type,trace,-10,-9,-8,-7,-6,-5,-4,-3,-2,-1,0,1,2,3
m147_gpu0,gpu,utilization,99.833333333,16.666666667,78.333333333,20.0,77.5,98.6,23.333333333,71.283333333,97.75,94.0,90.466666667,97.35,99.8,23.333333333
m147_gpu2,gpu,utilization,86.333333333,14.5,74.416666667,19.0,82.5,99.0,23.1,72.066666667,97.25,93.75,97.366666667,99.816666667,97.6,22.633333333
m147_gpu4,gpu,utilization,89.5,15.0,78.333333333,20.0,82.5,99.0,23.1,67.366666667,95.75,94.5,95.3,87.833333333,97.2,23.333333333
m147_gpu5,gpu,utilization,98.0,16.666666667,68.933333333,17.6,81.666666667,98.8,23.1,65.016666667,95.0,90.75,96.433333333,99.816666667,96.0,22.166666667
