name,machine_type,trace,-10,-9,-8,-7,-6,-5,-4,-3,-2,-1,0,1,2,3
m147_gpu0,gpu,utilization,92.866666667,95.483333333,92.5,89.516666667,92.0,89.35,91.05,97.033333333,44.1,48.05,95.0,92.2,90.133333333,96.533333333
m147_gpu4,gpu,utilization,84.533333333,96.616666667,78.5,77.95,92.5,94.0,46.15,51.95,94.55,75.366666667,76.0,92.333333333,55.866666667,12.966666667
m147_gpu5,gpu,utilization,88.066666667,93.066666667,80.0,61.25,71.5,91.583333333,94.55,93.966666667,41.85,48.566666667,94.0,82.266666667,46.4,10.4
m147_gpu7,gpu,utilization,0.0,0.0,0.0,0.0,0.0,0.0,0.0,0.0,0.0,0.0,0.0,0.0,0.0,0.0
