name,machine_type,trace,-10,-9,-8,-7,-6,-5,-4,-3,-2,-1,0,1,2,3
m385_gpu0,gpu,utilization,98.066666667,99.566666667,100.0,92.066666667,32.966666667,58.333333333,98.766666667,92.6,91.4,97.433333333,99.366666667,98.333333333,98.7,99.666666667
m385_gpu1,gpu,utilization,99.0,99.566666667,72.0,77.5,59.383333333,73.333333333,98.766666667,90.8,86.0,94.866666667,99.366666667,99.666666667,100.0,98.0
m385_gpu2,gpu,utilization,98.066666667,98.433333333,84.0,83.633333333,34.883333333,58.333333333,98.15,79.6,86.6,99.633333333,99.366666667,98.333333333,99.4,100.0
m385_gpu3,gpu,utilization,98.066666667,98.433333333,98.0,99.133333333,38.333333333,58.333333333,100.0,90.4,77.4,88.833333333,98.633333333,99.666666667,98.6,99.333333333
m385_gpu4,gpu,utilization,98.066666667,99.566666667,100.0,91.5,52.316666667,71.666666667,100.0,92.2,88.2,95.966666667,99.366666667,99.666666667,100.0,100.0
m385_gpu5,gpu,utilization,98.066666667,99.566666667,100.0,92.066666667,32.966666667,58.333333333,98.15,92.8,92.4,97.8,99.366666667,98.333333333,98.7,99.666666667
m385_gpu6,gpu,utilization,99.466666667,98.433333333,98.0,90.633333333,32.583333333,58.333333333,98.766666667,89.6,85.8,95.233333333,99.366666667,99.666666667,98.6,99.333333333
m385_gpu7,gpu,utilization,99.466666667,42.9,35.583333333,76.3,34.35,58.75,98.766666667,90.2,86.2,95.233333333,97.466666667,98.666666667,100.0,100.0
