name,machine_type,trace,-10,-9,-8,-7,-6,-5,-4,-3,-2,-1,0,1,2,3
m278_gpu0,gpu,utilization,100.0,100.0,80.0,15.0,80.0,0.0,0.0,23.333333333,77.6,23.2,83.333333333,13.2,99.116666667,100.0
m278_gpu1,gpu,utilization,31.0,100.0,100.0,93.85,61.6,77.6,76.666666667,20.766666667,69.166666667,17.8,60.833333333,7.7333333333,52.166666667,7.0666666667
m278_gpu2,gpu,utilization,63.75,18.416666667,68.0,15.0,80.0,19.4,74.366666667,20.766666667,69.4,23.8,97.0,88.733333333,99.3,94.116666667
m278_gpu3,gpu,utilization,75.0,21.666666667,80.0,14.4,76.8,0.0,0.0,0.0,1.1666666667,23.4,97.5,98.666666667,90.35,93.466666667
m278_gpu4,gpu,utilization,75.0,21.45,79.2,15.0,80.0,0.0,0.0,21.7,72.233333333,23.2,83.333333333,0.0,10.966666667,93.3
m278_gpu5,gpu,utilization,76.25,22.716666667,20.0,94.75,72.0,92.4,47.533333333,14.233333333,47.7,13.4,59.166666667,86.666666667,7.35,67.316666667
m278_gpu6,gpu,utilization,50.5,67.1,80.0,0.3,21.6,80.4,1.5333333333,0.0,0.7,22.4,100.0,86.666666667,11.666666667,93.466666667
m278_gpu7,gpu,utilization,74.25,21.666666667,80.0,15.0,80.0,0.0,0.0,23.333333333,77.6,23.2,99.333333333,83.2,11.666666667,100.0
