name,machine_type,trace,-10,-9,-8,-7,-6,-5,-4,-3,-2,-1,0,1,2,3
m17_gpu0,gpu,utilization,0.0,0.0,13.8,33.733333333,25.0,100.0,86.966666667,54.0,67.033333333,75.0,13.316666667,35.25,20.966666667,81.366666667
m17_gpu2,gpu,utilization,85.983333333,63.7,30.0,73.333333333,25.0,73.333333333,27.2,70.4,28.333333333,75.0,26.916666667,96.25,100.0,99.716666667
m17_gpu6,gpu,utilization,15.583333333,38.5,0.0,0.0,0.0,26.666666667,77.333333333,16.533333333,33.35,92.75,50.883333333,9.5,27.233333333,28.333333333
m17_gpu7,gpu,utilization,9.6333333333,42.7,44.1,0.0,16.25,74.333333333,99.15,90.6,52.316666667,0.0,28.333333333,100.0,100.0,100.0
