name,machine_type,trace,-10,-9,-8,-7,-6,-5,-4,-3,-2,-1,0,1,2,3
m30_gpu0,gpu,utilization,0.0,0.0,0.0,0.0,90.508333333,90.508333333,92.133333333,94.4,4.5,90.6,92.75,35.0,91.0,91.0
m30_gpu2,gpu,utilization,94.0,47.55,47.55,1.5333333333,48.8,48.8,25.433333333,95.95,93.0,93.0,92.95,92.0,92.0,92.0
m30_gpu5,gpu,utilization,0.0,89.25,89.25,1.5,45.75,45.75,87.0,0.45,30.2,91.1,92.15,94.933333333,91.933333333,91.933333333
m30_gpu7,gpu,utilization,0.0,48.8,48.8,1.6,93.541666667,93.541666667,89.9,1.55,93.0,93.0,88.35,6.2,93.516666667,93.516666667
m263_gpu0,gpu,utilization,0.0,91.233333333,91.233333333,1.5333333333,46.766666667,46.766666667,91.033333333,92.0,90.2,59.8,94.05,94.733333333,92.033333333,92.033333333
m263_gpu3,gpu,utilization,96.0,45.266666667,45.266666667,0.0,55.65,55.65,65.0,93.933333333,90.15,92.8,91.1,92.933333333,91.483333333,91.483333333
m263_gpu4,gpu,utilization,91.0,89.525,89.525,1.5,91.475,91.475,95.866666667,92.0,92.2,96.0,95.8,92.133333333,83.15,83.15
m263_gpu7,gpu,utilization,93.0,49.575,49.575,1.6,92.508333333,92.508333333,46.7,96.0,96.0,86.4,4.8,95.8,93.0,93.0
