name,machine_type,trace,-10,-9,-8,-7,-6,-5,-4,-3,-2,-1,0,1,2,3
m171_gpu0,gpu,utilization,40.0,42.666666667,33.0,44.816666667,13.333333333,0.0,13.433333333,25.5,49.166666667,52.5,29.5,29.933333333,34.466666667,38.2
m171_gpu1,gpu,utilization,0.0,0.0,35.0,46.75,13.333333333,0.0,13.433333333,25.0,50.1,53.5,29.5,36.066666667,38.666666667,37.0
m171_gpu4,gpu,utilization,31.0,33.066666667,37.0,48.683333333,13.333333333,0.0,13.95,25.0,45.233333333,48.0,13.5,11.2,29.633333333,53.8
m171_gpu7,gpu,utilization,27.5,29.333333333,27.0,39.533333333,13.866666667,31.9,50.5,36.0,41.316666667,62.0,53.5,30.466666667,35.333333333,24.6
m17_gpu0,gpu,utilization,0.0,0.0,0.0,0.0,0.0,0.0,0.0,0.0,0.0,0.0,0.0,0.0,0.0,0.0
m17_gpu2,gpu,utilization,0.0,0.0,0.0,0.0,0.0,0.0,0.0,0.0,0.0,0.0,0.0,0.0,0.0,0.0
m17_gpu5,gpu,utilization,0.0,0.0,0.0,0.0,0.0,0.0,0.0,0.0,0.0,0.0,0.0,0.0,0.0,0.0
m17_gpu7,gpu,utilization,71.0,32.0,0.0,0.0,21.466666667,23.766666667,32.033333333,31.0,0.0,30.0,45.5,16.533333333,35.533333333,73.2
