name,machine_type,trace,-10,-9,-8,-7,-6,-5,-4,-3,-2,-1,0,1,2,3
m208_gpu0,gpu,utilization,99.566666667,96.916666667,96.166666667,99.0,79.066666667,73.7,99.45,99.566666667,99.4,78.366666667,59.366666667,99.35,100.0,100.0
m208_gpu1,gpu,utilization,99.566666667,99.416666667,99.566666667,99.4,75.3,68.2,99.45,99.566666667,99.4,78.0,58.683333333,99.35,100.0,100.0
m208_gpu2,gpu,utilization,99.566666667,89.416666667,68.2,74.8,81.366666667,75.9,99.45,99.566666667,99.4,79.1,60.733333333,99.35,99.633333333,99.35
m208_gpu3,gpu,utilization,99.566666667,99.416666667,99.566666667,99.4,85.266666667,80.85,99.45,99.566666667,99.4,78.366666667,59.366666667,99.35,100.0,100.0
m208_gpu4,gpu,utilization,99.566666667,86.916666667,62.2,71.2,86.133333333,81.95,99.45,99.566666667,99.4,79.833333333,62.1,99.35,98.533333333,97.4
m208_gpu5,gpu,utilization,99.566666667,99.0,83.833333333,78.4,84.4,79.75,99.45,99.566666667,99.4,80.566666667,63.466666667,99.35,100.0,100.0
m208_gpu6,gpu,utilization,99.566666667,94.416666667,92.766666667,99.4,82.666666667,77.55,99.45,99.566666667,99.4,71.033333333,45.7,99.35,100.0,100.0
m208_gpu7,gpu,utilization,99.566666667,96.5,95.6,99.4,71.4,63.25,99.45,99.566666667,99.4,76.166666667,55.266666667,99.35,100.0,100.0
