name,machine_type,trace,-10,-9,-8,-7,-6,-5,-4,-3,-2,-1,0,1,2,3
m179_gpu1,gpu,utilization,42.033333333,56.583333333,75.666666667,78.333333333,96.5,96.516666667,97.0,97.0,97.0,97.0,97.0,97.0,96.45,96.583333333
m179_gpu6,gpu,utilization,97.0,97.0,46.866666667,44.066666667,88.5,96.483333333,96.55,97.0,97.0,97.0,97.0,96.483333333,96.55,97.0
m323_gpu0,gpu,utilization,96.0,96.0,96.533333333,97.0,96.5,96.0,96.0,96.0,96.0,96.5,96.5,96.0,96.0,96.0
m323_gpu6,gpu,utilization,97.0,96.416666667,96.533333333,97.0,97.0,97.0,97.0,82.6,84.3,96.5,96.5,96.516666667,97.0,97.0
