name,machine_type,trace,-10,-9,-8,-7,-6,-5,-4,-3,-2,-1,0,1,2,3
m172_gpu0,gpu,utilization,54.6,39.433333333,0.0,55.0,98.933333333,95.866666667,43.866666667,0.0,0.0,52.8,94.4,41.85,53.333333333,46.666666667
m172_gpu1,gpu,utilization,100.0,43.333333333,49.6,43.2,53.333333333,100.0,46.666666667,51.7,39.166666667,54.45,46.2,0.0,52.266666667,45.733333333
m172_gpu2,gpu,utilization,40.0,0.0,21.183333333,66.85,41.066666667,52.266666667,99.066666667,45.0,58.333333333,97.8,44.8,0.0,50.666666667,44.333333333
m172_gpu3,gpu,utilization,94.0,90.0,95.166666667,98.35,95.4,97.2,46.666666667,48.95,92.5,96.65,87.866666667,35.55,52.8,46.2
m172_gpu4,gpu,utilization,54.6,93.266666667,97.066666667,96.25,97.2,100.0,46.666666667,55.0,100.0,95.05,94.733333333,44.1,0.0,49.6
m172_gpu5,gpu,utilization,95.8,40.3,48.566666667,94.0,97.2,96.8,97.2,100.0,98.833333333,44.1,0.0,0.0,53.333333333,46.666666667
m172_gpu6,gpu,utilization,55.8,40.3,47.016666667,91.0,95.266666667,99.0,46.2,55.0,100.0,99.45,99.533333333,45.0,0.0,0.0
m172_gpu7,gpu,utilization,60.0,43.333333333,49.6,43.2,0.0,46.933333333,94.4,93.4,89.75,95.95,95.733333333,41.4,50.666666667,97.133333333
