name,machine_type,trace,-10,-9,-8,-7,-6,-5,-4,-3,-2,-1,0,1,2,3
m42_gpu0,gpu,utilization,98.333333333,99.916666667,93.233333333,99.883333333,94.0,88.1,94.65,87.8,92.95,94.866666667,11.083333333,80.1,95.933333333,92.75
m42_gpu1,gpu,utilization,46.333333333,3.75,43.5,4.6833333333,94.0,51.716666667,81.4,68.6,22.8,80.0,10.5,84.6,94.866666667,29.55
m42_gpu2,gpu,utilization,89.916666667,7.5833333333,36.733333333,0.63333333333,97.0,94.05,93.05,48.9,31.25,75.8,9.6833333333,84.6,90.533333333,47.5
m42_gpu4,gpu,utilization,66.583333333,6.4166666667,28.066666667,0.48333333333,90.0,73.283333333,81.55,35.2,74.2,88.933333333,10.5,82.8,73.8,80.35
