name,machine_type,trace,-10,-9,-8,-7,-6,-5,-4,-3,-2,-1,0,1,2,3
m395_gpu0,gpu,utilization,30.016666667,84.316666667,79.75,73.166666667,80.633333333,82.283333333,83.333333333,57.4,0.0,28.0,57.4,23.516666667,56.716666667,29.333333333
m395_gpu1,gpu,utilization,25.333333333,54.666666667,1.4,27.433333333,79.9,84.283333333,85.0,83.416666667,61.666666667,46.0,60.133333333,24.933333333,86.733333333,84.733333333
m395_gpu2,gpu,utilization,27.866666667,60.133333333,1.05,29.6,85.733333333,84.983333333,88.0,84.95,58.0,26.333333333,53.983333333,0.0,0.0,32.266666667
m395_gpu3,gpu,utilization,25.65,81.95,56.0,29.65,83.733333333,82.983333333,88.0,60.133333333,5.3333333333,40.0,60.133333333,23.8,57.4,32.266666667
m395_gpu4,gpu,utilization,67.183333333,86.366666667,57.7,30.75,83.583333333,62.35,26.0,80.85,81.333333333,73.666666667,55.35,24.083333333,58.083333333,31.166666667
m395_gpu5,gpu,utilization,26.916666667,58.083333333,1.05,26.433333333,79.533333333,60.916666667,27.666666667,84.266666667,66.666666667,45.333333333,57.4,24.366666667,85.05,83.733333333
m395_gpu6,gpu,utilization,0.0,0.0,1.4,2.7333333333,0.0,23.8,83.666666667,84.266666667,66.333333333,45.666666667,85.733333333,84.416666667,87.683333333,87.366666667
m395_gpu7,gpu,utilization,0.0,0.0,1.4,29.333333333,84.633333333,85.433333333,84.666666667,85.683333333,64.333333333,44.0,86.633333333,86.866666667,84.316666667,85.366666667
