name,machine_type,trace,-10,-9,-8,-7,-6,-5,-4,-3,-2,-1,0,1,2,3
m340_gpu0,gpu,utilization,94.0,94.0,83.8,80.9,84.3,91.333333333,92.466666667,92.266666667,92.383333333,78.35,72.95,86.666666667,85.85,77.683333333
m340_gpu3,gpu,utilization,92.0,93.266666667,92.2,91.0,92.3,92.366666667,92.0,92.633333333,93.0,93.0,92.35,92.0,93.3,92.15
