name,machine_type,trace,-10,-9,-8,-7,-6,-5,-4,-3,-2,-1,0,1,2,3
m170_gpu0,gpu,utilization,94.966666667,96.0,87.466666667,48.0,10.4,56.833333333,35.833333333,2.75,54.6,94.8,36.033333333,0.0,57.35,34.1
m170_gpu1,gpu,utilization,95.966666667,97.0,97.533333333,46.266666667,2.6,57.666666667,37.1,8.25,47.75,80.0,31.433333333,0.0,56.733333333,33.733333333
m170_gpu2,gpu,utilization,96.483333333,97.0,96.466666667,70.4,24.0,57.25,35.2,18.666666667,61.7,81.8,30.283333333,0.0,57.966666667,34.466666667
m170_gpu3,gpu,utilization,95.483333333,96.516666667,97.0,81.0,32.333333333,56.833333333,38.366666667,6.75,37.15,57.4,21.083333333,0.0,59.816666667,35.566666667
