name,machine_type,trace,-10,-9,-8,-7,-6,-5,-4,-3,-2,-1,0,1,2,3
m399_gpu2,gpu,utilization,80.666666667,97.9,99.0,97.033333333,90.35,97.733333333,97.05,100.0,49.166666667,49.166666667,96.666666667,99.0,1.65,96.666666667
m399_gpu3,gpu,utilization,71.5,96.9,99.0,99.0,78.1,97.3,97.05,100.0,49.166666667,49.166666667,96.666666667,100.0,1.6666666667,96.666666667
m399_gpu6,gpu,utilization,61.416666667,95.8,99.0,99.0,80.95,97.4,97.05,100.0,49.166666667,49.166666667,96.666666667,100.0,1.6666666667,96.666666667
m399_gpu7,gpu,utilization,91.666666667,86.5,99.0,98.033333333,82.8,95.533333333,97.9,99.65,38.841666667,38.841666667,96.666666667,100.0,1.6666666667,87.0
