name,machine_type,trace,-10,-9,-8,-7,-6,-5,-4,-3,-2,-1,0,1,2,3
m235_gpu1,gpu,utilization,52.1,74.7,19.208333333,19.208333333,45.075,45.075,44.0,49.95,50.3,75.0,71.2,38.3,50.6,57.2
m235_gpu2,gpu,utilization,55.95,69.6,0.0,0.0,48.425,48.425,39.0,57.7,53.4,78.166666667,56.4,43.6,58.1,59.75
m235_gpu6,gpu,utilization,52.983333333,67.8,16.225,16.225,43.033333333,43.033333333,44.0,52.95,53.0,69.333333333,40.1,42.1,52.3,56.15
m235_gpu7,gpu,utilization,57.433333333,71.466666667,13.275,13.275,45.366666667,45.366666667,44.0,55.95,53.4,23.916666667,34.8,43.2,54.2,57.1
