name,machine_type,trace,-10,-9,-8,-7,-6,-5,-4,-3,-2,-1,0,1,2,3
m394_gpu0,gpu,utilization,100.0,99.266666667,82.9,95.233333333,100.0,99.283333333,99.0,99.733333333,100.0,100.0,100.0,99.233333333,90.4,96.75
m394_gpu1,gpu,utilization,100.0,99.266666667,83.666666667,95.45,100.0,99.283333333,99.0,99.733333333,100.0,100.0,99.233333333,99.0,99.716666667,100.0
m394_gpu2,gpu,utilization,100.0,99.266666667,91.333333333,97.616666667,100.0,99.283333333,99.0,99.733333333,100.0,100.0,100.0,99.233333333,99.716666667,100.0
m394_gpu3,gpu,utilization,100.0,99.266666667,86.733333333,96.316666667,100.0,99.283333333,99.0,99.733333333,100.0,100.0,99.233333333,99.0,99.716666667,100.0
m394_gpu4,gpu,utilization,100.0,99.266666667,94.4,98.483333333,100.0,99.283333333,99.0,99.733333333,100.0,100.0,99.233333333,99.0,99.716666667,100.0
m394_gpu5,gpu,utilization,100.0,99.266666667,93.633333333,98.266666667,100.0,99.283333333,99.0,99.733333333,100.0,100.0,99.233333333,99.0,89.683333333,96.5
m394_gpu6,gpu,utilization,100.0,99.266666667,82.9,95.233333333,100.0,99.283333333,99.0,85.8,95.25,100.0,99.233333333,99.0,99.716666667,100.0
m394_gpu7,gpu,utilization,100.0,99.266666667,82.9,95.233333333,100.0,99.283333333,99.0,90.2,96.75,100.0,99.233333333,99.0,78.933333333,92.75
