name,machine_type,trace,-10,-9,-8,-7,-6,-5,-4,-3,-2,-1,0,1,2,3
m1_gpu0,gpu,utilization,17.95,55.466666667,93.666666667,18.4,4.0,88.8,100.0,21.6,38.233333333,97.0,10.333333333,4.0,4.0,4.0
m1_gpu1,gpu,utilization,16.133333333,56.933333333,94.0,18.4,4.0,88.8,100.0,28.133333333,40.4,97.066666667,10.333333333,4.0,4.0,4.0
m1_gpu2,gpu,utilization,18.95,48.666666667,92.333333333,18.4,4.0,88.8,100.0,30.0,39.5,97.033333333,10.333333333,4.0,4.0,4.0
m1_gpu3,gpu,utilization,16.316666667,4.9333333333,83.166666667,18.25,4.0,88.8,100.0,26.266666667,39.366666667,97.033333333,10.333333333,4.0,4.0,4.0
m1_gpu4,gpu,utilization,24.933333333,66.2,95.5,18.4,4.0,88.8,100.0,30.0,39.5,97.033333333,10.333333333,4.0,4.0,4.0
m1_gpu5,gpu,utilization,12.233333333,56.266666667,93.166666667,18.25,4.0,88.8,100.0,31.866666667,39.566666667,97.033333333,10.333333333,4.0,4.0,4.0
m1_gpu6,gpu,utilization,26.683333333,87.733333333,99.666666667,18.4,4.0,88.8,100.0,27.2,40.366666667,67.1,8.2666666667,4.0,4.0,4.0
m1_gpu7,gpu,utilization,15.133333333,88.0,100.0,18.4,4.0,88.8,100.0,32.8,38.633333333,97.0,10.333333333,4.0,4.0,4.0
