name,machine_type,trace,-10,-9,-8,-7,-6,-5,-4,-3,-2,-1,0,1,2,3
m408_gpu1,gpu,utilization,27.6,32.6,34.35,58.65,55.1,48.716666667,46.9,56.25,41.783333333,44.0,53.666666667,40.266666667,30.866666667,44.75
m408_gpu2,gpu,utilization,100.0,99.6,94.75,83.75,97.0,97.55,91.55,70.75,100.0,99.4,97.0,97.0,97.0,97.0
