name,machine_type,trace,-10,-9,-8,-7,-6,-5,-4,-3,-2,-1,0,1,2,3
m15_gpu0,gpu,utilization,15.7,7.0,92.55,7.1666666667,50.433333333,50.433333333,0.083333333333,94.733333333,13.066666667,7.9666666667,76.133333333,88.95,12.0,3.4666666667
m15_gpu1,gpu,utilization,0.0,0.0,0.0,0.0,50.116666667,50.116666667,1.6166666667,93.766666667,6.4666666667,93.766666667,6.4666666667,0.0,0.0,0.0
m15_gpu2,gpu,utilization,7.25,96.0,97.966666667,90.866666667,49.6,49.6,95.016666667,3.1666666667,89.6,95.033333333,88.466666667,95.95,67.533333333,92.466666667
m15_gpu3,gpu,utilization,43.983333333,7.0,95.5,90.866666667,48.566666667,48.566666667,94.0,3.1333333333,0.0,91.833333333,6.3333333333,0.0,85.8,94.666666667
m15_gpu4,gpu,utilization,58.716666667,96.0,98.95,3.2,46.4,46.4,95.383333333,97.966666667,97.066666667,3.2333333333,6.5333333333,88.266666667,13.2,0.0
m15_gpu5,gpu,utilization,74.216666667,96.0,97.966666667,3.2,46.4,46.4,96.366666667,98.0,96.133333333,3.2,0.0,88.333333333,13.333333333,0.0
m15_gpu6,gpu,utilization,49.083333333,96.0,98.95,3.2,46.4,46.4,96.366666667,98.966666667,96.2,3.2,0.0,86.566666667,13.066666667,0.0
m15_gpu7,gpu,utilization,7.7333333333,96.0,97.966666667,3.2,46.4,46.4,96.366666667,98.0,96.133333333,3.2,0.0,88.333333333,13.333333333,0.0
