name,machine_type,trace,-10,-9,-8,-7,-6,-5,-4,-3,-2,-1,0,1,2,3
m297_gpu0,gpu,utilization,96.933333333,80.9,48.7,39.733333333,34.7,23.95,36.316666667,36.316666667,97.866666667,88.55,97.0,90.8,49.5,3.0
m297_gpu3,gpu,utilization,98.333333333,87.866666667,54.366666667,35.866666667,31.8,13.0,30.966666667,30.966666667,54.583333333,76.85,96.0,97.1,45.7,2.6666666667
m297_gpu6,gpu,utilization,84.0,97.966666667,95.866666667,62.8,54.0,2.35,59.916666667,59.916666667,76.916666667,49.45,92.1,98.8,68.4,83.666666667
m297_gpu7,gpu,utilization,94.266666667,97.533333333,82.766666667,49.8,80.1,1.4,52.283333333,52.283333333,85.816666667,98.35,99.0,38.7,58.1,4.0666666667
m307_gpu1,gpu,utilization,34.333333333,10.633333333,1.3666666667,38.266666667,1.0,9.5,0.0,0.0,60.966666667,62.0,95.3,92.7,69.5,56.733333333
m307_gpu5,gpu,utilization,74.6,93.766666667,2.0,56.0,4.0,38.0,0.0,0.0,96.366666667,98.95,97.2,98.8,99.0,25.266666667
m307_gpu6,gpu,utilization,98.066666667,95.7,3.2666666667,91.466666667,9.8,93.1,0.0,0.0,97.35,63.85,90.8,68.8,70.5,82.2
m307_gpu7,gpu,utilization,78.066666667,49.3,2.3,64.4,0.0,0.0,0.0,0.0,96.366666667,98.95,97.2,97.9,98.9,19.666666667
