name,machine_type,trace,-10,-9,-8,-7,-6,-5,-4,-3,-2,-1,0,1,2,3
m8_gpu0,gpu,utilization,0.0,29.4,98.6,68.333333333,31.35,64.35,34.3,60.433333333,39.6,98.166666667,61.433333333,0.0,0.0,0.0
m8_gpu3,gpu,utilization,57.266666667,61.3,68.4,67.633333333,48.1,3.0,25.05,70.216666667,72.6,59.333333333,56.6,69.05,69.466666667,69.166666667
