name,machine_type,trace,-10,-9,-8,-7,-6,-5,-4,-3,-2,-1,0,1,2,3
m278_gpu2,gpu,utilization,0.0,0.0,0.0,0.0,0.0,0.0,0.0,0.0,0.0,0.0,0.0,0.0,0.0,0.0
m278_gpu3,gpu,utilization,0.0,0.0,0.0,0.0,0.0,0.0,0.0,0.0,26.633333333,70.5,0.0,0.0,0.0,0.0
m278_gpu5,gpu,utilization,65.3,20.566666667,74.0,61.333333333,0.0,0.0,29.133333333,92.0,92.0,92.0,92.0,92.0,92.0,92.0
m278_gpu7,gpu,utilization,66.0,28.5,93.0,62.0,0.0,0.0,29.45,93.0,92.716666667,92.0,92.216666667,93.0,93.0,93.0
