name,machine_type,trace,-10,-9,-8,-7,-6,-5,-4,-3,-2,-1,0,1,2,3
m3_gpu0,gpu,utilization,69.0,70.066666667,70.466666667,70.5,70.033333333,70.45,73.35,73.75,70.2,68.933333333,69.033333333,72.266666667,76.533333333,72.6
m3_gpu1,gpu,utilization,68.616666667,66.6,67.466666667,66.5,70.35,71.133333333,66.1,65.416666667,63.75,65.2,68.55,71.266666667,75.0,70.05
