name,machine_type,trace,-10,-9,-8,-7,-6,-5,-4,-3,-2,-1,0,1,2,3
m242_gpu3,gpu,utilization,94.0,94.866666667,95.0,94.116666667,94.0,94.816666667,19.0,71.25,94.25,94.7,33.25,57.966666667,94.0,94.0
m242_gpu4,gpu,utilization,94.0,94.0,86.8,92.183333333,93.866666667,94.0,18.8,70.5,94.75,95.0,33.25,57.966666667,94.0,94.6
m320_gpu0,gpu,utilization,94.15,94.0,94.0,94.883333333,95.0,95.0,19.0,71.25,95.0,95.0,33.25,58.583333333,95.0,94.4
m320_gpu3,gpu,utilization,94.0,94.866666667,95.0,95.0,95.0,94.183333333,18.8,70.5,94.75,94.3,32.9,57.966666667,94.0,94.6
m16_gpu4,gpu,utilization,94.0,94.866666667,95.0,95.0,94.133333333,94.816666667,19.0,71.25,95.0,95.0,33.25,57.966666667,45.0,61.0
m16_gpu7,gpu,utilization,94.85,95.0,95.0,95.0,95.0,95.0,19.0,71.25,95.0,95.0,33.25,58.583333333,81.583333333,85.8
m164_gpu5,gpu,utilization,94.0,94.0,94.0,94.0,94.866666667,95.0,19.0,4.5,72.0,94.7,33.25,58.583333333,94.416666667,94.0
m164_gpu6,gpu,utilization,95.0,95.0,95.0,11.083333333,82.333333333,94.183333333,18.8,1.5,71.75,95.0,33.25,58.583333333,95.0,95.0
