name,machine_type,trace,-10,-9,-8,-7,-6,-5,-4,-3,-2,-1,0,1,2,3
m50_gpu0,gpu,utilization,0.0,0.0,0.0,0.0,0.0,0.0,0.0,0.0,56.8,76.483333333,78.0,75.0,76.933333333,63.433333333
m50_gpu1,gpu,utilization,0.0,0.0,0.0,0.0,0.0,0.0,0.0,0.0,67.2,69.116666667,65.0,79.25,67.866666667,62.766666667
m50_gpu3,gpu,utilization,0.0,0.0,0.0,0.0,0.0,0.0,0.0,0.0,49.6,75.316666667,78.25,76.5,74.533333333,63.266666667
m50_gpu4,gpu,utilization,0.0,0.0,0.0,0.0,0.0,0.0,0.0,0.0,51.2,79.666666667,74.25,74.75,77.466666667,64.2
