name,machine_type,trace,-10,-9,-8,-7,-6,-5,-4,-3,-2,-1,0,1,2,3
m116_gpu0,gpu,utilization,1.75,8.4,24.4,54.75,9.5,16.6,29.866666667,12.2,17.883333333,40.9,7.6,6.15,8.05,19.7
m116_gpu1,gpu,utilization,1.75,8.4,12.4,9.0,4.5,13.066666667,45.033333333,9.8,27.95,66.616666667,10.6,9.3,10.7,7.65
m116_gpu2,gpu,utilization,2.75,8.4333333333,1.4,6.75,7.25,19.4,44.9,32.2,16.8,36.766666667,6.8,6.15,5.95,1.5
m116_gpu3,gpu,utilization,1.75,8.4,11.8,6.75,7.25,25.466666667,58.766666667,12.2,21.666666667,43.033333333,6.8,5.1,2.1,11.9
m116_gpu4,gpu,utilization,28.75,5.3666666667,1.4,7.5,9.5,19.166666667,41.8,25.0,16.9,26.016666667,7.6,6.75,9.35,2.25
m116_gpu5,gpu,utilization,27.0,12.466666667,13.4,10.0,7.0,19.833333333,49.866666667,15.6,46.883333333,63.4,6.8,6.15,7.9,13.15
m116_gpu6,gpu,utilization,23.75,11.7,18.0,27.0,7.25,24.766666667,58.8,20.0,24.783333333,55.616666667,2.0,9.55,7.9,13.15
m116_gpu7,gpu,utilization,0.0,2.8,11.8,10.75,10.25,21.266666667,44.733333333,12.8,33.65,67.4,10.0,6.6,9.85,9.15
