name,machine_type,trace,-10,-9,-8,-7,-6,-5,-4,-3,-2,-1,0,1,2,3
m235_gpu0,gpu,utilization,0.0,96.666666667,38.25,85.416666667,95.7,8.0,72.8,12.6,0.0,0.0,74.416666667,55.25,88.4,39.2
m235_gpu1,gpu,utilization,0.0,62.833333333,98.25,8.3333333333,71.25,6.25,0.0,69.7,80.3,67.75,14.866666667,0.25,0.0,0.8
m235_gpu2,gpu,utilization,0.0,40.6,2.1,91.666666667,87.65,7.25,51.133333333,8.85,85.0,18.333333333,78.333333333,80.5,14.8,70.4
m235_gpu3,gpu,utilization,0.0,96.666666667,80.05,6.5833333333,86.45,7.5833333333,85.8,22.5,86.35,97.55,99.35,25.75,0.2,80.0
m235_gpu4,gpu,utilization,0.0,96.666666667,100.0,9.25,95.05,8.3333333333,0.0,85.0,15.0,0.0,0.0,69.0,18.4,80.0
m235_gpu5,gpu,utilization,0.0,30.933333333,96.6,8.3333333333,84.55,99.083333333,100.0,100.0,100.0,54.266666667,87.866666667,25.0,72.0,57.2
m235_gpu6,gpu,utilization,0.0,58.966666667,98.05,99.083333333,50.55,95.666666667,13.333333333,68.0,53.65,8.9833333333,0.0,45.0,12.0,66.4
m235_gpu7,gpu,utilization,0.0,0.0,95.0,47.75,36.35,3.0,68.466666667,11.85,73.1,16.583333333,0.21666666667,65.25,97.4,88.0
