name,machine_type,trace,-10,-9,-8,-7,-6,-5,-4,-3,-2,-1,0,1,2,3
m170_gpu0,gpu,utilization,87.433333333,54.266666667,31.9,87.0,87.0,87.0,87.0,87.0,87.0,72.2,66.033333333,87.0,87.0,87.0
m170_gpu1,gpu,utilization,87.0,53.65,31.9,87.0,87.0,87.0,87.0,87.0,87.0,66.6,58.1,87.0,87.383333333,87.616666667
m170_gpu2,gpu,utilization,87.0,53.65,31.9,87.0,86.583333333,86.383333333,86.566666667,86.416666667,87.0,59.4,47.9,87.0,87.0,87.0
m170_gpu3,gpu,utilization,87.0,53.65,31.9,87.0,87.0,87.0,87.0,87.0,87.0,67.0,58.666666667,87.0,87.0,87.0
