name,machine_type,trace,-10,-9,-8,-7,-6,-5,-4,-3,-2,-1,0,1,2,3
m329_gpu0,gpu,utilization,27.733333333,50.933333333,67.05,67.5,51.483333333,49.55,50.5,25.616666667,25.5,61.85,61.55,25.616666667,0.0,28.05
m329_gpu1,gpu,utilization,23.8,43.2,39.15,0.0,0.0,0.0,0.0,0.0,41.0,69.6,26.1,26.35,52.133333333,61.25
m329_gpu2,gpu,utilization,0.0,43.733333333,39.633333333,0.0,0.0,0.0,0.0,0.0,25.0,60.85,31.95,0.0,0.0,26.95
m329_gpu3,gpu,utilization,35.466666667,44.266666667,40.116666667,0.0,0.0,29.966666667,56.0,52.066666667,52.5,67.533333333,37.35,0.0,0.0,41.25
