name,machine_type,trace,-10,-9,-8,-7,-6,-5,-4,-3,-2,-1,0,1,2,3
m317_gpu0,gpu,utilization,66.966666667,35.0,99.4,97.716666667,97.0,97.633333333,99.35,99.366666667,98.283333333,98.683333333,77.6,53.45,97.0,97.0
m317_gpu1,gpu,utilization,67.65,33.95,97.6,98.433333333,97.0,97.633333333,99.35,100.0,99.716666667,98.366666667,67.9,33.95,98.0,98.95
m317_gpu2,gpu,utilization,66.283333333,34.65,99.0,98.433333333,97.0,97.633333333,98.3,66.283333333,28.05,98.683333333,68.6,33.95,97.0,97.35
m317_gpu3,gpu,utilization,66.966666667,33.95,97.3,97.716666667,97.0,97.633333333,98.3,97.95,99.716666667,98.683333333,68.6,33.95,97.0,97.0
m317_gpu4,gpu,utilization,66.966666667,33.95,97.6,98.433333333,97.0,97.633333333,98.3,66.283333333,28.05,98.683333333,68.6,33.95,97.0,98.05
m317_gpu5,gpu,utilization,96.366666667,95.7,97.6,98.433333333,97.0,97.633333333,99.35,99.366666667,98.283333333,98.683333333,68.6,33.95,97.0,97.0
m317_gpu6,gpu,utilization,66.966666667,35.0,99.4,98.0,97.7,97.633333333,99.35,68.333333333,28.05,98.683333333,98.0,98.0,98.666666667,98.95
m317_gpu7,gpu,utilization,66.283333333,33.6,96.6,98.566666667,99.1,97.633333333,64.35,0.0,28.05,98.366666667,67.9,33.95,64.666666667,33.6
