name,machine_type,trace,-10,-9,-8,-7,-6,-5,-4,-3,-2,-1,0,1,2,3
m265_gpu0,gpu,utilization,98.3,98.366666667,99.333333333,99.283333333,99.0,71.866666667,89.75,99.766666667,100.0,98.566666667,98.683333333,98.283333333,24.5,75.0
m265_gpu1,gpu,utilization,98.65,99.633333333,99.333333333,99.0,98.3,26.133333333,74.25,99.0,99.75,98.566666667,98.683333333,99.0,99.75,100.0
m265_gpu2,gpu,utilization,99.35,97.733333333,97.666666667,98.716666667,98.3,57.666666667,85.0,66.8,88.5,98.283333333,98.683333333,99.0,99.75,98.5
m265_gpu3,gpu,utilization,98.3,99.0,99.666666667,99.283333333,99.0,40.333333333,79.0,23.1,25.5,79.866666667,98.683333333,98.283333333,98.0,24.5
m265_gpu4,gpu,utilization,64.35,99.633333333,100.0,99.283333333,98.3,55.466666667,84.25,23.1,0.0,70.233333333,98.683333333,98.283333333,99.5,100.0
m265_gpu5,gpu,utilization,99.0,99.633333333,98.666666667,98.716666667,98.3,26.133333333,74.25,99.0,99.0,98.283333333,98.683333333,98.283333333,98.0,99.5
m265_gpu6,gpu,utilization,99.0,97.733333333,98.333333333,99.0,98.3,59.133333333,85.5,99.0,99.0,98.283333333,98.683333333,98.283333333,44.0,81.5
m265_gpu7,gpu,utilization,78.35,99.633333333,98.666666667,98.716666667,99.0,26.4,74.25,23.1,75.0,100.0,99.316666667,98.283333333,32.0,2.5
