name,machine_type,trace,-10,-9,-8,-7,-6,-5,-4,-3,-2,-1,0,1,2,3
m236_gpu0,gpu,utilization,87.0,87.0,86.783333333,86.216666667,87.0,87.0,87.0,87.0,87.0,86.783333333,86.0,86.283333333,87.0,87.0
m236_gpu1,gpu,utilization,86.783333333,86.0,86.0,86.0,86.0,86.0,86.0,86.0,86.0,86.0,86.0,86.283333333,86.7,79.666666667
m236_gpu2,gpu,utilization,86.0,86.2,86.783333333,86.0,86.2,86.783333333,86.0,86.0,86.0,86.0,86.0,86.0,86.0,86.0
m236_gpu3,gpu,utilization,86.0,86.0,86.0,86.0,86.0,86.0,86.0,86.0,86.0,86.0,85.5,84.566666667,85.7,85.333333333
m236_gpu4,gpu,utilization,86.0,86.0,86.0,86.0,86.0,86.0,86.0,86.0,86.0,86.0,86.0,86.0,86.3,86.666666667
m236_gpu5,gpu,utilization,86.0,86.0,86.0,86.0,86.0,86.0,86.0,86.0,86.0,86.0,86.0,86.0,86.0,86.0
m236_gpu6,gpu,utilization,88.0,88.0,85.616666667,79.383333333,88.0,88.0,88.0,88.0,88.0,88.0,88.25,88.716666667,88.0,58.666666667
m236_gpu7,gpu,utilization,88.0,88.0,88.216666667,88.783333333,88.0,88.0,88.0,88.0,88.0,88.0,88.0,88.0,88.0,58.666666667
