name,machine_type,trace,-10,-9,-8,-7,-6,-5,-4,-3,-2,-1,0,1,2,3
m207_gpu0,gpu,utilization,51.45,49.3,54.0,29.866666667,57.2,62.0,58.8,54.0,57.6,60.466666667,44.133333333,47.75,59.616666667,65.916666667
m207_gpu5,gpu,utilization,47.55,48.0,49.666666667,32.666666667,44.733333333,48.666666667,49.0,49.0,51.3,49.8,30.666666667,42.0,46.433333333,45.216666667
m207_gpu6,gpu,utilization,45.7,46.85,51.166666667,21.666666667,47.333333333,50.333333333,50.0,43.6,47.366666667,50.466666667,28.266666667,36.5,51.4,48.516666667
m207_gpu7,gpu,utilization,46.25,52.95,54.833333333,25.533333333,45.266666667,46.5,45.2,45.8,52.9,55.0,27.133333333,42.5,47.083333333,47.566666667
