name,machine_type,trace,-10,-9,-8,-7,-6,-5,-4,-3,-2,-1,0,1,2,3
m172_gpu5,gpu,utilization,42.3,33.75,38.333333333,42.533333333,15.25,1.7,0.0,0.0,0.0,4.1666666667,5.0,34.166666667,40.0,17.05
m172_gpu6,gpu,utilization,39.4,38.5,40.2,38.7,69.5,22.666666667,0.0,53.25,14.2,54.166666667,58.066666667,42.833333333,38.366666667,12.5
