name,machine_type,trace,-10,-9,-8,-7,-6,-5,-4,-3,-2,-1,0,1,2,3
m258_gpu0,gpu,utilization,97.733333333,97.95,100.0,100.0,99.133333333,97.533333333,97.0,98.65,100.0,92.633333333,94.583333333,100.0,99.433333333,42.9
m258_gpu1,gpu,utilization,99.466666667,98.633333333,100.0,100.0,100.0,100.0,99.0,99.1,100.0,56.366666667,67.916666667,100.0,99.433333333,99.566666667
m258_gpu2,gpu,utilization,98.466666667,97.95,100.0,100.0,98.266666667,97.866666667,98.5,98.65,100.0,46.733333333,60.833333333,100.0,99.433333333,99.566666667
m258_gpu3,gpu,utilization,99.466666667,98.633333333,100.0,100.0,100.0,100.0,99.0,99.1,100.0,51.833333333,64.583333333,100.0,99.433333333,99.566666667
m258_gpu4,gpu,utilization,97.733333333,97.95,100.0,100.0,99.566666667,98.066666667,97.5,99.1,100.0,89.8,92.5,45.0,56.1,99.566666667
m258_gpu5,gpu,utilization,97.733333333,97.95,100.0,100.0,98.7,96.533333333,96.5,98.65,100.0,93.766666667,95.416666667,100.0,99.433333333,99.566666667
m258_gpu6,gpu,utilization,96.933333333,95.9,100.0,100.0,100.0,95.333333333,94.5,98.45,99.066666667,81.866666667,85.5,99.1,99.433333333,99.566666667
m258_gpu7,gpu,utilization,97.733333333,97.95,100.0,100.0,100.0,95.333333333,89.0,94.6,100.0,76.2,80.166666667,98.2,99.433333333,99.566666667
