name,machine_type,trace,-10,-9,-8,-7,-6,-5,-4,-3,-2,-1,0,1,2,3
m41_gpu0,gpu,utilization,87.0,87.0,87.0,87.0,87.0,82.65,4.35,87.0,87.0,87.0,82.65,8.7,87.0,87.0
m41_gpu1,gpu,utilization,87.0,87.0,87.0,87.0,87.0,82.65,4.35,87.0,87.0,87.0,82.65,8.7,87.0,87.0
m41_gpu2,gpu,utilization,86.0,86.0,86.0,86.0,86.0,86.0,86.0,86.0,86.0,86.0,81.7,8.6,86.0,86.0
m41_gpu3,gpu,utilization,86.0,86.0,86.0,86.0,86.0,86.0,86.0,86.0,86.0,86.0,81.7,8.6,86.0,86.0
m41_gpu4,gpu,utilization,86.0,86.0,86.0,86.0,86.0,83.95,47.05,86.0,86.0,86.0,81.7,8.6,86.0,86.0
m41_gpu5,gpu,utilization,86.0,86.0,86.0,86.0,86.0,86.05,86.95,86.0,86.0,86.0,81.7,8.6,86.0,86.0
m41_gpu6,gpu,utilization,88.0,88.0,88.0,88.0,88.0,83.6,4.4,88.0,88.0,88.0,83.6,8.8,80.666666667,7.3333333333
m41_gpu7,gpu,utilization,88.0,88.0,88.0,88.0,88.0,83.6,4.4,88.0,88.0,88.0,83.6,8.8,80.666666667,7.3333333333
