name,machine_type,trace,-10,-9,-8,-7,-6,-5,-4,-3,-2,-1,0,1,2,3
m161_gpu4,gpu,utilization,0.0,48.533333333,91.55,46.0,45.0,90.55,45.5,0.0,0.0,40.3,51.15,0.0,39.433333333,53.083333333
m161_gpu5,gpu,utilization,69.0,70.133333333,74.75,77.5,76.5,73.9,71.5,72.416666667,73.7,72.433333333,70.75,69.4,70.133333333,71.083333333
m161_gpu6,gpu,utilization,0.0,0.0,50.6,81.5,81.0,91.0,56.0,10.85,39.866666667,90.7,89.9,48.533333333,39.433333333,91.416666667
m161_gpu7,gpu,utilization,0.0,47.466666667,87.9,88.0,89.5,89.45,90.0,47.016666667,0.0,38.566666667,89.0,47.466666667,38.566666667,51.916666667
m33_gpu0,gpu,utilization,46.0,49.066666667,41.4,0.0,0.0,0.0,0.0,44.466666667,92.0,92.0,50.6,0.0,0.0,0.0
m33_gpu2,gpu,utilization,45.5,48.533333333,40.95,0.0,0.0,0.0,0.0,43.983333333,91.0,91.0,50.05,0.0,0.0,0.0
m33_gpu6,gpu,utilization,46.5,49.6,41.85,0.0,0.0,0.0,0.0,44.466666667,92.433333333,92.566666667,50.6,0.0,0.0,0.0
m33_gpu7,gpu,utilization,0.0,0.0,0.0,0.0,0.0,0.0,0.0,0.0,0.0,0.0,0.0,0.0,0.0,0.0
