name,machine_type,trace,-10,-9,-8,-7,-6,-5,-4,-3,-2,-1,0,1,2,3
m159_gpu0,gpu,utilization,100.0,61.666666667,2.0,2.8333333333,0.0,3.4666666667,6.4666666667,15.883333333,22.166666667,36.666666667,60.0,0.0,0.0,0.0
m159_gpu1,gpu,utilization,78.416666667,61.666666667,2.0,2.8333333333,0.0,0.0,0.0,0.0,0.36666666667,5.7666666667,36.4,44.333333333,0.0,0.43333333333
m159_gpu2,gpu,utilization,95.916666667,61.666666667,1.6,2.2666666667,18.0,25.5,0.0,0.0,0.0,15.033333333,42.2,27.866666667,0.0,0.0
m159_gpu3,gpu,utilization,48.25,48.1,1.6,6.1666666667,45.4,56.666666667,0.0,0.0,0.0,0.0,40.0,63.333333333,0.0,0.43333333333
m159_gpu4,gpu,utilization,91.25,61.666666667,1.6,2.2666666667,21.6,30.6,0.0,0.0,0.0,12.466666667,41.2,32.933333333,0.0,0.0
m159_gpu5,gpu,utilization,19.583333333,28.983333333,1.6,17.0,37.6,24.366666667,0.0,0.0,0.36666666667,0.63333333333,40.0,63.333333333,0.0,0.0
m159_gpu6,gpu,utilization,100.0,61.666666667,2.0,2.8333333333,0.0,0.0,0.0,0.0,0.0,19.433333333,44.6,20.266666667,0.0,0.0
m159_gpu7,gpu,utilization,89.166666667,45.633333333,0.8,3.3,8.6,7.9333333333,0.0,0.0,0.0,0.0,40.0,63.333333333,0.0,0.0
