name,machine_type,trace,-10,-9,-8,-7,-6,-5,-4,-3,-2,-1,0,1,2,3
m277_gpu0,gpu,utilization,100.0,84.7,49.0,70.333333333,99.383333333,86.25,81.3,100.0,100.0,78.4,54.816666667,81.916666667,99.6,79.4
m277_gpu1,gpu,utilization,100.0,84.416666667,50.7,74.0,95.916666667,83.583333333,78.466666667,100.0,100.0,77.6,49.75,76.083333333,99.6,83.4
m277_gpu2,gpu,utilization,100.0,84.7,46.3,64.333333333,99.383333333,100.0,100.0,78.4,68.966666667,77.8,49.833333333,73.916666667,99.0,80.6
m277_gpu3,gpu,utilization,100.0,85.55,46.3,60.0,100.0,100.0,100.0,100.0,100.0,77.6,45.15,68.666666667,99.0,90.2
m277_gpu4,gpu,utilization,100.0,84.7,49.9,72.666666667,100.0,78.75,71.1,78.0,68.833333333,78.4,52.516666667,78.0,99.0,87.0
m277_gpu5,gpu,utilization,100.0,84.7,49.3,71.333333333,100.0,100.0,100.0,99.6,99.433333333,79.6,48.616666667,69.25,99.0,90.2
m277_gpu6,gpu,utilization,100.0,84.983333333,53.3,76.0,95.066666667,71.666666667,61.466666667,99.6,99.433333333,78.4,53.283333333,79.583333333,99.6,82.2
m277_gpu7,gpu,utilization,100.0,84.7,52.6,76.333333333,95.683333333,100.0,100.0,78.8,69.966666667,78.4,52.9,79.0,99.6,83.0
