name,machine_type,trace,-10,-9,-8,-7,-6,-5,-4,-3,-2,-1,0,1,2,3
m67_gpu0,gpu,utilization,0.0,58.9,92.383333333,92.6,93.0,92.416666667,92.633333333,32.866666667,37.25,15.0,0.0,65.1,93.683333333,78.233333333
m67_gpu1,gpu,utilization,0.0,58.9,75.733333333,81.8,93.0,93.0,93.0,30.816666667,67.933333333,28.2,0.0,64.4,92.683333333,86.55
m67_gpu2,gpu,utilization,90.9,74.633333333,81.883333333,93.0,93.0,73.166666667,32.4,8.8,40.116666667,16.2,0.0,65.1,93.0,72.933333333
m67_gpu3,gpu,utilization,86.7,72.733333333,53.6,41.2,72.1,63.833333333,74.666666667,33.55,51.866666667,42.0,60.066666667,86.4,92.316666667,89.133333333
m67_gpu4,gpu,utilization,0.0,58.9,93.0,86.4,88.966666667,93.0,93.0,33.55,46.85,18.9,0.0,64.4,92.683333333,93.0
m67_gpu5,gpu,utilization,0.0,58.266666667,35.266666667,55.8,93.0,93.0,92.366666667,29.816666667,66.933333333,27.9,0.0,50.4,86.35,87.266666667
m67_gpu6,gpu,utilization,41.6,60.2,41.966666667,42.8,58.233333333,53.083333333,76.4,30.45,66.933333333,27.9,0.0,65.8,64.616666667,54.583333333
m67_gpu7,gpu,utilization,61.1,76.266666667,64.766666667,82.0,73.1,62.75,46.9,58.183333333,30.016666667,55.6,88.4,68.1,59.733333333,17.283333333
