name,machine_type,trace,-10,-9,-8,-7,-6,-5,-4,-3,-2,-1,0,1,2,3
m325_gpu0,gpu,utilization,85.166666667,92.533333333,91.7,93.75,90.3,85.75,90.766666667,87.183333333,79.75,93.083333333,96.4,93.066666667,89.5,89.516666667
m325_gpu1,gpu,utilization,71.333333333,81.166666667,70.166666667,80.5,50.2,91.25,80.466666667,85.9,96.7,78.75,69.4,79.0,72.0,59.016666667
m325_gpu2,gpu,utilization,53.783333333,97.433333333,90.4,91.75,83.8,87.5,85.533333333,84.433333333,80.133333333,61.8,88.0,84.666666667,77.25,28.716666667
m325_gpu3,gpu,utilization,35.166666667,87.9,81.933333333,84.25,83.8,82.0,66.566666667,79.55,88.85,59.816666667,68.0,60.466666667,66.25,80.516666667
