name,machine_type,trace,-10,-9,-8,-7,-6,-5,-4,-3,-2,-1,0,1,2,3
m86_gpu0,gpu,utilization,92.633333333,91.733333333,92.233333333,92.366666667,92.0,36.266666667,55.916666667,92.45,92.0,92.0,92.0,32.2,62.866666667,92.0
m86_gpu1,gpu,utilization,92.0,92.0,92.0,92.633333333,92.333333333,65.4,74.5,92.0,92.0,92.0,92.0,92.0,92.683333333,92.3
m86_gpu3,gpu,utilization,93.0,92.366666667,92.616666667,92.366666667,92.666666667,36.0,55.5,92.45,92.55,92.416666667,92.0,92.0,92.0,92.0
m86_gpu5,gpu,utilization,92.0,91.366666667,91.616666667,92.0,91.333333333,70.1,77.833333333,92.0,92.0,92.0,92.0,92.0,92.683333333,92.3
