name,machine_type,trace,-10,-9,-8,-7,-6,-5,-4,-3,-2,-1,0,1,2,3
m22_gpu4,gpu,utilization,89.45,89.166666667,95.2,98.0,92.166666667,85.166666667,88.666666667,94.75,93.733333333,91.466666667,93.066666667,86.133333333,85.9,89.6
m22_gpu5,gpu,utilization,38.8,3.2666666667,61.0,97.833333333,97.583333333,98.0,98.566666667,84.416666667,34.333333333,2.9333333333,50.566666667,95.533333333,96.8,97.6
m22_gpu6,gpu,utilization,39.8,3.0,56.4,96.083333333,99.0,99.0,99.0,90.25,38.1,3.0,48.466666667,90.066666667,93.05,75.133333333
m22_gpu7,gpu,utilization,37.35,4.6333333333,61.4,97.833333333,96.416666667,97.7,98.433333333,88.083333333,36.8,3.0,49.5,94.4,97.35,97.6
