name,machine_type,trace,-10,-9,-8,-7,-6,-5,-4,-3,-2,-1,0,1,2,3
m97_gpu0,gpu,utilization,98.033333333,97.5,97.466666667,97.533333333,97.433333333,97.583333333,76.0,78.666666667,90.75,75.35,64.55,64.033333333,67.0,66.933333333
m97_gpu1,gpu,utilization,98.516666667,99.0,98.4,97.533333333,97.433333333,97.583333333,55.1,60.3,50.633333333,0.0,0.0,0.0,0.0,0.0
m97_gpu2,gpu,utilization,99.033333333,98.0,98.0,98.0,99.133333333,98.833333333,55.1,60.3,50.633333333,0.0,0.0,0.0,0.0,0.0
m97_gpu6,gpu,utilization,100.0,99.0,45.733333333,51.733333333,97.0,97.583333333,78.75,80.566666667,50.116666667,0.0,0.0,0.0,0.0,0.0
