name,machine_type,trace,-10,-9,-8,-7,-6,-5,-4,-3,-2,-1,0,1,2,3
m349_gpu0,gpu,utilization,98.666666667,99.0,99.0,99.0,99.0,99.0,99.0,99.0,98.316666667,99.433333333,98.533333333,98.0,98.0,99.4
m349_gpu1,gpu,utilization,98.666666667,99.0,99.0,99.716666667,99.266666667,99.0,99.0,99.0,98.316666667,98.716666667,98.266666667,98.0,98.0,98.0
m349_gpu2,gpu,utilization,95.666666667,98.316666667,98.733333333,98.283333333,98.733333333,99.0,99.0,99.0,99.683333333,98.566666667,98.0,99.5,100.0,100.0
m349_gpu3,gpu,utilization,98.666666667,99.0,99.0,98.283333333,98.733333333,99.0,99.0,99.0,99.683333333,98.566666667,98.0,98.0,99.433333333,100.0
m349_gpu4,gpu,utilization,99.333333333,98.316666667,98.733333333,99.716666667,99.266666667,99.0,99.0,99.0,99.0,99.716666667,98.533333333,99.5,98.566666667,99.4
m349_gpu5,gpu,utilization,95.666666667,99.0,99.0,99.716666667,99.266666667,99.75,99.3,99.0,98.316666667,99.433333333,100.0,98.5,99.433333333,100.0
m349_gpu6,gpu,utilization,96.333333333,99.0,99.0,98.283333333,98.733333333,99.75,99.3,99.0,98.316666667,98.0,99.466666667,98.5,98.0,98.7
m349_gpu7,gpu,utilization,98.666666667,97.316666667,98.466666667,97.566666667,97.733333333,98.75,99.0,99.0,97.633333333,66.9,86.533333333,99.5,98.566666667,98.0
