name,machine_type,trace,-10,-9,-8,-7,-6,-5,-4,-3,-2,-1,0,1,2,3
m293_gpu4,gpu,utilization,89.4,86.933333333,93.5,88.5,92.5,83.166666667,89.525,89.525,86.0,75.183333333,83.4,88.75,88.033333333,89.9
m293_gpu5,gpu,utilization,54.4,69.4,79.0,66.9,58.35,83.933333333,67.258333333,67.258333333,77.0,77.0,75.133333333,68.35,28.366666667,46.95
m293_gpu6,gpu,utilization,61.25,90.183333333,84.25,86.1,78.5,87.7,72.9,72.9,72.0,89.7,58.266666667,37.0,68.866666667,85.2
m293_gpu7,gpu,utilization,84.5,76.816666667,83.25,83.6,63.05,81.966666667,64.708333333,64.708333333,84.0,74.166666667,88.933333333,86.2,76.333333333,43.7
