name,machine_type,trace,-10,-9,-8,-7,-6,-5,-4,-3,-2,-1,0,1,2,3
m319_gpu0,gpu,utilization,97.433333333,98.8,98.466666667,97.1,98.666666667,94.6,89.733333333,99.25,96.733333333,96.5,98.3,99.316666667,99.3,97.683333333
m319_gpu1,gpu,utilization,98.0,98.4,99.383333333,99.633333333,98.666666667,80.15,51.8,97.75,93.533333333,87.5,97.7,97.95,99.3,97.683333333
m319_gpu2,gpu,utilization,99.433333333,98.8,98.15,99.633333333,99.333333333,71.666666667,26.133333333,98.0,71.866666667,24.5,98.6,99.05,98.05,100.0
m319_gpu3,gpu,utilization,98.0,98.4,99.383333333,99.633333333,98.666666667,73.066666667,33.466666667,97.75,82.6,56.75,98.6,100.0,99.3,97.683333333
m319_gpu4,gpu,utilization,97.0,98.2,98.466666667,96.733333333,98.0,91.2,80.666666667,98.5,96.466666667,95.75,97.7,97.95,99.3,97.683333333
m319_gpu5,gpu,utilization,97.0,98.2,99.233333333,98.366666667,98.666666667,88.65,74.066666667,98.75,96.133333333,92.75,98.6,100.0,99.3,98.633333333
m319_gpu6,gpu,utilization,98.866666667,98.8,98.15,99.633333333,98.666666667,70.233333333,26.666666667,100.0,73.333333333,24.5,98.6,100.0,100.0,100.0
m319_gpu7,gpu,utilization,100.0,99.6,61.05,36.3,98.666666667,70.233333333,26.666666667,100.0,73.333333333,24.5,68.6,31.666666667,100.0,100.0
