name,machine_type,trace,-10,-9,-8,-7,-6,-5,-4,-3,-2,-1,0,1,2,3
m381_gpu1,gpu,utilization,28.45,60.533333333,55.2,73.0,66.533333333,63.25,62.1,56.8,65.9,68.766666667,67.266666667,64.4,59.75,53.166666667
m381_gpu2,gpu,utilization,36.65,48.0,55.4,78.8,57.6,47.75,60.5,70.666666667,72.0,72.0,77.2,61.533333333,52.2,67.666666667
m381_gpu3,gpu,utilization,38.45,75.733333333,77.5,61.8,71.266666667,58.25,57.9,49.333333333,71.4,61.633333333,68.666666667,67.4,69.55,67.5
m381_gpu6,gpu,utilization,38.25,64.2,69.0,56.65,74.666666667,64.083333333,68.4,58.6,71.4,73.0,73.0,55.666666667,50.45,50.833333333
