name,machine_type,trace,-10,-9,-8,-7,-6,-5,-4,-3,-2,-1,0,1,2,3
m3_gpu0,gpu,utilization,66.0,65.35,65.616666667,66.583333333,65.9,47.95,50.7,65.0,66.166666667,66.416666667,66.0,66.0,66.0,64.766666667
m3_gpu1,gpu,utilization,45.783333333,29.95,45.766666667,67.416666667,67.55,67.483333333,67.566666667,67.433333333,67.0,67.0,67.616666667,67.366666667,67.0,47.266666667
