name,machine_type,trace,-10,-9,-8,-7,-6,-5,-4,-3,-2,-1,0,1,2,3
m289_gpu0,gpu,utilization,100.0,100.0,100.0,99.133333333,99.0,99.916666667,100.0,100.0,98.233333333,99.766666667,100.0,11.666666667,88.333333333,100.0
m289_gpu1,gpu,utilization,100.0,100.0,100.0,100.0,99.1,99.916666667,100.0,100.0,90.283333333,98.716666667,84.7,97.9,100.0,97.45
m289_gpu2,gpu,utilization,94.333333333,100.0,100.0,100.0,100.0,100.0,97.35,99.6,100.0,100.0,100.0,100.0,100.0,100.0
m289_gpu3,gpu,utilization,85.5,100.0,100.0,13.333333333,90.0,100.0,100.0,100.0,100.0,100.0,100.0,100.0,100.0,100.0
m289_gpu4,gpu,utilization,34.166666667,85.516666667,100.0,13.333333333,90.0,100.0,96.466666667,99.466666667,100.0,100.0,26.05,87.2,88.166666667,83.6
m289_gpu5,gpu,utilization,100.0,88.566666667,96.833333333,13.2,89.1,99.916666667,100.0,98.266666667,99.766666667,100.0,100.0,100.0,83.216666667,97.15
m289_gpu6,gpu,utilization,100.0,97.55,99.5,13.333333333,88.2,99.833333333,85.866666667,11.2,88.333333333,100.0,100.0,11.666666667,86.566666667,98.85
m289_gpu7,gpu,utilization,77.666666667,95.233333333,100.0,13.333333333,90.0,100.0,100.0,94.8,28.633333333,50.033333333,93.1,100.0,87.633333333,97.9
