name,machine_type,trace,-10,-9,-8,-7,-6,-5,-4,-3,-2,-1,0,1,2,3
m260_gpu4,gpu,utilization,82.066666667,83.733333333,85.933333333,81.5,82.833333333,86.55,86.35,87.583333333,87.45,79.133333333,77.216666667,87.066666667,87.466666667,87.0
m260_gpu5,gpu,utilization,0.0,0.0,0.0,0.0,0.0,0.0,0.0,0.0,0.0,0.0,0.0,0.0,0.0,0.0
