name,machine_type,trace,-10,-9,-8,-7,-6,-5,-4,-3,-2,-1,0,1,2,3
m37_gpu0,gpu,utilization,93.0,92.8,89.133333333,90.933333333,89.033333333,90.033333333,87.4,7.75,92.8,91.15,91.85,90.816666667,90.266666667,91.633333333
m37_gpu1,gpu,utilization,91.0,90.95,90.066666667,91.066666667,92.933333333,90.983333333,85.55,8.6666666667,92.9,92.0,92.0,92.0,92.0,91.816666667
m37_gpu2,gpu,utilization,91.833333333,90.0,90.066666667,91.033333333,92.033333333,92.966666667,86.45,7.5,90.1,90.85,90.0,89.816666667,89.4,92.0
m37_gpu3,gpu,utilization,91.0,90.95,90.066666667,91.066666667,93.0,92.95,85.5,7.5,90.0,90.0,90.3,92.0,91.866666667,91.183333333
