name,machine_type,trace,-10,-9,-8,-7,-6,-5,-4,-3,-2,-1,0,1,2,3
m267_gpu6,gpu,utilization,63.666666667,94.316666667,94.666666667,95.0,95.0,95.0,95.0,95.0,95.0,95.0,95.0,95.0,95.0,95.0
m267_gpu7,gpu,utilization,63.333333333,95.0,95.0,95.0,95.0,95.0,95.0,95.0,95.0,95.0,95.0,95.0,95.0,95.0
m234_gpu1,gpu,utilization,63.333333333,95.0,95.0,95.0,95.0,95.0,95.0,95.0,95.0,95.0,94.333333333,94.666666667,95.0,94.316666667
m234_gpu2,gpu,utilization,62.666666667,94.683333333,95.0,94.316666667,94.7,94.266666667,94.7,95.0,95.0,95.0,94.333333333,94.666666667,94.316666667,94.0
m287_gpu0,gpu,utilization,63.333333333,95.0,95.0,95.0,95.0,95.0,95.0,95.0,94.333333333,94.666666667,51.0,73.0,44.433333333,71.566666667
m287_gpu3,gpu,utilization,63.333333333,95.0,95.0,95.0,95.0,95.0,95.0,95.0,95.0,95.0,32.333333333,63.666666667,31.45,65.55
m42_gpu1,gpu,utilization,63.333333333,95.0,95.0,95.0,95.0,95.0,95.0,95.0,70.333333333,82.666666667,57.666666667,76.333333333,95.0,95.0
m42_gpu2,gpu,utilization,63.333333333,94.316666667,94.666666667,94.316666667,94.0,94.0,94.7,95.0,94.333333333,94.0,90.666666667,92.333333333,94.683333333,95.0
