name,machine_type,trace,-10,-9,-8,-7,-6,-5,-4,-3,-2,-1,0,1,2,3
m170_gpu0,gpu,utilization,0.0,0.0,0.0,0.0,45.066666667,83.45,83.05,55.9,76.333333333,56.533333333,81.1,87.9,93.7,52.433333333
m170_gpu1,gpu,utilization,0.0,0.0,0.0,0.0,32.933333333,6.55,0.15,18.0,2.2666666667,38.333333333,2.3333333333,0.016666666667,0.0,40.6
m170_gpu2,gpu,utilization,7.15,79.733333333,42.6,45.0,40.066666667,16.05,1.8,0.9,19.666666667,49.933333333,58.766666667,0.98333333333,0.0,65.733333333
m170_gpu3,gpu,utilization,73.5,12.0,0.0,0.0,79.733333333,13.8,0.0,78.3,5.8,79.333333333,3.8,0.016666666667,0.0,83.133333333
