name,machine_type,trace,-10,-9,-8,-7,-6,-5,-4,-3,-2,-1,0,1,2,3
m256_gpu0,gpu,utilization,92.033333333,93.0,94.0,95.0,94.05,94.0,3.1333333333,88.933333333,93.0,93.0,94.933333333,93.133333333,94.933333333,95.0
m256_gpu2,gpu,utilization,93.033333333,92.0,93.0,94.0,94.0,94.0,3.1333333333,89.9,95.0,93.0,93.0,93.0,93.966666667,94.0
m256_gpu5,gpu,utilization,93.033333333,94.0,94.0,94.0,4.7,87.733333333,3.1333333333,90.866666667,94.0,93.0,93.966666667,94.0,93.033333333,93.933333333
m256_gpu7,gpu,utilization,94.0,0.0,94.0,94.0,4.7,87.733333333,3.1333333333,91.833333333,95.0,94.0,94.966666667,95.933333333,94.066666667,93.066666667
