name,machine_type,trace,-10,-9,-8,-7,-6,-5,-4,-3,-2,-1,0,1,2,3
m6_gpu0,gpu,utilization,23.866666667,78.866666667,5.3333333333,45.833333333,90.116666667,85.933333333,59.333333333,90.833333333,86.0,75.0,71.583333333,20.766666667,84.8,65.0
m6_gpu1,gpu,utilization,22.983333333,78.866666667,2.1333333333,24.633333333,89.883333333,79.8,31.666666667,90.0,90.0,89.5,71.966666667,27.933333333,90.0,90.0
m6_gpu2,gpu,utilization,22.983333333,78.866666667,3.3333333333,32.7,90.883333333,85.2,60.166666667,91.0,87.0,76.0,72.15,19.95,82.2,54.333333333
m6_gpu3,gpu,utilization,22.983333333,78.866666667,5.8666666667,49.366666667,90.0,85.2,60.0,90.0,86.2,75.75,72.666666667,24.666666667,85.0,69.166666667
m6_gpu4,gpu,utilization,14.916666667,78.0,2.4,26.4,90.0,87.6,75.0,90.0,89.6,88.5,73.1,26.116666667,78.6,45.833333333
m6_gpu5,gpu,utilization,14.033333333,78.0,2.4,26.516666667,90.883333333,87.866666667,76.666666667,90.0,89.6,88.5,73.1,26.3,79.8,47.5
m6_gpu6,gpu,utilization,32.7,78.866666667,2.0,23.866666667,90.883333333,82.133333333,40.833333333,90.166666667,91.0,91.0,73.016666667,23.216666667,84.6,64.333333333
m6_gpu7,gpu,utilization,21.333333333,79.733333333,0.53333333333,14.266666667,92.0,88.4,69.333333333,91.0,89.2,84.25,73.016666667,23.4,76.0,25.333333333
