name,machine_type,trace,-10,-9,-8,-7,-6,-5,-4,-3,-2,-1,0,1,2,3
m49_gpu2,gpu,utilization,100.0,99.166666667,94.55,89.733333333,94.45,95.966666667,89.0,88.65,85.433333333,83.3,87.35,89.8,92.2,89.666666667
m49_gpu3,gpu,utilization,30.4,78.083333333,88.283333333,97.8,66.016666667,48.5,78.15,41.5,54.433333333,82.633333333,78.9,80.2,73.4,100.0
m49_gpu4,gpu,utilization,6.4,48.083333333,88.4,80.633333333,51.25,37.266666667,93.0,90.2,83.9,75.1,71.7,85.4,83.1,85.666666667
m49_gpu5,gpu,utilization,20.8,70.333333333,82.2,71.366666667,58.033333333,32.866666667,68.75,47.4,59.166666667,75.383333333,73.55,73.5,79.5,67.666666667
