name,machine_type,trace,-10,-9,-8,-7,-6,-5,-4,-3,-2,-1,0,1,2,3
m87_gpu0,gpu,utilization,76.25,78.866666667,51.1,90.866666667,86.916666667,82.0,81.95,81.416666667,86.166666667,86.666666667,69.333333333,84.4,92.2,93.6
m87_gpu2,gpu,utilization,21.75,75.133333333,88.45,40.766666667,63.333333333,83.0,83.4,90.75,84.0,42.6,79.083333333,79.05,58.7,43.1
m87_gpu4,gpu,utilization,69.3,75.066666667,75.95,74.766666667,68.45,93.933333333,64.25,87.0,77.25,90.333333333,81.583333333,87.75,83.2,84.8
m87_gpu7,gpu,utilization,81.05,81.733333333,76.6,51.1,82.85,74.433333333,87.25,91.666666667,85.75,62.8,88.083333333,89.1,91.2,92.6
