name,machine_type,trace,-10,-9,-8,-7,-6,-5,-4,-3,-2,-1,0,1,2,3
m339_gpu0,gpu,utilization,0.016666666667,86.45,92.966666667,82.0,48.566666667,48.566666667,1.5666666667,88.35,64.483333333,56.0,56.0,55.95,87.6,12.133333333
m339_gpu1,gpu,utilization,64.983333333,54.6,17.616666667,93.0,48.566666667,48.566666667,40.9,13.4,91.65,60.275,60.275,91.25,60.333333333,86.8
m339_gpu2,gpu,utilization,57.083333333,19.05,27.816666667,93.0,24.8,24.8,0.8,27.55,91.933333333,28.35,28.35,60.85,22.4,55.6
m339_gpu3,gpu,utilization,1.3333333333,88.35,93.0,59.0,44.95,44.95,0.0,5.7,66.966666667,67.4,67.4,80.2,83.266666667,73.4
m339_gpu4,gpu,utilization,0.016666666667,88.35,23.183333333,93.0,42.883333333,42.883333333,1.3833333333,58.9,23.65,57.875,57.875,91.85,67.333333333,28.0
m339_gpu5,gpu,utilization,0.083333333333,59.85,92.5,38.0,41.333333333,41.333333333,1.3333333333,88.35,93.983333333,56.975,56.975,51.95,53.8,86.8
m339_gpu6,gpu,utilization,5.05,79.1,93.816666667,52.0,44.8,44.8,0.16666666667,89.3,93.016666667,53.0,53.0,4.45,84.0,18.666666667
m339_gpu7,gpu,utilization,0.083333333333,89.3,94.0,0.0,48.566666667,48.566666667,1.5666666667,90.25,93.033333333,94.525,94.525,4.7,94.066666667,88.666666667
