name,machine_type,trace,-10,-9,-8,-7,-6,-5,-4,-3,-2,-1,0,1,2,3
m275_gpu0,gpu,utilization,0.0,0.0,0.0,0.0,0.0,0.0,0.0,0.0,0.0,0.0,0.0,0.0,0.0,0.0
m275_gpu2,gpu,utilization,0.0,0.0,0.0,0.0,0.0,0.0,0.0,0.0,0.0,0.0,0.0,0.0,0.0,0.0
m275_gpu3,gpu,utilization,0.0,0.6,11.2,0.0,0.0,0.0,0.0,0.0,0.0,0.0,0.33333333333,1.7,18.15,85.8
m275_gpu6,gpu,utilization,0.0,0.15,9.4,97.35,0.0,0.0,0.0,0.0,10.733333333,79.733333333,0.0,8.85,66.333333333,85.8
