name,machine_type,trace,-10,-9,-8,-7,-6,-5,-4,-3,-2,-1,0,1,2,3
m110_gpu2,gpu,utilization,0.0,0.0,3.0333333333,24.9,15.466666667,17.416666667,3.1,30.4,22.466666667,35.4,9.8166666667,9.8166666667,0.31666666667,10.816666667
m110_gpu6,gpu,utilization,24.75,0.0,0.0,0.4,8.2,36.666666667,0.0,1.3333333333,20.466666667,33.433333333,4.1333333333,4.1333333333,0.13333333333,24.583333333
