name,machine_type,trace,-10,-9,-8,-7,-6,-5,-4,-3,-2,-1,0,1,2,3
m326_gpu0,gpu,utilization,0.0,0.0,0.0,0.0,0.0,0.0,0.0,0.0,0.0,0.0,0.0,0.0,0.0,0.0
m326_gpu1,gpu,utilization,0.0,0.0,0.0,0.0,0.0,0.0,0.0,0.0,0.0,0.0,0.0,0.0,0.0,0.0
m344_gpu0,gpu,utilization,4.4,3.8666666667,4.4,3.7333333333,5.0,5.3,3.3333333333,5.8666666667,9.35,9.5,9.5,4.1333333333,0.0,0.0
m344_gpu1,gpu,utilization,13.3,14.233333333,3.85,3.2666666667,9.0,8.8,9.3333333333,6.2,4.75,3.5,3.5,3.6166666667,0.0,1.1
m163_gpu0,gpu,utilization,0.0,0.0,0.0,0.0,0.0,0.0,0.0,0.0,0.0,0.0,0.0,0.0,0.0,0.0
m163_gpu1,gpu,utilization,0.0,0.0,0.0,0.0,0.0,0.0,0.0,0.0,0.0,0.0,0.0,0.0,0.0,0.0
m75_gpu0,gpu,utilization,0.0,5.3166666667,11.0,5.8666666667,0.0,7.15,5.4166666667,0.0,0.0,0.0,0.0,0.0,0.0,0.0
m75_gpu1,gpu,utilization,0.0,0.0,0.0,0.0,0.0,0.0,0.0,0.0,0.0,0.0,0.0,0.0,0.0,0.0
