name,machine_type,trace,-10,-9,-8,-7,-6,-5,-4,-3,-2,-1,0,1,2,3
m56_gpu1,gpu,utilization,96.55,1.6166666667,92.4,9.9,79.75,99.566666667,5.0,88.916666667,97.933333333,98.933333333,91.4,91.0,98.6,94.333333333
m56_gpu4,gpu,utilization,0.0,0.0,0.0,0.0,0.0,0.0,0.0,0.0,0.0,0.0,0.0,0.0,0.0,0.0
