name,machine_type,trace,-10,-9,-8,-7,-6,-5,-4,-3,-2,-1,0,1,2,3
m397_gpu0,gpu,utilization,96.633333333,96.35,97.0,74.5,18.033333333,31.466666667,96.0,96.0,96.0,96.383333333,97.0,96.533333333,96.0,95.45
m397_gpu1,gpu,utilization,97.0,97.0,97.0,74.5,34.75,74.733333333,96.266666667,96.683333333,96.0,96.383333333,96.566666667,96.466666667,96.5,96.0
m397_gpu2,gpu,utilization,96.0,96.0,96.0,90.3,68.216666667,59.333333333,96.0,96.316666667,96.65,96.0,96.0,96.466666667,96.5,96.0
m397_gpu4,gpu,utilization,96.0,96.0,96.0,83.4,41.25,32.2,96.0,96.0,96.0,96.0,96.0,96.466666667,96.5,96.0
