name,machine_type,trace,-10,-9,-8,-7,-6,-5,-4,-3,-2,-1,0,1,2,3
m319_gpu1,gpu,utilization,90.083333333,91.166666667,95.6,91.4,89.35,88.0,87.066666667,92.616666667,90.4,85.866666667,88.483333333,89.466666667,89.166666667,87.1
m319_gpu5,gpu,utilization,88.466666667,86.0,88.333333333,59.8,51.85,92.0,95.1,58.733333333,57.466666667,98.933333333,95.65,92.866666667,94.583333333,91.75
m319_gpu6,gpu,utilization,84.066666667,86.083333333,90.4,96.1,88.3,60.0,62.9,78.15,71.266666667,71.733333333,75.733333333,88.666666667,95.25,81.25
m319_gpu7,gpu,utilization,53.45,76.083333333,96.733333333,65.266666667,55.1,83.5,81.033333333,88.2,94.0,66.466666667,61.583333333,91.4,93.416666667,88.15
