name,machine_type,trace,-10,-9,-8,-7,-6,-5,-4,-3,-2,-1,0,1,2,3
m273_gpu0,gpu,utilization,67.75,63.4,63.466666667,64.766666667,68.2,64.5,66.5,64.416666667,63.0,61.1,62.6,66.466666667,66.7,67.4
m273_gpu1,gpu,utilization,47.5,44.933333333,48.4,51.533333333,46.4,48.75,46.5,45.0,45.666666667,39.666666667,41.2,45.233333333,45.35,49.9
m273_gpu2,gpu,utilization,70.25,70.766666667,70.266666667,69.233333333,69.0,70.5,70.3,69.283333333,68.333333333,62.933333333,67.15,68.533333333,68.3,70.4
m273_gpu3,gpu,utilization,48.0,48.766666667,51.2,48.933333333,50.4,50.25,47.9,48.433333333,49.0,42.033333333,45.15,47.766666667,47.65,48.7
m273_gpu4,gpu,utilization,57.25,58.533333333,59.733333333,59.233333333,59.0,59.0,59.7,58.566666667,58.666666667,57.1,57.95,57.766666667,58.95,58.6
m273_gpu5,gpu,utilization,57.5,58.0,56.533333333,56.0,60.0,57.25,56.0,58.15,56.333333333,56.266666667,58.95,58.15,57.65,57.3
m273_gpu6,gpu,utilization,54.0,56.3,56.266666667,56.766666667,53.8,53.75,55.4,56.716666667,59.666666667,59.1,58.0,57.383333333,58.3,59.0
m273_gpu7,gpu,utilization,58.5,57.466666667,60.666666667,58.933333333,58.8,58.25,58.7,59.0,57.666666667,56.366666667,57.95,57.15,57.3,57.3
