name,machine_type,trace,-10,-9,-8,-7,-6,-5,-4,-3,-2,-1,0,1,2,3
m11_gpu0,gpu,utilization,83.0,37.666666667,99.25,100.0,78.333333333,21.75,87.466666667,91.383333333,78.333333333,21.666666667,100.0,90.0,61.2,98.466666667
m11_gpu3,gpu,utilization,77.6,23.333333333,100.0,99.783333333,77.55,25.0,99.066666667,96.866666667,78.333333333,20.583333333,96.0,81.8,29.533333333,89.766666667
m11_gpu4,gpu,utilization,44.4,24.2,88.0,99.783333333,77.55,17.25,76.233333333,100.0,78.333333333,21.666666667,100.0,88.8,56.366666667,97.7
m11_gpu5,gpu,utilization,27.2,20.3,90.25,100.0,78.333333333,14.0,66.266666667,100.0,78.333333333,21.233333333,98.4,80.0,6.5333333333,44.8
