name,machine_type,trace,-10,-9,-8,-7,-6,-5,-4,-3,-2,-1,0,1,2,3
m64_gpu0,gpu,utilization,99.033333333,100.0,100.0,98.5,98.4,99.533333333,99.483333333,100.0,100.0,100.0,99.0,98.5,99.5,99.0
m64_gpu1,gpu,utilization,99.033333333,100.0,100.0,98.5,98.4,99.533333333,99.483333333,100.0,98.966666667,98.966666667,99.0,98.5,98.0,98.5
m64_gpu2,gpu,utilization,99.033333333,100.0,99.033333333,99.0,100.0,99.533333333,99.483333333,98.45,98.55,98.55,98.5,99.0,99.0,99.0
m64_gpu3,gpu,utilization,100.0,100.0,99.033333333,99.0,100.0,99.533333333,99.483333333,98.45,98.55,98.55,98.5,99.5,99.5,99.0
m64_gpu4,gpu,utilization,99.033333333,100.0,99.033333333,97.5,98.4,99.533333333,99.483333333,100.0,98.966666667,97.516666667,97.5,98.0,97.5,98.5
m64_gpu5,gpu,utilization,100.0,100.0,100.0,98.5,98.4,99.533333333,99.483333333,100.0,100.0,100.0,99.0,98.5,98.0,97.5
m64_gpu6,gpu,utilization,100.0,100.0,99.033333333,98.0,98.933333333,99.533333333,99.483333333,100.0,100.0,100.0,100.0,99.5,99.5,99.0
m64_gpu7,gpu,utilization,100.0,100.0,51.666666667,0.0,46.2,99.0,99.0,97.966666667,98.55,98.55,97.5,97.0,80.0,81.0
