name,machine_type,trace,-10,-9,-8,-7,-6,-5,-4,-3,-2,-1,0,1,2,3
m338_gpu0,gpu,utilization,89.6,94.0,88.75,85.566666667,84.3,66.083333333,65.9,78.733333333,87.683333333,89.733333333,90.05,90.333333333,85.0,85.933333333
m338_gpu1,gpu,utilization,45.2,7.25,1.0,1.0,1.0,41.833333333,74.966666667,72.133333333,40.133333333,8.4666666667,1.45,1.5333333333,1.0,1.0
m60_gpu0,gpu,utilization,86.6,82.083333333,82.333333333,70.4,77.566666667,87.5,83.3,82.0,65.466666667,65.4,67.7,69.533333333,89.0,88.733333333
m60_gpu1,gpu,utilization,0.4,51.916666667,37.666666667,44.066666667,33.933333333,2.1666666667,46.066666667,37.4,38.2,39.4,31.15,37.2,1.5,7.0666666667
