name,machine_type,trace,-10,-9,-8,-7,-6,-5,-4,-3,-2,-1,0,1,2,3
m129_gpu0,gpu,utilization,92.0,37.916666667,82.333333333,95.8,66.916666667,6.7666666667,53.166666667,0.0,7.3,68.133333333,9.3,93.4,94.05,4.65
m129_gpu1,gpu,utilization,86.133333333,32.75,45.75,98.0,89.833333333,7.1166666667,55.916666667,0.0,7.3,68.133333333,6.5,67.333333333,95.0,1.75
m129_gpu3,gpu,utilization,85.433333333,97.833333333,96.166666667,95.85,50.416666667,11.316666667,88.916666667,0.0,4.0,37.333333333,3.1,33.266666667,61.75,3.65
m129_gpu7,gpu,utilization,99.0,96.083333333,66.75,94.95,51.333333333,5.1333333333,40.333333333,0.0,9.0,84.0,9.0,86.266666667,32.3,3.65
