name,machine_type,trace,-10,-9,-8,-7,-6,-5,-4,-3,-2,-1,0,1,2,3
m76_gpu0,gpu,utilization,37.4,0.0,18.666666667,71.166666667,76.466666667,65.016666667,20.3,63.8,0.0,3.7333333333,25.566666667,42.75,15.816666667,73.866666667
m76_gpu1,gpu,utilization,60.866666667,0.0,20.266666667,77.4,80.35,57.183333333,19.6,61.6,19.366666667,81.6,70.933333333,38.25,15.6,61.6
m89_gpu0,gpu,utilization,18.933333333,74.4,80.6,65.366666667,44.516666667,61.1,7.2333333333,39.0,46.766666667,17.966666667,77.933333333,64.5,25.616666667,65.083333333
m89_gpu1,gpu,utilization,84.0,60.2,21.866666667,68.233333333,33.266666667,61.883333333,14.233333333,61.0,46.766666667,18.666666667,80.7,62.25,6.7166666667,24.283333333
