name,machine_type,trace,-10,-9,-8,-7,-6,-5,-4,-3,-2,-1,0,1,2,3
m355_gpu0,gpu,utilization,31.333333333,10.183333333,57.4,87.516666667,44.7,49.1,74.633333333,46.0,42.1,45.8,42.7,28.7,12.666666667,57.0
m355_gpu1,gpu,utilization,41.0,32.116666667,9.4,46.783333333,46.0,44.916666667,35.583333333,24.0,47.4,46.6,63.6,92.716666667,84.283333333,100.0
