name,machine_type,trace,-10,-9,-8,-7,-6,-5,-4,-3,-2,-1,0,1,2,3
m325_gpu2,gpu,utilization,81.4,85.2,88.3,90.8,88.05,89.05,89.95,86.966666667,85.333333333,94.833333333,89.333333333,82.7,85.9,74.0
m325_gpu4,gpu,utilization,86.9,94.266666667,80.7,52.8,78.6,89.95,88.933333333,85.016666667,83.866666667,24.2,87.75,83.95,72.383333333,44.833333333
m325_gpu5,gpu,utilization,84.7,96.533333333,50.3,70.733333333,67.15,69.35,57.533333333,89.083333333,93.933333333,92.0,91.166666667,84.1,100.0,98.166666667
m325_gpu7,gpu,utilization,86.5,98.8,80.5,68.466666667,88.05,70.45,79.0,79.183333333,90.0,90.333333333,99.333333333,92.0,92.233333333,93.5
