name,machine_type,trace,-10,-9,-8,-7,-6,-5,-4,-3,-2,-1,0,1,2,3
m215_gpu0,gpu,utilization,2.6333333333,75.05,6.1,62.5,84.933333333,0.86666666667,27.75,56.933333333,0.0,1.575,1.575,24.65,24.65,0.0
m215_gpu1,gpu,utilization,3.0666666667,92.0,87.3,42.95,6.4666666667,39.633333333,4.6,85.866666667,1.6333333333,23.275,23.275,6.2,6.2,0.0
m215_gpu2,gpu,utilization,3.0666666667,92.0,87.8,47.95,8.4,0.0,4.6,86.6,10.633333333,0.0,0.0,0.0,0.0,0.0
m215_gpu3,gpu,utilization,3.1,88.85,10.1,15.05,85.866666667,0.0,4.6,85.866666667,0.0,0.0,0.0,23.766666667,23.766666667,0.0
m215_gpu4,gpu,utilization,0.2,9.0,68.6,92.0,85.866666667,2.8333333333,83.9,58.8,0.0,14.175,14.175,27.55,27.55,0.0
m215_gpu5,gpu,utilization,3.0666666667,92.0,92.0,89.9,49.666666667,43.5,0.5,9.3333333333,0.0,0.0,0.0,0.0,0.0,0.0
m215_gpu6,gpu,utilization,65.533333333,24.9,60.6,57.2,56.933333333,2.0,60.0,56.0,2.0,60.0,60.0,19.333333333,19.333333333,93.0
m215_gpu7,gpu,utilization,3.1,93.0,85.1,14.3,18.666666667,0.0,4.65,86.8,0.0,4.725,4.725,21.7,21.7,0.0
