name,machine_type,trace,-10,-9,-8,-7,-6,-5,-4,-3,-2,-1,0,1,2,3
m172_gpu2,gpu,utilization,90.166666667,55.8,36.833333333,78.0,77.733333333,88.166666667,56.116666667,0.0,28.333333333,87.933333333,91.333333333,88.9,83.666666667,76.0
m172_gpu3,gpu,utilization,94.566666667,56.4,40.733333333,93.533333333,93.483333333,93.133333333,63.25,11.333333333,31.0,70.266666667,52.333333333,95.0,95.0,95.0
m172_gpu6,gpu,utilization,89.0,53.4,40.3,90.2,80.233333333,81.666666667,92.233333333,60.666666667,29.333333333,90.2,94.0,84.1,71.0,91.333333333
m172_gpu7,gpu,utilization,87.1,49.2,36.833333333,85.933333333,71.05,68.733333333,89.533333333,90.0,86.333333333,86.266666667,82.333333333,80.0,87.666666667,86.0
