name,machine_type,trace,-10,-9,-8,-7,-6,-5,-4,-3,-2,-1,0,1,2,3
m348_gpu2,gpu,utilization,95.8,96.0,89.2,93.05,94.65,94.733333333,95.333333333,93.65,93.733333333,93.9,89.8,86.766666667,89.533333333,90.466666667
m348_gpu4,gpu,utilization,25.2,23.0,76.2,81.8,66.6,83.6,85.666666667,73.65,88.2,65.966666667,41.9,81.45,89.3,92.616666667
m348_gpu6,gpu,utilization,92.9,77.0,56.6,92.65,90.95,66.266666667,50.0,94.6,92.0,67.066666667,48.566666667,94.45,92.716666667,84.45
m348_gpu7,gpu,utilization,66.1,37.666666667,86.0,87.75,81.5,72.966666667,59.666666667,84.3,73.466666667,40.5,39.5,89.683333333,94.383333333,96.916666667
