name,machine_type,trace,-10,-9,-8,-7,-6,-5,-4,-3,-2,-1,0,1,2,3
m290_gpu0,gpu,utilization,23.1,6.4,44.816666667,88.6,96.25,98.25,97.5,25.866666667,72.0,95.283333333,22.166666667,1.4666666667,0.5,68.933333333
m290_gpu1,gpu,utilization,9.1,15.2,78.533333333,96.6,64.0,41.0,82.75,26.133333333,71.25,95.0,22.166666667,0.0,0.0,54.833333333
m290_gpu2,gpu,utilization,23.1,56.8,90.583333333,80.0,60.25,58.0,57.5,15.2,72.0,97.433333333,22.866666667,71.866666667,24.5,39.95
m290_gpu7,gpu,utilization,14.233333333,33.6,84.3,90.4,65.75,58.75,63.5,17.333333333,74.25,97.566666667,22.633333333,0.0,0.0,27.416666667
