name,machine_type,trace,-10,-9,-8,-7,-6,-5,-4,-3,-2,-1,0,1,2,3
m325_gpu0,gpu,utilization,55.5,41.2,42.166666667,60.5,52.8,43.866666667,44.35,20.066666667,40.133333333,46.85,36.2,46.7,32.5,44.866666667
m325_gpu2,gpu,utilization,27.8,46.8,34.5,36.833333333,47.6,21.633333333,46.683333333,39.866666667,36.3,33.416666667,26.4,41.5,42.85,22.916666667
m325_gpu3,gpu,utilization,14.35,55.2,59.666666667,12.166666667,64.6,37.066666667,69.433333333,43.866666667,53.766666667,73.183333333,40.2,49.9,57.583333333,47.116666667
m325_gpu4,gpu,utilization,0.0,0.0,0.0,0.0,0.0,0.0,0.0,0.0,0.0,0.0,0.0,0.0,0.0,0.0
