name,machine_type,trace,-10,-9,-8,-7,-6,-5,-4,-3,-2,-1,0,1,2,3
m397_gpu0,gpu,utilization,19.033333333,7.2,23.85,8.6666666667,88.033333333,95.4,98.466666667,15.8,0.45,0.0,79.216666667,95.433333333,24.5,68.45
m397_gpu1,gpu,utilization,17.5,5.9333333333,28.8,7.1666666667,87.683333333,93.6,98.2,15.8,0.45,0.0,80.033333333,98.0,24.366666667,72.15
m397_gpu2,gpu,utilization,79.6,15.533333333,46.65,9.0,87.45,73.8,95.266666667,13.2,0.0,0.0,79.216666667,97.0,23.366666667,78.2
m397_gpu4,gpu,utilization,71.466666667,12.8,59.25,11.5,87.45,54.9,92.466666667,14.933333333,0.3,0.0,79.216666667,97.0,23.366666667,78.2
