name,machine_type,trace,-10,-9,-8,-7,-6,-5,-4,-3,-2,-1,0,1,2,3
m35_gpu0,gpu,utilization,97.533333333,94.1,97.25,89.5,85.4,89.333333333,96.666666667,94.866666667,99.0,93.733333333,89.65,95.0,95.433333333,93.433333333
m35_gpu6,gpu,utilization,97.45,96.366666667,92.6,94.55,98.466666667,95.533333333,90.833333333,97.833333333,99.166666667,95.083333333,93.216666667,96.0,96.216666667,91.3
m134_gpu0,gpu,utilization,89.016666667,89.45,87.45,90.4,97.066666667,98.866666667,89.833333333,84.866666667,89.833333333,32.25,70.833333333,87.5,89.566666667,88.433333333
m134_gpu1,gpu,utilization,85.733333333,88.266666667,89.0,87.3,93.066666667,94.0,91.5,92.566666667,94.666666667,35.466666667,76.183333333,89.75,92.133333333,87.516666667
