name,machine_type,trace,-10,-9,-8,-7,-6,-5,-4,-3,-2,-1,0,1,2,3
m394_gpu0,gpu,utilization,53.95,93.933333333,99.083333333,37.25,100.0,99.016666667,57.2,96.25,99.033333333,44.916666667,95.0,100.0,65.583333333,99.416666667
m394_gpu4,gpu,utilization,54.833333333,94.05,99.083333333,58.15,100.0,99.016666667,57.2,96.25,99.033333333,58.666666667,96.25,99.066666667,61.633333333,99.35
m394_gpu6,gpu,utilization,51.416666667,93.583333333,99.083333333,54.35,100.0,99.016666667,48.65,95.5,99.033333333,41.25,94.666666667,99.066666667,57.7,99.283333333
m394_gpu7,gpu,utilization,50.533333333,93.466666667,99.083333333,55.3,100.0,99.016666667,53.4,95.916666667,99.033333333,51.333333333,95.583333333,99.066666667,63.6,99.383333333
