name,machine_type,trace,-10,-9,-8,-7,-6,-5,-4,-3,-2,-1,0,1,2,3
m125_gpu0,gpu,utilization,89.8,97.533333333,39.6,1.75,11.8,59.816666667,81.083333333,30.45,28.516666667,29.5,0.0,44.8,98.0,99.533333333
m125_gpu1,gpu,utilization,84.6,94.5,40.0,6.4166666667,20.9,64.133333333,68.483333333,18.366666667,14.983333333,15.5,0.48333333333,47.2,97.5,65.133333333
m125_gpu2,gpu,utilization,66.0,57.133333333,20.8,0.0,2.2,53.6,64.233333333,12.566666667,12.083333333,12.5,0.0,1.8666666667,52.0,97.2
m125_gpu6,gpu,utilization,51.0,6.9666666667,0.0,26.833333333,57.55,71.133333333,65.816666667,27.066666667,23.2,24.0,26.1,36.266666667,56.0,93.2
m175_gpu0,gpu,utilization,0.0,0.0,54.0,37.5,25.85,22.716666667,0.0,36.683333333,68.1,58.0,26.35,41.533333333,52.5,52.4
m175_gpu3,gpu,utilization,0.0,0.0,56.4,39.166666667,44.0,38.666666667,0.0,2.0666666667,10.766666667,12.0,3.1,20.533333333,46.0,48.0
m175_gpu5,gpu,utilization,0.0,0.0,47.4,32.916666667,20.35,17.883333333,0.0,31.516666667,60.033333333,53.0,24.283333333,39.666666667,46.0,45.266666667
m175_gpu6,gpu,utilization,0.0,0.0,57.6,40.0,29.7,26.616666667,0.51666666667,40.3,59.633333333,34.5,14.983333333,31.266666667,44.5,43.466666667
