name,machine_type,trace,-10,-9,-8,-7,-6,-5,-4,-3,-2,-1,0,1,2,3
m418_gpu2,gpu,utilization,60.366666667,30.916666667,18.633333333,44.533333333,45.4,57.733333333,61.25,42.866666667,48.2,48.333333333,49.3,31.5,22.65,43.866666667
m418_gpu5,gpu,utilization,55.933333333,28.0,18.633333333,46.066666667,48.6,60.6,64.35,45.733333333,52.2,50.933333333,51.2,41.5,32.0,43.0
m418_gpu6,gpu,utilization,60.033333333,7.5833333333,34.666666667,86.9,85.2,66.866666667,73.85,65.4,45.0,62.733333333,65.45,31.5,45.1,80.9
m418_gpu7,gpu,utilization,51.466666667,12.833333333,19.066666667,45.15,67.0,85.3,61.0,48.266666667,46.466666667,66.6,71.0,51.0,73.7,75.166666667
m274_gpu1,gpu,utilization,70.0,30.916666667,20.8,54.9,56.0,64.833333333,88.35,62.1,44.666666667,46.733333333,59.65,40.0,19.35,49.066666667
m274_gpu2,gpu,utilization,39.966666667,21.0,42.033333333,93.166666667,77.0,55.933333333,45.3,48.066666667,51.8,68.0,70.4,22.5,40.15,91.9
m274_gpu4,gpu,utilization,48.333333333,31.5,32.933333333,83.283333333,73.8,56.3,60.6,56.866666667,61.933333333,59.6,60.95,22.5,31.5,73.9
m274_gpu7,gpu,utilization,64.166666667,19.25,23.4,60.516666667,59.4,66.7,92.7,66.8,44.4,47.866666667,67.1,66.5,45.0,47.166666667
