name,machine_type,trace,-10,-9,-8,-7,-6,-5,-4,-3,-2,-1,0,1,2,3
m97_gpu1,gpu,utilization,0.0,0.0,0.0,0.0,0.0,0.0,0.0,0.0,0.0,0.0,0.0,0.0,0.0,0.0
m273_gpu3,gpu,utilization,100.0,100.0,100.0,100.0,100.0,61.666666667,0.0,0.0,0.0,40.0,100.0,55.0,43.333333333,100.0
m215_gpu2,gpu,utilization,0.0,0.0,0.0,0.0,2.4,12.133333333,25.666666667,28.4,27.166666667,32.6,18.133333333,0.0,0.0,0.0
m215_gpu4,gpu,utilization,0.0,4.5333333333,16.0,10.133333333,0.0,0.38333333333,0.63333333333,0.0,0.0,0.0,0.0,0.0,0.0,2.6
