name,machine_type,trace,-10,-9,-8,-7,-6,-5,-4,-3,-2,-1,0,1,2,3
m156_gpu2,gpu,utilization,51.8,42.133333333,39.4,35.766666667,37.533333333,40.8,53.083333333,61.0,26.433333333,37.4,61.916666667,51.066666667,48.2,52.033333333
m156_gpu3,gpu,utilization,22.35,45.233333333,57.2,57.683333333,44.233333333,48.2,50.333333333,52.833333333,24.7,1.1333333333,21.25,41.8,50.733333333,50.9
m156_gpu4,gpu,utilization,21.8,29.5,43.4,54.533333333,45.4,46.4,55.25,54.333333333,22.1,1.1333333333,22.416666667,41.533333333,48.2,51.516666667
m156_gpu7,gpu,utilization,21.25,38.133333333,44.4,46.766666667,42.2,53.8,53.666666667,42.333333333,16.9,1.1333333333,27.666666667,57.333333333,62.8,38.816666667
