name,machine_type,trace,-10,-9,-8,-7,-6,-5,-4,-3,-2,-1,0,1,2,3
m325_gpu3,gpu,utilization,94.366666667,75.8,67.8,95.466666667,95.566666667,95.0,96.3,96.75,55.416666667,8.4,50.6,95.0,95.483333333,92.8
m325_gpu4,gpu,utilization,94.366666667,83.8,79.133333333,95.0,95.0,95.0,95.433333333,95.166666667,74.833333333,28.8,38.0,92.3,92.383333333,92.266666667
m325_gpu5,gpu,utilization,94.366666667,70.2,59.866666667,95.0,95.433333333,95.55,95.866666667,95.75,82.333333333,45.2,46.8,92.85,91.9,90.733333333
m325_gpu6,gpu,utilization,96.0,57.6,41.166666667,50.666666667,41.6,96.0,96.433333333,96.583333333,73.5,25.2,38.4,91.5,87.45,88.466666667
