name,machine_type,trace,-10,-9,-8,-7,-6,-5,-4,-3,-2,-1,0,1,2,3
m9_gpu0,gpu,utilization,84.866666667,83.766666667,90.0,90.0,90.0,90.0,90.0,90.0,54.0,0.0,37.5,90.0,90.0,90.0
m9_gpu1,gpu,utilization,90.0,90.0,90.0,90.0,90.0,90.0,90.0,90.0,54.0,0.0,37.5,90.0,90.0,90.0
m9_gpu2,gpu,utilization,90.0,90.0,90.0,90.0,90.0,90.0,90.0,90.0,54.0,0.0,36.25,88.35,90.0,90.0
m9_gpu3,gpu,utilization,90.0,90.0,90.0,90.0,89.566666667,89.383333333,90.0,90.0,54.0,0.0,37.5,90.0,90.0,90.0
m9_gpu4,gpu,utilization,90.0,90.0,90.0,90.0,90.0,90.0,90.0,90.0,54.0,0.0,35.833333333,87.8,90.0,88.75
m9_gpu5,gpu,utilization,90.0,90.0,90.0,90.0,90.0,90.0,90.0,90.0,54.0,0.0,37.5,90.0,89.566666667,88.583333333
m9_gpu6,gpu,utilization,91.0,91.0,91.0,91.0,91.0,91.0,91.0,91.0,54.6,0.0,37.916666667,91.0,91.0,91.0
m9_gpu7,gpu,utilization,91.0,91.0,91.0,89.7,89.3,90.616666667,90.4,91.0,54.6,0.0,37.916666667,91.0,89.266666667,88.666666667
