name,machine_type,trace,-10,-9,-8,-7,-6,-5,-4,-3,-2,-1,0,1,2,3
m325_gpu0,gpu,utilization,88.6,93.6,89.2,90.2,90.85,91.166666667,99.2,88.0,87.8,85.2,88.05,93.666666667,91.333333333,88.0
m325_gpu2,gpu,utilization,89.0,79.566666667,89.2,94.0,93.4,80.316666667,11.533333333,75.75,90.266666667,91.9,73.6,71.166666667,48.833333333,84.65
m325_gpu3,gpu,utilization,94.4,87.1,76.8,88.2,43.7,53.05,14.133333333,97.75,57.333333333,90.0,90.0,80.5,41.5,71.9
m325_gpu4,gpu,utilization,80.6,85.333333333,88.6,75.6,93.55,81.2,12.266666667,84.25,53.866666667,89.9,50.6,40.833333333,64.333333333,87.466666667
