name,machine_type,trace,-10,-9,-8,-7,-6,-5,-4,-3,-2,-1,0,1,2,3
m36_gpu0,gpu,utilization,95.866666667,98.8,98.216666667,80.85,21.666666667,99.783333333,90.8,64.15,99.0,98.816666667,97.45,95.6,99.0,94.0
m36_gpu1,gpu,utilization,97.433333333,98.6,97.433333333,80.85,21.45,99.0,79.2,14.85,99.0,98.633333333,96.633333333,95.6,99.0,99.2
m36_gpu2,gpu,utilization,97.433333333,99.0,99.0,80.85,21.45,99.216666667,88.6,51.25,98.15,98.266666667,95.733333333,99.0,99.0,92.4
m36_gpu3,gpu,utilization,97.433333333,99.0,98.35,96.733333333,99.783333333,77.55,20.0,99.85,99.0,98.266666667,95.916666667,99.85,99.0,99.0
m36_gpu4,gpu,utilization,96.433333333,98.0,98.216666667,80.85,21.45,99.0,85.6,42.05,99.0,98.816666667,97.45,95.6,99.166666667,95.2
m36_gpu5,gpu,utilization,95.65,98.0,98.216666667,80.85,21.45,99.0,79.2,14.85,99.0,98.816666667,97.45,95.6,99.166666667,100.0
m36_gpu6,gpu,utilization,97.216666667,98.2,99.0,80.85,21.45,99.0,86.6,46.3,99.0,98.633333333,96.816666667,96.45,99.0,98.4
m36_gpu7,gpu,utilization,97.433333333,99.0,99.0,80.85,21.45,99.0,88.8,55.5,98.15,98.266666667,95.55,98.15,99.0,92.0
