name,machine_type,trace,-10,-9,-8,-7,-6,-5,-4,-3,-2,-1,0,1,2,3
m69_gpu3,gpu,utilization,74.233333333,76.583333333,78.75,67.333333333,75.833333333,74.8,74.866666667,77.25,76.416666667,77.433333333,68.75,68.216666667,70.866666667,77.2
m69_gpu5,gpu,utilization,67.516666667,77.6,68.2,74.866666667,73.166666667,67.8,67.983333333,79.25,64.1,74.9,69.75,74.133333333,71.933333333,73.2
m69_gpu6,gpu,utilization,69.766666667,68.466666667,72.15,72.866666667,70.0,62.4,72.65,73.25,71.966666667,79.666666667,72.25,72.783333333,70.6,67.6
m69_gpu7,gpu,utilization,67.6,58.983333333,74.6,78.133333333,77.333333333,70.8,76.05,67.5,65.55,73.866666667,74.5,61.033333333,72.466666667,73.0
