name,machine_type,trace,-10,-9,-8,-7,-6,-5,-4,-3,-2,-1,0,1,2,3
m419_gpu0,gpu,utilization,98.95,94.6,34.266666667,96.066666667,96.066666667,65.0,98.0,85.466666667,99.95,97.9,88.4,96.05,97.0,97.166666667
m419_gpu1,gpu,utilization,97.9,92.8,36.4,97.483333333,97.483333333,100.0,97.0,96.383333333,6.85,99.0,98.9,97.0,97.0,97.0
m419_gpu2,gpu,utilization,88.45,95.25,64.4,97.483333333,97.483333333,99.0,98.0,97.5,14.45,99.0,98.85,96.1,97.95,97.0
m419_gpu3,gpu,utilization,67.55,97.15,99.866666667,98.0,98.0,99.0,98.0,72.2,4.8,96.2,97.95,97.0,97.0,96.916666667
m419_gpu4,gpu,utilization,97.9,92.85,37.4,97.966666667,97.966666667,99.0,97.0,96.5,13.35,96.3,98.9,97.05,97.9,96.083333333
m419_gpu5,gpu,utilization,96.05,96.1,80.266666667,98.0,98.0,99.0,98.0,94.433333333,4.8,96.4,99.8,96.05,97.0,97.0
m419_gpu6,gpu,utilization,96.05,95.8,74.666666667,98.0,98.0,98.0,97.0,94.416666667,4.85,97.3,99.85,97.0,97.0,97.0
m419_gpu7,gpu,utilization,96.05,95.4,67.266666667,97.966666667,97.966666667,98.0,98.0,97.333333333,4.8,96.3,98.85,96.1,97.95,97.083333333
