name,machine_type,trace,-10,-9,-8,-7,-6,-5,-4,-3,-2,-1,0,1,2,3
m52_gpu1,gpu,utilization,98.0,98.0,4.9,0.0,0.0,91.466666667,98.0,96.233333333,97.833333333,97.133333333,97.85,13.066666667,44.166666667,4.1666666667
m52_gpu4,gpu,utilization,98.0,98.0,28.65,25.0,2.9166666667,91.466666667,98.0,98.883333333,98.083333333,98.0,98.85,57.4,13.9,0.75
m52_gpu6,gpu,utilization,98.0,98.0,55.25,53.0,6.1833333333,91.466666667,98.0,98.0,98.0,98.0,98.0,50.333333333,14.733333333,0.91666666667
m52_gpu7,gpu,utilization,98.0,98.0,55.25,5.4,0.23333333333,91.466666667,98.0,98.0,98.0,98.0,98.0,13.066666667,28.266666667,2.6666666667
m267_gpu0,gpu,utilization,98.0,98.0,55.25,10.066666667,0.81666666667,92.4,98.1,98.0,98.0,98.866666667,98.15,20.866666667,31.966666667,2.9166666667
m267_gpu1,gpu,utilization,98.0,99.0,4.95,22.4,2.8,91.466666667,98.0,98.0,98.0,98.866666667,98.15,26.933333333,38.083333333,3.4166666667
m267_gpu4,gpu,utilization,98.0,98.0,4.9,49.466666667,6.1833333333,87.733333333,96.7,98.766666667,98.083333333,98.0,98.0,59.0,24.733333333,1.75
m267_gpu7,gpu,utilization,98.0,98.0,15.35,0.73333333333,0.0,92.4,98.1,98.0,98.0,98.0,98.0,29.533333333,2.2166666667,0.0
