name,machine_type,trace,-10,-9,-8,-7,-6,-5,-4,-3,-2,-1,0,1,2,3
m402_gpu2,gpu,utilization,37.6,49.75,41.666666667,19.4,29.166666667,27.05,35.666666667,30.0,34.666666667,46.5,44.3,12.983333333,45.866666667,49.333333333
m402_gpu7,gpu,utilization,29.5,38.85,40.7,32.0,34.133333333,34.15,43.666666667,32.5,30.333333333,42.1,41.3,12.033333333,37.983333333,41.266666667
