name,machine_type,trace,-10,-9,-8,-7,-6,-5,-4,-3,-2,-1,0,1,2,3
m273_gpu3,gpu,utilization,65.25,90.616666667,94.833333333,93.366666667,94.733333333,94.15,94.0,15.7,81.8,95.9,94.133333333,94.0,94.883333333,15.833333333
m273_gpu4,gpu,utilization,94.916666667,95.0,15.833333333,77.583333333,95.866666667,93.45,93.0,20.1,82.55,95.0,93.133333333,93.0,95.65,16.0
m273_gpu5,gpu,utilization,72.916666667,92.2,15.833333333,76.766666667,94.866666667,95.0,93.233333333,18.3,80.55,93.9,94.933333333,95.0,95.0,15.833333333
m273_gpu7,gpu,utilization,59.833333333,90.266666667,15.666666667,76.766666667,94.866666667,95.85,95.116666667,15.8,81.8,95.0,94.066666667,94.0,94.883333333,15.833333333
