name,machine_type,trace,-10,-9,-8,-7,-6,-5,-4,-3,-2,-1,0,1,2,3
m237_gpu0,gpu,utilization,92.0,92.816666667,92.166666667,92.866666667,93.0,7.75,0.0,79.733333333,92.0,10.733333333,79.05,92.116666667,92.0,92.0
m237_gpu1,gpu,utilization,92.0,92.0,92.833333333,93.0,92.1,7.6666666667,0.0,79.733333333,92.0,10.733333333,78.2,92.0,92.0,92.0
m237_gpu2,gpu,utilization,92.166666667,92.0,92.0,92.0,92.0,7.6666666667,0.0,78.866666667,91.883333333,10.733333333,78.2,92.0,92.0,92.0
m237_gpu3,gpu,utilization,92.0,92.0,92.0,92.0,92.0,7.6666666667,81.266666667,92.0,92.0,10.733333333,78.2,92.0,92.0,92.0
m237_gpu4,gpu,utilization,92.0,92.0,92.0,92.0,92.0,7.6666666667,0.0,79.733333333,92.0,10.733333333,78.2,92.0,92.0,92.0
m237_gpu5,gpu,utilization,92.0,92.0,92.0,92.0,92.0,7.6666666667,0.0,80.6,92.116666667,10.733333333,78.2,92.0,92.0,92.0
m237_gpu6,gpu,utilization,92.833333333,93.0,93.0,93.0,93.0,7.75,0.0,80.6,93.0,10.85,78.2,92.883333333,93.0,93.0
m237_gpu7,gpu,utilization,93.833333333,93.183333333,93.0,93.0,93.0,7.75,0.0,80.6,93.0,93.0,93.0,93.0,93.0,93.0
