name,machine_type,trace,-10,-9,-8,-7,-6,-5,-4,-3,-2,-1,0,1,2,3
m357_gpu1,gpu,utilization,50.0,51.1,73.966666667,83.733333333,85.1,92.6,86.383333333,59.433333333,93.0,71.666666667,50.5,72.333333333,90.6,87.033333333
m357_gpu2,gpu,utilization,83.4,44.2,4.15,22.8,82.333333333,91.4,90.216666667,68.4,94.75,92.6,94.6,89.666666667,88.066666667,88.133333333
