name,machine_type,trace,-10,-9,-8,-7,-6,-5,-4,-3,-2,-1,0,1,2,3
m300_gpu1,gpu,utilization,81.0,6.0,88.5,3.0,86.8,92.033333333,3.0666666667,0.0,85.866666667,88.533333333,4.0,78.666666667,3.0,82.5
m300_gpu2,gpu,utilization,81.9,6.0666666667,88.5,3.0,0.0,87.966666667,3.0333333333,0.0,0.0,0.0,4.65,91.45,3.0666666667,84.333333333
m300_gpu3,gpu,utilization,82.8,6.1333333333,88.5,3.0,0.0,88.933333333,3.0666666667,0.0,84.0,89.466666667,4.65,91.45,3.0666666667,84.333333333
m300_gpu7,gpu,utilization,81.0,6.0,89.483333333,3.0333333333,0.0,0.0,0.0,0.0,84.0,90.433333333,4.55,89.483333333,3.0333333333,83.416666667
