name,machine_type,trace,-10,-9,-8,-7,-6,-5,-4,-3,-2,-1,0,1,2,3
m97_gpu0,gpu,utilization,99.983333333,100.0,99.933333333,99.066666667,99.983333333,98.966666667,98.033333333,100.0,100.0,99.8,98.0,98.233333333,83.333333333,16.5
m97_gpu2,gpu,utilization,99.983333333,100.0,99.933333333,99.066666667,99.966666667,98.0,98.016666667,99.05,100.0,100.0,99.7,98.233333333,83.333333333,16.333333333
m97_gpu4,gpu,utilization,99.983333333,100.0,99.933333333,99.066666667,99.983333333,98.966666667,98.016666667,99.05,100.0,100.0,99.7,98.233333333,100.0,99.666666667
m97_gpu6,gpu,utilization,99.983333333,100.0,99.933333333,99.066666667,99.983333333,98.966666667,98.033333333,100.0,100.0,99.9,99.0,99.116666667,100.0,99.833333333
