name,machine_type,trace,-10,-9,-8,-7,-6,-5,-4,-3,-2,-1,0,1,2,3
m193_gpu0,gpu,utilization,32.866666667,31.5,28.6,35.6,65.1,0.0,0.0,0.0,19.55,58.233333333,35.2,55.5,65.266666667,29.25
m193_gpu4,gpu,utilization,51.25,68.9,69.266666667,44.0,83.9,68.5,58.0,77.666666667,80.716666667,79.716666667,76.9,67.8,64.8,78.0
m193_gpu5,gpu,utilization,44.133333333,56.9,81.6,82.7,60.3,47.7,83.333333333,77.333333333,83.15,63.433333333,36.1,77.5,63.433333333,31.25
m193_gpu7,gpu,utilization,35.716666667,34.7,34.0,35.8,28.0,0.0,0.0,0.0,0.0,10.2,43.5,53.5,50.166666667,84.75
m186_gpu0,gpu,utilization,58.083333333,32.1,42.266666667,70.3,62.1,57.55,43.666666667,74.666666667,64.616666667,41.366666667,26.9,57.2,70.6,66.0
m186_gpu1,gpu,utilization,66.666666667,79.2,75.8,77.4,76.0,69.35,48.0,45.333333333,76.0,75.15,62.2,46.0,65.583333333,64.5
m186_gpu3,gpu,utilization,58.7,36.8,62.933333333,38.4,53.3,44.2,75.666666667,71.0,70.716666667,55.266666667,19.5,37.7,70.866666667,55.75
m186_gpu7,gpu,utilization,73.883333333,69.3,63.4,40.7,69.6,63.3,55.666666667,16.666666667,16.566666667,34.433333333,64.9,46.5,65.7,65.75
