name,machine_type,trace,-10,-9,-8,-7,-6,-5,-4,-3,-2,-1,0,1,2,3
m346_gpu0,gpu,utilization,99.0,92.466666667,92.0,95.733333333,94.166666667,10.966666667,80.383333333,94.533333333,98.733333333,97.066666667,96.066666667,96.0,96.0,91.25
m346_gpu3,gpu,utilization,98.0,91.466666667,91.966666667,94.8,95.916666667,11.2,84.8,93.35,98.6,96.1,96.0,96.0,98.8,94.25
m346_gpu6,gpu,utilization,99.0,90.6,87.1,95.4,94.166666667,10.966666667,81.266666667,93.766666667,98.666666667,96.1,95.066666667,95.9,95.066666667,89.3
m346_gpu7,gpu,utilization,97.0,92.333333333,94.9,97.8,93.416666667,10.85,83.916666667,94.116666667,97.733333333,98.966666667,98.066666667,90.8,97.466666667,90.4
