name,machine_type,trace,-10,-9,-8,-7,-6,-5,-4,-3,-2,-1,0,1,2,3
m54_gpu0,gpu,utilization,69.0,39.15,55.0,46.666666667,0.0,56.666666667,100.0,100.0,49.966666667,69.716666667,89.333333333,51.066666667,54.8,87.5
m54_gpu1,gpu,utilization,60.0,97.583333333,100.0,46.666666667,0.0,0.0,0.0,21.6,76.533333333,61.15,28.333333333,72.133333333,40.0,20.416666667
m54_gpu2,gpu,utilization,35.5,80.3,95.05,46.666666667,15.4,68.8,100.0,64.0,26.066666667,36.5,82.666666667,58.2,13.6,0.0
m54_gpu3,gpu,utilization,50.0,0.0,55.0,46.666666667,28.6,22.533333333,61.666666667,40.0,3.8,25.116666667,12.333333333,63.333333333,53.8,36.416666667
m54_gpu4,gpu,utilization,100.0,71.066666667,74.8,46.666666667,31.35,81.366666667,100.0,40.0,63.333333333,38.333333333,66.0,99.0,83.4,30.416666667
m54_gpu5,gpu,utilization,56.0,70.033333333,62.9,37.333333333,55.0,100.0,100.0,42.4,62.266666667,75.033333333,20.666666667,0.0,0.0,0.0
m54_gpu6,gpu,utilization,40.0,51.666666667,100.0,46.666666667,50.6,89.733333333,94.166666667,68.6,64.833333333,28.366666667,48.666666667,26.766666667,0.0,58.333333333
m54_gpu7,gpu,utilization,83.0,47.916666667,60.7,39.666666667,55.0,81.3,60.833333333,82.8,42.366666667,3.45,30.0,79.833333333,100.0,67.916666667
