name,machine_type,trace,-10,-9,-8,-7,-6,-5,-4,-3,-2,-1,0,1,2,3
m373_gpu0,gpu,utilization,98.2,99.733333333,100.0,100.0,100.0,1.6666666667,0.0,93.333333333,80.566666667,97.066666667,100.0,100.0,100.0,100.0
m373_gpu1,gpu,utilization,99.1,99.866666667,100.0,89.733333333,99.266666667,1.6666666667,0.0,93.333333333,80.566666667,97.066666667,100.0,100.0,100.0,100.0
m373_gpu2,gpu,utilization,99.1,99.866666667,100.0,92.533333333,99.466666667,1.6666666667,0.0,93.333333333,80.566666667,97.066666667,100.0,100.0,100.0,100.0
m373_gpu3,gpu,utilization,100.0,100.0,100.0,86.0,99.0,1.6666666667,0.0,92.4,90.166666667,98.533333333,100.0,100.0,99.083333333,99.933333333
m373_gpu4,gpu,utilization,100.0,100.0,100.0,100.0,97.2,1.6166666667,0.0,92.4,83.983333333,97.6,99.116666667,99.916666667,100.0,100.0
m373_gpu5,gpu,utilization,98.2,99.733333333,100.0,98.133333333,99.866666667,1.6666666667,0.0,91.466666667,98.883333333,99.866666667,100.0,100.0,99.083333333,99.933333333
m373_gpu6,gpu,utilization,98.2,99.733333333,100.0,97.2,99.8,1.6666666667,0.0,91.466666667,98.883333333,99.866666667,97.35,99.75,99.083333333,99.933333333
m373_gpu7,gpu,utilization,98.2,99.733333333,100.0,100.0,100.0,1.6666666667,0.0,91.466666667,97.116666667,99.6,100.0,100.0,99.083333333,99.933333333
