name,machine_type,trace,-10,-9,-8,-7,-6,-5,-4,-3,-2,-1,0,1,2,3
m217_gpu0,gpu,utilization,89.666666667,100.0,100.0,100.0,94.15,97.0,100.0,100.0,100.0,100.0,100.0,66.0,84.7,100.0
m217_gpu1,gpu,utilization,87.666666667,100.0,100.0,100.0,98.7,99.333333333,100.0,100.0,100.0,100.0,100.0,79.333333333,90.7,100.0
m217_gpu2,gpu,utilization,89.666666667,100.0,100.0,100.0,85.05,92.333333333,100.0,100.0,100.0,100.0,100.0,68.0,85.6,100.0
m217_gpu3,gpu,utilization,88.333333333,100.0,100.0,100.0,100.0,100.0,100.0,100.0,100.0,100.0,100.0,76.666666667,89.5,100.0
m217_gpu4,gpu,utilization,87.666666667,100.0,100.0,100.0,81.15,90.333333333,100.0,100.0,100.0,100.0,100.0,79.333333333,90.7,100.0
m217_gpu5,gpu,utilization,87.333333333,100.0,100.0,100.0,86.35,93.0,100.0,100.0,100.0,100.0,100.0,77.333333333,89.8,100.0
m217_gpu6,gpu,utilization,89.333333333,100.0,100.0,100.0,100.0,100.0,100.0,100.0,100.0,100.0,100.0,76.0,89.2,100.0
m217_gpu7,gpu,utilization,89.0,100.0,100.0,100.0,85.7,92.666666667,100.0,100.0,100.0,100.0,100.0,66.0,84.7,100.0
