name,machine_type,trace,-10,-9,-8,-7,-6,-5,-4,-3,-2,-1,0,1,2,3
m262_gpu0,gpu,utilization,99.35,95.4,96.15,98.366666667,97.666666667,99.05,100.0,97.2,96.716666667,94.8,26.633333333,68.333333333,100.0,99.366666667
m262_gpu1,gpu,utilization,100.0,96.933333333,96.0,97.366666667,96.666666667,98.733333333,95.1,97.9,100.0,100.0,28.333333333,67.65,99.0,99.0
