name,machine_type,trace,-10,-9,-8,-7,-6,-5,-4,-3,-2,-1,0,1,2,3
m171_gpu0,gpu,utilization,90.416666667,90.633333333,89.2,54.65,33.966666667,88.733333333,92.8,94.55,92.55,89.066666667,87.433333333,89.4,90.0,90.0
m171_gpu1,gpu,utilization,80.666666667,89.266666667,88.0,54.266666667,33.733333333,88.866666667,90.45,90.1,89.483333333,90.483333333,89.7,89.866666667,93.0,92.0
m171_gpu2,gpu,utilization,92.5,88.633333333,89.2,56.116666667,35.65,90.4,87.9,74.15,74.366666667,93.516666667,90.4,87.0,85.0,86.5
m171_gpu3,gpu,utilization,90.5,88.466666667,79.8,38.85,33.733333333,87.566666667,88.8,90.55,92.416666667,91.133333333,79.633333333,78.4,87.5,88.0
m171_gpu4,gpu,utilization,89.833333333,91.366666667,91.6,56.116666667,34.883333333,89.7,89.35,91.0,91.483333333,83.3,74.0,80.533333333,88.0,88.5
m171_gpu5,gpu,utilization,85.5,47.5,36.4,56.116666667,27.983333333,80.8,90.55,90.45,91.0,89.066666667,87.866666667,89.933333333,45.5,44.0
m171_gpu6,gpu,utilization,83.416666667,90.633333333,90.8,56.733333333,35.266666667,85.5,82.4,90.35,91.033333333,90.966666667,90.266666667,89.866666667,92.5,84.0
m171_gpu7,gpu,utilization,90.0,89.633333333,89.0,54.883333333,34.883333333,91.0,91.45,92.45,93.966666667,93.55,91.566666667,90.533333333,45.0,44.5
