name,machine_type,trace,-10,-9,-8,-7,-6,-5,-4,-3,-2,-1,0,1,2,3
m373_gpu2,gpu,utilization,86.3,79.15,79.133333333,84.766666667,81.0,74.316666667,92.633333333,80.75,91.066666667,75.9,85.666666667,91.033333333,95.066666667,93.333333333
m373_gpu3,gpu,utilization,66.7,89.55,93.066666667,84.533333333,85.6,95.816666667,93.6,90.25,92.4,86.8,87.333333333,95.1,86.366666667,79.666666667
