name,machine_type,trace,-10,-9,-8,-7,-6,-5,-4,-3,-2,-1,0,1,2,3
m29_gpu0,gpu,utilization,89.4,93.133333333,90.75,69.75,21.0,85.25,82.066666667,71.266666667,92.3,87.733333333,63.8,23.0,65.933333333,26.35
m29_gpu1,gpu,utilization,67.466666667,18.633333333,64.5,0.0,22.0,88.25,87.666666667,61.6,24.933333333,88.0,64.533333333,23.25,66.65,26.35
m29_gpu2,gpu,utilization,69.766666667,19.066666667,66.75,2.25,22.0,88.0,88.0,89.333333333,91.583333333,88.0,64.533333333,17.25,49.45,26.35
m29_gpu3,gpu,utilization,89.933333333,91.7,88.25,69.0,22.0,88.0,83.733333333,77.6,91.583333333,88.0,64.533333333,4.25,12.183333333,24.65
m29_gpu4,gpu,utilization,67.466666667,18.85,88.75,70.5,22.0,87.0,84.266666667,87.133333333,91.583333333,87.733333333,63.8,23.25,66.65,26.35
m29_gpu5,gpu,utilization,66.7,0.21666666667,0.75,0.0,22.25,88.75,87.2,79.133333333,68.95,85.066666667,64.533333333,19.0,54.466666667,26.35
m29_gpu6,gpu,utilization,90.166666667,92.7,70.75,14.25,22.25,88.75,88.266666667,90.6,93.3,89.0,65.266666667,23.5,67.366666667,26.633333333
m29_gpu7,gpu,utilization,90.166666667,93.566666667,91.75,68.25,21.25,86.25,86.266666667,72.533333333,69.233333333,86.066666667,65.266666667,23.5,67.366666667,26.633333333
