name,machine_type,trace,-10,-9,-8,-7,-6,-5,-4,-3,-2,-1,0,1,2,3
m234_gpu1,gpu,utilization,42.883333333,44.266666667,71.266666667,30.5,0.0,44.466666667,87.5,85.75,87.4,44.266666667,42.533333333,90.133333333,57.333333333,61.1
m234_gpu6,gpu,utilization,36.683333333,34.133333333,80.0,47.0,18.85,20.15,38.7,88.916666667,91.2,47.466666667,35.283333333,82.066666667,64.933333333,19.35
