name,machine_type,trace,-10,-9,-8,-7,-6,-5,-4,-3,-2,-1,0,1,2,3
m330_gpu1,gpu,utilization,60.0,71.5,59.116666667,80.166666667,14.166666667,68.8,62.316666667,68.2,14.2,0.0,66.583333333,85.783333333,61.833333333,12.2
m330_gpu2,gpu,utilization,75.333333333,57.333333333,9.9,0.0,5.0,2.0,0.18333333333,0.0,0.0,0.0,0.0,0.0,0.0,65.6
m330_gpu4,gpu,utilization,59.733333333,81.833333333,15.95,0.0,0.0,67.2,15.4,0.0,0.0,0.0,0.0,65.016666667,13.833333333,6.4
m330_gpu7,gpu,utilization,45.066666667,46.166666667,8.25,0.0,0.0,0.0,0.0,44.0,56.6,81.0,18.85,0.0,72.5,17.4
