name,machine_type,trace,-10,-9,-8,-7,-6,-5,-4,-3,-2,-1,0,1,2,3
m156_gpu0,gpu,utilization,99.0,42.9,58.8,98.0,98.0,98.6,97.9,97.566666667,98.566666667,46.2,54.45,99.0,98.45,96.833333333
m156_gpu3,gpu,utilization,97.0,97.0,98.2,99.0,99.0,98.4,98.55,99.0,98.433333333,98.533333333,98.45,98.533333333,99.0,99.0
m156_gpu5,gpu,utilization,98.45,98.0,98.0,98.0,98.0,98.6,99.0,99.0,97.866666667,97.0,97.55,97.466666667,98.1,99.0
m156_gpu7,gpu,utilization,98.55,98.433333333,98.6,99.0,98.45,98.0,98.55,98.433333333,99.133333333,99.466666667,99.0,99.0,98.45,98.0
