name,machine_type,trace,-10,-9,-8,-7,-6,-5,-4,-3,-2,-1,0,1,2,3
m381_gpu1,gpu,utilization,76.4,78.183333333,77.366666667,72.25,74.333333333,78.6,80.333333333,79.9,77.633333333,76.166666667,76.35,78.833333333,77.3,73.0
m381_gpu6,gpu,utilization,77.6,76.366666667,77.766666667,77.0,76.733333333,73.0,70.0,77.266666667,72.333333333,70.583333333,72.05,65.583333333,68.6,75.0
