name,machine_type,trace,-10,-9,-8,-7,-6,-5,-4,-3,-2,-1,0,1,2,3
m400_gpu1,gpu,utilization,98.0,98.0,89.3,9.9,0.0,0.0,0.0,0.0,0.0,4.9,98.0,98.0,98.0,98.0
m400_gpu3,gpu,utilization,98.0,98.0,88.2,1.0,9.1666666667,0.0,0.0,0.0,0.0,4.9,98.0,98.0,98.0,98.0
m400_gpu4,gpu,utilization,98.0,98.0,89.3,10.4,4.5833333333,0.0,0.0,0.0,0.0,4.9,98.0,98.0,98.066666667,99.0
m400_gpu7,gpu,utilization,98.0,98.083333333,89.1,0.0,0.0,0.0,0.0,0.0,0.0,4.9,98.0,98.05,98.933333333,98.0
