name,machine_type,trace,-10,-9,-8,-7,-6,-5,-4,-3,-2,-1,0,1,2,3
m29_gpu0,gpu,utilization,6.05,11.05,81.0,29.25,2.1,57.6,6.4,82.15,94.833333333,41.8,3.9,0.0,3.6,12.666666667
m29_gpu1,gpu,utilization,90.0,83.2,92.2,94.85,94.116666667,89.5,95.3,86.283333333,96.916666667,91.35,92.8,93.0,84.9,90.066666667
m29_gpu2,gpu,utilization,1.4666666667,79.9,94.0,94.0,10.966666667,84.6,9.4,83.033333333,94.916666667,4.75,0.0,0.0,72.0,93.0
m29_gpu3,gpu,utilization,77.25,87.6,84.45,89.95,84.816666667,74.1,88.3,64.383333333,5.0833333333,84.55,69.2,75.4,85.0,74.733333333
m29_gpu4,gpu,utilization,14.85,79.9,68.5,89.5,10.966666667,17.1,1.9,82.15,18.75,12.0,1.2,13.066666667,61.7,25.4
m29_gpu5,gpu,utilization,83.716666667,96.85,96.15,64.55,69.6,88.1,86.4,43.6,3.1666666667,48.45,87.0,52.733333333,53.6,54.0
m29_gpu6,gpu,utilization,83.55,82.95,78.45,54.2,85.333333333,61.2,88.6,48.716666667,3.5833333333,91.2,92.4,48.133333333,52.2,41.733333333
m29_gpu7,gpu,utilization,79.15,22.6,12.55,1.95,0.0,59.4,6.6,83.916666667,25.333333333,90.25,9.4,0.0,85.5,95.0
