name,machine_type,trace,-10,-9,-8,-7,-6,-5,-4,-3,-2,-1,0,1,2,3
m327_gpu0,gpu,utilization,87.3,11.433333333,98.0,91.8,12.75,98.0,97.7,95.083333333,95.8,93.333333333,97.9,97.116666667,98.0,96.6
m327_gpu1,gpu,utilization,87.3,11.433333333,89.833333333,0.4,13.416666667,95.133333333,96.7,94.166666667,96.133333333,97.933333333,96.8,95.0,95.166666667,97.0
m327_gpu2,gpu,utilization,87.3,11.2,96.083333333,90.866666667,12.75,97.933333333,97.1,97.916666667,97.066666667,98.0,98.0,97.883333333,97.083333333,98.0
m327_gpu3,gpu,utilization,82.8,10.733333333,92.5,91.866666667,13.416666667,94.466666667,85.9,77.833333333,98.0,98.0,97.1,89.466666667,93.416666667,97.65
m327_gpu4,gpu,utilization,84.6,11.433333333,97.333333333,84.4,13.666666667,97.8,95.3,98.0,97.933333333,96.933333333,96.2,97.416666667,93.083333333,94.466666667
m327_gpu5,gpu,utilization,87.3,10.616666667,91.5,90.933333333,13.583333333,96.8,87.2,31.916666667,97.066666667,98.0,97.3,91.583333333,96.083333333,96.65
m327_gpu6,gpu,utilization,88.2,11.433333333,97.75,89.066666667,13.666666667,98.0,88.2,7.9166666667,94.866666667,92.666666667,89.0,97.65,95.25,91.0
m327_gpu7,gpu,utilization,88.2,10.15,87.666666667,89.0,12.583333333,96.0,86.4,7.4166666667,89.533333333,96.666666667,92.4,95.883333333,95.166666667,96.883333333
