name,machine_type,trace,-10,-9,-8,-7,-6,-5,-4,-3,-2,-1,0,1,2,3
m317_gpu0,gpu,utilization,94.5,96.45,97.0,96.133333333,96.9,63.083333333,93.566666667,80.666666667,95.666666667,97.116666667,97.0,97.0,97.0,91.05
m317_gpu1,gpu,utilization,82.833333333,93.066666667,96.833333333,96.133333333,96.9,63.083333333,93.566666667,78.066666667,95.316666667,96.233333333,96.85,97.883333333,97.116666667,97.85
m317_gpu3,gpu,utilization,97.666666667,97.183333333,97.0,96.133333333,96.9,62.166666667,93.45,97.133333333,97.883333333,96.233333333,96.85,96.116666667,96.883333333,97.0
m317_gpu6,gpu,utilization,16.166666667,78.4,96.833333333,12.933333333,86.4,86.833333333,96.6,13.066666667,86.566666667,96.233333333,96.85,97.0,97.0,14.55
