name,machine_type,trace,-10,-9,-8,-7,-6,-5,-4,-3,-2,-1,0,1,2,3
m52_gpu1,gpu,utilization,17.966666667,10.966666667,46.5,86.483333333,59.833333333,90.5,93.916666667,97.333333333,63.333333333,7.7333333333,37.8,91.466666667,98.916666667,98.083333333
m52_gpu4,gpu,utilization,17.966666667,28.983333333,6.1666666667,80.033333333,39.666666667,86.333333333,98.0,98.0,93.666666667,36.666666667,82.0,96.833333333,98.0,98.0
m52_gpu6,gpu,utilization,60.433333333,25.366666667,3.0,80.85,56.5,89.666666667,98.0,98.866666667,85.133333333,18.0,79.1,96.716666667,98.916666667,98.083333333
m52_gpu7,gpu,utilization,50.633333333,50.183333333,8.8333333333,80.033333333,49.666666667,88.333333333,98.0,98.866666667,90.333333333,11.866666667,73.8,96.133333333,98.0,98.0
