name,machine_type,trace,-10,-9,-8,-7,-6,-5,-4,-3,-2,-1,0,1,2,3
m172_gpu0,gpu,utilization,64.733333333,70.833333333,73.0,69.8,71.3,68.8,70.5,71.85,60.95,61.55,62.0,62.866666667,71.166666667,68.666666667
m172_gpu2,gpu,utilization,42.566666667,48.483333333,51.5,44.0,49.666666667,44.8,48.0,50.7,43.35,50.5,31.2,40.133333333,50.983333333,54.733333333
m172_gpu5,gpu,utilization,55.65,60.483333333,64.25,57.8,56.0,58.4,61.5,53.5,57.95,63.25,54.466666667,54.733333333,63.166666667,61.533333333
m172_gpu7,gpu,utilization,59.083333333,59.566666667,62.25,52.6,53.833333333,51.8,60.166666667,53.5,59.65,63.55,55.333333333,59.2,63.266666667,64.0
