name,machine_type,trace,-10,-9,-8,-7,-6,-5,-4,-3,-2,-1,0,1,2,3
m267_gpu0,gpu,utilization,98.233333333,98.766666667,98.0,98.233333333,99.0,98.8,98.0,98.0,98.2,98.8,98.0,98.0,98.3,99.0
m267_gpu1,gpu,utilization,98.0,98.0,98.0,98.0,98.0,98.0,98.183333333,98.8,98.0,98.0,98.0,98.0,98.0,98.3
m267_gpu2,gpu,utilization,98.0,98.0,98.2,99.0,98.766666667,98.2,98.816666667,98.0,98.0,98.0,98.0,98.0,98.0,98.0
m267_gpu3,gpu,utilization,98.766666667,98.0,98.2,98.766666667,98.0,98.0,98.0,98.0,98.0,98.0,98.0,98.3,98.7,98.0
m267_gpu4,gpu,utilization,98.0,98.0,98.0,98.0,98.0,98.0,98.0,98.2,98.8,98.2,98.75,98.0,98.0,98.0
m267_gpu5,gpu,utilization,98.0,98.233333333,99.0,98.766666667,98.233333333,98.8,98.0,98.0,98.0,98.2,98.75,98.3,98.7,98.0
m267_gpu6,gpu,utilization,98.766666667,98.233333333,99.0,99.0,98.766666667,98.0,97.816666667,97.2,98.0,98.0,98.0,97.7,67.9,29.4
m267_gpu7,gpu,utilization,98.0,98.0,98.2,98.766666667,98.0,97.8,97.183333333,98.0,98.2,98.8,98.25,98.7,68.6,29.7
