name,machine_type,trace,-10,-9,-8,-7,-6,-5,-4,-3,-2,-1,0,1,2,3
m147_gpu0,gpu,utilization,88.5,95.45,93.866666667,96.2,92.866666667,91.6,92.966666667,83.733333333,88.516666667,93.533333333,92.533333333,92.833333333,89.466666667,87.733333333
m147_gpu2,gpu,utilization,74.833333333,77.3,92.433333333,92.4,67.883333333,35.4,88.1,94.816666667,91.833333333,72.566666667,52.333333333,98.366666667,92.3,90.933333333
m147_gpu4,gpu,utilization,46.833333333,95.083333333,91.433333333,92.2,86.033333333,80.533333333,84.833333333,64.416666667,91.483333333,83.433333333,79.533333333,81.5,42.333333333,38.2
m147_gpu5,gpu,utilization,65.666666667,84.366666667,89.033333333,100.0,78.75,44.2,90.7,74.4,92.483333333,74.166666667,48.266666667,93.233333333,91.433333333,83.0
