name,machine_type,trace,-10,-9,-8,-7,-6,-5,-4,-3,-2,-1,0,1,2,3
m406_gpu1,gpu,utilization,61.75,95.0,93.666666667,92.366666667,92.0,97.066666667,96.0,90.583333333,89.7,89.283333333,97.25,93.1,92.566666667,92.2
m406_gpu2,gpu,utilization,89.55,85.683333333,88.0,91.533333333,94.9,37.733333333,64.0,89.216666667,60.4,37.533333333,8.25,56.733333333,94.366666667,44.0
m406_gpu4,gpu,utilization,90.5,87.85,85.0,88.8,88.466666667,95.233333333,92.666666667,57.566666667,65.4,75.716666667,94.0,94.633333333,98.483333333,99.2
m406_gpu6,gpu,utilization,61.75,95.0,90.333333333,91.8,82.6,91.2,96.0,53.0,76.7,95.0,92.75,95.066666667,32.55,28.6
