name,machine_type,trace,-10,-9,-8,-7,-6,-5,-4,-3,-2,-1,0,1,2,3
m193_gpu0,gpu,utilization,99.716666667,100.0,92.116666667,96.333333333,92.0,96.883333333,99.25,92.733333333,95.5,97.716666667,95.0,96.3,97.75,22.866666667
m193_gpu2,gpu,utilization,95.316666667,94.216666667,94.15,85.466666667,91.1,95.0,98.75,94.516666667,97.5,91.116666667,97.0,99.233333333,88.5,19.833333333
m193_gpu3,gpu,utilization,99.15,95.9,96.15,89.666666667,96.1,94.266666667,89.0,97.4,100.0,93.55,94.0,93.466666667,98.25,23.333333333
m193_gpu6,gpu,utilization,92.283333333,92.683333333,90.85,97.333333333,99.3,97.566666667,98.5,71.583333333,87.25,98.583333333,91.75,79.8,75.5,17.5
