name,machine_type,trace,-10,-9,-8,-7,-6,-5,-4,-3,-2,-1,0,1,2,3
m204_gpu0,gpu,utilization,0.0,0.0,68.933333333,75.666666667,42.4,75.666666667,29.4,71.866666667,22.866666667,73.5,24.5,0.0,69.0,19.933333333
m204_gpu5,gpu,utilization,0.0,0.0,69.666666667,66.4,29.4,70.666666667,29.1,71.866666667,22.866666667,72.75,24.25,0.0,68.25,19.716666667
m204_gpu6,gpu,utilization,0.0,0.0,62.333333333,38.8,6.6,65.333333333,29.4,72.6,45.333333333,78.5,23.75,0.0,74.25,21.45
m204_gpu7,gpu,utilization,0.0,0.0,69.666666667,26.8,0.6,64.666666667,29.1,57.933333333,18.433333333,55.5,18.5,0.0,64.5,18.633333333
