name,machine_type,trace,-10,-9,-8,-7,-6,-5,-4,-3,-2,-1,0,1,2,3
m76_gpu0,gpu,utilization,65.6,25.3,41.6,30.4,41.25,26.0,0.0,0.0,0.0,30.933333333,61.616666667,65.566666667,62.7,26.0
m76_gpu1,gpu,utilization,39.6,25.3,0.0,40.2,27.916666667,40.8,29.466666667,0.0,0.0,0.0,34.1,55.8,58.45,29.033333333
