name,machine_type,trace,-10,-9,-8,-7,-6,-5,-4,-3,-2,-1,0,1,2,3
m199_gpu0,gpu,utilization,98.0,98.616666667,97.8,98.1,98.416666667,44.1,51.15,52.8,0.0,0.0,0.0,0.0,0.0,0.0
m199_gpu1,gpu,utilization,98.8,98.616666667,99.6,99.45,98.416666667,98.0,98.516666667,52.8,0.0,0.0,0.0,0.0,0.0,0.0
m199_gpu2,gpu,utilization,98.0,98.616666667,98.4,98.55,98.416666667,97.45,98.033333333,52.8,0.0,0.0,0.0,0.0,0.0,0.0
m199_gpu3,gpu,utilization,99.2,99.383333333,98.4,98.55,99.0,97.9,98.033333333,52.8,0.0,0.0,0.0,0.0,0.0,0.0
m199_gpu4,gpu,utilization,98.0,98.616666667,99.0,99.0,99.0,97.9,98.033333333,52.8,0.0,0.0,0.0,0.0,0.0,0.0
m199_gpu5,gpu,utilization,98.2,98.233333333,98.4,98.55,98.416666667,99.1,99.483333333,52.8,0.0,0.0,0.0,0.0,0.0,0.0
m199_gpu6,gpu,utilization,98.0,98.616666667,98.4,98.55,98.416666667,44.1,51.15,52.8,0.0,0.0,0.0,0.0,0.0,0.0
m199_gpu7,gpu,utilization,38.8,61.05,98.4,98.55,98.416666667,44.1,51.15,52.8,0.0,0.0,0.0,0.0,0.0,0.0
