name,machine_type,trace,-10,-9,-8,-7,-6,-5,-4,-3,-2,-1,0,1,2,3
m2_gpu0,gpu,utilization,80.416666667,72.55,81.0,85.0,85.0,74.75,19.833333333,42.0,69.2,31.066666667,66.75,84.533333333,85.0,85.0
m2_gpu1,gpu,utilization,84.283333333,83.283333333,76.4,79.733333333,84.0,85.0,47.733333333,72.0,83.533333333,49.266666667,72.75,84.766666667,85.0,85.0
m2_gpu2,gpu,utilization,81.133333333,80.0,83.666666667,83.566666667,84.333333333,85.0,63.5,67.0,60.733333333,35.533333333,69.5,83.766666667,82.433333333,82.0
m2_gpu3,gpu,utilization,67.3,74.733333333,82.866666667,85.0,85.0,80.216666667,57.216666667,57.25,65.866666667,31.966666667,69.0,84.233333333,84.783333333,85.0
m132_gpu0,gpu,utilization,100.0,100.0,100.0,100.0,100.0,100.0,100.0,100.0,100.0,100.0,100.0,100.0,100.0,100.0
m132_gpu1,gpu,utilization,100.0,100.0,100.0,100.0,100.0,100.0,100.0,100.0,100.0,100.0,100.0,100.0,100.0,100.0
m132_gpu2,gpu,utilization,100.0,100.0,100.0,100.0,100.0,100.0,100.0,100.0,100.0,100.0,100.0,100.0,100.0,100.0
m132_gpu3,gpu,utilization,100.0,100.0,100.0,100.0,100.0,100.0,100.0,100.0,100.0,100.0,100.0,100.0,100.0,100.0
