name,machine_type,trace,-10,-9,-8,-7,-6,-5,-4,-3,-2,-1,0,1,2,3
m390_gpu0,gpu,utilization,81.15,52.0,39.066666667,53.8,82.45,96.4,89.166666667,85.7,100.0,100.0,100.0,100.0,100.0,100.0
m390_gpu1,gpu,utilization,91.783333333,60.95,35.933333333,45.466666667,63.45,85.0,100.0,100.0,100.0,100.0,100.0,100.0,100.0,100.0
m390_gpu2,gpu,utilization,75.833333333,44.15,35.066666667,37.666666667,61.0,89.8,100.0,100.0,100.0,100.0,100.0,100.0,100.0,100.0
m390_gpu3,gpu,utilization,81.15,49.3,36.933333333,52.066666667,77.35,94.0,90.0,86.8,100.0,100.0,100.0,100.0,100.0,100.0
m390_gpu4,gpu,utilization,86.95,59.05,38.616666667,48.533333333,69.85,86.2,100.0,100.0,100.0,100.0,100.0,100.0,100.0,100.0
m390_gpu5,gpu,utilization,100.0,73.9,40.55,56.266666667,86.8,100.0,92.083333333,89.55,100.0,100.0,100.0,100.0,100.0,100.0
m390_gpu6,gpu,utilization,93.233333333,65.75,39.55,59.0,90.65,100.0,93.75,91.75,100.0,100.0,100.0,100.0,100.0,100.0
m390_gpu7,gpu,utilization,99.516666667,71.55,38.0,35.666666667,51.45,84.4,100.0,100.0,100.0,100.0,100.0,100.0,100.0,100.0
