name,machine_type,trace,-10,-9,-8,-7,-6,-5,-4,-3,-2,-1,0,1,2,3
m375_gpu2,gpu,utilization,91.0,98.0,58.8,0.0,0.0,0.0,0.0,26.133333333,68.6,0.0,0.0,0.0,24.5,97.716666667
m375_gpu3,gpu,utilization,47.5,42.3,56.4,0.0,30.716666667,95.133333333,67.5,25.6,67.2,0.0,25.866666667,71.133333333,24.0,73.333333333
m375_gpu4,gpu,utilization,98.0,97.55,58.2,33.95,66.283333333,0.0,24.5,71.866666667,0.0,0.0,0.0,0.0,24.5,97.716666667
m375_gpu5,gpu,utilization,49.0,98.0,58.8,33.95,97.0,71.133333333,24.25,71.133333333,0.0,0.0,0.0,0.0,24.75,98.433333333
