name,machine_type,trace,-10,-9,-8,-7,-6,-5,-4,-3,-2,-1,0,1,2,3
m256_gpu1,gpu,utilization,86.583333333,86.0,84.366666667,83.2,89.133333333,89.466666667,87.366666667,87.0,89.5,90.0,90.0,84.166666667,88.716666667,86.866666667
m256_gpu3,gpu,utilization,83.883333333,72.95,71.816666667,77.6,86.666666667,66.0,67.166666667,62.466666667,81.0,58.866666667,9.7166666667,70.0,61.133333333,63.833333333
m256_gpu4,gpu,utilization,82.2,79.9,87.983333333,78.0,79.6,90.2,79.933333333,63.933333333,82.666666667,83.733333333,45.433333333,71.166666667,62.483333333,71.533333333
m256_gpu6,gpu,utilization,70.05,86.85,68.766666667,58.4,40.133333333,71.8,87.083333333,87.183333333,68.666666667,11.916666667,65.333333333,86.666666667,70.85,65.433333333
