name,machine_type,trace,-10,-9,-8,-7,-6,-5,-4,-3,-2,-1,0,1,2,3
m164_gpu0,gpu,utilization,93.0,92.008333333,92.008333333,92.0,91.95,91.1,93.0,93.0,1.0,92.233333333,92.233333333,10.0,93.0,93.0
m164_gpu1,gpu,utilization,88.35,91.933333333,91.933333333,92.0,92.0,91.1,83.816666667,83.816666667,0.0,92.7,92.7,9.0,93.0,93.0
m164_gpu2,gpu,utilization,91.033333333,92.0,92.0,92.966666667,93.0,88.45,2.0,2.0,0.0,91.75,91.75,9.0,92.0,92.0
m164_gpu3,gpu,utilization,92.516666667,93.0,93.0,92.033333333,92.05,90.25,24.05,24.05,0.0,91.708333333,91.708333333,9.0,93.0,92.016666667
m164_gpu4,gpu,utilization,92.516666667,91.5,91.5,93.883333333,93.0,88.7,51.433333333,51.433333333,0.0,91.708333333,91.708333333,10.0,92.0,92.0
m164_gpu5,gpu,utilization,93.0,92.491666667,92.491666667,91.05,92.0,90.2,60.133333333,60.133333333,0.0,91.75,91.75,9.0,93.0,92.016666667
m164_gpu6,gpu,utilization,92.066666667,93.008333333,93.008333333,92.05,93.0,88.35,0.0,0.0,0.0,91.75,91.75,9.0,93.0,93.0
m164_gpu7,gpu,utilization,93.516666667,93.008333333,93.008333333,93.016666667,93.95,88.4,1.0,1.0,0.0,92.225,92.225,9.0,94.0,94.0
