name,machine_type,trace,-10,-9,-8,-7,-6,-5,-4,-3,-2,-1,0,1,2,3
m232_gpu0,gpu,utilization,98.0,98.0,98.0,98.0,98.0,97.566666667,95.766666667,93.3,90.866666667,75.983333333,22.866666667,98.0,97.433333333,96.333333333
m232_gpu1,gpu,utilization,59.983333333,3.6333333333,7.3666666667,1.6333333333,1.1,5.1333333333,1.5333333333,3.4,9.4333333333,0.78333333333,0.46666666667,5.5,34.983333333,76.666666667
m232_gpu2,gpu,utilization,33.716666667,25.9,18.766666667,20.2,29.45,26.35,25.166666667,32.116666667,39.066666667,36.65,36.666666667,28.0,30.383333333,38.666666667
m232_gpu6,gpu,utilization,0.0,0.0,0.0,0.0,0.0,0.0,0.0,0.0,0.0,0.0,0.0,0.0,0.0,0.0
