name,machine_type,trace,-10,-9,-8,-7,-6,-5,-4,-3,-2,-1,0,1,2,3
m21_gpu1,gpu,utilization,81.683333333,95.0,95.0,95.0,95.0,95.0,95.0,95.0,94.166666667,24.833333333,81.0,95.0,95.0,95.0
m21_gpu2,gpu,utilization,70.633333333,94.25,94.75,94.216666667,94.833333333,95.0,94.2,94.8,95.0,94.166666667,94.0,94.783333333,95.0,94.283333333
m21_gpu4,gpu,utilization,70.35,95.0,95.0,95.0,95.0,95.0,95.0,95.0,95.0,95.0,95.0,95.0,95.0,95.0
m21_gpu6,gpu,utilization,70.35,95.0,95.0,92.65,94.5,95.0,95.0,95.8,95.166666667,95.833333333,95.166666667,95.0,95.0,95.0
