name,machine_type,trace,-10,-9,-8,-7,-6,-5,-4,-3,-2,-1,0,1,2,3
m246_gpu4,gpu,utilization,0.0,85.0,100.0,99.133333333,99.9,97.2,99.75,100.0,100.0,15.0,0.0,0.0,77.55,99.8
m246_gpu5,gpu,utilization,99.116666667,99.0,99.866666667,100.0,100.0,100.0,100.0,99.1,99.0,99.85,100.0,16.666666667,0.0,0.0
m341_gpu2,gpu,utilization,97.0,99.55,13.333333333,79.733333333,92.9,93.933333333,93.083333333,95.7,76.45,92.55,76.933333333,93.166666667,84.466666667,92.2
m341_gpu3,gpu,utilization,99.116666667,99.85,100.0,100.0,100.0,98.133333333,98.0,98.0,99.7,100.0,100.0,16.666666667,0.0,0.0
