name,machine_type,trace,-10,-9,-8,-7,-6,-5,-4,-3,-2,-1,0,1,2,3
m244_gpu0,gpu,utilization,38.333333333,39.333333333,20.65,0.0,0.0,16.25,27.733333333,11.083333333,1.1333333333,47.833333333,23.333333333,50.4,90.666666667,33.333333333
m244_gpu1,gpu,utilization,0.0,46.666666667,89.5,81.633333333,88.4,35.0,48.516666667,20.833333333,71.95,31.666666667,66.666666667,61.5,81.666666667,60.666666667
m244_gpu2,gpu,utilization,38.333333333,34.666666667,18.2,49.4,31.2,0.0,34.166666667,18.466666667,1.7,28.016666667,37.0,31.5,10.0,66.666666667
m244_gpu3,gpu,utilization,61.666666667,62.666666667,80.4,88.6,32.8,50.05,61.966666667,87.25,28.333333333,20.5,20.0,45.8,19.666666667,0.0
