name,machine_type,trace,-10,-9,-8,-7,-6,-5,-4,-3,-2,-1,0,1,2,3
m204_gpu0,gpu,utilization,0.0,51.666666667,51.666666667,0.0,98.25,88.666666667,5.0,97.25,65.5,69.025,69.025,50.7,57.0,0.0
m204_gpu1,gpu,utilization,95.466666667,15.983333333,15.983333333,100.0,95.1,38.133333333,38.15,11.083333333,95.0,50.833333333,50.833333333,3.3333333333,33.25,1.0333333333
m204_gpu2,gpu,utilization,100.0,93.283333333,93.283333333,33.0,76.566666667,34.533333333,5.0,93.333333333,20.7,67.55,67.55,100.0,51.3,0.0
m204_gpu3,gpu,utilization,7.0666666667,82.6,82.6,100.0,100.0,100.0,95.95,25.75,95.0,50.833333333,50.833333333,3.3333333333,49.4,2.1666666667
m204_gpu4,gpu,utilization,93.533333333,22.633333333,22.633333333,63.0,81.283333333,6.6666666667,100.0,95.25,44.45,86.233333333,86.233333333,3.3333333333,95.0,1.0
m204_gpu5,gpu,utilization,63.933333333,75.35,75.35,100.0,96.133333333,99.0,85.75,100.0,100.0,79.666666667,79.666666667,91.9,62.7,3.3333333333
m204_gpu6,gpu,utilization,6.6666666667,97.416666667,97.416666667,61.0,84.85,100.0,96.55,32.25,46.4,77.383333333,77.383333333,3.3333333333,34.45,100.0
m204_gpu7,gpu,utilization,8.5333333333,63.316666667,63.316666667,100.0,51.666666667,100.0,100.0,100.0,100.0,49.166666667,49.166666667,58.966666667,95.0,3.3333333333
