name,machine_type,trace,-10,-9,-8,-7,-6,-5,-4,-3,-2,-1,0,1,2,3
m30_gpu1,gpu,utilization,0.0,0.0,0.0,0.0,9.9,96.5,65.55,0.066666666667,4.3,100.0,100.0,100.0,100.0,99.916666667
m30_gpu2,gpu,utilization,0.0,0.0,0.0,0.0,9.9,97.5,77.0,0.93333333333,3.3333333333,100.0,100.0,100.0,99.916666667,96.833333333
m30_gpu3,gpu,utilization,0.0,0.0,0.0,0.0,10.0,99.583333333,90.3,0.93333333333,3.2666666667,98.033333333,100.0,100.0,100.0,100.0
m30_gpu5,gpu,utilization,0.0,0.0,0.0,0.0,9.9,97.0,71.3,1.8,15.8,97.05,100.0,99.9,98.083333333,99.083333333
