name,machine_type,trace,-10,-9,-8,-7,-6,-5,-4,-3,-2,-1,0,1,2,3
m155_gpu0,gpu,utilization,66.8,70.866666667,63.133333333,63.0,60.05,64.916666667,68.0,67.816666667,57.6,65.95,65.95,67.0,72.0,67.0
m155_gpu1,gpu,utilization,0.0,0.0,0.0,0.0,0.0,0.0,0.0,0.0,0.0,0.0,0.0,0.0,0.0,0.0
m155_gpu2,gpu,utilization,51.85,66.466666667,65.033333333,67.95,66.033333333,66.983333333,54.4,61.966666667,60.1,65.558333333,65.558333333,69.0,68.0,4.1833333333
m155_gpu4,gpu,utilization,66.05,58.266666667,62.916666667,72.833333333,64.15,67.933333333,60.5,51.283333333,68.05,67.983333333,67.983333333,66.0,61.0,3.0
m109_gpu1,gpu,utilization,72.65,67.2,53.233333333,64.8,68.933333333,61.133333333,80.0,59.983333333,3.75,64.833333333,64.833333333,54.0,77.0,70.1
m109_gpu4,gpu,utilization,0.0,0.0,0.0,0.0,0.0,0.0,0.0,0.0,0.0,0.0,0.0,0.0,0.0,0.0
m109_gpu6,gpu,utilization,0.0,0.0,0.0,0.0,0.0,0.0,0.0,0.0,0.0,0.0,0.0,0.0,0.0,0.0
m109_gpu7,gpu,utilization,5.1,69.633333333,73.966666667,59.25,2.95,54.116666667,63.45,70.8,0.05,44.716666667,44.716666667,85.0,76.0,3.2666666667
