name,machine_type,trace,-10,-9,-8,-7,-6,-5,-4,-3,-2,-1,0,1,2,3
m208_gpu0,gpu,utilization,0.51666666667,0.51666666667,69.0,35.633333333,37.05,0.0,0.63333333333,22.85,91.0,19.6,0.0,0.0,0.0,85.066666667
m208_gpu1,gpu,utilization,27.783333333,27.783333333,69.0,1.15,0.0,0.0,0.0,2.55,47.6,0.46666666667,7.0166666667,24.266666667,24.266666667,27.433333333
m208_gpu2,gpu,utilization,26.466666667,26.466666667,61.0,1.0166666667,0.0,0.0,0.0,2.35,43.866666667,0.6,9.05,22.675,22.675,33.966666667
m208_gpu3,gpu,utilization,0.0,0.0,100.0,39.116666667,40.85,0.0,0.6,21.8,89.0,17.733333333,0.0,0.0,0.0,88.933333333
m208_gpu4,gpu,utilization,27.05,27.05,81.0,1.35,0.0,0.0,0.0,2.35,43.866666667,0.93333333333,14.0,21.625,21.625,42.533333333
m208_gpu5,gpu,utilization,28.15,28.15,67.0,1.1333333333,0.95,0.0,0.0,2.5,46.666666667,1.0666666667,15.983333333,21.1,21.1,39.566666667
m208_gpu6,gpu,utilization,21.266666667,21.266666667,77.0,1.3333333333,2.85,0.0,1.7,53.35,91.466666667,1.6666666667,25.016666667,21.425,21.425,53.733333333
m208_gpu7,gpu,utilization,2.0666666667,2.0666666667,85.0,29.166666667,38.95,0.0,0.4,16.2,90.533333333,13.066666667,0.0,0.0,0.0,89.9
