name,machine_type,trace,-10,-9,-8,-7,-6,-5,-4,-3,-2,-1,0,1,2,3
m91_gpu0,gpu,utilization,0.0,0.0,0.0,0.85,0.2,0.0,0.0,0.0,0.0,0.0,0.0,0.0,44.916666667,8.25
m91_gpu1,gpu,utilization,74.533333333,14.333333333,70.4,88.85,17.8,0.0,0.0,0.0,0.0,75.833333333,19.716666667,0.0,75.133333333,13.8
m91_gpu2,gpu,utilization,0.0,0.0,0.0,0.85,0.2,0.0,0.0,0.0,0.0,0.0,0.0,0.0,75.95,13.95
m91_gpu3,gpu,utilization,0.0,0.0,0.0,0.0,0.0,0.0,0.0,0.0,0.0,0.0,0.0,0.0,44.1,8.1
m91_gpu4,gpu,utilization,0.0,0.0,0.0,0.0,0.0,0.0,0.0,0.0,0.0,0.0,0.0,0.0,62.883333333,11.55
m91_gpu5,gpu,utilization,0.0,0.0,0.0,0.0,0.0,69.0,16.5,0.0,0.0,75.0,19.5,0.0,69.416666667,87.55
m91_gpu6,gpu,utilization,0.0,0.0,68.0,89.25,18.0,0.0,73.5,13.5,71.2,87.333333333,79.95,16.9,71.866666667,87.15
m91_gpu7,gpu,utilization,0.0,0.0,72.8,91.85,18.4,32.2,7.7,76.5,18.0,75.833333333,19.716666667,0.0,73.5,86.6
