name,machine_type,trace,-10,-9,-8,-7,-6,-5,-4,-3,-2,-1,0,1,2,3
m110_gpu0,gpu,utilization,58.3,52.466666667,65.083333333,49.7,54.566666667,55.3,50.2,46.133333333,69.866666667,69.733333333,60.3,68.0,59.033333333,5.2
m110_gpu1,gpu,utilization,69.8,64.266666667,73.783333333,53.133333333,24.616666667,49.1,42.566666667,74.0,75.3,61.333333333,11.7,49.75,28.366666667,0.0
m110_gpu2,gpu,utilization,55.5,41.933333333,61.866666667,44.25,54.15,51.3,47.6,48.683333333,73.566666667,66.866666667,51.083333333,60.25,58.266666667,3.6
m110_gpu3,gpu,utilization,43.8,24.133333333,67.666666667,52.016666667,48.983333333,57.733333333,53.9,13.833333333,71.0,69.133333333,63.65,68.5,58.266666667,0.4
m110_gpu4,gpu,utilization,72.1,65.133333333,72.9,58.866666667,24.05,46.4,38.266666667,72.916666667,77.433333333,62.9,12.166666667,23.25,25.3,0.0
m110_gpu5,gpu,utilization,71.8,57.4,67.166666667,60.683333333,40.6,71.266666667,63.2,75.9,72.733333333,66.4,21.533333333,9.75,9.2,0.0
m110_gpu6,gpu,utilization,50.4,39.2,59.866666667,41.966666667,51.433333333,52.333333333,57.433333333,52.666666667,69.65,65.233333333,46.466666667,63.0,57.5,6.2
m110_gpu7,gpu,utilization,68.8,63.266666667,75.316666667,55.6,18.166666667,48.633333333,40.333333333,71.183333333,73.083333333,59.033333333,5.6333333333,29.25,29.9,0.0
