name,machine_type,trace,-10,-9,-8,-7,-6,-5,-4,-3,-2,-1,0,1,2,3
m25_gpu0,gpu,utilization,93.1,92.666666667,96.0,94.8,91.433333333,92.133333333,96.5,92.65,94.3,91.25,90.3,93.5,88.816666667,94.8
m25_gpu1,gpu,utilization,82.4,81.333333333,82.566666667,83.7,83.283333333,84.266666667,63.75,0.0,0.0,0.0,0.0,0.0,0.0,0.0
m25_gpu2,gpu,utilization,83.7,84.333333333,86.433333333,85.6,86.433333333,85.266666667,64.5,0.0,0.0,0.0,0.0,0.0,0.0,0.0
m25_gpu3,gpu,utilization,83.0,84.333333333,86.15,84.3,85.283333333,86.266666667,65.25,0.0,0.0,0.0,0.0,0.0,0.0,0.0
m25_gpu4,gpu,utilization,84.5,54.0,48.4,95.8,83.166666667,82.4,96.75,86.133333333,84.166666667,81.75,69.933333333,93.5,87.733333333,93.3
m25_gpu5,gpu,utilization,82.0,82.666666667,84.0,84.0,83.716666667,84.333333333,66.0,0.0,0.0,0.0,0.0,0.0,0.0,0.0
m25_gpu6,gpu,utilization,86.5,63.0,32.516666667,89.9,77.35,66.266666667,88.0,75.9,43.933333333,52.5,74.633333333,94.333333333,80.383333333,52.733333333
m25_gpu7,gpu,utilization,89.8,60.666666667,39.85,79.3,72.516666667,82.866666667,73.25,95.216666667,81.066666667,46.75,92.95,98.666666667,91.35,89.466666667
