name,machine_type,trace,-10,-9,-8,-7,-6,-5,-4,-3,-2,-1,0,1,2,3
m268_gpu1,gpu,utilization,44.266666667,43.5,9.8,33.683333333,11.466666667,0.0,12.0,41.6,47.216666667,9.4,34.466666667,38.633333333,10.483333333,33.6
m268_gpu2,gpu,utilization,41.133333333,46.75,11.2,27.416666667,9.3333333333,0.0,15.0,34.4,40.35,8.2,37.6,48.0,13.6,32.2
m268_gpu3,gpu,utilization,43.2,43.5,9.8,31.333333333,10.666666667,0.0,18.75,36.2,44.483333333,9.2,35.25,38.866666667,10.483333333,33.6
m268_gpu7,gpu,utilization,46.266666667,46.75,10.966666667,30.55,10.4,0.0,18.0,36.0,37.433333333,7.4,36.816666667,47.0,13.316666667,29.4
