name,machine_type,trace,-10,-9,-8,-7,-6,-5,-4,-3,-2,-1,0,1,2,3
m419_gpu0,gpu,utilization,95.0,95.0,72.833333333,1.4,6.25,18.866666667,75.2,20.583333333,95.0,95.0,95.0,74.416666667,1.5,28.25
m419_gpu3,gpu,utilization,94.8,94.2,72.833333333,3.8,17.05,22.316666667,95.0,95.0,95.0,95.0,95.0,74.416666667,2.25,30.25
m419_gpu5,gpu,utilization,94.0,94.0,72.066666667,1.6,17.75,76.666666667,93.2,94.0,94.183333333,94.783333333,94.0,73.633333333,9.25,51.25
m419_gpu7,gpu,utilization,95.0,95.0,72.833333333,9.8,43.0,24.766666667,95.0,95.0,95.0,95.0,95.0,74.416666667,2.25,30.5
m159_gpu1,gpu,utilization,93.4,94.6,71.3,19.0,95.0,95.0,76.0,20.583333333,95.0,95.0,94.8,73.633333333,23.5,94.25
m159_gpu3,gpu,utilization,94.0,94.0,72.066666667,19.0,95.0,95.0,94.8,94.0,94.183333333,94.783333333,94.0,73.633333333,23.75,95.0
m159_gpu5,gpu,utilization,95.0,94.8,72.066666667,19.0,95.0,95.0,76.0,20.366666667,94.183333333,94.783333333,94.2,74.416666667,23.75,95.0
m159_gpu7,gpu,utilization,93.4,94.6,71.3,19.0,95.0,95.0,76.0,20.583333333,95.0,95.0,95.2,75.2,23.75,95.0
