name,machine_type,trace,-10,-9,-8,-7,-6,-5,-4,-3,-2,-1,0,1,2,3
m294_gpu0,gpu,utilization,96.5,86.5,98.883333333,97.533333333,94.0,75.2,0.0,16.666666667,99.166666667,95.5,97.8,95.8,92.466666667,99.0
m294_gpu2,gpu,utilization,93.166666667,99.166666667,98.25,85.583333333,89.833333333,71.2,0.0,16.5,96.833333333,87.5,94.4,92.0,92.916666667,96.4
m294_gpu3,gpu,utilization,99.0,96.833333333,87.516666667,97.95,90.333333333,73.6,0.0,15.5,92.833333333,91.5,91.0,99.2,100.0,100.0
m294_gpu5,gpu,utilization,93.333333333,98.5,91.233333333,93.7,97.666666667,92.4,80.033333333,15.333333333,93.333333333,100.0,98.8,94.8,98.183333333,99.2
