name,machine_type,trace,-10,-9,-8,-7,-6,-5,-4,-3,-2,-1,0,1,2,3
m211_gpu0,gpu,utilization,91.4,94.083333333,94.9,83.2,11.7,7.75,93.083333333,94.0,92.966666667,73.166666667,73.166666667,58.983333333,58.983333333,66.4
m211_gpu1,gpu,utilization,94.133333333,94.916666667,94.0,83.733333333,15.3,7.75,93.083333333,94.0,92.8,69.183333333,69.183333333,58.4,58.4,0.46666666667
m211_gpu4,gpu,utilization,93.266666667,95.0,95.0,87.4,34.2,7.75,93.083333333,94.05,94.8,73.241666667,73.241666667,59.741666667,59.741666667,0.51666666667
m211_gpu6,gpu,utilization,92.266666667,94.083333333,95.0,82.333333333,0.0,7.75,93.083333333,94.05,91.833333333,37.616666667,37.616666667,59.975,59.975,0.58333333333
