name,machine_type,trace,-10,-9,-8,-7,-6,-5,-4,-3,-2,-1,0,1,2,3
m236_gpu0,gpu,utilization,90.066666667,99.833333333,94.3,87.333333333,99.9,92.316666667,92.316666667,94.0,73.7,98.133333333,95.266666667,99.666666667,100.0,11.666666667
m236_gpu6,gpu,utilization,87.316666667,97.0,93.2,94.066666667,98.7,96.616666667,96.616666667,86.0,99.533333333,96.133333333,88.533333333,89.866666667,99.166666667,11.666666667
m263_gpu1,gpu,utilization,96.366666667,99.833333333,89.55,17.516666667,92.3,96.966666667,96.966666667,99.0,97.066666667,99.9,100.0,89.733333333,91.75,10.733333333
m263_gpu6,gpu,utilization,88.35,99.0,63.9,23.933333333,98.1,97.416666667,97.416666667,97.0,95.066666667,86.3,98.133333333,99.0,96.25,11.2
