name,machine_type,trace,-10,-9,-8,-7,-6,-5,-4,-3,-2,-1,0,1,2,3
m307_gpu0,gpu,utilization,89.216666667,89.816666667,89.15,89.0,89.883333333,90.0,90.0,89.133333333,89.0,89.0,89.0,89.0,89.0,26.7
m307_gpu1,gpu,utilization,90.0,90.0,90.0,89.15,89.883333333,90.0,90.0,90.0,90.0,90.0,89.233333333,89.0,89.0,26.7
m307_gpu2,gpu,utilization,89.216666667,89.816666667,90.0,90.0,90.0,90.0,90.0,89.133333333,89.0,89.0,89.0,89.0,89.7,27.0
m307_gpu3,gpu,utilization,89.0,89.0,89.0,89.0,89.0,89.0,89.0,89.0,89.0,89.0,89.0,89.0,89.0,26.7
m307_gpu4,gpu,utilization,19.283333333,72.683333333,89.0,89.0,89.0,89.0,83.9,88.2,89.0,89.0,89.0,89.0,89.0,26.7
m307_gpu5,gpu,utilization,89.0,89.0,86.45,88.55,89.0,89.0,88.15,88.866666667,89.0,89.0,89.0,88.283333333,88.7,26.7
m307_gpu6,gpu,utilization,19.716666667,74.316666667,91.0,91.0,91.0,91.0,35.75,82.333333333,91.0,91.0,91.0,91.0,91.0,27.3
m307_gpu7,gpu,utilization,91.0,91.0,91.0,91.0,91.0,91.0,28.95,79.533333333,90.7,91.0,91.0,91.0,91.0,27.3
