name,machine_type,trace,-10,-9,-8,-7,-6,-5,-4,-3,-2,-1,0,1,2,3
m217_gpu1,gpu,utilization,74.2,77.833333333,78.9,76.25,61.6,27.333333333,82.033333333,83.95,34.7,72.9,81.883333333,70.933333333,70.933333333,64.1
m217_gpu3,gpu,utilization,5.9333333333,3.0,3.0,3.0,35.4,15.666666667,83.816666667,78.35,58.666666667,77.95,78.85,74.066666667,74.066666667,84.766666667
m217_gpu4,gpu,utilization,2.6,2.0,2.0,2.0,75.8,44.8,79.366666667,36.3,51.4,84.3,68.2,83.05,83.05,78.266666667
m217_gpu7,gpu,utilization,4.0666666667,2.9166666667,2.1,2.9166666667,73.2,64.2,79.716666667,85.7,41.533333333,73.25,79.083333333,78.916666667,78.916666667,74.0
