name,machine_type,trace,-10,-9,-8,-7,-6,-5,-4,-3,-2,-1,0,1,2,3
m321_gpu1,gpu,utilization,92.0,94.866666667,91.333333333,94.083333333,88.133333333,88.133333333,88.066666667,90.0,88.066666667,94.0,91.0,92.9,89.066666667,91.933333333
m321_gpu2,gpu,utilization,64.0,98.066666667,98.666666667,79.75,61.416666667,61.416666667,90.95,96.0,94.066666667,80.0,98.0,84.7,77.116666667,50.516666667
m321_gpu5,gpu,utilization,93.0,84.366666667,68.25,92.833333333,90.483333333,90.483333333,83.116666667,95.0,87.266666667,92.0,59.0,54.25,92.35,88.933333333
m321_gpu7,gpu,utilization,85.0,56.066666667,87.333333333,88.666666667,76.433333333,76.433333333,95.883333333,90.0,90.966666667,94.0,45.0,84.9,87.0,31.1
