name,machine_type,trace,-10,-9,-8,-7,-6,-5,-4,-3,-2,-1,0,1,2,3
m419_gpu0,gpu,utilization,89.416666667,90.766666667,84.583333333,98.133333333,92.35,89.233333333,90.833333333,90.066666667,87.1,76.733333333,88.133333333,84.25,86.85,96.0
m419_gpu7,gpu,utilization,86.416666667,86.883333333,84.25,85.766666667,90.25,86.583333333,88.75,94.6,90.166666667,83.466666667,90.466666667,88.15,91.8,88.0
m392_gpu0,gpu,utilization,24.083333333,2.8,22.0,2.8,21.25,25.0,25.0,15.666666667,0.5,0.0,0.0,0.0,0.0,0.0
m392_gpu7,gpu,utilization,0.0,0.0,0.0,0.0,0.0,0.0,0.0,0.0,0.0,0.0,0.0,0.0,0.0,0.0
