name,machine_type,trace,-10,-9,-8,-7,-6,-5,-4,-3,-2,-1,0,1,2,3
m321_gpu0,gpu,utilization,90.0,90.0,90.0,90.0,90.0,90.0,89.55,89.0,89.45,90.0,89.516666667,89.533333333,89.466666667,89.55
m321_gpu7,gpu,utilization,0.0,0.0,0.0,0.0,0.0,0.0,0.0,0.0,0.0,0.0,0.0,0.0,0.0,0.0
