name,machine_type,trace,-10,-9,-8,-7,-6,-5,-4,-3,-2,-1,0,1,2,3
m208_gpu0,gpu,utilization,97.45,97.55,97.45,97.0,98.233333333,99.6,100.0,98.9,71.133333333,71.2,99.55,99.466666667,100.0,100.0
m208_gpu1,gpu,utilization,98.0,98.0,97.45,97.0,98.233333333,99.6,100.0,98.9,72.166666667,72.266666667,99.55,99.466666667,100.0,100.0
m208_gpu2,gpu,utilization,98.35,98.1,99.55,100.0,99.383333333,98.4,99.166666667,98.9,82.5,82.0,98.0,98.933333333,100.0,100.0
m208_gpu3,gpu,utilization,97.45,98.1,98.45,99.2,99.383333333,99.6,100.0,98.9,82.5,82.0,98.45,99.466666667,99.1,98.9
m208_gpu4,gpu,utilization,98.35,98.1,97.9,98.8,99.383333333,99.6,97.666666667,98.2,86.566666667,85.666666667,98.55,97.533333333,98.35,100.0
m208_gpu5,gpu,utilization,98.9,98.0,97.45,97.0,98.233333333,97.8,98.75,98.9,72.166666667,72.266666667,99.55,99.466666667,99.55,99.45
m208_gpu6,gpu,utilization,98.0,98.55,97.9,97.6,98.616666667,98.4,99.166666667,98.9,72.683333333,71.866666667,98.45,99.466666667,99.55,98.1
m208_gpu7,gpu,utilization,97.45,97.55,97.45,98.8,99.383333333,39.6,0.0,55.0,72.1,70.266666667,98.45,99.466666667,99.1,98.9
