name,machine_type,trace,-10,-9,-8,-7,-6,-5,-4,-3,-2,-1,0,1,2,3
m185_gpu0,gpu,utilization,0.0,0.0,0.0,0.0,0.0,0.0,0.0,0.0,0.0,0.0,0.0,0.0,0.0,0.0
m185_gpu3,gpu,utilization,89.3,11.183333333,11.183333333,34.0,1.1333333333,0.0,49.816666667,49.816666667,1.6333333333,98.333333333,52.5,52.5,100.0,0.0
m47_gpu3,gpu,utilization,1.0,1.0,1.0,1.0,1.0,1.0,1.0,1.0,1.0,1.0,1.0,1.0,1.0,1.0
m47_gpu6,gpu,utilization,1.0,1.0,1.0,1.0,1.0,1.0,1.0,1.0,1.0,1.0,1.0,1.0,1.0,1.0
