name,machine_type,trace,-10,-9,-8,-7,-6,-5,-4,-3,-2,-1,0,1,2,3
m192_gpu0,gpu,utilization,92.0,21.466666667,79.2,99.783333333,92.65,91.866666667,92.0,34.833333333,78.8,70.5,94.05,14.85,0.0,77.35
m192_gpu2,gpu,utilization,94.6,22.4,79.2,99.0,91.65,90.866666667,85.9,15.583333333,39.2,87.333333333,14.25,0.0,0.0,76.5
m192_gpu6,gpu,utilization,71.3,93.0,18.6,72.85,93.0,93.0,93.0,17.05,0.0,77.5,13.95,0.0,75.95,13.95
m192_gpu7,gpu,utilization,92.533333333,21.7,80.0,100.0,91.833333333,90.0,92.55,17.05,67.2,58.166666667,92.1,14.85,0.0,77.35
m82_gpu0,gpu,utilization,21.933333333,68.233333333,88.2,93.483333333,89.283333333,89.733333333,90.0,87.55,89.4,91.666666667,90.3,90.85,94.266666667,95.85
m82_gpu2,gpu,utilization,10.033333333,70.533333333,89.6,87.433333333,88.633333333,75.133333333,92.55,95.183333333,83.8,91.833333333,92.3,41.85,78.733333333,54.15
m82_gpu4,gpu,utilization,86.2,89.1,93.4,54.266666667,82.2,58.066666667,41.1,79.833333333,80.2,84.666666667,89.4,52.6,69.683333333,87.75
m82_gpu7,gpu,utilization,22.4,59.033333333,89.0,69.283333333,93.216666667,48.866666667,85.2,93.816666667,56.4,83.666666667,94.4,61.0,80.316666667,22.25
