name,machine_type,trace,-10,-9,-8,-7,-6,-5,-4,-3,-2,-1,0,1,2,3
m125_gpu0,gpu,utilization,18.75,14.0,15.4,28.0,26.8,17.0,27.4,23.725,23.725,16.0,27.6,14.233333333,14.066666667,16.15
m125_gpu1,gpu,utilization,36.1,0.0,0.0,0.0,0.0,6.25,70.0,0.0,0.0,0.0,0.0,0.0,0.0,0.0
