name,machine_type,trace,-10,-9,-8,-7,-6,-5,-4,-3,-2,-1,0,1,2,3
m221_gpu1,gpu,utilization,70.233333333,60.05,77.9,92.45,70.8,20.6,24.483333333,64.683333333,67.266666667,65.633333333,31.5,55.4,46.783333333,40.866666667
m221_gpu3,gpu,utilization,31.283333333,51.15,83.0,91.733333333,94.733333333,56.666666667,48.583333333,72.216666667,69.5,22.716666667,3.0333333333,0.0,0.0,0.0
m221_gpu6,gpu,utilization,90.95,70.5,78.9,92.016666667,82.266666667,72.633333333,35.166666667,62.566666667,66.733333333,71.983333333,26.466666667,3.4,0.0,0.0
m221_gpu7,gpu,utilization,71.283333333,22.4,58.8,91.883333333,85.466666667,26.033333333,2.55,30.1,9.8,45.733333333,13.066666667,0.0,0.0,0.0
