name,machine_type,trace,-10,-9,-8,-7,-6,-5,-4,-3,-2,-1,0,1,2,3
m105_gpu4,gpu,utilization,97.933333333,98.0,34.583333333,4.9166666667,6.5333333333,98.05,98.9,93.033333333,95.1,98.0,98.0,94.133333333,96.716666667,33.133333333
m105_gpu7,gpu,utilization,96.8,96.016666667,48.85,50.7,36.866666667,91.1,93.016666667,94.05,97.0,97.508333333,97.508333333,98.0,98.066666667,28.75
m105_gpu3,gpu,utilization,94.066666667,93.016666667,52.35,32.333333333,55.066666667,98.0,97.95,94.55,68.833333333,91.983333333,91.983333333,95.833333333,97.85,27.408333333
m105_gpu5,gpu,utilization,97.8,98.0,31.5,51.633333333,34.533333333,97.9,95.85,86.766666667,73.833333333,98.508333333,98.508333333,98.033333333,98.883333333,67.533333333
