name,machine_type,trace,-10,-9,-8,-7,-6,-5,-4,-3,-2,-1,0,1,2,3
m134_gpu0,gpu,utilization,61.916666667,80.533333333,70.8,66.2,61.333333333,66.4,73.3,59.6,61.6,68.416666667,63.3,60.25,60.966666667,72.4
m134_gpu1,gpu,utilization,62.666666667,64.8,57.533333333,65.55,59.466666667,51.8,7.8,72.3,57.5,80.666666667,52.6,60.166666667,44.566666667,63.0
m134_gpu2,gpu,utilization,59.333333333,49.6,82.6,68.85,62.4,70.1,10.7,56.2,57.5,57.0,78.85,65.333333333,63.033333333,76.3
m134_gpu7,gpu,utilization,68.583333333,87.733333333,69.4,72.75,58.066666667,75.0,9.5,45.2,60.8,73.0,78.75,57.916666667,60.833333333,80.0
