name,machine_type,trace,-10,-9,-8,-7,-6,-5,-4,-3,-2,-1,0,1,2,3
m22_gpu0,gpu,utilization,94.866666667,94.333333333,95.8,93.7,89.916666667,93.566666667,92.65,95.0,95.133333333,96.0,95.85,95.0,95.216666667,95.3
m22_gpu1,gpu,utilization,96.733333333,95.166666667,96.0,96.216666667,96.633333333,95.216666667,95.783333333,95.183333333,96.133333333,96.866666667,96.0,96.0,96.0,96.0
m22_gpu2,gpu,utilization,92.533333333,96.0,96.0,96.0,95.633333333,94.433333333,96.0,96.0,95.866666667,95.0,95.3,96.4,94.65,95.366666667
m22_gpu3,gpu,utilization,96.133333333,96.833333333,96.0,95.783333333,95.366666667,96.783333333,96.0,96.0,95.866666667,95.133333333,96.0,95.8,95.216666667,94.366666667
m22_gpu4,gpu,utilization,96.133333333,96.833333333,95.8,95.0,95.366666667,96.566666667,95.216666667,95.816666667,95.133333333,96.0,95.85,95.0,95.433333333,96.766666667
m22_gpu5,gpu,utilization,95.133333333,96.0,96.0,96.0,96.0,96.0,95.783333333,95.0,95.266666667,96.866666667,95.85,95.0,95.216666667,96.233333333
m22_gpu6,gpu,utilization,96.0,96.0,96.0,93.833333333,86.366666667,89.733333333,95.783333333,95.0,94.066666667,89.066666667,95.25,92.2,96.133333333,93.7
m22_gpu7,gpu,utilization,96.866666667,95.833333333,95.4,97.0,97.0,96.783333333,96.216666667,97.0,96.866666667,96.133333333,96.85,96.2,96.783333333,96.233333333
