name,machine_type,trace,-10,-9,-8,-7,-6,-5,-4,-3,-2,-1,0,1,2,3
m17_gpu2,gpu,utilization,43.2,61.4,55.333333333,42.6,43.933333333,60.65,58.9,69.666666667,20.0,54.833333333,42.233333333,37.7,62.266666667,46.933333333
m17_gpu5,gpu,utilization,47.0,57.866666667,59.2,45.0,49.333333333,66.75,61.5,37.933333333,16.333333333,59.566666667,32.983333333,41.85,67.533333333,53.666666667
m17_gpu6,gpu,utilization,42.6,56.4,55.4,36.6,44.266666667,61.5,60.8,34.066666667,7.4,53.483333333,36.15,48.55,66.733333333,47.333333333
m17_gpu7,gpu,utilization,44.8,63.4,48.466666667,34.8,42.633333333,48.65,56.7,67.333333333,26.733333333,49.383333333,63.266666667,43.6,62.533333333,51.266666667
