name,machine_type,trace,-10,-9,-8,-7,-6,-5,-4,-3,-2,-1,0,1,2,3
m11_gpu0,gpu,utilization,56.5,61.85,43.7,72.333333333,59.666666667,76.45,78.7,69.3,42.7,66.666666667,20.25,58.833333333,46.733333333,72.066666667
m11_gpu1,gpu,utilization,57.55,65.233333333,23.15,71.333333333,58.116666667,69.15,56.6,64.533333333,21.65,69.333333333,29.733333333,57.75,55.2,67.1
m11_gpu2,gpu,utilization,0.0,0.0,0.0,0.0,14.666666667,75.8,55.3,74.733333333,71.033333333,42.833333333,58.283333333,67.333333333,59.066666667,56.4
m11_gpu3,gpu,utilization,0.0,0.0,0.0,0.0,7.5166666667,42.65,56.2,77.433333333,65.083333333,62.166666667,68.933333333,74.333333333,56.0,67.183333333
m11_gpu4,gpu,utilization,0.0,0.0,0.0,0.0,14.3,74.4,57.9,79.633333333,67.366666667,26.333333333,58.233333333,59.666666667,56.0,65.15
m11_gpu5,gpu,utilization,57.3,68.533333333,20.7,67.066666667,56.933333333,68.35,61.4,63.633333333,24.0,70.333333333,56.65,54.0,53.166666667,47.808333333
m11_gpu6,gpu,utilization,56.65,61.916666667,36.7,66.25,57.666666667,72.8,66.9,65.95,45.416666667,61.833333333,7.0666666667,52.916666667,51.566666667,56.283333333
m11_gpu7,gpu,utilization,0.0,0.0,0.0,0.0,14.483333333,74.95,56.35,79.166666667,59.633333333,17.0,57.116666667,57.75,55.033333333,64.641666667
