name,machine_type,trace,-10,-9,-8,-7,-6,-5,-4,-3,-2,-1,0,1,2,3
m171_gpu0,gpu,utilization,98.566666667,72.45,40.55,99.0,97.333333333,98.366666667,99.4,99.3,98.3,99.283333333,100.0,99.633333333,97.95,97.533333333
m171_gpu1,gpu,utilization,100.0,90.5,79.5,99.0,98.0,99.633333333,98.6,98.7,100.0,100.0,100.0,99.633333333,98.3,98.15
m171_gpu2,gpu,utilization,100.0,68.333333333,31.666666667,100.0,100.0,100.0,100.0,100.0,99.7,99.283333333,99.05,97.733333333,99.35,99.616666667
m171_gpu3,gpu,utilization,98.566666667,68.333333333,31.033333333,98.666666667,99.333333333,98.366666667,99.4,99.3,98.3,98.433333333,97.95,99.633333333,99.35,99.616666667
m171_gpu4,gpu,utilization,98.566666667,90.183333333,78.816666667,100.0,100.0,100.0,100.0,100.0,100.0,100.0,100.0,100.0,100.0,100.0
m171_gpu5,gpu,utilization,98.283333333,92.983333333,86.333333333,99.0,98.0,99.633333333,98.2,97.7,99.0,99.283333333,100.0,99.633333333,99.35,100.0
m171_gpu6,gpu,utilization,98.566666667,80.05,56.316666667,97.666666667,98.0,100.0,99.2,98.7,99.7,99.283333333,100.0,99.633333333,99.35,99.616666667
m171_gpu7,gpu,utilization,100.0,68.333333333,31.666666667,100.0,98.666666667,97.1,59.4,35.0,99.7,99.283333333,100.0,99.633333333,64.35,38.333333333
