name,machine_type,trace,-10,-9,-8,-7,-6,-5,-4,-3,-2,-1,0,1,2,3
m302_gpu0,gpu,utilization,20.4,72.0,72.0,72.0,72.316666667,72.65,73.333333333,74.666666667,72.0,72.0,72.0,72.0,72.0,72.0
m302_gpu1,gpu,utilization,20.116666667,71.333333333,72.0,71.7,71.0,71.0,72.666666667,74.333333333,71.0,71.416666667,72.0,72.0,71.583333333,71.0
m302_gpu2,gpu,utilization,19.833333333,70.333333333,71.283333333,71.4,70.0,70.35,72.333333333,73.666666667,71.0,71.0,71.0,71.0,71.0,41.416666667
m302_gpu3,gpu,utilization,19.833333333,70.0,70.0,70.0,70.316666667,71.0,47.333333333,23.333333333,70.0,70.416666667,71.0,71.0,70.583333333,70.416666667
