name,machine_type,trace,-10,-9,-8,-7,-6,-5,-4,-3,-2,-1,0,1,2,3
m30_gpu0,gpu,utilization,4.1666666667,13.8,91.7,90.8,95.5,90.916666667,90.466666667,87.733333333,7.6666666667,92.0,94.066666667,94.066666667,91.883333333,10.925
m30_gpu2,gpu,utilization,74.166666667,14.4,95.55,92.733333333,91.0,91.0,91.116666667,85.866666667,0.0,6.1333333333,91.483333333,91.483333333,91.983333333,62.075
m30_gpu5,gpu,utilization,92.0,78.2,0.0,11.066666667,83.7,90.083333333,90.883333333,84.0,7.75,92.8,88.966666667,88.966666667,71.6,90.0
m30_gpu7,gpu,utilization,77.5,13.95,79.05,0.0,0.0,7.6666666667,92.35,88.666666667,8.0,95.933333333,93.966666667,93.966666667,89.6,51.2
m113_gpu1,gpu,utilization,16.5,99.0,97.95,93.066666667,99.1,91.75,98.833333333,90.2,93.0,93.4,92.8,92.8,65.833333333,96.15
m113_gpu3,gpu,utilization,16.5,98.85,96.5,89.6,98.8,89.0,98.716666667,89.133333333,91.25,94.333333333,92.8,92.8,59.083333333,96.625
m113_gpu5,gpu,utilization,16.5,98.85,98.0,98.133333333,98.2,90.5,85.0,85.4,91.0,91.533333333,94.35,94.35,3.0166666667,95.725
m113_gpu7,gpu,utilization,16.5,99.0,98.85,98.133333333,98.2,90.333333333,83.466666667,87.266666667,91.0,91.533333333,94.866666667,94.866666667,3.0333333333,95.725
