name,machine_type,trace,-10,-9,-8,-7,-6,-5,-4,-3,-2,-1,0,1,2,3
m364_gpu2,gpu,utilization,89.15,80.016666667,68.6,57.2,78.25,88.2,89.733333333,89.25,89.0,89.7,90.0,90.0,85.9,87.416666667
m406_gpu0,gpu,utilization,83.75,92.533333333,81.466666667,15.6,47.25,62.266666667,64.933333333,66.0,58.3,71.1,65.7,58.666666667,73.033333333,65.65
