name,machine_type,trace,-10,-9,-8,-7,-6,-5,-4,-3,-2,-1,0,1,2,3
m227_gpu0,gpu,utilization,60.0,100.0,100.0,93.4,64.066666667,100.0,88.3,60.4,100.0,100.0,82.583333333,59.25,93.333333333,99.683333333
m227_gpu1,gpu,utilization,83.333333333,100.0,100.0,95.65,76.316666667,100.0,87.866666667,58.933333333,100.0,100.0,81.0,59.0,100.0,100.0
m227_gpu2,gpu,utilization,80.0,100.0,100.0,95.05,73.05,100.0,88.083333333,59.666666667,100.0,100.0,81.633333333,60.366666667,100.0,100.0
m227_gpu3,gpu,utilization,74.166666667,100.0,100.0,93.85,66.516666667,100.0,87.65,58.2,100.0,100.0,80.366666667,57.633333333,100.0,100.0
m227_gpu4,gpu,utilization,78.333333333,100.0,100.0,96.55,81.216666667,100.0,88.3,60.4,100.0,100.0,82.266666667,54.133333333,84.0,100.0
m227_gpu5,gpu,utilization,85.0,100.0,100.0,100.0,100.0,100.0,88.083333333,59.666666667,100.0,100.0,81.95,61.05,100.0,100.0
m227_gpu6,gpu,utilization,79.166666667,100.0,100.0,97.15,84.483333333,100.0,88.3,60.4,100.0,100.0,82.9,57.716666667,88.666666667,100.0
m227_gpu7,gpu,utilization,83.333333333,100.0,96.4,71.2,68.15,100.0,88.083333333,59.666666667,100.0,100.0,82.266666667,61.733333333,100.0,100.0
