name,machine_type,trace,-10,-9,-8,-7,-6,-5,-4,-3,-2,-1,0,1,2,3
m346_gpu0,gpu,utilization,89.0,88.466666667,89.933333333,88.4,88.35,92.066666667,92.933333333,93.066666667,91.0,90.5,90.0,88.933333333,91.3,89.466666667
m346_gpu1,gpu,utilization,87.65,87.4,83.1,82.7,92.766666667,93.466666667,88.9,91.033333333,83.233333333,55.5,62.9,90.6,55.7,56.033333333
m346_gpu5,gpu,utilization,91.75,88.2,66.35,56.2,44.583333333,50.666666667,95.033333333,87.716666667,87.766666667,94.5,91.933333333,79.866666667,76.5,84.966666667
m346_gpu7,gpu,utilization,86.85,70.733333333,55.183333333,73.1,67.05,73.333333333,95.166666667,84.2,84.766666667,88.0,88.133333333,92.0,94.75,91.333333333
