name,machine_type,trace,-10,-9,-8,-7,-6,-5,-4,-3,-2,-1,0,1,2,3
m201_gpu0,gpu,utilization,67.0,45.866666667,15.633333333,66.0,49.35,15.866666667,67.4,53.083333333,13.566666667,64.133333333,10.0,73.833333333,59.583333333,4.6
m201_gpu4,gpu,utilization,16.5,45.15,17.266666667,71.0,48.566666667,0.23333333333,12.6,48.183333333,11.733333333,55.466666667,7.0666666667,55.333333333,66.916666667,5.0
m201_gpu5,gpu,utilization,18.25,50.166666667,16.8,72.0,56.4,0.23333333333,14.8,57.166666667,12.65,59.8,7.2,54.35,52.25,4.1333333333
m201_gpu6,gpu,utilization,17.75,46.583333333,16.333333333,69.5,53.266666667,0.46666666667,14.4,52.266666667,11.916666667,56.333333333,9.6,72.233333333,67.833333333,4.4
