name,machine_type,trace,-10,-9,-8,-7,-6,-5,-4,-3,-2,-1,0,1,2,3
m323_gpu0,gpu,utilization,98.7,97.716666667,97.9,87.966666667,74.6,98.333333333,97.9,96.383333333,98.15,98.85,97.866666667,98.616666667,98.866666667,99.533333333
m323_gpu1,gpu,utilization,98.0,97.716666667,97.9,88.916666667,76.55,98.333333333,97.533333333,95.766666667,98.15,98.85,97.433333333,98.0,98.866666667,99.533333333
m323_gpu2,gpu,utilization,99.3,99.15,97.0,79.9,62.95,99.666666667,96.8,94.533333333,97.383333333,97.616666667,98.3,99.233333333,98.433333333,99.0
m323_gpu3,gpu,utilization,98.0,98.0,97.7,86.55,76.25,99.0,97.533333333,95.766666667,98.15,100.0,99.133333333,98.0,97.566666667,97.933333333
m323_gpu4,gpu,utilization,98.0,97.716666667,97.9,68.333333333,34.3,98.0,96.533333333,95.15,97.766666667,98.233333333,97.433333333,98.0,98.866666667,99.533333333
m323_gpu5,gpu,utilization,98.0,97.716666667,97.9,68.333333333,34.3,98.333333333,97.166666667,95.533333333,98.383333333,98.233333333,97.433333333,98.0,98.866666667,99.533333333
m323_gpu6,gpu,utilization,98.7,97.716666667,97.3,80.9,63.6,99.666666667,96.8,94.533333333,97.383333333,97.616666667,98.3,99.233333333,98.0,98.466666667
m323_gpu7,gpu,utilization,97.9,100.0,70.0,20.9,77.55,99.0,98.633333333,60.433333333,38.333333333,98.85,97.433333333,98.0,97.566666667,97.933333333
