name,machine_type,trace,-10,-9,-8,-7,-6,-5,-4,-3,-2,-1,0,1,2,3
m233_gpu1,gpu,utilization,90.0,83.7,94.266666667,17.6,11.433333333,75.2,93.2,95.866666667,82.933333333,94.35,95.983333333,3.1666666667,92.933333333,35.4
m233_gpu2,gpu,utilization,91.0,91.9,95.466666667,50.266666667,17.95,82.7,94.1,94.933333333,91.266666667,94.8,95.0,3.1666666667,92.733333333,26.5
m233_gpu5,gpu,utilization,89.733333333,81.0,93.866666667,17.6,17.966666667,69.6,92.4,94.933333333,93.133333333,94.9,95.983333333,3.1666666667,94.0,65.3
m233_gpu7,gpu,utilization,88.933333333,95.4,96.0,17.6,22.866666667,4.2,83.7,95.8,93.2,4.65,94.4,0.0,2.1333333333,61.6
