name,machine_type,trace,-10,-9,-8,-7,-6,-5,-4,-3,-2,-1,0,1,2,3
m373_gpu1,gpu,utilization,17.966666667,75.133333333,98.0,98.0,23.583333333,72.666666667,98.0,31.033333333,66.966666667,98.0,98.0,56.0,81.0,98.0
m373_gpu4,gpu,utilization,17.783333333,75.133333333,98.0,98.0,29.066666667,74.533333333,98.0,31.033333333,66.966666667,98.0,98.0,40.6,74.766666667,98.0
m373_gpu5,gpu,utilization,17.966666667,75.133333333,21.233333333,76.766666667,98.0,98.0,98.0,31.033333333,66.966666667,98.0,98.0,79.8,89.916666667,97.7
m373_gpu7,gpu,utilization,17.966666667,75.133333333,98.0,98.0,98.0,98.0,98.0,31.033333333,66.966666667,98.0,98.0,63.7,84.116666667,29.4
