name,machine_type,trace,-10,-9,-8,-7,-6,-5,-4,-3,-2,-1,0,1,2,3
m395_gpu0,gpu,utilization,91.0,91.0,91.0,91.0,91.0,91.0,91.0,91.0,91.0,37.966666667,60.9,91.0,91.0,89.7
m395_gpu1,gpu,utilization,90.25,90.0,90.716666667,90.3,90.0,90.633333333,80.516666667,84.766666667,91.0,35.5,59.5,90.35,90.65,91.0
m395_gpu2,gpu,utilization,90.25,90.716666667,91.0,91.0,89.7,90.266666667,58.933333333,71.933333333,91.0,37.966666667,23.2,68.75,89.95,91.0
m395_gpu3,gpu,utilization,89.5,90.433333333,91.0,91.0,91.0,91.0,86.683333333,87.8,90.616666667,36.733333333,60.2,91.0,91.0,91.0
m395_gpu4,gpu,utilization,91.0,91.0,91.0,91.0,91.0,91.0,81.133333333,84.5,90.616666667,35.5,59.5,90.35,90.65,91.0
m395_gpu5,gpu,utilization,91.0,91.0,90.283333333,90.7,91.0,91.0,91.0,91.0,89.15,37.433333333,58.65,89.6,90.35,90.65
m395_gpu6,gpu,utilization,91.75,92.0,92.0,92.0,92.0,92.0,67.333333333,77.333333333,92.0,77.816666667,83.95,92.0,92.0,91.35
m395_gpu7,gpu,utilization,92.0,92.0,92.0,92.0,92.0,92.0,69.183333333,78.433333333,91.383333333,35.5,60.15,92.0,92.0,92.0
