name,machine_type,trace,-10,-9,-8,-7,-6,-5,-4,-3,-2,-1,0,1,2,3
m381_gpu0,gpu,utilization,34.4,40.716666667,12.3,0.0,0.0,0.0,31.333333333,10.666666667,0.0,0.0,12.8,3.4666666667,0.0,33.683333333
m381_gpu1,gpu,utilization,33.466666667,40.716666667,12.3,0.0,0.0,0.0,31.333333333,10.666666667,0.0,0.0,11.2,3.0333333333,0.0,33.683333333
m381_gpu2,gpu,utilization,33.633333333,40.433333333,12.3,0.0,0.0,0.0,32.116666667,10.933333333,0.0,0.0,12.0,3.25,0.0,34.466666667
m381_gpu3,gpu,utilization,21.966666667,36.466666667,12.3,0.0,0.0,0.0,32.116666667,10.933333333,0.0,0.0,12.8,3.4666666667,0.0,32.116666667
