name,machine_type,trace,-10,-9,-8,-7,-6,-5,-4,-3,-2,-1,0,1,2,3
m157_gpu0,gpu,utilization,68.45,57.75,54.8,80.6,79.05,53.9,51.366666667,60.133333333,53.2,39.533333333,42.7,61.2,67.45,68.566666667
m157_gpu1,gpu,utilization,0.0,0.0,0.0,0.0,0.0,0.0,0.0,0.0,0.0,0.0,0.0,0.0,0.0,0.0
