name,machine_type,trace,-10,-9,-8,-7,-6,-5,-4,-3,-2,-1,0,1,2,3
m68_gpu0,gpu,utilization,85.25,90.7,89.6,89.0,77.533333333,82.8,87.0,89.1,80.683333333,75.5,73.533333333,73.733333333,75.433333333,74.6
m68_gpu1,gpu,utilization,76.25,78.1,81.1,82.0,78.416666667,77.7,78.733333333,76.9,81.733333333,79.5,79.466666667,76.333333333,76.433333333,77.0
