name,machine_type,trace,-10,-9,-8,-7,-6,-5,-4,-3,-2,-1,0,1,2,3
m277_gpu0,gpu,utilization,0.0,12.35,26.65,0.0,0.0,0.0,0.0,0.0,0.0,0.0,0.0,0.0,13.5,30.75
m277_gpu1,gpu,utilization,0.0,12.983333333,28.016666667,0.0,0.0,0.0,0.0,0.0,0.0,0.0,0.0,0.0,12.3,28.016666667
m277_gpu2,gpu,utilization,0.0,10.766666667,23.233333333,0.0,0.0,0.0,0.0,0.0,0.0,0.0,0.0,0.0,13.5,30.75
m277_gpu3,gpu,utilization,0.0,12.033333333,25.966666667,0.0,0.0,0.0,0.0,0.0,0.0,0.0,0.0,0.0,14.4,32.8
m277_gpu4,gpu,utilization,0.0,12.033333333,25.966666667,0.0,0.0,0.0,0.0,0.0,0.0,0.0,0.0,0.0,13.8,31.433333333
m277_gpu5,gpu,utilization,0.0,15.516666667,33.483333333,0.0,0.0,0.0,0.0,0.0,0.0,0.0,0.0,0.0,14.4,32.8
m277_gpu6,gpu,utilization,0.0,11.083333333,23.916666667,0.0,0.0,0.0,0.0,0.0,0.0,0.0,0.0,0.0,12.3,28.016666667
m277_gpu7,gpu,utilization,0.0,11.4,24.6,0.0,0.0,0.0,0.0,0.0,0.0,0.0,0.0,0.0,13.2,30.066666667
