name,machine_type,trace,-10,-9,-8,-7,-6,-5,-4,-3,-2,-1,0,1,2,3
m168_gpu0,gpu,utilization,30.983333333,7.15,80.033333333,91.333333333,89.133333333,72.216666667,63.7,3.15,81.2,68.0,64.25,5.3333333333,0.0,0.0
m168_gpu2,gpu,utilization,17.266666667,23.9,26.633333333,18.666666667,32.6,17.333333333,6.0,35.4,29.533333333,35.65,32.333333333,15.5,28.733333333,32.8
