name,machine_type,trace,-10,-9,-8,-7,-6,-5,-4,-3,-2,-1,0,1,2,3
m111_gpu0,gpu,utilization,99.0,98.183333333,98.0,98.0,97.1,98.833333333,99.0,99.0,97.233333333,97.0,97.85,98.883333333,97.233333333,55.35
m111_gpu1,gpu,utilization,97.0,97.816666667,98.0,98.0,99.8,97.25,98.766666667,99.0,99.883333333,95.583333333,97.55,97.116666667,97.0,32.4
m111_gpu2,gpu,utilization,97.0,97.0,97.833333333,97.133333333,97.0,97.0,97.883333333,98.866666667,99.883333333,97.35,98.7,97.233333333,98.766666667,33.55
m111_gpu3,gpu,utilization,96.5,95.183333333,97.5,97.133333333,97.0,97.0,97.883333333,98.0,99.766666667,97.35,50.25,90.583333333,99.65,33.7
m111_gpu4,gpu,utilization,99.5,97.55,97.833333333,96.266666667,96.9,98.833333333,99.0,99.0,98.116666667,98.0,98.85,97.233333333,97.0,14.55
m111_gpu5,gpu,utilization,100.0,98.366666667,98.0,96.266666667,98.7,99.916666667,99.116666667,98.133333333,97.116666667,97.0,99.55,100.0,97.35,20.5
m111_gpu6,gpu,utilization,97.166666667,97.0,98.666666667,97.266666667,97.0,97.916666667,98.883333333,99.0,99.883333333,97.35,98.7,98.116666667,99.766666667,28.6
m111_gpu7,gpu,utilization,99.5,97.55,97.0,95.266666667,9.5,0.0,87.45,98.133333333,96.233333333,96.883333333,14.55,0.0,84.8,23.75
