name,machine_type,trace,-10,-9,-8,-7,-6,-5,-4,-3,-2,-1,0,1,2,3
m9_gpu0,gpu,utilization,13.866666667,49.083333333,49.083333333,34.5,74.8,49.5,6.6,0.0,0.0,28.5,88.0,45.633333333,9.2,40.8
m9_gpu1,gpu,utilization,50.133333333,11.366666667,11.366666667,29.5,64.316666667,50.65,25.8,15.2,0.0,28.2,81.333333333,34.533333333,36.033333333,94.0
m9_gpu2,gpu,utilization,50.133333333,49.083333333,49.083333333,47.0,94.0,56.65,35.8,46.233333333,0.0,10.5,55.0,58.583333333,36.033333333,94.0
m9_gpu3,gpu,utilization,50.133333333,17.566666667,17.566666667,47.0,81.433333333,42.35,6.6,0.0,31.333333333,77.8,58.333333333,58.583333333,16.483333333,53.15
m9_gpu4,gpu,utilization,2.1333333333,6.7166666667,6.7166666667,45.0,87.1,50.7,26.8,32.933333333,31.333333333,65.8,24.0,44.4,36.033333333,92.6
m9_gpu5,gpu,utilization,28.266666667,29.45,29.45,26.0,54.9,36.4,15.2,14.566666667,25.333333333,58.9,44.0,89.016666667,85.983333333,69.5
m9_gpu6,gpu,utilization,25.6,32.55,32.55,34.5,35.65,4.95,36.6,47.5,0.0,22.5,70.0,37.0,36.416666667,65.6
m9_gpu7,gpu,utilization,50.133333333,49.083333333,49.083333333,41.0,62.666666667,27.6,6.0,0.0,0.0,16.2,67.0,57.35,36.033333333,63.55
