name,machine_type,trace,-10,-9,-8,-7,-6,-5,-4,-3,-2,-1,0,1,2,3
m237_gpu3,gpu,utilization,0.0,6.4,95.666666667,91.816666667,97.666666667,96.266666667,96.8,90.1,91.4,96.491666667,96.491666667,3.2,88.5,95.7
m237_gpu4,gpu,utilization,0.0,6.4,95.333333333,85.883333333,87.166666667,97.866666667,96.85,96.3,99.0,99.0,99.0,3.3,82.6,95.4
m237_gpu5,gpu,utilization,0.0,6.4,95.466666667,87.533333333,85.833333333,95.266666667,96.85,96.3,99.0,99.0,99.0,3.3,82.6,94.45
m237_gpu6,gpu,utilization,0.0,5.0666666667,76.2,81.333333333,98.5,96.4,97.05,85.3,80.2,90.391666667,90.391666667,2.8,82.6,95.4
