name,machine_type,trace,-10,-9,-8,-7,-6,-5,-4,-3,-2,-1,0,1,2,3
m23_gpu0,gpu,utilization,97.0,77.183333333,30.5,41.683333333,86.5,96.483333333,96.55,95.966666667,92.8,50.7,24.0,68.066666667,94.866666667,95.266666667
m23_gpu2,gpu,utilization,97.0,75.25,52.0,63.366666667,85.5,88.733333333,90.9,97.966666667,97.0,55.666666667,13.0,57.0,97.4,96.566666667
m23_gpu3,gpu,utilization,97.0,75.25,33.0,56.883333333,97.0,95.966666667,92.25,81.733333333,86.1,73.266666667,52.0,74.933333333,95.533333333,97.133333333
m23_gpu4,gpu,utilization,94.866666667,72.833333333,25.5,37.066666667,82.5,97.0,98.1,97.966666667,97.55,47.366666667,15.5,67.266666667,97.933333333,87.366666667
