name,machine_type,trace,-10,-9,-8,-7,-6,-5,-4,-3,-2,-1,0,1,2,3
m395_gpu0,gpu,utilization,81.9,0.0,9.1,91.0,90.866666667,90.116666667,91.0,91.0,91.0,91.0,91.0,91.0,91.0,91.0
m395_gpu1,gpu,utilization,81.9,0.0,9.1,91.0,90.866666667,90.116666667,91.0,90.933333333,90.083333333,91.0,91.0,91.0,91.0,91.0
m395_gpu2,gpu,utilization,81.9,0.0,9.1,91.0,91.0,91.0,91.0,91.0,91.0,91.0,91.0,91.0,91.0,91.0
m395_gpu3,gpu,utilization,81.9,0.0,9.1,91.0,91.0,91.0,91.0,91.0,91.0,90.833333333,89.133333333,91.0,91.0,91.0
m395_gpu4,gpu,utilization,81.9,0.0,9.1,91.0,91.0,91.0,91.0,91.0,91.0,91.0,91.0,91.0,91.0,91.0
m395_gpu5,gpu,utilization,81.0,0.0,9.1,91.0,90.866666667,90.0,90.116666667,88.066666667,50.666666667,91.0,91.0,91.0,90.933333333,90.1
m395_gpu6,gpu,utilization,82.8,0.0,9.1,91.1,91.866666667,91.116666667,92.0,92.0,84.333333333,7.6666666667,92.0,92.0,86.0,11.0
m395_gpu7,gpu,utilization,82.8,0.0,9.2,92.0,92.0,92.0,92.0,92.0,84.333333333,7.5,90.133333333,92.0,91.933333333,91.1
