name,machine_type,trace,-10,-9,-8,-7,-6,-5,-4,-3,-2,-1,0,1,2,3
m409_gpu4,gpu,utilization,59.766666667,32.2,39.266666667,32.0,23.6,61.616666667,36.0,28.766666667,32.0,64.0,66.75,78.15,63.616666667,75.416666667
m409_gpu5,gpu,utilization,70.533333333,100.0,100.0,56.0,29.6,31.683333333,24.916666667,63.933333333,64.2,74.35,59.166666667,11.5,33.3,80.833333333
m409_gpu6,gpu,utilization,60.333333333,30.533333333,27.8,37.1,45.8,78.916666667,72.0,38.4,29.2,59.15,34.583333333,43.783333333,49.416666667,73.333333333
m409_gpu7,gpu,utilization,61.0,72.266666667,58.666666667,70.75,29.2,37.616666667,68.583333333,55.3,55.4,54.0,41.5,51.95,23.0,58.333333333
m16_gpu1,gpu,utilization,83.966666667,46.666666667,53.333333333,100.0,76.6,23.383333333,22.75,51.466666667,84.4,70.85,77.916666667,92.6,85.533333333,93.333333333
m16_gpu2,gpu,utilization,55.3,52.066666667,56.066666667,31.95,27.6,79.3,72.583333333,79.633333333,70.0,62.65,82.916666667,54.85,74.316666667,100.0
m16_gpu3,gpu,utilization,19.933333333,21.866666667,19.133333333,17.05,28.6,72.016666667,57.416666667,68.366666667,100.0,59.3,41.166666667,62.483333333,65.916666667,58.75
m16_gpu6,gpu,utilization,45.766666667,57.533333333,86.933333333,67.55,39.2,76.233333333,84.833333333,43.4,20.6,30.35,74.166666667,42.65,4.5333333333,13.5
