name,machine_type,trace,-10,-9,-8,-7,-6,-5,-4,-3,-2,-1,0,1,2,3
m0_gpu0,gpu,utilization,89.283333333,90.0,90.0,90.0,90.0,90.0,90.0,90.0,67.5,22.5,90.0,90.0,90.0,90.0
m0_gpu1,gpu,utilization,90.0,90.0,90.0,90.0,90.0,90.0,90.0,89.533333333,88.5,90.0,90.0,90.0,90.0,90.0
m0_gpu2,gpu,utilization,90.0,90.0,90.0,90.0,90.0,90.0,90.0,90.0,67.5,22.5,90.0,90.0,90.0,90.0
m0_gpu3,gpu,utilization,89.0,89.0,89.0,89.0,89.0,89.0,89.0,89.233333333,67.5,22.25,89.0,89.0,89.0,89.25
m0_gpu4,gpu,utilization,90.0,90.0,88.866666667,87.2,90.0,90.0,90.0,90.0,90.0,90.0,90.0,90.0,90.0,90.0
m0_gpu5,gpu,utilization,89.0,89.316666667,90.0,89.7,89.3,90.0,89.733333333,89.233333333,89.75,89.0,89.3,89.733333333,89.0,89.25
m0_gpu6,gpu,utilization,91.0,91.0,91.0,90.7,90.3,91.0,66.733333333,21.233333333,68.25,22.75,91.0,91.0,91.0,91.0
m0_gpu7,gpu,utilization,91.0,91.0,91.0,91.0,91.0,91.0,66.733333333,21.233333333,68.25,22.75,91.0,91.0,91.0,91.0
