name,machine_type,trace,-10,-9,-8,-7,-6,-5,-4,-3,-2,-1,0,1,2,3
m133_gpu3,gpu,utilization,24.633333333,14.7,27.533333333,14.0,14.0,14.933333333,28.0,28.0,25.9,14.0,14.8,26.1,27.766666667,14.0
m133_gpu5,gpu,utilization,28.0,28.0,27.533333333,14.0,14.733333333,24.666666667,20.933333333,28.0,28.0,25.2,0.0,0.0,0.0,0.0
m91_gpu1,gpu,utilization,25.6,14.0,14.466666667,27.933333333,26.666666667,21.466666667,14.0,14.0,14.0,14.5,19.6,27.8,24.066666667,28.0
m91_gpu4,gpu,utilization,14.466666667,28.0,27.533333333,14.0,14.0,14.6,21.95,14.0,14.0,14.9,23.333333333,27.3,14.066666667,18.55
