name,machine_type,trace,-10,-9,-8,-7,-6,-5,-4,-3,-2,-1,0,1,2,3
m22_gpu0,gpu,utilization,82.583333333,100.0,100.0,91.666666667,0.0,0.0,13.333333333,100.0,100.0,100.0,100.0,100.0,100.0,100.0
m22_gpu1,gpu,utilization,67.916666667,100.0,100.0,91.666666667,0.0,0.0,13.333333333,100.0,100.0,100.0,100.0,100.0,97.458333333,97.458333333
m22_gpu2,gpu,utilization,88.083333333,100.0,100.0,91.666666667,0.0,0.0,13.333333333,100.0,100.0,100.0,100.0,100.0,86.275,86.275
m22_gpu3,gpu,utilization,52.333333333,100.0,100.0,91.666666667,0.0,0.0,13.333333333,100.0,100.0,100.0,100.0,100.0,94.916666667,94.916666667
m22_gpu4,gpu,utilization,56.0,100.0,100.0,91.666666667,0.0,0.0,13.333333333,100.0,100.0,100.0,100.0,100.0,100.0,100.0
m22_gpu5,gpu,utilization,65.166666667,100.0,100.0,91.666666667,0.0,0.0,13.333333333,99.866666667,99.116666667,100.0,100.0,100.0,98.475,98.475
m22_gpu6,gpu,utilization,75.25,100.0,100.0,91.666666667,0.0,0.0,13.333333333,99.866666667,99.116666667,100.0,100.0,100.0,86.783333333,86.783333333
m22_gpu7,gpu,utilization,54.166666667,100.0,100.0,91.666666667,0.0,0.0,13.333333333,99.866666667,99.116666667,100.0,100.0,100.0,86.275,86.275
