name,machine_type,trace,-10,-9,-8,-7,-6,-5,-4,-3,-2,-1,0,1,2,3
m172_gpu1,gpu,utilization,6.5166666667,0.0,0.0,12.6,9.1,39.466666667,34.333333333,16.95,70.0,40.0,10.4,5.3333333333,30.4,17.6
m172_gpu2,gpu,utilization,38.333333333,62.7,37.95,60.0,100.0,100.0,99.433333333,96.533333333,98.0,40.0,60.45,31.0,0.0,0.0
m172_gpu3,gpu,utilization,5.75,0.0,0.0,0.0,0.0,52.8,58.766666667,29.233333333,12.0,60.0,44.75,5.0,56.366666667,32.633333333
m172_gpu4,gpu,utilization,91.716666667,36.3,7.4,12.0,61.866666667,52.533333333,12.7,18.933333333,19.0,66.8,42.8,70.666666667,36.666666667,63.333333333
