name,machine_type,trace,-10,-9,-8,-7,-6,-5,-4,-3,-2,-1,0,1,2,3
m43_gpu0,gpu,utilization,66.6,0.0,2.5666666667,76.866666667,75.066666667,76.9,74.95,69.066666667,5.0666666667,72.2,5.0,67.5,0.0,0.0
m43_gpu1,gpu,utilization,7.5,74.95,74.0,69.066666667,2.4666666667,70.3,0.0,5.0,74.933333333,74.05,75.133333333,76.8,67.5,10.0
