name,machine_type,trace,-10,-9,-8,-7,-6,-5,-4,-3,-2,-1,0,1,2,3
m111_gpu0,gpu,utilization,78.783333333,100.0,100.0,54.983333333,68.366666667,92.533333333,92.5,99.483333333,100.0,100.0,71.066666667,69.516666667,99.533333333,100.0
m111_gpu1,gpu,utilization,75.3,100.0,100.0,67.933333333,77.466666667,84.0,84.5,99.483333333,93.066666667,93.5,73.866666667,72.416666667,99.533333333,100.0
m111_gpu2,gpu,utilization,69.916666667,100.0,100.0,38.333333333,56.666666667,100.0,99.5,99.483333333,100.0,100.0,74.333333333,72.9,99.533333333,100.0
m111_gpu3,gpu,utilization,73.4,100.0,100.0,38.333333333,56.666666667,100.0,100.0,100.0,95.733333333,96.0,74.8,73.383333333,99.533333333,100.0
m111_gpu4,gpu,utilization,86.066666667,100.0,100.0,52.516666667,66.633333333,100.0,99.5,99.483333333,100.0,100.0,74.8,73.383333333,99.533333333,100.0
m111_gpu5,gpu,utilization,80.05,100.0,100.0,56.833333333,69.666666667,100.0,99.5,99.483333333,100.0,100.0,73.866666667,72.416666667,99.533333333,100.0
m111_gpu6,gpu,utilization,74.35,100.0,100.0,77.8,84.4,70.666666667,72.0,99.483333333,100.0,100.0,73.866666667,72.416666667,99.533333333,100.0
m111_gpu7,gpu,utilization,83.85,100.0,100.0,85.2,89.6,69.066666667,70.5,99.483333333,100.0,100.0,73.4,71.933333333,99.533333333,100.0
