name,machine_type,trace,-10,-9,-8,-7,-6,-5,-4,-3,-2,-1,0,1,2,3
m208_gpu0,gpu,utilization,90.0,58.983333333,90.0,75.466666667,97.2,100.0,100.0,100.0,100.0,99.116666667,99.85,99.116666667,99.883333333,98.3
m208_gpu1,gpu,utilization,82.5,92.466666667,95.166666667,99.466666667,100.0,100.0,100.0,99.133333333,99.883333333,99.116666667,93.9,98.3,99.0,99.0
m208_gpu2,gpu,utilization,89.5,31.216666667,82.666666667,31.866666667,92.2,100.0,100.0,99.133333333,99.883333333,99.116666667,56.5,93.166666667,99.0,98.15
m208_gpu3,gpu,utilization,82.5,99.0,96.5,99.466666667,100.0,100.0,100.0,99.133333333,99.883333333,99.116666667,88.8,97.6,99.0,99.0
m208_gpu4,gpu,utilization,90.166666667,47.55,86.0,99.466666667,100.0,100.0,100.0,99.133333333,99.883333333,99.116666667,95.6,98.533333333,99.0,99.0
m208_gpu5,gpu,utilization,82.333333333,65.333333333,90.5,92.666666667,99.2,100.0,100.0,100.0,100.0,99.116666667,99.85,99.116666667,99.0,98.15
m208_gpu6,gpu,utilization,84.0,81.033333333,93.666666667,78.8,97.6,100.0,100.0,99.133333333,99.883333333,99.116666667,99.0,99.0,99.0,98.15
m208_gpu7,gpu,utilization,82.5,69.6,91.333333333,94.4,99.4,100.0,100.0,100.0,100.0,99.116666667,99.0,99.0,99.0,98.15
