name,machine_type,trace,-10,-9,-8,-7,-6,-5,-4,-3,-2,-1,0,1,2,3
m245_gpu0,gpu,utilization,0.0,34.533333333,39.466666667,22.533333333,69.2,94.233333333,58.9,32.0,68.0,30.0,19.066666667,24.2,40.6,50.4
m245_gpu1,gpu,utilization,39.866666667,87.8,44.266666667,38.566666667,90.6,57.35,0.0,34.4,76.8,37.8,34.233333333,84.85,80.883333333,79.266666667
m245_gpu2,gpu,utilization,41.6,92.266666667,46.933333333,39.433333333,71.4,57.716666667,52.566666667,20.0,62.4,48.6,33.366666667,42.35,33.35,36.8
m245_gpu3,gpu,utilization,0.0,30.8,35.2,0.0,38.0,81.2,37.366666667,23.2,34.8,0.0,36.4,86.7,89.033333333,46.933333333
m245_gpu4,gpu,utilization,0.0,42.0,48.0,35.533333333,77.6,77.133333333,55.1,8.4,49.8,55.8,32.066666667,85.25,94.166666667,91.8
m245_gpu5,gpu,utilization,0.0,24.733333333,28.266666667,35.533333333,86.8,88.633333333,50.666666667,30.8,79.0,49.2,15.166666667,61.1,71.25,69.0
m245_gpu6,gpu,utilization,0.0,41.066666667,46.933333333,12.133333333,54.0,91.466666667,56.366666667,27.2,78.4,56.4,35.1,86.85,92.55,48.533333333
m245_gpu7,gpu,utilization,39.433333333,69.533333333,24.0,12.566666667,17.4,27.6,78.6,54.0,34.8,52.2,32.933333333,82.3,81.783333333,38.933333333
