name,machine_type,trace,-10,-9,-8,-7,-6,-5,-4,-3,-2,-1,0,1,2,3
m381_gpu0,gpu,utilization,76.75,80.25,89.0,89.0,89.516666667,89.533333333,89.0,89.0,89.0,89.0,89.0,89.0,89.0,89.0
m381_gpu1,gpu,utilization,52.833333333,63.75,90.0,90.0,43.5,41.533333333,89.0,89.0,89.4,90.0,90.0,90.0,90.0,89.516666667
m381_gpu2,gpu,utilization,76.166666667,79.833333333,89.0,89.0,89.516666667,89.533333333,89.0,89.0,89.0,89.0,89.0,89.0,89.0,89.0
m381_gpu3,gpu,utilization,55.0,64.416666667,89.566666667,89.45,43.016666667,41.533333333,89.0,89.0,89.0,89.383333333,89.583333333,89.45,89.516666667,89.0
m381_gpu4,gpu,utilization,61.416666667,69.583333333,90.0,89.45,89.0,89.466666667,90.0,89.583333333,89.0,89.0,89.0,89.0,89.0,89.483333333
m381_gpu5,gpu,utilization,86.666666667,87.333333333,89.0,89.0,43.016666667,41.533333333,89.0,89.0,89.0,89.0,89.0,89.0,89.0,89.0
m381_gpu6,gpu,utilization,79.333333333,82.666666667,91.0,91.0,43.983333333,42.466666667,91.0,91.0,91.0,91.0,91.0,91.0,91.0,91.0
m381_gpu7,gpu,utilization,46.083333333,58.916666667,91.0,91.0,43.983333333,42.466666667,91.0,91.0,91.0,91.0,91.0,91.0,91.0,91.0
