name,machine_type,trace,-10,-9,-8,-7,-6,-5,-4,-3,-2,-1,0,1,2,3
m364_gpu3,gpu,utilization,1.6666666667,10.5,41.6,71.25,34.75,47.2,45.7,75.2,52.483333333,38.466666667,24.7,47.2,22.866666667,34.666666667
m364_gpu5,gpu,utilization,4.8,11.2,26.266666667,72.95,34.75,47.6,46.1,57.533333333,52.25,35.266666667,14.6,43.866666667,2.7333333333,40.533333333
m364_gpu6,gpu,utilization,1.7333333333,2.55,24.466666667,66.55,32.333333333,49.3,48.4,78.883333333,73.216666667,33.8,16.3,43.266666667,7.4,40.866666667
m364_gpu7,gpu,utilization,3.6,28.95,43.066666667,58.05,31.283333333,41.4,49.35,75.166666667,77.466666667,24.266666667,5.1,47.6,2.8666666667,44.0
