name,machine_type,trace,-10,-9,-8,-7,-6,-5,-4,-3,-2,-1,0,1,2,3
m244_gpu0,gpu,utilization,83.2,80.866666667,82.716666667,77.333333333,79.5,81.333333333,76.8,72.916666667,78.05,81.0,51.7,13.666666667,80.0,66.916666667
m244_gpu1,gpu,utilization,71.6,63.633333333,83.45,80.833333333,79.333333333,77.166666667,83.0,83.183333333,82.8,77.333333333,65.8,13.333333333,79.466666667,76.666666667
m244_gpu2,gpu,utilization,75.2,80.65,83.0,83.166666667,79.166666667,59.833333333,82.4,77.466666667,83.7,82.0,64.233333333,13.333333333,79.6,76.666666667
m244_gpu3,gpu,utilization,66.4,84.0,82.716666667,77.0,77.5,80.666666667,82.2,76.466666667,83.0,82.0,60.316666667,12.0,69.2,53.083333333
