name,machine_type,trace,-10,-9,-8,-7,-6,-5,-4,-3,-2,-1,0,1,2,3
m215_gpu0,gpu,utilization,66.766666667,73.75,57.5,51.5,61.316666667,85.466666667,63.95,34.916666667,35.333333333,45.416666667,59.066666667,61.866666667,45.666666667,40.8
m215_gpu1,gpu,utilization,13.9,10.75,32.1,35.3,18.766666667,22.733333333,40.4,42.416666667,38.916666667,29.25,12.6,17.833333333,26.0,35.3
m215_gpu2,gpu,utilization,24.2,21.5,34.166666667,25.4,6.8,7.5333333333,24.45,37.25,39.416666667,23.75,9.6666666667,20.266666667,28.333333333,39.3
m215_gpu3,gpu,utilization,27.833333333,30.333333333,12.266666667,11.933333333,24.333333333,35.4,38.8,33.916666667,26.916666667,26.833333333,29.233333333,38.533333333,36.0,37.75
m215_gpu4,gpu,utilization,35.7,39.333333333,23.0,22.516666667,28.716666667,39.2,36.35,29.083333333,32.416666667,32.166666667,35.333333333,38.8,35.0,39.2
m215_gpu5,gpu,utilization,34.4,38.0,36.133333333,40.883333333,33.133333333,43.066666667,42.35,30.916666667,29.25,28.916666667,38.566666667,48.033333333,36.0,37.75
m215_gpu6,gpu,utilization,33.0,21.833333333,29.566666667,28.516666667,36.783333333,46.4,52.95,50.666666667,41.916666667,35.583333333,28.8,37.166666667,34.0,37.85
m215_gpu7,gpu,utilization,33.266666667,19.0,27.3,21.75,32.6,51.4,56.15,50.833333333,42.166666667,35.083333333,25.233333333,34.533333333,33.0,39.2
