name,machine_type,trace,-10,-9,-8,-7,-6,-5,-4,-3,-2,-1,0,1,2,3
m33_gpu0,gpu,utilization,90.2,1.5,84.55,89.0,40.466666667,87.15,5.8666666667,81.0,92.65,89.333333333,81.533333333,92.2,87.4,89.7
m33_gpu2,gpu,utilization,96.5,1.6166666667,82.65,87.0,90.733333333,89.033333333,94.6,86.0,92.066666667,88.416666667,89.866666667,87.2,87.0,92.4
m33_gpu6,gpu,utilization,78.1,1.3,76.0,85.6,87.866666667,84.066666667,5.6,70.2,85.066666667,78.666666667,89.2,84.4,85.866666667,77.0
m33_gpu7,gpu,utilization,36.9,0.58333333333,78.85,86.733333333,83.266666667,81.033333333,84.733333333,86.8,29.583333333,84.333333333,85.333333333,81.266666667,75.4,80.4
