name,machine_type,trace,-10,-9,-8,-7,-6,-5,-4,-3,-2,-1,0,1,2,3
m403_gpu0,gpu,utilization,92.466666667,98.05,56.8,62.1,65.466666667,13.0,0.0,86.666666667,40.2,64.8,97.5,22.6,86.8,22.916666667
m403_gpu1,gpu,utilization,36.116666667,59.6,71.6,39.8,83.666666667,100.0,100.0,73.133333333,52.533333333,46.533333333,3.8333333333,90.0,14.2,88.45
m403_gpu2,gpu,utilization,0.0,0.0,40.0,17.8,1.8666666667,0.0,50.0,8.0,0.0,0.86666666667,29.416666667,5.0,54.866666667,13.533333333
m403_gpu3,gpu,utilization,0.0,25.066666667,79.2,21.233333333,0.0,0.0,1.6666666667,19.333333333,2.9333333333,0.0,29.333333333,4.1,66.866666667,8.9833333333
