name,machine_type,trace,-10,-9,-8,-7,-6,-5,-4,-3,-2,-1,0,1,2,3
m235_gpu0,gpu,utilization,32.733333333,61.4,63.266666667,39.0,38.766666667,37.4,36.4,15.7,39.55,37.666666667,44.466666667,68.166666667,68.666666667,38.4
m235_gpu1,gpu,utilization,27.116666667,33.4,79.066666667,37.7,34.766666667,33.4,31.2,3.8,37.85,37.0,39.4,52.833333333,36.533333333,8.2
m235_gpu3,gpu,utilization,30.75,47.6,77.133333333,37.3,39.533333333,36.533333333,35.733333333,11.0,38.0,38.666666667,44.8,62.333333333,52.066666667,14.1
m235_gpu5,gpu,utilization,36.65,37.8,69.666666667,36.9,35.883333333,34.2,25.133333333,4.0,40.0,40.333333333,42.0,42.0,36.4,7.4
