name,machine_type,trace,-10,-9,-8,-7,-6,-5,-4,-3,-2,-1,0,1,2,3
m51_gpu0,gpu,utilization,98.066666667,99.0,10.333333333,40.4,96.2,43.0,7.5,84.75,99.0,33.55,14.8,83.233333333,99.0,49.0
m51_gpu1,gpu,utilization,97.083333333,98.933333333,13.133333333,40.6,95.25,42.933333333,9.3,84.2,96.366666667,14.4,14.4,83.333333333,95.6,19.166666667
m51_gpu2,gpu,utilization,96.966666667,98.933333333,40.2,5.2,93.25,33.6,2.9,84.15,98.183333333,47.85,14.2,82.316666667,98.2,16.333333333
m51_gpu3,gpu,utilization,98.0,99.0,10.333333333,36.666666667,96.0,43.0,7.5,83.9,98.816666667,32.7,13.8,82.233333333,98.8,24.0
m51_gpu4,gpu,utilization,96.866666667,98.0,6.5333333333,37.333333333,96.05,35.533333333,17.5,86.55,95.733333333,48.25,37.6,86.816666667,98.0,48.0
m51_gpu5,gpu,utilization,97.016666667,98.0,10.266666667,36.666666667,96.0,44.866666667,33.8,88.25,98.816666667,42.05,9.6,81.583333333,99.0,36.5
m51_gpu6,gpu,utilization,97.083333333,98.933333333,13.133333333,40.6,96.2,6.6,5.4,85.05,99.0,36.95,22.0,83.883333333,98.8,49.0
m51_gpu7,gpu,utilization,98.066666667,99.0,29.933333333,34.333333333,95.8,43.0,23.7,87.45,99.0,15.7,29.0,86.633333333,98.8,29.0
