name,machine_type,trace,-10,-9,-8,-7,-6,-5,-4,-3,-2,-1,0,1,2,3
m327_gpu0,gpu,utilization,100.0,85.433333333,70.1,100.0,88.1,71.3,100.0,87.4,76.0,100.0,100.0,100.0,100.0,91.933333333
m327_gpu1,gpu,utilization,100.0,85.116666667,69.45,100.0,91.783333333,79.866666667,99.3,89.85,80.666666667,100.0,100.0,100.0,100.0,88.266666667
m327_gpu2,gpu,utilization,100.0,85.433333333,70.1,100.0,86.116666667,66.516666667,100.0,82.85,67.333333333,100.0,100.0,100.0,100.0,91.2
m327_gpu3,gpu,utilization,100.0,82.266666667,63.6,100.0,93.483333333,84.283333333,100.0,81.45,64.666666667,100.0,100.0,100.0,100.0,94.866666667
m327_gpu4,gpu,utilization,100.0,85.116666667,69.45,100.0,91.216666667,78.816666667,100.0,88.45,78.0,100.0,100.0,100.0,100.0,90.1
m327_gpu5,gpu,utilization,100.0,85.116666667,69.45,100.0,91.216666667,78.816666667,100.0,87.4,76.0,100.0,100.0,100.0,100.0,92.666666667
m327_gpu6,gpu,utilization,100.0,85.116666667,69.45,100.0,95.466666667,88.75,99.3,78.65,59.333333333,100.0,100.0,100.0,100.0,86.433333333
m327_gpu7,gpu,utilization,100.0,85.116666667,69.45,100.0,81.866666667,56.266666667,100.0,78.3,58.666666667,100.0,100.0,100.0,100.0,93.4
