name,machine_type,trace,-10,-9,-8,-7,-6,-5,-4,-3,-2,-1,0,1,2,3
m305_gpu0,gpu,utilization,0.0,0.0,0.0,0.0,0.0,0.0,0.0,0.0,0.0,0.0,0.0,0.0,0.0,0.0
m305_gpu5,gpu,utilization,0.0,0.0,0.0,0.0,0.0,0.0,0.0,0.0,0.0,0.0,0.0,0.0,0.0,0.0
m409_gpu5,gpu,utilization,94.3,99.1,99.133333333,99.0,99.0,99.933333333,98.133333333,31.733333333,19.533333333,5.2333333333,9.0,96.966666667,100.0,99.0
m409_gpu7,gpu,utilization,98.3,99.7,99.133333333,99.9,100.0,100.0,99.066666667,34.6,30.0,10.333333333,8.0,96.933333333,100.0,99.0
m0_gpu4,gpu,utilization,100.0,100.0,99.133333333,9.9,74.7,98.866666667,6.6666666667,93.333333333,100.0,1.6666666667,0.0,96.666666667,90.5,0.0
m0_gpu7,gpu,utilization,99.15,99.85,91.333333333,9.0,81.0,99.333333333,6.6666666667,83.066666667,99.266666667,1.6666666667,0.0,96.666666667,100.0,0.0
m175_gpu0,gpu,utilization,8.4,47.6,54.266666667,5.4,0.0,53.2,3.8,53.2,3.8,48.183333333,40.0,1.3333333333,0.0,9.0
m175_gpu6,gpu,utilization,0.0,0.0,79.733333333,9.2,5.4,0.4,85.866666667,92.0,6.1333333333,89.483333333,92.0,3.0666666667,0.0,0.0
