name,machine_type,trace,-10,-9,-8,-7,-6,-5,-4,-3,-2,-1,0,1,2,3
m81_gpu2,gpu,utilization,94.733333333,98.816666667,99.0,98.2,97.2,99.45,98.466666667,90.8,97.166666667,97.333333333,94.45,94.833333333,99.0,98.5
m81_gpu3,gpu,utilization,93.8,98.816666667,99.0,98.2,96.4,90.283333333,93.6,87.8,95.8,97.166666667,91.05,95.0,99.2,98.5
m81_gpu6,gpu,utilization,97.233333333,88.016666667,95.966666667,97.4,97.8,86.566666667,93.966666667,86.6,84.0,94.833333333,84.25,97.0,100.0,97.75
m81_gpu7,gpu,utilization,95.966666667,87.566666667,96.5,97.6,98.6,99.816666667,98.466666667,99.6,89.383333333,95.333333333,86.8,87.5,97.6,97.75
