name,machine_type,trace,-10,-9,-8,-7,-6,-5,-4,-3,-2,-1,0,1,2,3
m320_gpu0,gpu,utilization,92.0,92.75,92.25,89.75,92.5,31.333333333,60.666666667,90.3,94.3,95.333333333,93.05,91.366666667,87.833333333,88.4
m320_gpu1,gpu,utilization,49.533333333,72.75,71.75,73.75,41.0,8.6666666667,66.666666667,95.1,90.133333333,55.0,70.5,89.9,91.0,80.8
m320_gpu2,gpu,utilization,67.933333333,83.75,67.25,85.75,40.8,6.0,52.0,90.6,95.283333333,81.666666667,81.5,47.0,67.433333333,78.2
m320_gpu3,gpu,utilization,92.266666667,84.5,83.5,42.75,43.7,83.333333333,91.333333333,89.1,87.85,91.666666667,93.35,68.3,76.166666667,88.4
