name,machine_type,trace,-10,-9,-8,-7,-6,-5,-4,-3,-2,-1,0,1,2,3
m174_gpu0,gpu,utilization,58.8,2.1666666667,61.75,4.2,60.9,32.55,32.55,34.1,34.1,0.0,64.0,79.733333333,4.0,58.666666667
m174_gpu1,gpu,utilization,58.8,0.0,3.35,66.666666667,62.066666667,60.325,60.325,33.066666667,33.066666667,65.0,65.0,65.0,64.05,65.833333333
