name,machine_type,trace,-10,-9,-8,-7,-6,-5,-4,-3,-2,-1,0,1,2,3
m339_gpu1,gpu,utilization,16.3,15.266666667,19.1,23.0,10.0,14.266666667,22.5,21.2,23.666666667,18.1,18.35,12.6,22.9,23.4
m339_gpu4,gpu,utilization,13.0,12.933333333,18.783333333,23.0,10.7,14.533333333,22.5,21.9,23.2,19.4,21.916666667,11.8,17.5,21.4
m339_gpu5,gpu,utilization,8.5,11.333333333,17.416666667,22.333333333,8.6,14.466666667,23.5,18.7,21.866666667,20.166666667,18.216666667,8.4,15.35,20.2
m339_gpu7,gpu,utilization,0.0,0.0,0.0,0.0,0.0,0.0,0.0,0.0,0.0,0.0,0.0,0.0,0.0,0.0
