name,machine_type,trace,-10,-9,-8,-7,-6,-5,-4,-3,-2,-1,0,1,2,3
m356_gpu0,gpu,utilization,91.8,80.6,88.65,87.166666667,92.7,91.0,91.0,90.5,88.75,88.75,98.0,90.4,85.333333333,91.766666667
m356_gpu2,gpu,utilization,92.0,90.2,65.466666667,72.833333333,85.4,55.65,91.1,22.65,63.183333333,63.183333333,1.0,84.6,91.8,83.3
m356_gpu6,gpu,utilization,87.033333333,86.2,52.95,95.333333333,70.6,19.5,90.4,38.9,60.366666667,60.366666667,0.0,67.45,85.0,89.866666667
m356_gpu7,gpu,utilization,79.633333333,58.466666667,68.15,93.333333333,96.25,76.5,77.2,9.15,66.016666667,66.016666667,25.0,71.55,84.266666667,81.133333333
