name,machine_type,trace,-10,-9,-8,-7,-6,-5,-4,-3,-2,-1,0,1,2,3
m242_gpu0,gpu,utilization,65.533333333,74.666666667,28.0,0.0,0.0,0.0,58.8,70.383333333,18.416666667,28.7,68.3,63.183333333,40.383333333,9.9166666667
m242_gpu1,gpu,utilization,82.9,84.0,28.0,32.933333333,16.466666667,0.0,51.8,72.566666667,20.4,36.4,18.85,56.35,57.633333333,13.6
m242_gpu2,gpu,utilization,8.8,17.666666667,11.666666667,7.0,2.2166666667,4.6666666667,28.7,15.066666667,61.183333333,80.2,32.85,5.95,58.033333333,25.966666667
m242_gpu3,gpu,utilization,70.666666667,64.666666667,74.0,82.0,25.966666667,0.0,52.5,69.266666667,18.983333333,14.0,7.0,9.5666666667,16.15,4.8166666667
m242_gpu4,gpu,utilization,46.866666667,72.0,23.666666667,51.933333333,25.966666667,0.0,58.8,61.783333333,15.016666667,28.7,67.65,82.0,47.6,9.6333333333
m242_gpu5,gpu,utilization,69.7,64.666666667,18.333333333,51.933333333,25.966666667,0.0,54.6,69.4,18.7,20.3,10.15,55.35,39.433333333,6.5166666667
m242_gpu6,gpu,utilization,73.866666667,61.333333333,19.333333333,0.0,0.0,34.0,50.3,52.866666667,15.3,9.1,4.55,0.0,5.7333333333,2.2666666667
m242_gpu7,gpu,utilization,55.666666667,33.0,5.6666666667,27.8,70.383333333,64.666666667,22.1,5.85,1.4166666667,6.3,14.85,9.1166666667,5.0,6.4333333333
