name,machine_type,trace,-10,-9,-8,-7,-6,-5,-4,-3,-2,-1,0,1,2,3
m237_gpu0,gpu,utilization,91.6,81.5,84.15,14.666666667,89.05,94.866666667,94.466666667,96.9,87.6,98.9,96.066666667,96.9,94.666666667,80.75
m237_gpu2,gpu,utilization,91.1,74.0,84.15,14.5,88.35,96.4,98.883333333,95.5,74.3,98.9,96.0,95.95,94.933333333,88.35
m237_gpu5,gpu,utilization,93.1,89.666666667,83.3,15.333333333,92.75,96.466666667,91.6,82.5,95.6,88.266666667,96.2,98.95,97.466666667,77.9
m237_gpu7,gpu,utilization,88.4,71.0,73.1,14.5,88.35,95.333333333,91.933333333,96.2,72.2,95.066666667,96.866666667,95.05,96.0,91.2
