name,machine_type,trace,-10,-9,-8,-7,-6,-5,-4,-3,-2,-1,0,1,2,3
m325_gpu0,gpu,utilization,87.433333333,87.166666667,91.2,94.8,90.0,89.1,92.5,94.1,91.4,95.733333333,95.1,89.95,88.366666667,89.0
m325_gpu1,gpu,utilization,21.966666667,10.5,11.7,26.2,24.133333333,12.65,8.1,12.8,16.8,30.433333333,23.466666667,20.8,23.433333333,21.1
m325_gpu3,gpu,utilization,23.133333333,12.833333333,10.4,20.4,18.9,13.2,8.1,11.933333333,14.8,28.433333333,24.0,24.35,24.633333333,26.45
m325_gpu6,gpu,utilization,24.333333333,17.5,10.833333333,18.2,12.766666667,10.45,13.05,19.9,14.8,24.633333333,24.0,24.35,24.633333333,24.7
