name,machine_type,trace,-10,-9,-8,-7,-6,-5,-4,-3,-2,-1,0,1,2,3
m82_gpu0,gpu,utilization,100.0,100.0,90.0,8.75,77.083333333,100.0,99.0,90.166666667,90.166666667,100.0,84.533333333,98.666666667,100.0,63.616666667
m82_gpu1,gpu,utilization,91.0,61.533333333,0.0,11.083333333,95.416666667,98.8,78.05,45.7,45.7,0.0,72.5,97.916666667,100.0,54.766666667
m82_gpu2,gpu,utilization,83.333333333,0.0,0.0,0.0,7.9166666667,95.333333333,95.2,52.8,52.8,100.0,100.0,100.0,100.0,100.0
m82_gpu3,gpu,utilization,84.166666667,86.666666667,0.0,11.666666667,100.0,93.333333333,5.0,100.0,100.0,100.0,83.566666667,98.583333333,90.5,99.833333333
m82_gpu4,gpu,utilization,16.666666667,100.0,90.0,11.666666667,98.833333333,85.6,77.0,60.666666667,60.666666667,100.0,100.0,8.3333333333,95.0,100.0
m82_gpu5,gpu,utilization,76.833333333,69.0,50.4,8.6333333333,74.666666667,83.066666667,98.1,100.0,100.0,100.0,100.0,100.0,71.5,99.5
m82_gpu6,gpu,utilization,100.0,86.666666667,0.0,11.666666667,99.75,97.2,97.95,79.841666667,79.841666667,97.0,81.533333333,98.416666667,82.9,99.7
m82_gpu7,gpu,utilization,83.333333333,0.0,0.0,11.55,99.083333333,98.333333333,76.25,100.0,100.0,100.0,89.366666667,99.083333333,100.0,100.0
