name,machine_type,trace,-10,-9,-8,-7,-6,-5,-4,-3,-2,-1,0,1,2,3
m183_gpu0,gpu,utilization,89.2,81.85,89.833333333,85.866666667,71.133333333,75.566666667,99.416666667,99.566666667,99.433333333,100.0,94.866666667,89.45,73.566666667,66.5
m183_gpu3,gpu,utilization,12.65,33.3,43.166666667,0.0,0.0,17.633333333,26.833333333,20.366666667,26.633333333,0.0,41.533333333,48.95,0.0,0.0
