name,machine_type,trace,-10,-9,-8,-7,-6,-5,-4,-3,-2,-1,0,1,2,3
m246_gpu0,gpu,utilization,12.6,100.0,43.5,6.6666666667,91.916666667,12.7,100.0,100.0,100.0,100.0,100.0,100.0,100.0,94.4
m246_gpu1,gpu,utilization,25.566666667,26.0,96.666666667,6.6666666667,100.0,90.0,6.6666666667,90.0,1.5333333333,25.566666667,97.966666667,41.033333333,100.0,100.0
m246_gpu2,gpu,utilization,100.0,65.0,96.666666667,6.6666666667,91.666666667,4.5,47.333333333,74.6,24.266666667,3.3333333333,97.4,21.666666667,19.333333333,100.0
m246_gpu3,gpu,utilization,99.866666667,100.0,94.733333333,0.0,0.0,10.0,93.333333333,3.3,37.4,99.033333333,100.0,100.0,100.0,100.0
m246_gpu4,gpu,utilization,96.933333333,21.0,21.266666667,0.0,0.0,10.0,100.0,100.0,95.4,33.3,96.666666667,3.3333333333,91.666666667,0.0
m246_gpu5,gpu,utilization,2.1666666667,100.0,96.666666667,6.6666666667,91.666666667,9.9,99.066666667,93.0,34.666666667,100.0,100.0,100.0,100.0,100.0
m246_gpu6,gpu,utilization,3.3333333333,100.0,96.666666667,0.0,0.0,10.0,93.333333333,9.8,98.133333333,100.0,96.666666667,3.3333333333,91.666666667,6.6
m246_gpu7,gpu,utilization,0.0,100.0,99.033333333,100.0,100.0,90.0,1.0666666667,14.4,6.6666666667,97.5,27.433333333,94.8,1.8333333333,6.6666666667
