name,machine_type,trace,-10,-9,-8,-7,-6,-5,-4,-3,-2,-1,0,1,2,3
m127_gpu0,gpu,utilization,0.0,38.75,87.583333333,85.416666667,93.0,92.533333333,46.0,49.6,92.433333333,90.8,39.0,52.133333333,35.266666667,16.2
m127_gpu1,gpu,utilization,0.0,33.333333333,85.0,92.0,92.433333333,92.533333333,46.0,49.066666667,92.566666667,37.2,0.0,50.433333333,34.116666667,36.0
m127_gpu2,gpu,utilization,0.0,38.75,84.666666667,81.333333333,93.0,92.533333333,46.0,49.066666667,86.9,89.0,40.3,52.133333333,35.266666667,20.4
m127_gpu3,gpu,utilization,0.0,38.75,89.666666667,88.333333333,87.366666667,85.6,46.0,49.066666667,92.0,36.8,0.0,52.133333333,35.266666667,30.0
m127_gpu4,gpu,utilization,0.0,38.333333333,92.0,92.0,92.0,92.0,46.0,49.066666667,92.566666667,37.2,0.0,52.133333333,35.266666667,7.2
m127_gpu5,gpu,utilization,0.0,37.916666667,91.833333333,92.583333333,92.0,92.0,46.0,49.066666667,92.0,36.8,0.0,52.133333333,35.266666667,13.2
m127_gpu6,gpu,utilization,0.0,39.166666667,93.583333333,93.0,93.433333333,94.0,47.0,49.6,92.433333333,36.8,0.0,52.7,35.65,31.8
m127_gpu7,gpu,utilization,0.0,38.75,93.0,93.416666667,93.566666667,90.2,43.5,49.6,93.0,37.2,51.566666667,92.133333333,35.65,32.4
