name,machine_type,trace,-10,-9,-8,-7,-6,-5,-4,-3,-2,-1,0,1,2,3
m346_gpu0,gpu,utilization,90.666666667,88.633333333,86.25,66.966666667,17.2,84.483333333,80.733333333,71.05,19.066666667,67.466666667,20.766666667,89.0,71.2,15.0
m346_gpu1,gpu,utilization,0.0,0.0,0.0,0.0,0.0,0.0,0.0,0.0,0.0,0.0,0.0,0.0,0.0,0.0
m346_gpu2,gpu,utilization,0.0,0.0,0.0,0.0,0.0,0.0,0.0,0.0,0.0,0.0,0.0,0.0,0.0,0.0
m346_gpu3,gpu,utilization,87.5,82.016666667,91.15,81.0,43.2,88.0,88.65,74.316666667,19.716666667,69.766666667,20.066666667,86.75,71.2,14.333333333
m346_gpu4,gpu,utilization,0.0,0.0,0.0,0.0,0.0,0.0,0.0,0.0,0.0,0.0,0.0,0.0,0.0,0.0
m346_gpu5,gpu,utilization,0.0,0.0,0.0,0.0,0.0,0.0,0.0,0.0,0.0,0.0,0.0,0.0,0.0,0.0
m346_gpu6,gpu,utilization,93.166666667,94.0,94.0,82.45,43.6,93.783333333,93.433333333,77.583333333,19.933333333,70.533333333,21.933333333,94.0,75.2,15.833333333
m346_gpu7,gpu,utilization,95.0,94.816666667,94.45,79.216666667,19.0,94.566666667,93.433333333,77.583333333,20.8,73.6,21.933333333,94.0,75.2,15.833333333
