name,machine_type,trace,-10,-9,-8,-7,-6,-5,-4,-3,-2,-1,0,1,2,3
m278_gpu0,gpu,utilization,82.666666667,70.0,18.8,41.716666667,51.6,14.566666667,38.75,68.416666667,52.45,83.7,88.666666667,88.133333333,53.5,37.6
m278_gpu4,gpu,utilization,34.666666667,40.9,18.0,28.166666667,28.0,9.5,24.583333333,41.5,32.3,52.933333333,52.833333333,51.4,30.05,24.0
m278_gpu6,gpu,utilization,15.0,38.2,30.6,39.95,30.8,6.3333333333,24.166666667,40.916666667,36.35,58.066666667,54.7,54.4,30.8,22.4
m278_gpu7,gpu,utilization,13.333333333,55.3,79.6,48.566666667,56.15,92.4,82.916666667,40.666666667,34.35,58.483333333,57.266666667,55.933333333,76.35,81.6
