name,machine_type,trace,-10,-9,-8,-7,-6,-5,-4,-3,-2,-1,0,1,2,3
m55_gpu0,gpu,utilization,99.0,99.0,99.0,99.0,71.133333333,43.083333333,80.1,88.25,70.966666667,91.533333333,99.0,99.0,99.0,99.0
m55_gpu3,gpu,utilization,84.266666667,96.066666667,93.0,90.233333333,93.666666667,90.7,93.9,95.283333333,95.766666667,91.4,97.2,99.0,99.0,99.0
m55_gpu4,gpu,utilization,88.6,99.0,96.0,98.066666667,99.0,63.166666667,84.0,83.233333333,65.5,90.366666667,99.0,99.0,98.05,98.05
m55_gpu5,gpu,utilization,96.933333333,98.733333333,99.0,79.066666667,50.266666667,24.083333333,52.7,48.65,65.533333333,92.933333333,98.2,98.816666667,99.0,99.0
