name,machine_type,trace,-10,-9,-8,-7,-6,-5,-4,-3,-2,-1,0,1,2,3
m194_gpu1,gpu,utilization,81.366666667,78.4,87.083333333,82.533333333,79.5,74.466666667,75.4,80.333333333,77.9,78.933333333,81.5,78.0,77.583333333,78.35
m194_gpu4,gpu,utilization,77.333333333,68.8,4.0,22.2,80.75,78.6,85.1,90.0,84.866666667,49.233333333,32.583333333,80.3,82.166666667,72.65
