name,machine_type,trace,-10,-9,-8,-7,-6,-5,-4,-3,-2,-1,0,1,2,3
m310_gpu0,gpu,utilization,100.0,85.0,0.0,18.333333333,100.0,81.666666667,8.1333333333,67.5,94.15,55.966666667,1.3,28.25,96.416666667,75.0
m310_gpu1,gpu,utilization,95.6,65.2,3.3333333333,17.05,94.516666667,91.933333333,61.866666667,100.0,78.333333333,0.0,3.4666666667,37.0,100.0,75.0
m310_gpu2,gpu,utilization,91.016666667,43.35,0.0,17.416666667,96.083333333,81.666666667,11.866666667,90.833333333,89.383333333,39.1,6.7166666667,48.25,100.0,75.0
m310_gpu3,gpu,utilization,87.35,26.35,0.0,18.333333333,100.0,83.133333333,20.266666667,100.0,80.283333333,6.9,13.0,70.0,95.466666667,63.0
m310_gpu4,gpu,utilization,74.683333333,86.95,10.833333333,17.416666667,96.083333333,81.666666667,13.333333333,100.0,78.766666667,1.5333333333,0.0,25.0,100.0,75.0
m310_gpu5,gpu,utilization,64.066666667,88.3,18.333333333,17.6,96.866666667,81.666666667,13.333333333,100.0,100.0,76.666666667,0.0,25.0,100.0,75.0
m310_gpu6,gpu,utilization,100.0,85.0,0.0,18.333333333,100.0,81.666666667,12.533333333,95.0,87.866666667,33.733333333,11.7,65.5,100.0,75.0
m310_gpu7,gpu,utilization,100.0,85.0,0.0,17.233333333,95.3,81.666666667,13.066666667,98.333333333,85.916666667,26.833333333,10.616666667,61.75,100.0,75.0
