name,machine_type,trace,-10,-9,-8,-7,-6,-5,-4,-3,-2,-1,0,1,2,3
m326_gpu0,gpu,utilization,87.15,76.8,27.6,56.116666667,82.6,30.8,17.566666667,31.533333333,15.466666667,49.3,88.5,49.5,43.983333333,90.55
m326_gpu1,gpu,utilization,48.95,63.2,17.633333333,56.116666667,91.0,36.4,39.1,56.2,21.75,0.0,45.0,49.5,0.0,40.5
