name,machine_type,trace,-10,-9,-8,-7,-6,-5,-4,-3,-2,-1,0,1,2,3
m134_gpu0,gpu,utilization,99.0,99.0,48.0,85.55,98.4,99.0,99.0,50.0,63.8,95.5,99.166666667,99.883333333,99.133333333,99.0
m134_gpu1,gpu,utilization,99.0,99.0,39.5,75.55,96.4,99.8,99.166666667,45.916666667,64.4,94.95,76.5,96.733333333,99.133333333,99.0
m134_gpu2,gpu,utilization,99.0,99.816666667,43.9,87.083333333,99.0,99.0,99.0,51.633333333,52.2,92.4,98.166666667,90.05,97.666666667,99.0
m134_gpu3,gpu,utilization,99.0,99.0,41.2,83.266666667,98.2,99.0,99.0,50.816666667,62.4,95.2,80.0,97.2,99.133333333,99.0
m134_gpu4,gpu,utilization,99.0,99.0,47.15,88.633333333,99.2,99.0,99.0,54.083333333,50.4,91.95,99.0,85.75,97.0,99.0
m134_gpu5,gpu,utilization,99.0,99.0,45.45,87.45,99.0,99.8,99.166666667,50.816666667,48.8,91.8,99.833333333,92.05,97.933333333,99.0
m134_gpu6,gpu,utilization,99.816666667,100.0,49.85,89.183333333,99.2,99.8,100.0,53.45,71.0,96.7,60.833333333,94.516666667,100.0,100.0
m134_gpu7,gpu,utilization,99.816666667,100.0,46.45,87.633333333,99.0,99.8,100.0,51.816666667,63.4,95.35,75.0,96.5,100.0,100.0
