name,machine_type,trace,-10,-9,-8,-7,-6,-5,-4,-3,-2,-1,0,1,2,3
m175_gpu0,gpu,utilization,95.0,95.0,94.383333333,94.6,95.0,95.0,95.0,94.283333333,94.716666667,95.0,95.0,95.0,95.0,94.3
m175_gpu1,gpu,utilization,95.0,95.0,94.383333333,94.6,95.0,95.0,95.0,95.0,95.0,95.0,95.0,95.0,95.0,95.0
m175_gpu2,gpu,utilization,95.0,95.0,95.0,95.0,95.0,95.0,95.0,94.283333333,94.716666667,95.0,95.0,95.0,95.0,95.0
m175_gpu3,gpu,utilization,94.416666667,94.0,94.616666667,95.0,95.0,94.35,94.683333333,94.283333333,94.716666667,94.3,94.65,95.0,95.0,94.3
m175_gpu4,gpu,utilization,95.0,94.416666667,94.616666667,95.0,95.0,95.0,95.0,95.0,95.0,95.0,95.0,95.0,95.0,94.3
m175_gpu5,gpu,utilization,94.583333333,95.0,95.0,94.4,94.633333333,95.0,95.0,95.0,95.0,94.3,94.0,94.0,94.666666667,95.0
m175_gpu6,gpu,utilization,95.0,95.0,95.616666667,95.4,95.633333333,95.35,95.683333333,96.0,95.283333333,95.0,95.65,95.366666667,95.0,95.0
m175_gpu7,gpu,utilization,95.583333333,95.416666667,95.0,95.0,95.633333333,96.0,96.0,96.0,95.283333333,95.7,96.0,96.0,96.0,95.3
