name,machine_type,trace,-10,-9,-8,-7,-6,-5,-4,-3,-2,-1,0,1,2,3
m55_gpu1,gpu,utilization,100.0,100.0,99.066666667,90.0,98.9,100.0,69.75,86.95,93.0,90.95,90.95,76.2,75.291666667,75.291666667
m55_gpu2,gpu,utilization,83.6,85.85,97.2,99.8,68.5,65.916666667,97.166666667,68.65,70.0,82.733333333,82.733333333,100.0,92.883333333,92.883333333
m55_gpu4,gpu,utilization,100.0,100.0,99.066666667,88.2,98.7,99.083333333,72.416666667,85.2,90.0,88.933333333,88.933333333,81.066666667,74.833333333,74.833333333
m55_gpu5,gpu,utilization,100.0,100.0,99.066666667,99.0,99.9,100.0,72.5,97.55,71.0,99.0,99.0,70.483333333,82.225,82.225
