name,machine_type,trace,-10,-9,-8,-7,-6,-5,-4,-3,-2,-1,0,1,2,3
m280_gpu0,gpu,utilization,0.0,0.0,0.0,12.833333333,21.0,0.0,0.0,18.45,22.55,0.0,0.0,0.0,0.0,0.0
m280_gpu1,gpu,utilization,0.0,0.0,0.0,15.4,25.2,0.0,0.0,19.8,24.2,0.0,0.0,0.0,0.0,0.0
m280_gpu2,gpu,utilization,0.0,0.0,0.0,14.666666667,24.0,0.0,0.0,17.1,20.9,0.0,0.0,0.0,0.0,0.0
m280_gpu3,gpu,utilization,0.0,0.0,0.0,13.933333333,22.8,0.0,0.0,18.0,22.0,0.0,0.0,0.0,0.0,0.0
m280_gpu4,gpu,utilization,0.0,0.0,0.0,16.133333333,26.4,0.0,0.0,17.1,20.9,0.0,0.0,0.0,0.0,0.0
m280_gpu5,gpu,utilization,0.0,0.0,0.0,16.5,27.0,0.0,0.0,17.1,20.9,0.0,0.0,0.0,0.0,0.0
m280_gpu6,gpu,utilization,0.0,0.0,0.0,15.033333333,24.6,0.0,0.0,19.8,24.2,0.0,0.0,0.0,0.0,0.0
m280_gpu7,gpu,utilization,0.0,0.0,0.0,13.933333333,22.8,0.0,0.0,18.45,22.55,0.0,0.0,0.0,0.0,0.0
