name,machine_type,trace,-10,-9,-8,-7,-6,-5,-4,-3,-2,-1,0,1,2,3
m321_gpu0,gpu,utilization,95.333333333,98.866666667,82.0,96.15,95.916666667,81.4,28.183333333,36.166666667,33.733333333,55.2,77.8,73.0,83.033333333,96.2
m321_gpu1,gpu,utilization,71.066666667,89.533333333,97.8,99.816666667,99.183333333,99.0,96.55,46.0,38.35,85.4,97.0,94.75,97.066666667,94.166666667
m321_gpu2,gpu,utilization,80.666666667,83.066666667,90.5,94.45,98.266666667,91.0,91.45,45.333333333,30.516666667,77.0,96.2,98.75,87.5,95.5
m321_gpu3,gpu,utilization,98.133333333,96.266666667,97.7,98.816666667,95.733333333,98.2,97.366666667,48.666666667,16.283333333,71.6,95.0,98.5,95.933333333,93.466666667
m321_gpu4,gpu,utilization,84.333333333,98.733333333,94.75,98.9,99.183333333,79.8,88.883333333,47.833333333,39.783333333,87.2,93.4,97.25,99.0,99.0
m321_gpu5,gpu,utilization,73.2,88.333333333,87.3,61.683333333,82.133333333,96.8,96.55,47.666666667,36.433333333,86.4,96.6,98.25,82.133333333,93.866666667
m321_gpu6,gpu,utilization,84.933333333,96.266666667,87.5,95.8,98.0,98.8,96.55,36.833333333,11.683333333,80.8,96.6,98.25,99.0,76.0
m321_gpu7,gpu,utilization,74.066666667,90.2,96.95,91.466666667,98.166666667,95.2,77.666666667,44.833333333,31.166666667,84.2,93.2,97.25,95.933333333,93.466666667
