name,machine_type,trace,-10,-9,-8,-7,-6,-5,-4,-3,-2,-1,0,1,2,3
m348_gpu4,gpu,utilization,33.4,11.6,25.283333333,43.666666667,13.466666667,3.8,2.3333333333,0.35,0.65,4.25,4.7333333333,1.6,10.2,33.2
m348_gpu5,gpu,utilization,23.2,19.6,38.95,43.0,11.616666667,42.7,20.333333333,3.9,34.6,67.55,44.7,10.4,0.0,25.8
