name,machine_type,trace,-10,-9,-8,-7,-6,-5,-4,-3,-2,-1,0,1,2,3
m138_gpu0,gpu,utilization,0.0,0.0,0.0,0.0,0.0,0.0,0.0,0.0,40.833333333,8.1666666667,0.0,0.0,0.0,0.0
m138_gpu1,gpu,utilization,0.0,0.0,0.0,0.0,0.0,0.0,0.0,0.0,75.833333333,15.166666667,0.0,79.05,93.8,17.233333333
m138_gpu2,gpu,utilization,0.0,0.0,0.0,0.0,0.0,0.0,0.0,0.0,75.0,15.0,0.0,79.05,93.8,93.183333333
m138_gpu3,gpu,utilization,0.0,0.0,0.0,0.0,0.0,0.0,0.0,0.0,38.333333333,86.0,15.666666667,0.0,75.2,17.233333333
m138_gpu4,gpu,utilization,0.0,0.0,0.0,0.0,0.0,0.0,0.0,0.0,78.333333333,15.666666667,0.0,0.0,74.4,17.05
m138_gpu5,gpu,utilization,0.0,0.0,0.0,0.0,0.0,0.0,0.0,0.0,47.5,9.5,0.0,0.0,74.4,17.05
m138_gpu6,gpu,utilization,0.0,0.0,0.0,0.0,0.0,0.0,0.0,0.0,24.166666667,4.8333333333,0.0,0.0,75.2,17.233333333
m138_gpu7,gpu,utilization,0.0,0.0,0.0,0.0,0.0,0.0,0.0,0.0,28.333333333,5.6666666667,0.0,0.0,75.2,17.233333333
