name,machine_type,trace,-10,-9,-8,-7,-6,-5,-4,-3,-2,-1,0,1,2,3
m270_gpu0,gpu,utilization,0.0,0.0,0.0,0.0,0.0,0.0,0.0,0.0,0.0,0.0,0.0,0.0,0.0,0.0
m270_gpu5,gpu,utilization,14.0,14.0,14.0,14.0,14.0,17.266666667,18.0,16.2,14.133333333,16.75,15.166666667,8.35,13.7,16.9
