name,machine_type,trace,-10,-9,-8,-7,-6,-5,-4,-3,-2,-1,0,1,2,3
m317_gpu0,gpu,utilization,100.0,99.216666667,99.0,92.55,59.933333333,55.333333333,21.0,0.0,0.0,0.0,66.0,99.0,99.7,89.333333333
m317_gpu1,gpu,utilization,100.0,99.216666667,99.0,71.766666667,61.0,62.333333333,22.05,0.0,0.0,0.0,66.0,99.0,99.7,67.333333333
m317_gpu2,gpu,utilization,100.0,99.216666667,99.0,74.633333333,56.116666667,58.0,21.35,0.0,0.0,0.0,66.0,99.0,99.7,68.0
m317_gpu3,gpu,utilization,100.0,99.216666667,99.0,84.666666667,74.216666667,60.666666667,19.25,0.0,0.0,0.0,66.0,99.7,96.5,77.0
m317_gpu4,gpu,utilization,100.0,99.216666667,99.0,76.066666667,54.7,57.0,21.35,0.0,0.0,0.0,66.0,99.0,99.7,69.333333333
m317_gpu5,gpu,utilization,100.0,99.216666667,99.766666667,77.066666667,72.783333333,68.333333333,22.75,0.0,0.0,0.0,66.0,99.0,85.7,66.0
m317_gpu6,gpu,utilization,100.0,99.216666667,99.0,86.816666667,79.266666667,65.333333333,20.65,0.0,0.0,0.0,66.0,99.0,96.9,80.0
m317_gpu7,gpu,utilization,100.0,99.216666667,99.0,78.216666667,65.9,49.333333333,14.7,0.0,0.0,0.0,66.0,99.0,91.3,74.666666667
