name,machine_type,trace,-10,-9,-8,-7,-6,-5,-4,-3,-2,-1,0,1,2,3
m101_gpu4,gpu,utilization,67.166666667,81.4,86.233333333,82.416666667,72.75,81.466666667,74.0,72.25,80.0,81.05,85.466666667,86.666666667,76.25,70.3
m101_gpu7,gpu,utilization,63.3,78.266666667,24.666666667,54.733333333,68.75,79.183333333,61.5,51.75,79.0,83.2,82.416666667,32.0,45.65,80.3
