name,machine_type,trace,-10,-9,-8,-7,-6,-5,-4,-3,-2,-1,0,1,2,3
m17_gpu4,gpu,utilization,91.433333333,91.266666667,92.466666667,93.0,85.5,95.0,92.733333333,91.816666667,86.633333333,86.466666667,87.0,97.616666667,97.6,99.3
m17_gpu5,gpu,utilization,91.866666667,90.8,63.6,80.6,78.5,18.5,69.716666667,83.283333333,89.666666667,90.533333333,69.3,11.55,0.0,0.0
m17_gpu6,gpu,utilization,73.233333333,83.133333333,86.066666667,64.7,59.75,76.75,48.316666667,87.183333333,86.5,52.933333333,77.266666667,16.133333333,0.0,0.0
m17_gpu7,gpu,utilization,84.983333333,100.0,94.133333333,92.0,83.75,95.25,100.0,89.383333333,90.066666667,92.466666667,98.366666667,18.333333333,0.0,0.0
