name,machine_type,trace,-10,-9,-8,-7,-6,-5,-4,-3,-2,-1,0,1,2,3
m347_gpu1,gpu,utilization,76.266666667,78.866666667,82.0,71.1,75.766666667,76.5,78.066666667,49.0,25.333333333,76.733333333,80.933333333,79.75,39.05,31.666666667
m347_gpu6,gpu,utilization,73.533333333,74.3,70.8,67.833333333,74.366666667,68.5,68.333333333,50.4,1.0,29.4,76.833333333,77.5,40.7,1.25
