name,machine_type,trace,-10,-9,-8,-7,-6,-5,-4,-3,-2,-1,0,1,2,3
m330_gpu2,gpu,utilization,100.0,100.0,100.0,100.0,71.666666667,25.0,100.0,100.0,100.0,100.0,100.0,100.0,100.0,100.0
m330_gpu3,gpu,utilization,100.0,100.0,99.733333333,99.316666667,71.666666667,25.0,100.0,100.0,100.0,100.0,100.0,100.0,100.0,100.0
m330_gpu6,gpu,utilization,99.75,99.3,100.0,100.0,71.666666667,24.75,99.25,100.0,100.0,99.75,99.216666667,100.0,100.0,100.0
m330_gpu7,gpu,utilization,100.0,100.0,100.0,100.0,71.666666667,25.0,100.0,100.0,100.0,100.0,100.0,100.0,100.0,100.0
