name,machine_type,trace,-10,-9,-8,-7,-6,-5,-4,-3,-2,-1,0,1,2,3
m390_gpu0,gpu,utilization,99.383333333,63.0,82.8,59.25,44.433333333,85.066666667,100.0,100.0,65.6,88.0,99.233333333,48.366666667,85.3,80.0
m390_gpu1,gpu,utilization,99.383333333,61.0,81.9,55.5,41.783333333,84.533333333,100.0,100.0,70.616666667,89.75,99.233333333,48.366666667,85.3,90.4
m390_gpu2,gpu,utilization,99.383333333,61.0,81.9,55.5,41.783333333,84.533333333,99.283333333,99.683333333,65.6,88.0,99.233333333,50.0,85.766666667,84.0
m390_gpu3,gpu,utilization,99.383333333,61.666666667,82.2,57.0,42.216666667,84.533333333,99.283333333,99.683333333,72.766666667,90.5,99.233333333,50.0,85.766666667,92.0
m390_gpu4,gpu,utilization,100.0,62.0,82.2,59.25,44.433333333,85.066666667,99.283333333,99.683333333,71.333333333,90.0,99.233333333,51.633333333,86.233333333,70.4
m390_gpu5,gpu,utilization,99.383333333,61.666666667,82.2,58.5,39.516666667,83.466666667,99.283333333,99.683333333,72.05,90.25,99.233333333,46.733333333,84.833333333,94.4
m390_gpu6,gpu,utilization,98.766666667,62.666666667,82.8,60.0,44.65,85.066666667,100.0,100.0,64.166666667,87.5,99.233333333,50.0,85.766666667,85.6
m390_gpu7,gpu,utilization,99.383333333,62.333333333,82.5,59.25,42.866666667,84.533333333,100.0,100.0,64.166666667,87.5,99.233333333,48.366666667,85.3,77.6
