name,machine_type,trace,-10,-9,-8,-7,-6,-5,-4,-3,-2,-1,0,1,2,3
m333_gpu0,gpu,utilization,8.8666666667,78.0,96.666666667,0.0,0.8,7.7333333333,7.7333333333,0.0,0.0,93.333333333,23.0,1.8666666667,0.0,22.5
m333_gpu1,gpu,utilization,65.483333333,3.5,33.3,100.0,96.7,19.533333333,19.533333333,98.433333333,54.4,3.4666666667,26.583333333,91.716666667,28.9,2.1
m333_gpu2,gpu,utilization,48.016666667,82.25,39.633333333,0.0,0.0,0.0,0.0,0.0,67.45,98.066666667,45.916666667,4.7833333333,0.0,0.0
m333_gpu3,gpu,utilization,0.0,0.0,0.0,0.0,5.0,100.0,100.0,2.65,0.05,0.0,54.083333333,6.8833333333,67.5,97.5
