name,machine_type,trace,-10,-9,-8,-7,-6,-5,-4,-3,-2,-1,0,1,2,3
m395_gpu0,gpu,utilization,28.05,40.0,13.433333333,55.8,54.466666667,10.833333333,0.0,56.666666667,73.933333333,78.533333333,50.0,0.0,0.0,2.5
m395_gpu1,gpu,utilization,7.7,6.3,2.8333333333,62.0,79.6,29.433333333,59.583333333,43.333333333,8.5,7.0,46.0,96.0,48.333333333,49.0
m395_gpu2,gpu,utilization,3.3,57.7,58.633333333,10.8,2.8333333333,58.833333333,100.0,43.333333333,44.2,73.2,34.5,50.0,48.333333333,50.0
m395_gpu3,gpu,utilization,33.8,10.35,9.0666666667,66.4,43.333333333,56.666666667,51.583333333,7.3666666667,56.666666667,100.0,71.5,21.5,0.0,0.0
m395_gpu4,gpu,utilization,33.55,27.45,13.033333333,58.4,35.533333333,56.666666667,41.666666667,0.0,35.7,75.8,44.5,1.0,0.0,45.5
m395_gpu5,gpu,utilization,29.15,53.0,22.966666667,42.0,36.0,28.7,52.916666667,56.033333333,62.066666667,85.533333333,50.0,0.0,0.0,8.5
m395_gpu6,gpu,utilization,55.0,45.0,56.666666667,46.0,57.033333333,40.3,58.333333333,76.2,25.133333333,37.333333333,35.0,0.0,0.0,50.0
m395_gpu7,gpu,utilization,35.9,3.6,2.2666666667,61.6,43.333333333,56.666666667,41.666666667,0.0,35.133333333,82.266666667,50.0,0.0,0.0,0.0
