name,machine_type,trace,-10,-9,-8,-7,-6,-5,-4,-3,-2,-1,0,1,2,3
m38_gpu0,gpu,utilization,11.1,67.25,25.8,11.0,41.7,17.0,86.666666667,70.583333333,2.25,24.916666667,1.8333333333,1.8,15.116666667,15.116666667
m38_gpu1,gpu,utilization,12.0,74.0,34.666666667,4.95,29.7,5.8666666667,85.933333333,23.833333333,2.25,24.75,0.0,2.2,15.95,15.95
m38_gpu2,gpu,utilization,11.25,68.7,29.0,7.8,31.5,6.0,89.4,66.0,2.1666666667,23.833333333,0.0,1.8,13.05,13.05
m38_gpu3,gpu,utilization,11.85,73.15,35.066666667,6.9,26.1,5.7333333333,83.966666667,22.916666667,2.25,24.75,0.0,2.2,15.95,15.95
m38_gpu4,gpu,utilization,12.75,76.15,22.533333333,4.5,30.5,38.466666667,85.2,30.25,2.4166666667,26.583333333,0.0,2.2,15.95,15.95
m38_gpu5,gpu,utilization,11.55,71.45,35.2,8.2,28.8,5.9333333333,87.433333333,38.5,2.25,24.75,0.0,2.2,15.95,15.95
m38_gpu6,gpu,utilization,12.45,74.3,21.666666667,4.2,28.8,39.4,85.333333333,33.916666667,2.5,27.5,0.0,1.8666666667,13.533333333,13.533333333
m38_gpu7,gpu,utilization,13.05,77.7,21.666666667,4.5,29.5,29.2,86.533333333,40.333333333,2.6666666667,29.333333333,0.0,1.9333333333,14.016666667,14.016666667
