name,machine_type,trace,-10,-9,-8,-7,-6,-5,-4,-3,-2,-1,0,1,2,3
m365_gpu0,gpu,utilization,73.2,67.166666667,78.883333333,82.0,68.933333333,63.65,61.466666667,60.233333333,60.733333333,64.0,62.65,76.4,80.8,81.0
m365_gpu1,gpu,utilization,0.0,0.0,0.0,0.0,0.0,0.0,0.0,0.0,0.0,0.0,0.0,0.0,0.0,0.0
