name,machine_type,trace,-10,-9,-8,-7,-6,-5,-4,-3,-2,-1,0,1,2,3
m150_gpu2,gpu,utilization,92.0,92.116666667,83.7,0.0,0.0,0.0,0.0,0.0,0.0,6.2,93.3,95.833333333,93.533333333,90.816666667
m150_gpu4,gpu,utilization,91.416666667,95.883333333,85.5,0.0,0.0,0.0,0.0,0.0,0.0,6.2,93.5,97.833333333,96.116666667,92.916666667
m150_gpu5,gpu,utilization,95.25,97.183333333,81.9,0.0,0.0,0.0,0.0,0.0,0.0,0.0,9.8,97.5,91.883333333,90.883333333
m150_gpu6,gpu,utilization,96.166666667,97.066666667,81.0,0.0,0.0,0.0,0.0,0.0,0.0,6.3333333333,94.7,92.416666667,96.3,80.383333333
