name,machine_type,trace,-10,-9,-8,-7,-6,-5,-4,-3,-2,-1,0,1,2,3
m335_gpu1,gpu,utilization,93.95,88.333333333,88.7,84.933333333,87.5,89.9,96.333333333,90.0,87.05,85.9,88.633333333,89.3,88.316666667,87.95
m335_gpu4,gpu,utilization,61.7,94.0,95.3,87.4,57.5,71.0,45.333333333,93.0,87.083333333,72.7,78.683333333,82.2,88.733333333,86.7
m335_gpu5,gpu,utilization,46.2,86.666666667,84.783333333,77.933333333,65.5,67.9,30.0,60.0,83.366666667,71.5,42.25,51.95,84.566666667,78.5
m335_gpu7,gpu,utilization,99.55,95.5,87.566666667,82.733333333,67.75,40.6,33.666666667,85.666666667,79.833333333,78.1,63.083333333,33.7,80.983333333,76.4
