name,machine_type,trace,-10,-9,-8,-7,-6,-5,-4,-3,-2,-1,0,1,2,3
m296_gpu0,gpu,utilization,94.866666667,61.2,0.0,16.666666667,100.0,100.0,100.0,100.0,100.0,85.333333333,59.666666667,100.0,100.0,100.0
m296_gpu1,gpu,utilization,95.233333333,62.9,0.0,16.666666667,100.0,100.0,100.0,100.0,100.0,84.266666667,56.733333333,100.0,100.0,100.0
m296_gpu2,gpu,utilization,93.95,56.95,0.0,16.666666667,100.0,100.0,100.0,100.0,100.0,80.0,45.0,100.0,100.0,100.0
m296_gpu3,gpu,utilization,93.033333333,52.7,0.0,16.666666667,100.0,100.0,100.0,100.0,100.0,94.933333333,86.066666667,100.0,100.0,100.0
m296_gpu4,gpu,utilization,94.5,59.5,0.0,16.666666667,100.0,100.0,100.0,100.0,100.0,87.733333333,66.266666667,100.0,100.0,100.0
m296_gpu5,gpu,utilization,91.85,51.0,0.0,16.666666667,100.0,100.0,100.0,100.0,100.0,90.666666667,74.333333333,100.0,100.0,100.0
m296_gpu6,gpu,utilization,95.05,62.05,0.0,16.666666667,100.0,100.0,100.0,100.0,100.0,85.333333333,59.666666667,100.0,100.0,100.0
m296_gpu7,gpu,utilization,93.4,54.4,0.0,16.666666667,100.0,100.0,100.0,100.0,100.0,89.866666667,72.133333333,100.0,100.0,100.0
