name,machine_type,trace,-10,-9,-8,-7,-6,-5,-4,-3,-2,-1,0,1,2,3
m418_gpu0,gpu,utilization,98.0,98.0,98.0,26.133333333,68.6,98.683333333,98.3,98.733333333,23.1,72.6,99.0,99.0,83.6,91.7
m418_gpu1,gpu,utilization,99.0,99.0,99.0,26.4,69.3,99.0,99.0,99.0,23.1,72.6,99.0,99.0,83.6,92.4
m418_gpu2,gpu,utilization,99.0,99.0,99.0,26.4,69.3,98.316666667,98.7,99.0,23.1,72.6,99.0,99.0,82.2,91.8
m418_gpu3,gpu,utilization,98.183333333,98.0,98.783333333,26.4,69.3,99.0,99.0,98.266666667,22.866666667,71.866666667,98.0,98.666666667,82.9,91.4
m418_gpu4,gpu,utilization,98.816666667,99.0,99.0,26.4,69.3,99.0,99.0,99.0,23.1,72.6,99.0,99.0,85.7,93.3
m418_gpu5,gpu,utilization,99.0,99.0,98.216666667,26.133333333,69.3,99.0,98.3,98.733333333,23.1,71.866666667,98.0,98.0,89.6,95.1
m418_gpu6,gpu,utilization,99.0,99.0,99.0,26.4,69.3,99.0,99.0,99.0,23.1,72.6,99.0,99.0,85.0,93.0
m418_gpu7,gpu,utilization,99.0,99.0,99.0,26.4,69.3,99.0,99.0,99.0,23.1,72.6,99.0,99.0,82.9,92.1
