name,machine_type,trace,-10,-9,-8,-7,-6,-5,-4,-3,-2,-1,0,1,2,3
m54_gpu0,gpu,utilization,93.266666667,96.566666667,91.866666667,79.433333333,84.1,39.5,39.4,45.5,2.5,0.0,0.0,0.0,0.0,0.0
m54_gpu1,gpu,utilization,82.966666667,64.933333333,65.8,32.833333333,87.183333333,41.333333333,49.1,27.9,27.5,0.0,0.0,0.0,0.0,0.0
m54_gpu2,gpu,utilization,99.0,97.866666667,93.666666667,89.766666667,82.4,53.0,53.0,51.65,36.666666667,0.0,0.0,0.0,0.0,0.0
m54_gpu3,gpu,utilization,81.966666667,67.333333333,96.8,98.766666667,80.033333333,8.8333333333,49.85,28.55,7.5,0.0,0.0,0.0,0.0,0.0
m54_gpu4,gpu,utilization,94.683333333,95.133333333,98.0,97.766666667,81.05,13.333333333,27.75,15.45,15.0,0.0,0.0,0.0,0.0,0.0
m54_gpu5,gpu,utilization,95.583333333,98.15,95.733333333,95.7,82.6,18.333333333,39.4,38.55,44.166666667,0.0,0.0,0.0,0.0,0.0
m54_gpu6,gpu,utilization,93.583333333,97.0,95.666666667,93.4,86.633333333,33.833333333,24.35,35.15,44.166666667,0.0,0.0,0.0,0.0,0.0
m54_gpu7,gpu,utilization,91.166666667,98.0,98.0,97.066666667,84.833333333,45.5,53.0,52.7,42.5,0.0,0.0,0.0,0.0,0.0
