name,machine_type,trace,-10,-9,-8,-7,-6,-5,-4,-3,-2,-1,0,1,2,3
m101_gpu0,gpu,utilization,98.9,4.95,91.2,4.1666666667,90.483333333,94.9,98.666666667,93.5,98.4,91.8,91.0,7.5833333333,88.916666667,94.35
m101_gpu2,gpu,utilization,92.133333333,4.6,91.2,5.1333333333,93.45,95.966666667,96.916666667,95.166666667,96.8,96.1,95.083333333,7.9166666667,87.083333333,98.533333333
m101_gpu3,gpu,utilization,92.1,4.6,90.25,4.1333333333,93.433333333,95.966666667,96.916666667,96.083333333,96.9,95.2,95.0,7.9166666667,87.083333333,93.233333333
m101_gpu5,gpu,utilization,0.0,0.0,0.0,0.0,0.0,0.0,0.0,0.0,0.0,0.0,0.0,0.0,0.0,0.0
