name,machine_type,trace,-10,-9,-8,-7,-6,-5,-4,-3,-2,-1,0,1,2,3
m293_gpu2,gpu,utilization,59.266666667,64.666666667,63.933333333,63.733333333,63.233333333,64.6,63.366666667,63.816666667,61.45,62.733333333,63.0,64.733333333,61.333333333,61.866666667
m293_gpu5,gpu,utilization,47.583333333,43.633333333,40.466666667,40.733333333,43.3,42.4,46.083333333,39.65,41.4,41.133333333,41.0,41.866666667,38.333333333,42.333333333
m293_gpu6,gpu,utilization,36.133333333,39.6,41.0,40.266666667,43.066666667,41.6,42.633333333,36.466666667,34.15,39.2,36.4,38.6,40.833333333,41.0
m293_gpu7,gpu,utilization,35.7,40.9,41.466666667,40.266666667,40.766666667,37.8,36.183333333,38.45,35.6,40.2,40.1,36.533333333,40.583333333,41.866666667
