name,machine_type,trace,-10,-9,-8,-7,-6,-5,-4,-3,-2,-1,0,1,2,3
m215_gpu0,gpu,utilization,0.0,0.0,20.533333333,57.75,51.8,22.2,0.0,0.0,19.8,62.45,66.633333333,54.466666667,52.2,51.0
m215_gpu1,gpu,utilization,0.0,0.0,33.733333333,59.8,0.0,17.6,24.2,44.466666667,50.6,41.4,64.45,61.6,92.0,92.0
m215_gpu2,gpu,utilization,60.45,0.0,33.733333333,59.8,0.0,0.0,0.0,44.466666667,50.6,41.4,47.533333333,42.933333333,92.0,92.0
m215_gpu3,gpu,utilization,29.25,0.0,33.366666667,59.15,0.0,0.0,0.0,44.466666667,50.6,18.0,20.666666667,42.933333333,92.45,92.5
m215_gpu4,gpu,utilization,40.95,0.0,5.8666666667,10.4,0.0,0.0,0.0,37.7,70.35,33.55,29.483333333,52.133333333,43.8,54.5
m215_gpu5,gpu,utilization,0.0,0.0,5.1333333333,9.1,0.0,0.0,0.0,44.466666667,50.6,4.5,5.1666666667,42.933333333,92.0,92.0
m215_gpu6,gpu,utilization,0.0,0.0,13.566666667,24.05,0.0,0.0,0.0,0.0,16.2,54.45,80.866666667,73.8,57.85,52.0
m215_gpu7,gpu,utilization,0.0,0.0,3.3,5.85,0.0,0.0,0.0,44.95,57.45,49.55,52.883333333,48.733333333,93.0,93.0
