name,machine_type,trace,-10,-9,-8,-7,-6,-5,-4,-3,-2,-1,0,1,2,3
m120_gpu0,gpu,utilization,42.0,71.6,47.25,40.25,38.6,44.9,65.0,58.533333333,71.5,58.2,40.5,62.333333333,50.95,39.366666667
m120_gpu1,gpu,utilization,39.666666667,58.283333333,40.75,76.25,51.6,51.966666667,60.25,54.666666667,66.0,56.4,40.2,52.0,45.05,35.633333333
m120_gpu3,gpu,utilization,31.333333333,54.75,44.0,75.0,38.2,35.966666667,33.75,46.666666667,76.5,55.8,39.65,58.666666667,48.5,26.383333333
m120_gpu4,gpu,utilization,38.0,64.166666667,44.5,44.5,39.8,60.233333333,67.75,62.866666667,65.2,68.95,47.9,63.333333333,52.3,39.683333333
