name,machine_type,trace,-10,-9,-8,-7,-6,-5,-4,-3,-2,-1,0,1,2,3
m376_gpu0,gpu,utilization,95.983333333,92.05,44.4,74.0,15.8,18.533333333,34.4,39.533333333,4.0,27.733333333,83.85,61.0,29.8,31.65
m376_gpu1,gpu,utilization,66.0,92.55,30.466666667,40.666666667,4.2,2.6,24.6,28.766666667,2.9,55.466666667,66.55,41.4,7.0,0.0
m376_gpu2,gpu,utilization,72.808333333,85.1,24.333333333,35.583333333,3.7,0.0,29.7,27.7,18.9,56.133333333,54.35,31.4,5.2,0.0
m376_gpu3,gpu,utilization,64.466666667,82.166666667,20.4,29.75,3.1,30.333333333,16.1,32.55,14.3,50.133333333,87.45,37.0,4.6,0.0
m376_gpu4,gpu,utilization,64.925,83.116666667,21.4,31.666666667,5.1,28.0,15.8,31.666666667,11.5,49.733333333,87.45,37.8,4.8,0.0
m376_gpu5,gpu,utilization,73.233333333,82.083333333,27.866666667,49.666666667,5.2,1.7333333333,23.6,35.716666667,19.9,57.0,56.2,34.2,5.8,0.0
m376_gpu6,gpu,utilization,75.825,74.35,23.6,45.666666667,4.8,0.0,19.8,24.65,17.8,56.0,52.65,24.6,3.6,0.0
m376_gpu7,gpu,utilization,76.441666667,92.666666667,38.866666667,75.333333333,7.9,14.733333333,27.8,36.95,3.8,26.866666667,76.9,48.2,13.4,19.75
