name,machine_type,trace,-10,-9,-8,-7,-6,-5,-4,-3,-2,-1,0,1,2,3
m57_gpu0,gpu,utilization,98.633333333,98.4,61.833333333,37.65,71.45,98.0,98.0,98.0,98.516666667,99.0,97.866666667,87.1,55.666666667,70.466666667
m57_gpu1,gpu,utilization,98.0,98.0,43.166666667,23.25,71.45,98.516666667,98.533333333,98.483333333,98.483333333,98.0,98.0,86.45,54.833333333,71.0
m57_gpu2,gpu,utilization,98.366666667,98.6,64.0,21.95,57.5,98.516666667,98.533333333,98.483333333,99.0,98.466666667,98.0,87.55,41.083333333,58.8
m57_gpu3,gpu,utilization,99.0,99.0,43.583333333,23.25,72.0,99.0,99.0,98.516666667,98.516666667,98.466666667,98.566666667,85.8,52.25,69.6
m57_gpu4,gpu,utilization,98.633333333,99.0,64.0,17.55,53.9,98.0,98.0,98.0,98.516666667,99.0,99.0,88.0,39.916666667,57.866666667
m57_gpu5,gpu,utilization,98.366666667,98.6,49.416666667,10.7,58.05,99.0,99.0,98.516666667,98.0,98.0,98.566666667,88.0,53.916666667,69.6
m57_gpu6,gpu,utilization,98.633333333,98.4,61.25,17.95,56.25,99.0,98.533333333,98.0,98.516666667,99.0,99.0,88.0,52.75,68.133333333
m57_gpu7,gpu,utilization,98.0,98.6,43.583333333,23.25,72.0,99.0,98.533333333,98.483333333,98.483333333,98.0,98.0,87.55,57.416666667,72.4
