name,machine_type,trace,-10,-9,-8,-7,-6,-5,-4,-3,-2,-1,0,1,2,3
m275_gpu0,gpu,utilization,0.0,0.0,0.0,85.866666667,31.5,86.5,9.2,10.266666667,57.216666667,12.3,19.25,3.0666666667,85.5,13.3
m275_gpu1,gpu,utilization,0.0,0.0,0.0,76.533333333,68.25,86.25,8.8,0.0,90.466666667,0.0,0.0,0.0,0.0,0.0
m275_gpu2,gpu,utilization,16.8,1.5,16.8,6.8,45.416666667,88.416666667,9.2,0.0,30.483333333,92.0,84.333333333,0.0,0.0,0.0
m275_gpu3,gpu,utilization,3.3333333333,0.0,0.0,53.2,10.25,83.916666667,9.1,0.0,71.783333333,0.0,0.0,0.0,0.0,0.0
m275_gpu4,gpu,utilization,14.933333333,48.0,89.266666667,92.0,92.0,7.6666666667,0.0,0.0,90.466666667,0.0,0.0,0.0,0.0,0.0
m275_gpu5,gpu,utilization,6.1333333333,0.0,0.0,85.866666667,92.0,30.583333333,2.5,0.0,90.466666667,3.1,85.25,0.0,0.0,0.0
m275_gpu6,gpu,utilization,0.0,0.0,0.0,35.466666667,13.25,85.25,9.2,0.0,76.7,3.1,85.25,3.1333333333,86.166666667,0.0
m275_gpu7,gpu,utilization,0.0,0.0,0.0,86.8,93.0,92.083333333,9.2,0.0,39.333333333,3.1,85.25,0.0,0.0,0.0
