name,machine_type,trace,-10,-9,-8,-7,-6,-5,-4,-3,-2,-1,0,1,2,3
m412_gpu1,gpu,utilization,3.55,3.55,4.0,4.0,80.083333333,24.3,5.8,4.0833333333,3.1166666667,13.4,13.366666667,6.1,6.3,2.9166666667
m412_gpu7,gpu,utilization,4.0666666667,4.0666666667,7.0,12.8,36.833333333,10.5,5.2,5.0,3.2333333333,1.2666666667,8.35,4.6333333333,5.3,2.7333333333
