name,machine_type,trace,-10,-9,-8,-7,-6,-5,-4,-3,-2,-1,0,1,2,3
m14_gpu4,gpu,utilization,1.3333333333,2.6666666667,0.0,0.35,22.0,40.666666667,0.0,0.0,24.0,58.666666667,28.333333333,71.666666667,31.666666667,96.916666667
m310_gpu3,gpu,utilization,0.0,24.666666667,46.866666667,26.6,84.05,66.0,0.73333333333,23.216666667,48.3,0.26666666667,9.2166666667,41.616666667,76.666666667,92.6
m25_gpu5,gpu,utilization,82.0,62.666666667,19.066666667,61.1,77.65,51.333333333,17.6,53.383333333,45.5,18.933333333,70.716666667,50.166666667,20.666666667,38.233333333
m310_gpu4,gpu,utilization,22.0,21.666666667,21.366666667,21.3,26.3,32.666666667,35.933333333,72.666666667,70.0,5.6,20.716666667,41.533333333,83.0,73.483333333
m386_gpu7,gpu,utilization,33.0,97.333333333,59.533333333,0.0,0.35,30.0,81.4,71.583333333,82.5,99.2,97.85,71.666666667,20.0,37.0
m310_gpu2,gpu,utilization,1.0,0.66666666667,0.0,11.55,47.7,50.0,6.2333333333,37.266666667,56.7,22.666666667,61.2,26.5,83.666666667,67.85
m310_gpu1,gpu,utilization,54.666666667,0.0,26.033333333,46.15,20.65,39.333333333,35.933333333,89.45,49.7,21.333333333,85.666666667,91.5,76.333333333,87.85
m146_gpu4,gpu,utilization,66.666666667,37.333333333,28.966666667,51.35,0.0,28.0,53.2,24.066666667,53.2,17.6,47.3,20.4,48.0,27.983333333
