name,machine_type,trace,-10,-9,-8,-7,-6,-5,-4,-3,-2,-1,0,1,2,3
m215_gpu2,gpu,utilization,0.0,0.0,0.0,0.0,0.0,0.0,0.0,0.0,0.0,0.0,0.0,0.0,0.0,0.0
m293_gpu4,gpu,utilization,87.0,90.65,85.066666667,81.2,86.4,87.833333333,90.8,94.333333333,91.833333333,86.75,87.533333333,88.383333333,85.4,87.083333333
m112_gpu1,gpu,utilization,0.0,0.0,0.0,0.0,0.0,0.0,0.0,0.0,0.0,0.0,0.0,0.0,0.0,0.0
m357_gpu6,gpu,utilization,89.5,90.8,87.933333333,87.0,87.0,85.833333333,87.533333333,81.666666667,85.6,88.7,88.0,91.7,91.4,89.383333333
