name,machine_type,trace,-10,-9,-8,-7,-6,-5,-4,-3,-2,-1,0,1,2,3
m374_gpu0,gpu,utilization,32.966666667,56.116666667,30.333333333,0.0,61.6,24.933333333,0.0,0.0,24.366666667,9.0666666667,0.0,64.533333333,20.533333333,0.0
m374_gpu1,gpu,utilization,0.0,56.116666667,30.333333333,59.333333333,26.7,0.0,0.0,0.0,64.5,24.0,0.0,26.4,8.4,55.183333333
m374_gpu2,gpu,utilization,0.61666666667,56.5,30.333333333,0.0,63.7,25.783333333,0.0,65.216666667,25.783333333,0.0,0.0,66.0,21.0,0.0
m374_gpu3,gpu,utilization,55.5,90.616666667,30.333333333,58.0,87.0,24.65,59.45,87.716666667,86.566666667,22.933333333,0.0,64.533333333,20.533333333,0.0
