name,machine_type,trace,-10,-9,-8,-7,-6,-5,-4,-3,-2,-1,0,1,2,3
m221_gpu0,gpu,utilization,92.5,89.866666667,93.75,90.533333333,85.4,77.6,93.3,92.95,93.4,89.533333333,91.8,92.4,89.333333333,93.0
m221_gpu2,gpu,utilization,93.75,81.266666667,60.0,86.866666667,72.7,82.483333333,89.3,91.8,97.866666667,88.266666667,81.733333333,82.666666667,66.866666667,76.9
m221_gpu4,gpu,utilization,79.5,74.6,65.0,82.6,67.1,79.283333333,64.55,33.966666667,89.466666667,80.266666667,67.533333333,93.4,97.866666667,82.4
m221_gpu5,gpu,utilization,61.0,96.533333333,82.75,74.0,82.0,82.916666667,78.3,55.1,88.8,62.666666667,34.733333333,84.466666667,65.6,55.2
