name,machine_type,trace,-10,-9,-8,-7,-6,-5,-4,-3,-2,-1,0,1,2,3
m87_gpu1,gpu,utilization,96.0,96.0,96.0,96.0,96.0,96.0,96.866666667,96.15,96.0,96.0,96.0,96.0,96.0,96.0
m87_gpu2,gpu,utilization,96.933333333,97.0,96.066666667,96.0,96.0,96.0,96.0,96.0,96.0,96.833333333,96.116666667,96.866666667,96.1,96.0
m87_gpu4,gpu,utilization,0.0,0.0,0.0,0.0,0.0,0.0,0.0,0.0,0.0,0.0,0.0,0.0,0.0,0.0
m87_gpu5,gpu,utilization,96.0,96.0,96.0,95.05,95.95,96.0,95.133333333,95.85,96.0,96.833333333,97.0,97.0,96.1,95.066666667
m134_gpu0,gpu,utilization,96.0,96.0,96.0,95.05,95.95,96.0,96.866666667,96.15,96.0,95.166666667,89.7,94.2,95.0,96.866666667
m134_gpu3,gpu,utilization,95.933333333,96.0,96.0,96.0,96.0,96.0,96.0,96.0,96.866666667,96.166666667,96.0,96.0,96.0,96.0
m134_gpu5,gpu,utilization,96.0,96.0,96.0,96.0,96.0,95.083333333,95.866666667,96.0,95.133333333,95.833333333,96.0,96.0,96.0,96.933333333
m134_gpu6,gpu,utilization,95.133333333,95.966666667,96.933333333,96.05,90.3,95.5,96.866666667,97.0,96.133333333,94.333333333,95.766666667,96.0,96.0,96.0
