name,machine_type,trace,-10,-9,-8,-7,-6,-5,-4,-3,-2,-1,0,1,2,3
m280_gpu0,gpu,utilization,96.666666667,3.3333333333,46.666666667,6.6666666667,88.333333333,11.666666667,96.25,77.5,99.466666667,88.55,22.616666667,5.0,100.0,100.0
m280_gpu1,gpu,utilization,100.0,93.333333333,6.6666666667,93.333333333,11.666666667,88.333333333,0.0,0.0,6.6666666667,95.0,1.0666666667,65.8,100.0,95.0
m280_gpu2,gpu,utilization,100.0,93.333333333,6.6666666667,93.533333333,2.65,0.0,15.0,90.8,14.133333333,95.95,19.683333333,62.0,100.0,95.0
m280_gpu3,gpu,utilization,99.566666667,81.2,6.6666666667,93.333333333,11.666666667,88.333333333,15.0,90.0,6.6666666667,95.0,1.6166666667,97.15,100.0,95.0
m280_gpu4,gpu,utilization,100.0,93.6,6.6,40.133333333,11.55,88.15,6.3,7.2,6.6666666667,95.15,2.95,5.0,100.0,96.15
m280_gpu5,gpu,utilization,100.0,93.333333333,6.6666666667,93.333333333,11.666666667,88.333333333,0.0,0.0,6.6666666667,95.0,1.3666666667,82.9,100.0,95.0
m280_gpu6,gpu,utilization,99.166666667,76.666666667,98.133333333,73.866666667,88.333333333,11.666666667,89.8,38.8,97.666666667,64.25,49.166666667,5.0,100.0,100.0
m280_gpu7,gpu,utilization,99.366666667,75.6,6.6666666667,93.333333333,11.666666667,88.333333333,0.0,0.0,6.6666666667,95.0,1.4166666667,85.75,100.0,95.0
