name,machine_type,trace,-10,-9,-8,-7,-6,-5,-4,-3,-2,-1,0,1,2,3
m161_gpu0,gpu,utilization,50.0,47.75,83.0,63.633333333,22.133333333,82.783333333,82.266666667,83.216666667,79.233333333,67.366666667,81.316666667,64.833333333,52.2,66.166666667
m161_gpu3,gpu,utilization,34.5,46.616666667,85.75,67.466666667,0.8,3.2166666667,3.7333333333,20.766666667,84.783333333,83.766666667,74.983333333,52.333333333,83.6,77.0
m161_gpu4,gpu,utilization,49.75,73.466666667,85.75,65.166666667,0.8,3.0,3.0,3.0,12.533333333,56.1,83.833333333,71.5,55.2,80.833333333
m161_gpu6,gpu,utilization,85.25,76.1,67.5,64.4,1.0666666667,3.7833333333,2.7333333333,20.2,83.616666667,76.633333333,81.35,78.333333333,76.8,84.166666667
