name,machine_type,trace,-10,-9,-8,-7,-6,-5,-4,-3,-2,-1,0,1,2,3
m8_gpu0,gpu,utilization,86.066666667,86.916666667,86.1,86.916666667,85.916666667,85.0,84.866666667,84.333333333,85.733333333,84.166666667,85.5,87.5,85.65,67.466666667
m8_gpu1,gpu,utilization,88.066666667,88.75,86.0,86.083333333,87.083333333,87.8,86.133333333,86.833333333,86.4,88.5,86.0,86.333333333,88.216666667,68.233333333
m8_gpu2,gpu,utilization,88.0,87.833333333,86.1,87.0,86.75,84.4,87.6,85.166666667,86.0,85.833333333,85.166666667,85.833333333,85.433333333,66.7
m8_gpu3,gpu,utilization,85.066666667,86.0,86.0,86.0,86.166666667,87.7,84.866666667,84.666666667,87.733333333,86.0,86.0,86.333333333,88.216666667,68.233333333
