name,machine_type,trace,-10,-9,-8,-7,-6,-5,-4,-3,-2,-1,0,1,2,3
m112_gpu1,gpu,utilization,29.5,35.833333333,45.833333333,3.9166666667,10.5,30.1,0.0,1.7,5.6833333333,17.333333333,42.316666667,32.6,3.0666666667,3.4666666667
m30_gpu5,gpu,utilization,39.166666667,1.1666666667,14.15,37.983333333,6.75,17.85,46.2,0.85,14.083333333,27.0,3.4166666667,14.666666667,54.533333333,38.866666667
m158_gpu1,gpu,utilization,12.166666667,3.6666666667,18.733333333,56.05,3.25,5.0166666667,6.1333333333,16.483333333,1.9,11.666666667,15.716666667,22.4,68.6,17.466666667
m30_gpu2,gpu,utilization,62.5,1.3333333333,19.733333333,66.15,33.75,9.0666666667,23.466666667,0.56666666667,22.9,46.0,1.3666666667,7.4666666667,31.966666667,33.0
m331_gpu3,gpu,utilization,4.0,4.0,3.2666666667,9.1,51.0,60.15,11.0,0.85,3.95,27.666666667,49.466666667,9.4,38.2,58.2
m273_gpu3,gpu,utilization,5.0,8.0,22.633333333,17.75,6.5,20.75,38.866666667,1.1333333333,3.6833333333,10.0,31.916666667,36.466666667,12.966666667,37.266666667
m168_gpu1,gpu,utilization,5.3333333333,3.3333333333,21.733333333,60.783333333,11.25,15.35,28.6,7.0833333333,29.75,53.666666667,72.766666667,58.466666667,52.133333333,22.666666667
m392_gpu6,gpu,utilization,30.833333333,2.0,16.216666667,28.5,3.75,0.0,0.0,6.2333333333,25.8,22.666666667,0.0,0.0,9.3333333333,29.6
