name,machine_type,trace,-10,-9,-8,-7,-6,-5,-4,-3,-2,-1,0,1,2,3
m212_gpu6,gpu,utilization,82.466666667,90.1,86.333333333,86.0,89.8,82.533333333,92.633333333,99.65,89.55,89.0,91.85,84.266666667,92.85,34.0
m212_gpu7,gpu,utilization,62.866666667,70.0,77.533333333,87.333333333,99.4,53.333333333,88.666666667,82.4,51.6,69.0,72.85,29.5,81.1,91.833333333
