name,machine_type,trace,-10,-9,-8,-7,-6,-5,-4,-3,-2,-1,0,1,2,3
m143_gpu1,gpu,utilization,91.8,99.866666667,90.5,99.333333333,88.6,89.8,93.733333333,6.2666666667,79.2,91.666666667,99.333333333,95.583333333,91.4,98.95
m143_gpu3,gpu,utilization,86.65,86.983333333,99.35,98.133333333,98.95,99.9,92.533333333,6.1333333333,81.9,99.25,98.166666667,90.933333333,95.4,92.466666667
m143_gpu4,gpu,utilization,95.2,98.933333333,90.45,90.0,97.6,93.5,93.0,96.733333333,87.1,94.25,92.25,99.066666667,92.8,98.183333333
m143_gpu6,gpu,utilization,98.1,98.0,99.9,100.0,96.2,92.4,87.333333333,5.8,79.2,89.833333333,90.0,96.183333333,89.8,98.716666667
