name,machine_type,trace,-10,-9,-8,-7,-6,-5,-4,-3,-2,-1,0,1,2,3
m273_gpu0,gpu,utilization,99.0,99.0,99.0,99.0,99.0,99.0,99.0,99.0,99.0,99.0,99.0,97.333333333,90.5,98.133333333
m273_gpu1,gpu,utilization,86.466666667,62.966666667,99.0,99.0,99.0,95.333333333,82.333333333,99.0,99.0,99.0,98.8,96.5,90.5,98.133333333
m273_gpu2,gpu,utilization,99.0,90.133333333,69.866666667,99.0,99.0,99.0,99.0,99.0,98.783333333,98.233333333,99.0,82.5,16.5,99.0
m273_gpu6,gpu,utilization,93.4,82.9,99.0,99.0,99.0,80.85,16.5,99.0,99.0,99.0,99.0,97.333333333,90.666666667,99.0
