name,machine_type,trace,-10,-9,-8,-7,-6,-5,-4,-3,-2,-1,0,1,2,3
m49_gpu4,gpu,utilization,32.9,61.1,94.0,94.0,94.0,32.9,57.966666667,94.0,94.0,94.0,32.9,59.533333333,94.0,94.0
m49_gpu6,gpu,utilization,33.25,61.1,94.633333333,94.333333333,94.0,32.9,58.583333333,95.0,94.366666667,94.633333333,33.25,59.533333333,94.0,94.6
m159_gpu4,gpu,utilization,33.25,61.75,95.0,95.0,95.0,33.25,58.583333333,95.0,95.0,62.066666667,15.05,60.166666667,95.0,41.0
m159_gpu6,gpu,utilization,33.25,61.75,95.0,95.0,95.683333333,33.6,58.583333333,95.0,95.0,94.366666667,32.9,60.166666667,95.0,39.8
m114_gpu2,gpu,utilization,33.25,61.75,95.0,95.0,95.0,33.25,58.583333333,95.0,95.0,95.0,33.25,60.166666667,95.0,95.0
m114_gpu6,gpu,utilization,33.25,61.75,95.0,95.0,95.0,33.25,59.2,96.0,95.366666667,95.0,33.25,60.8,95.416666667,95.0
m413_gpu1,gpu,utilization,32.9,61.75,95.0,95.0,95.0,33.25,58.583333333,95.0,93.733333333,94.266666667,33.25,60.166666667,95.0,95.0
m413_gpu2,gpu,utilization,32.9,61.75,95.0,94.333333333,94.0,32.9,58.583333333,94.366666667,93.366666667,93.633333333,32.9,59.533333333,94.0,94.0
