name,machine_type,trace,-10,-9,-8,-7,-6,-5,-4,-3,-2,-1,0,1,2,3
m131_gpu0,gpu,utilization,58.8,55.3,61.083333333,65.983333333,64.8,58.933333333,57.833333333,66.3,60.883333333,60.833333333,63.5,55.9,60.3,56.6
m131_gpu1,gpu,utilization,62.75,39.8,54.116666667,2.8166666667,51.166666667,56.5,65.25,9.0,61.183333333,46.166666667,9.65,53.0,54.866666667,60.066666667
m131_gpu3,gpu,utilization,59.3,46.35,52.15,2.7166666667,45.333333333,55.466666667,63.416666667,8.7666666667,58.833333333,42.0,9.8,53.7,53.75,58.333333333
m131_gpu5,gpu,utilization,58.1,59.6,51.166666667,3.0333333333,63.666666667,54.233333333,56.166666667,7.9,45.933333333,44.5,11.15,62.1,57.35,52.4
