name,machine_type,trace,-10,-9,-8,-7,-6,-5,-4,-3,-2,-1,0,1,2,3
m343_gpu0,gpu,utilization,71.466666667,40.0,66.1,98.5,99.0,95.1,91.916666667,96.733333333,51.15,13.5,56.433333333,94.466666667,99.0,98.583333333
m343_gpu1,gpu,utilization,69.066666667,36.0,64.35,99.0,99.0,92.066666667,83.766666667,91.066666667,53.083333333,20.2,60.8,90.6,86.8,85.583333333
m343_gpu2,gpu,utilization,71.466666667,31.133333333,51.15,92.5,96.55,96.866666667,98.0,98.433333333,53.566666667,21.2,66.133333333,99.0,99.0,99.0
m343_gpu3,gpu,utilization,70.666666667,30.466666667,52.8,99.0,99.0,96.833333333,95.916666667,99.0,51.15,16.2,62.866666667,98.0,98.4,98.583333333
m343_gpu4,gpu,utilization,71.266666667,30.4,53.35,99.0,93.15,91.633333333,99.0,95.1,47.466666667,16.85,62.733333333,99.0,99.0,96.083333333
m343_gpu5,gpu,utilization,67.266666667,20.733333333,47.25,88.0,88.3,96.866666667,98.0,98.0,56.916666667,8.05,44.033333333,99.0,99.0,99.0
m343_gpu6,gpu,utilization,52.8,9.3333333333,54.65,98.0,99.0,95.533333333,92.916666667,97.3,53.083333333,18.85,63.866666667,97.7,97.2,97.75
m343_gpu7,gpu,utilization,58.466666667,10.133333333,42.75,97.0,99.0,97.7,97.15,99.0,61.3,13.35,45.166666667,99.0,99.0,99.0
