name,machine_type,trace,-10,-9,-8,-7,-6,-5,-4,-3,-2,-1,0,1,2,3
m22_gpu0,gpu,utilization,100.0,85.333333333,34.3,98.366666667,99.733333333,98.366666667,99.35,97.183333333,98.166666667,99.2,100.0,99.8,99.2,99.5
m22_gpu1,gpu,utilization,99.5,84.9,43.283333333,98.0,98.266666667,100.0,99.35,97.183333333,98.166666667,99.2,99.566666667,98.2,99.2,99.5
m22_gpu2,gpu,utilization,100.0,88.45,48.183333333,98.0,98.266666667,99.45,97.216666667,98.366666667,99.833333333,99.2,99.35,97.4,98.8,98.5
m22_gpu3,gpu,utilization,98.666666667,79.216666667,17.966666667,98.0,98.266666667,99.633333333,97.783333333,97.183333333,98.166666667,98.8,97.783333333,97.4,99.2,100.0
m22_gpu4,gpu,utilization,97.0,86.366666667,49.816666667,98.366666667,99.6,97.0,97.0,97.183333333,98.166666667,98.6,97.65,99.8,99.2,100.0
m22_gpu5,gpu,utilization,98.333333333,87.533333333,44.1,98.366666667,100.0,99.45,97.216666667,98.0,98.166666667,98.8,98.433333333,99.8,98.8,98.5
m22_gpu6,gpu,utilization,98.333333333,86.066666667,37.566666667,98.366666667,100.0,99.45,97.433333333,99.183333333,99.833333333,99.2,99.566666667,98.2,98.8,98.5
m22_gpu7,gpu,utilization,80.833333333,0.0,18.15,99.183333333,99.733333333,98.366666667,99.783333333,98.816666667,98.166666667,79.2,21.233333333,98.0,98.0,98.5
