name,machine_type,trace,-10,-9,-8,-7,-6,-5,-4,-3,-2,-1,0,1,2,3
m125_gpu1,gpu,utilization,87.0,94.666666667,94.583333333,89.5,93.383333333,93.233333333,90.0,88.15,92.333333333,95.6,92.233333333,91.366666667,89.6,87.666666667
m125_gpu5,gpu,utilization,83.0,44.8,37.5,94.166666667,96.166666667,87.7,84.4,90.366666667,94.0,80.5,81.666666667,93.633333333,88.6,87.833333333
m125_gpu6,gpu,utilization,84.0,42.666666667,41.666666667,93.333333333,88.983333333,96.233333333,77.8,63.883333333,81.333333333,80.45,88.833333333,74.1,56.0,65.083333333
m125_gpu7,gpu,utilization,88.5,47.466666667,35.833333333,88.5,92.766666667,94.383333333,68.6,53.916666667,78.333333333,62.4,92.533333333,92.433333333,88.4,85.25
