name,machine_type,trace,-10,-9,-8,-7,-6,-5,-4,-3,-2,-1,0,1,2,3
m99_gpu0,gpu,utilization,98.716666667,98.333333333,94.2,96.55,97.6,97.0,98.466666667,96.0,62.033333333,89.566666667,98.0,98.783333333,97.4,97.8
m99_gpu1,gpu,utilization,98.283333333,98.0,94.2,95.9,98.0,98.683333333,98.266666667,98.75,59.133333333,88.65,61.966666667,87.816666667,98.0,98.0
m99_gpu2,gpu,utilization,79.583333333,98.0,96.1,96.95,98.7,96.95,98.2,98.25,26.7,80.95,98.0,98.783333333,95.8,97.4
m99_gpu3,gpu,utilization,98.0,98.0,93.566666667,95.55,93.1,83.483333333,92.466666667,91.0,60.633333333,84.666666667,86.633333333,81.866666667,93.0,95.2
m99_gpu4,gpu,utilization,97.716666667,98.0,91.033333333,94.8,99.0,97.633333333,93.333333333,96.5,51.233333333,85.183333333,97.533333333,98.783333333,98.2,79.6
m99_gpu5,gpu,utilization,96.583333333,94.666666667,94.9,97.3,98.0,94.583333333,95.933333333,93.25,49.066666667,87.45,94.4,92.216666667,96.0,94.6
m99_gpu6,gpu,utilization,98.283333333,95.333333333,88.3,87.6,89.7,94.1,97.466666667,98.0,62.733333333,89.566666667,86.5,93.966666667,97.8,98.8
m99_gpu7,gpu,utilization,99.0,98.333333333,94.2,95.9,79.8,86.35,54.866666667,64.25,56.666666667,89.566666667,94.166666667,97.7,91.8,94.8
