name,machine_type,trace,-10,-9,-8,-7,-6,-5,-4,-3,-2,-1,0,1,2,3
m236_gpu2,gpu,utilization,96.266666667,76.166666667,97.0,92.45,75.666666667,75.866666667,75.0,9.7333333333,74.35,81.083333333,76.466666667,72.633333333,74.666666667,88.066666667
m236_gpu3,gpu,utilization,93.8,77.166666667,96.7,89.616666667,79.833333333,76.333333333,78.333333333,9.7333333333,75.1,84.8,74.866666667,73.633333333,75.85,89.7
m236_gpu4,gpu,utilization,96.266666667,76.166666667,97.65,94.366666667,73.833333333,74.166666667,69.166666667,9.8666666667,74.45,78.1,81.666666667,72.633333333,74.85,88.7
m236_gpu7,gpu,utilization,74.733333333,77.333333333,94.016666667,75.783333333,78.333333333,95.466666667,82.5,9.7333333333,77.05,95.233333333,76.8,91.516666667,79.3,90.516666667
