name,machine_type,trace,-10,-9,-8,-7,-6,-5,-4,-3,-2,-1,0,1,2,3
m125_gpu0,gpu,utilization,10.85,85.25,4.7,93.933333333,45.725,45.725,0.0,0.0,83.133333333,7.1666666667,3.5333333333,82.616666667,12.4,0.0
m125_gpu1,gpu,utilization,10.85,85.25,4.65,93.066666667,46.216666667,46.216666667,0.0,0.0,63.8,5.5,4.4166666667,82.733333333,12.4,0.0
m125_gpu2,gpu,utilization,10.616666667,91.0,91.0,91.066666667,94.033333333,94.033333333,88.266666667,95.6,93.1,95.75,62.433333333,88.916666667,93.866666667,86.8
m125_gpu3,gpu,utilization,11.083333333,94.666666667,91.25,95.933333333,96.525,96.525,92.2,96.75,93.133333333,95.75,57.133333333,82.033333333,93.8,85.1
m125_gpu4,gpu,utilization,10.85,85.25,4.65,93.0,45.725,45.725,0.0,0.0,89.9,7.75,13.25,83.016666667,12.266666667,0.0
m125_gpu5,gpu,utilization,10.85,85.25,4.65,93.0,45.725,45.725,0.0,0.0,89.9,7.75,4.4166666667,82.733333333,12.4,0.0
m125_gpu6,gpu,utilization,10.966666667,86.166666667,4.7,94.0,46.216666667,46.216666667,0.0,0.0,50.266666667,4.3333333333,4.4166666667,83.616666667,12.533333333,0.0
m125_gpu7,gpu,utilization,10.85,85.25,4.7,94.0,46.216666667,46.216666667,0.0,0.0,16.433333333,1.4166666667,4.4166666667,83.616666667,12.533333333,0.0
