name,machine_type,trace,-10,-9,-8,-7,-6,-5,-4,-3,-2,-1,0,1,2,3
m210_gpu0,gpu,utilization,80.0,100.0,100.0,99.25,99.8,99.25,99.75,99.25,98.25,98.0,98.0,32.666666667,62.7,99.0
m210_gpu1,gpu,utilization,79.2,89.0,95.8,98.75,99.8,100.0,100.0,100.0,98.5,97.283333333,97.683333333,85.333333333,91.666666667,99.0
m210_gpu2,gpu,utilization,79.2,96.5,99.2,99.25,98.2,98.75,98.25,99.5,98.5,99.433333333,98.633333333,32.666666667,62.7,99.0
m210_gpu3,gpu,utilization,79.2,86.5,96.8,99.25,97.4,98.5,98.25,99.5,98.5,99.433333333,97.95,32.333333333,62.7,99.0
m210_gpu4,gpu,utilization,78.4,99.666666667,98.4,98.75,99.8,99.25,99.75,100.0,98.5,99.433333333,100.0,66.666666667,81.666666667,99.35
m210_gpu5,gpu,utilization,79.2,99.833333333,98.4,98.75,98.2,98.75,98.25,98.75,98.25,99.433333333,97.95,91.0,95.6,99.35
m210_gpu6,gpu,utilization,79.2,99.833333333,100.0,99.25,99.8,99.25,98.25,98.75,98.25,97.283333333,97.683333333,32.666666667,62.7,99.0
m210_gpu7,gpu,utilization,79.2,99.0,98.2,98.75,66.2,88.75,99.75,25.0,75.0,100.0,100.0,33.333333333,62.7,99.0
