name,machine_type,trace,-10,-9,-8,-7,-6,-5,-4,-3,-2,-1,0,1,2,3
m391_gpu4,gpu,utilization,83.3,52.066666667,7.6666666667,83.3,68.3,36.2,90.2,80.216666667,62.116666667,10.816666667,75.133333333,94.166666667,96.666666667,42.7
m339_gpu5,gpu,utilization,54.05,40.633333333,6.5,0.0,33.3,91.9,60.733333333,90.116666667,70.233333333,11.733333333,20.7,56.9,89.466666667,81.9
m25_gpu6,gpu,utilization,22.85,29.9,5.3333333333,79.9,9.4,63.9,9.4666666667,49.816666667,78.15,15.033333333,39.1,30.3,62.866666667,69.3
m53_gpu1,gpu,utilization,3.3,41.516666667,7.8333333333,0.0,0.0,83.7,60.066666667,90.116666667,98.0,17.966666667,59.8,45.033333333,9.3333333333,0.0
m322_gpu3,gpu,utilization,39.1,74.266666667,13.0,21.25,13.3,1.2,83.2,68.233333333,89.766666667,17.6,45.233333333,57.466666667,57.733333333,39.8
m216_gpu6,gpu,utilization,66.55,47.75,7.6666666667,83.3,9.8,31.5,30.666666667,54.5,91.033333333,17.966666667,42.933333333,45.266666667,55.2,18.0
m158_gpu2,gpu,utilization,32.15,44.016666667,7.6666666667,0.0,0.0,60.3,93.866666667,64.516666667,90.483333333,17.966666667,46.0,60.766666667,18.466666667,33.1
m322_gpu2,gpu,utilization,62.8,45.983333333,7.3333333333,31.45,73.9,7.8,0.0,3.2666666667,56.266666667,12.466666667,54.433333333,75.6,92.4,59.5
