name,machine_type,trace,-10,-9,-8,-7,-6,-5,-4,-3,-2,-1,0,1,2,3
m253_gpu0,gpu,utilization,95.416666667,99.333333333,100.0,100.0,100.0,100.0,98.2,99.766666667,98.233333333,99.833333333,97.2,96.066666667,98.8,94.5
m253_gpu1,gpu,utilization,0.0,0.0,0.0,0.0,0.0,0.0,0.0,0.0,0.0,0.0,0.0,0.0,0.0,0.0
m253_gpu2,gpu,utilization,53.333333333,51.266666667,51.0,53.6,51.35,54.466666667,49.6,50.766666667,48.35,50.75,49.133333333,51.8,56.666666667,50.7
m253_gpu3,gpu,utilization,95.416666667,99.333333333,100.0,93.066666667,99.066666667,100.0,100.0,100.0,100.0,98.166666667,94.266666667,93.066666667,93.933333333,99.4
m253_gpu4,gpu,utilization,99.416666667,100.0,100.0,93.066666667,99.066666667,99.133333333,99.9,99.116666667,99.883333333,95.416666667,99.666666667,100.0,99.066666667,93.6
m253_gpu5,gpu,utilization,0.0,0.0,0.0,0.0,0.0,0.0,0.0,0.0,0.0,0.0,0.0,0.0,0.0,0.0
m253_gpu6,gpu,utilization,52.0,53.733333333,52.2,56.333333333,54.35,52.266666667,54.7,55.0,48.816666667,50.75,53.8,49.333333333,53.666666667,53.1
m253_gpu7,gpu,utilization,99.666666667,96.533333333,99.6,95.666666667,99.416666667,100.0,100.0,100.0,100.0,100.0,100.0,100.0,98.133333333,99.8
