name,machine_type,trace,-10,-9,-8,-7,-6,-5,-4,-3,-2,-1,0,1,2,3
m291_gpu0,gpu,utilization,80.266666667,5.7333333333,0.0,0.0,0.0,0.0,84.233333333,3.6666666667,45.466666667,45.466666667,0.0,81.616666667,87.916666667,15.8
m291_gpu1,gpu,utilization,82.133333333,5.8666666667,0.0,0.0,0.0,0.0,84.1,0.83333333333,42.033333333,42.033333333,0.0,86.533333333,87.016666667,24.3
