name,machine_type,trace,-10,-9,-8,-7,-6,-5,-4,-3,-2,-1,0,1,2,3
m169_gpu0,gpu,utilization,0.0,0.0,0.0,0.0,0.0,0.0,0.0,0.0,0.0,0.0,0.0,0.0,0.0,0.0
m169_gpu1,gpu,utilization,90.75,91.916666667,93.866666667,94.0,92.033333333,94.85,0.0,0.0,0.0,0.0,0.0,0.0,0.0,0.0
m169_gpu2,gpu,utilization,70.5,47.0,39.4,86.366666667,77.183333333,95.05,0.0,0.0,0.0,0.0,0.0,0.0,0.0,0.0
m169_gpu3,gpu,utilization,48.25,73.5,46.133333333,91.366666667,70.383333333,86.15,0.0,0.0,0.0,0.0,0.0,0.0,0.0,0.0
m169_gpu4,gpu,utilization,44.583333333,32.666666667,59.066666667,48.433333333,74.55,88.3,0.0,0.0,0.0,0.0,0.0,0.0,0.0,0.0
m169_gpu5,gpu,utilization,0.0,0.0,0.0,0.0,0.0,0.0,0.0,0.0,0.0,0.0,0.0,0.0,0.0,0.0
m169_gpu6,gpu,utilization,0.0,0.0,0.0,0.0,0.0,0.0,0.0,0.0,0.0,0.0,0.0,0.0,0.0,0.0
m169_gpu7,gpu,utilization,0.0,0.0,0.0,0.0,0.0,0.0,0.0,0.0,0.0,0.0,0.0,0.0,0.0,0.0
