name,machine_type,trace,-10,-9,-8,-7,-6,-5,-4,-3,-2,-1,0,1,2,3
m191_gpu0,gpu,utilization,98.35,98.0,98.0,98.0,98.0,98.716666667,99.0,99.0,98.35,98.0,98.0,98.716666667,99.0,98.266666667
m191_gpu1,gpu,utilization,98.0,98.0,98.0,98.0,98.0,97.283333333,97.7,98.0,98.0,98.0,98.0,98.0,97.25,97.0
m191_gpu2,gpu,utilization,97.35,97.683333333,97.316666667,97.733333333,97.283333333,98.433333333,98.3,98.0,98.0,98.0,98.0,98.716666667,98.25,97.266666667
m191_gpu3,gpu,utilization,98.65,98.316666667,98.0,98.0,98.0,96.566666667,97.4,98.0,98.65,98.316666667,98.0,98.0,98.0,98.0
m191_gpu4,gpu,utilization,98.65,98.316666667,98.0,98.0,98.716666667,98.283333333,98.7,98.316666667,98.65,99.0,98.333333333,98.0,98.75,98.266666667
m191_gpu5,gpu,utilization,98.65,98.316666667,98.0,98.733333333,98.283333333,97.283333333,97.7,98.0,98.0,98.0,98.0,98.0,98.75,99.0
m191_gpu6,gpu,utilization,97.65,98.0,98.0,98.733333333,99.0,98.283333333,98.0,98.0,98.0,97.316666667,98.333333333,98.283333333,98.0,98.0
m191_gpu7,gpu,utilization,98.0,98.0,98.0,98.733333333,98.283333333,97.283333333,97.7,98.683333333,97.05,97.366666667,98.0,98.0,98.0,98.0
