name,machine_type,trace,-10,-9,-8,-7,-6,-5,-4,-3,-2,-1,0,1,2,3
m12_gpu0,gpu,utilization,25.0,32.8,48.5,64.733333333,45.333333333,41.0,34.933333333,5.1,72.8,27.0,2.0166666667,80.0,23.333333333,0.0
m12_gpu1,gpu,utilization,9.0,2.4,68.333333333,10.933333333,0.83333333333,0.13333333333,0.0,85.0,48.0,7.0,36.75,24.2,4.4333333333,76.666666667
m12_gpu2,gpu,utilization,75.0,100.0,16.666666667,86.666666667,18.333333333,83.466666667,12.8,0.0,0.0,11.2,84.233333333,20.0,76.666666667,23.333333333
m12_gpu3,gpu,utilization,32.0,6.4,83.333333333,17.666666667,83.333333333,13.2,86.666666667,15.0,56.0,94.0,18.333333333,56.8,16.566666667,0.0
