name,machine_type,trace,-10,-9,-8,-7,-6,-5,-4,-3,-2,-1,0,1,2,3
m12_gpu0,gpu,utilization,89.55,91.4,89.7,91.716666667,91.266666667,91.15,66.75,24.266666667,91.0,90.5,89.25,90.0,90.0,90.2
m12_gpu1,gpu,utilization,87.0,87.6,90.0,89.433333333,88.533333333,89.433333333,66.0,24.266666667,90.766666667,90.0,90.0,89.733333333,88.783333333,88.0
m12_gpu2,gpu,utilization,90.0,89.8,88.766666667,89.133333333,91.2,89.283333333,67.75,24.466666667,89.233333333,90.25,91.0,90.2,88.866666667,91.2
m12_gpu3,gpu,utilization,89.366666667,90.6,89.7,91.433333333,90.533333333,90.866666667,66.0,24.0,90.0,89.75,89.0,89.0,89.0,89.6
