name,machine_type,trace,-10,-9,-8,-7,-6,-5,-4,-3,-2,-1,0,1,2,3
m244_gpu0,gpu,utilization,58.7,74.0,75.5,81.483333333,69.166666667,66.1,71.65,75.866666667,81.083333333,78.4,84.166666667,83.0,70.733333333,75.65
m244_gpu1,gpu,utilization,78.1,74.65,83.0,78.466666667,82.166666667,77.866666667,43.083333333,19.6,78.133333333,55.0,69.833333333,84.0,82.166666667,70.15
m244_gpu2,gpu,utilization,67.9,74.5,81.0,72.516666667,84.0,79.6,62.6,68.033333333,59.583333333,78.8,75.166666667,70.2,15.4,84.0
m244_gpu3,gpu,utilization,54.95,80.3,67.833333333,82.35,82.166666667,70.566666667,64.233333333,19.6,84.0,83.4,81.333333333,83.0,77.133333333,57.233333333
