name,machine_type,trace,-10,-9,-8,-7,-6,-5,-4,-3,-2,-1,0,1,2,3
m327_gpu0,gpu,utilization,96.183333333,95.366666667,90.0,91.416666667,95.266666667,95.466666667,93.1,92.416666667,95.466666667,92.3,89.5,93.15,90.333333333,89.733333333
m327_gpu3,gpu,utilization,82.8,77.666666667,93.266666667,92.866666667,91.6,85.866666667,47.5,42.266666667,90.2,89.133333333,69.0,20.4,70.0,53.166666667
m327_gpu5,gpu,utilization,78.566666667,84.633333333,72.066666667,86.85,87.4,82.466666667,82.2,88.966666667,87.8,66.916666667,93.25,95.583333333,93.0,68.6
m327_gpu6,gpu,utilization,89.45,88.866666667,95.266666667,86.933333333,54.933333333,29.2,47.4,92.45,87.6,91.716666667,74.0,42.833333333,93.333333333,90.333333333
