name,machine_type,trace,-10,-9,-8,-7,-6,-5,-4,-3,-2,-1,0,1,2,3
m41_gpu0,gpu,utilization,97.7,6.6666666667,12.366666667,91.4,100.0,100.0,100.0,100.0,100.0,62.9,95.1,100.0,16.666666667,8.5
m41_gpu1,gpu,utilization,100.0,100.0,100.0,10.0,88.333333333,11.666666667,0.0,8.6666666667,89.5,39.05,91.95,15.0,83.333333333,35.4
m41_gpu2,gpu,utilization,10.0,0.0,0.0,22.5,70.933333333,8.9833333333,91.666666667,96.533333333,24.45,1.75,0.0,0.0,83.333333333,100.0
m41_gpu3,gpu,utilization,3.8,0.0,88.333333333,10.0,88.333333333,11.666666667,91.666666667,62.733333333,6.65,73.316666667,60.916666667,76.7,13.333333333,85.0
m41_gpu4,gpu,utilization,68.5,4.3333333333,88.333333333,100.0,11.666666667,0.0,91.666666667,100.0,100.0,100.0,100.0,71.1,11.0,63.75
m41_gpu5,gpu,utilization,58.4,3.6666666667,0.0,90.0,11.666666667,27.383333333,15.416666667,88.533333333,54.066666667,32.1,91.833333333,64.3,9.6666666667,7.65
m41_gpu6,gpu,utilization,9.9,0.73333333333,15.9,91.8,16.966666667,0.7,83.416666667,98.8,100.0,17.85,67.066666667,75.85,12.666666667,0.0
m41_gpu7,gpu,utilization,48.0,50.866666667,94.283333333,14.5,1.4666666667,0.11666666667,91.666666667,23.733333333,1.4,88.333333333,11.666666667,85.0,16.666666667,68.85
