name,machine_type,trace,-10,-9,-8,-7,-6,-5,-4,-3,-2,-1,0,1,2,3
m298_gpu0,gpu,utilization,97.6,99.0,98.0,97.0,97.483333333,98.533333333,98.483333333,98.0,97.516666667,97.966666667,99.0,99.0,99.483333333,99.516666667
m298_gpu1,gpu,utilization,99.466666667,99.533333333,99.5,98.033333333,97.0,90.6,91.716666667,91.8,91.316666667,98.45,99.566666667,98.566666667,97.516666667,98.45
m298_gpu2,gpu,utilization,98.066666667,99.533333333,98.5,98.45,100.0,89.333333333,89.3,89.733333333,90.7,98.55,97.866666667,99.0,99.483333333,100.0
m298_gpu3,gpu,utilization,97.6,99.0,99.0,98.033333333,98.45,99.466666667,98.483333333,98.0,97.516666667,96.516666667,97.3,99.0,99.483333333,100.0
m298_gpu4,gpu,utilization,99.466666667,99.533333333,98.5,96.516666667,97.933333333,92.533333333,92.2,91.8,91.316666667,50.116666667,42.9,99.0,98.033333333,98.45
m298_gpu5,gpu,utilization,98.933333333,99.066666667,98.5,96.516666667,97.933333333,90.4,91.3,92.766666667,91.316666667,98.45,99.566666667,99.0,98.033333333,98.45
m298_gpu6,gpu,utilization,98.066666667,99.533333333,98.5,97.0,98.45,95.2,94.616666667,98.0,98.0,97.516666667,97.866666667,99.0,98.033333333,98.45
m298_gpu7,gpu,utilization,98.066666667,99.533333333,99.0,98.966666667,51.666666667,38.933333333,85.916666667,99.033333333,100.0,63.75,56.633333333,98.433333333,99.483333333,51.666666667
