name,machine_type,trace,-10,-9,-8,-7,-6,-5,-4,-3,-2,-1,0,1,2,3
m239_gpu0,gpu,utilization,70.6,72.85,77.1,78.0,67.466666667,82.5,73.7,50.933333333,68.666666667,61.633333333,53.666666667,58.45,57.8,58.366666667
m239_gpu1,gpu,utilization,0.0,0.0,0.0,0.0,0.0,0.0,0.0,0.0,0.0,0.0,0.0,0.0,0.0,0.0
