name,machine_type,trace,-10,-9,-8,-7,-6,-5,-4,-3,-2,-1,0,1,2,3
m385_gpu0,gpu,utilization,68.133333333,96.0,100.0,100.0,100.0,100.0,100.0,100.0,100.0,100.0,100.0,93.333333333,97.95,99.85
m385_gpu1,gpu,utilization,60.066666667,94.0,100.0,100.0,100.0,100.0,100.0,100.0,100.0,100.0,100.0,77.5,80.65,97.3
m385_gpu2,gpu,utilization,62.933333333,94.4,100.0,100.0,100.0,100.0,100.0,100.0,100.0,100.0,100.0,76.666666667,82.2,97.6
m385_gpu3,gpu,utilization,75.933333333,96.933333333,100.0,100.0,100.0,100.0,100.0,100.0,100.0,100.0,100.0,98.333333333,64.85,93.85
m385_gpu4,gpu,utilization,53.8,93.2,100.0,100.0,100.0,100.0,100.0,100.0,100.0,100.0,100.0,79.166666667,76.7,96.55
m385_gpu5,gpu,utilization,61.0,94.266666667,100.0,100.0,100.0,100.0,100.0,100.0,100.0,100.0,100.0,82.5,82.4,97.45
m385_gpu6,gpu,utilization,79.466666667,97.6,100.0,100.0,100.0,100.0,100.0,100.0,100.0,100.0,100.0,99.166666667,99.85,100.0
m385_gpu7,gpu,utilization,82.6,98.0,100.0,100.0,100.0,100.0,100.0,100.0,100.0,100.0,100.0,100.0,66.85,94.15
