name,machine_type,trace,-10,-9,-8,-7,-6,-5,-4,-3,-2,-1,0,1,2,3
m155_gpu0,gpu,utilization,99.3,99.75,98.733333333,70.233333333,22.0,76.45,99.35,99.333333333,65.333333333,0.0,0.0,0.0,35.933333333,86.45
m155_gpu1,gpu,utilization,98.6,99.75,98.733333333,70.233333333,21.666666667,75.766666667,93.75,88.666666667,65.333333333,0.0,0.0,0.0,36.3,86.4
m155_gpu2,gpu,utilization,100.0,99.5,98.266666667,70.95,26.0,84.333333333,90.3,84.0,66.666666667,0.0,0.0,0.0,36.666666667,96.85
m155_gpu3,gpu,utilization,30.0,99.5,98.0,71.65,30.666666667,87.383333333,96.55,94.666666667,66.666666667,0.0,0.0,0.0,36.666666667,89.5
m155_gpu4,gpu,utilization,98.6,100.0,99.733333333,72.933333333,26.666666667,76.45,99.35,99.333333333,65.333333333,0.0,0.0,0.0,36.666666667,87.4
m155_gpu5,gpu,utilization,98.6,100.0,99.733333333,70.95,21.0,74.4,99.35,99.0,64.666666667,0.0,0.0,0.0,36.666666667,87.75
m155_gpu6,gpu,utilization,30.0,99.5,98.533333333,71.666666667,22.333333333,77.133333333,97.25,96.0,66.666666667,0.0,0.0,0.0,36.666666667,88.8
m155_gpu7,gpu,utilization,98.6,100.0,100.0,75.066666667,34.666666667,83.166666667,58.5,32.666666667,65.333333333,0.0,0.0,0.0,0.0,29.4
