name,machine_type,trace,-10,-9,-8,-7,-6,-5,-4,-3,-2,-1,0,1,2,3
m287_gpu0,gpu,utilization,77.0,77.0,77.5,68.933333333,69.266666667,76.5,76.483333333,76.466666667,69.066666667,71.5,46.8,57.666666667,76.683333333,76.366666667
m287_gpu1,gpu,utilization,70.0,77.0,77.5,77.466666667,37.216666667,38.5,77.0,77.0,76.466666667,76.566666667,76.4,69.033333333,72.516666667,76.0
m287_gpu2,gpu,utilization,76.5,41.066666667,38.5,77.0,77.0,71.0,66.45,73.333333333,77.466666667,77.0,42.8,7.3333333333,53.3,77.366666667
m287_gpu3,gpu,utilization,29.5,35.466666667,38.0,41.066666667,71.316666667,33.0,0.0,41.066666667,76.466666667,76.0,76.0,76.0,76.0,27.866666667
m287_gpu4,gpu,utilization,68.5,77.0,76.5,76.533333333,74.416666667,74.5,77.0,77.533333333,76.4,33.066666667,46.0,71.566666667,73.783333333,76.633333333
m287_gpu5,gpu,utilization,68.5,32.0,35.0,69.466666667,73.133333333,76.5,76.0,71.733333333,72.8,71.333333333,31.6,51.7,76.316666667,76.0
m287_gpu6,gpu,utilization,73.0,42.133333333,10.0,51.466666667,78.483333333,78.0,77.516666667,35.933333333,42.133333333,79.0,64.0,61.6,74.883333333,73.3
m287_gpu7,gpu,utilization,33.5,0.0,0.0,24.533333333,62.016666667,77.5,78.483333333,79.533333333,75.733333333,75.4,79.2,75.566666667,77.1,30.866666667
