name,machine_type,trace,-10,-9,-8,-7,-6,-5,-4,-3,-2,-1,0,1,2,3
m231_gpu0,gpu,utilization,99.0,99.0,99.0,74.466666667,23.116666667,42.0,99.0,99.0,99.0,99.0,69.6,24.4,56.95,99.0
m231_gpu1,gpu,utilization,99.0,98.616666667,98.35,76.0,39.383333333,63.6,98.6,98.45,99.0,99.0,71.0,37.55,68.033333333,98.466666667
m231_gpu2,gpu,utilization,99.0,99.0,99.0,69.866666667,23.766666667,54.6,99.0,99.0,99.0,99.0,57.933333333,8.5833333333,54.05,99.0
m231_gpu3,gpu,utilization,99.0,98.616666667,98.35,69.483333333,22.383333333,53.0,98.4,99.0,99.0,99.0,52.8,18.85,70.0,99.0
m231_gpu4,gpu,utilization,98.65,98.383333333,98.65,75.383333333,40.533333333,63.0,95.4,98.55,98.433333333,99.0,64.0,29.8,68.033333333,98.466666667
m231_gpu5,gpu,utilization,99.0,99.0,99.0,62.583333333,5.9166666667,45.0,99.0,98.55,98.433333333,99.0,56.066666667,5.0666666667,52.6,99.0
m231_gpu6,gpu,utilization,99.0,99.0,99.0,76.0,39.383333333,63.6,99.0,99.0,99.0,99.0,57.933333333,21.633333333,67.1,99.0
m231_gpu7,gpu,utilization,99.0,99.0,99.0,68.333333333,20.15,52.8,99.0,98.1,97.866666667,99.0,57.0,6.5833333333,53.083333333,99.0
