name,machine_type,trace,-10,-9,-8,-7,-6,-5,-4,-3,-2,-1,0,1,2,3
m29_gpu0,gpu,utilization,87.45,90.966666667,90.033333333,40.6,44.466666667,44.466666667,44.95,51.15,42.533333333,88.0,84.616666667,84.383333333,71.466666667,23.75
m29_gpu1,gpu,utilization,89.55,39.0,51.0,42.0,44.95,93.516666667,93.516666667,51.15,42.533333333,88.0,88.0,86.066666667,88.266666667,38.333333333
m29_gpu2,gpu,utilization,86.1,89.833333333,88.6,40.133333333,0.0,0.0,44.95,51.15,40.6,86.066666667,88.0,88.0,45.333333333,3.3333333333
m29_gpu3,gpu,utilization,89.65,39.433333333,51.0,42.0,44.95,93.0,92.516666667,50.6,42.533333333,88.0,88.0,86.066666667,40.266666667,0.83333333333
m29_gpu4,gpu,utilization,87.45,37.7,49.866666667,41.066666667,44.95,93.0,93.0,51.15,42.533333333,88.0,86.066666667,83.516666667,88.333333333,38.75
m29_gpu5,gpu,utilization,87.1,90.833333333,89.6,40.6,44.466666667,92.516666667,93.0,51.15,42.533333333,88.0,85.583333333,85.416666667,90.666666667,38.75
m29_gpu6,gpu,utilization,91.2,40.3,50.433333333,41.533333333,0.0,0.0,45.433333333,51.7,43.016666667,89.0,89.0,89.0,91.666666667,39.166666667
m29_gpu7,gpu,utilization,89.65,92.7,90.6,41.066666667,45.916666667,95.0,94.516666667,51.7,41.083333333,87.066666667,89.0,89.0,91.666666667,39.166666667
