name,machine_type,trace,-10,-9,-8,-7,-6,-5,-4,-3,-2,-1,0,1,2,3
m364_gpu0,gpu,utilization,97.4,74.666666667,3.3833333333,34.7,84.4,55.8,10.266666667,86.666666667,70.266666667,18.0,4.95,37.5,52.0,16.0
m364_gpu3,gpu,utilization,2.1,61.933333333,41.516666667,0.0,3.5333333333,57.1,83.033333333,5.6,41.866666667,40.8,33.15,13.833333333,78.6,51.5
m364_gpu5,gpu,utilization,2.6333333333,78.133333333,64.95,61.1,91.466666667,0.0,7.5833333333,69.4,98.133333333,89.1,0.0,16.5,98.866666667,98.166666667
m364_gpu7,gpu,utilization,36.0,33.6,2.8,25.6,39.0,25.4,25.616666667,0.0,4.4,33.6,33.15,6.1666666667,37.4,40.166666667
m325_gpu2,gpu,utilization,38.266666667,47.066666667,62.7,63.4,25.466666667,68.7,22.633333333,40.2,64.133333333,7.0,70.9,64.0,3.4666666667,6.3333333333
m325_gpu4,gpu,utilization,39.333333333,50.533333333,71.3,59.4,4.8,67.3,26.516666667,42.4,61.666666667,2.4,25.2,69.166666667,1.3333333333,14.666666667
m325_gpu5,gpu,utilization,45.1,22.533333333,70.366666667,52.3,6.3333333333,77.1,42.233333333,44.8,43.333333333,5.5,58.0,64.833333333,12.133333333,6.1666666667
m325_gpu7,gpu,utilization,39.7,61.4,79.25,59.4,5.0666666667,68.7,7.3166666667,44.133333333,61.933333333,4.3,26.05,69.166666667,2.1333333333,19.5
