name,machine_type,trace,-10,-9,-8,-7,-6,-5,-4,-3,-2,-1,0,1,2,3
m158_gpu0,gpu,utilization,88.6,88.0,88.75,88.266666667,88.0,88.666666667,36.433333333,55.2,89.1,89.5,88.55,88.0,88.866666667,89.166666667
m158_gpu2,gpu,utilization,61.6,88.75,89.75,88.533333333,88.7,89.666666667,36.166666667,55.4,89.0,89.0,88.55,88.45,89.433333333,89.583333333
m92_gpu1,gpu,utilization,88.0,88.0,88.75,88.266666667,88.0,88.666666667,88.366666667,88.6,89.0,89.0,89.0,88.55,88.433333333,89.0
m92_gpu7,gpu,utilization,90.7,91.0,91.0,91.0,91.0,91.0,91.0,91.0,40.95,45.5,90.1,48.95,39.433333333,91.0
m392_gpu5,gpu,utilization,89.0,89.0,89.0,89.0,89.0,89.0,89.0,89.0,89.0,89.0,88.1,87.9,89.0,89.416666667
m392_gpu6,gpu,utilization,90.0,90.0,90.0,90.733333333,89.6,89.666666667,90.633333333,90.4,90.0,64.5,61.95,90.0,90.0,90.0
m97_gpu5,gpu,utilization,89.0,88.25,88.75,89.0,88.3,88.666666667,89.0,88.4,88.55,89.0,89.0,89.0,89.0,89.0
m97_gpu7,gpu,utilization,90.7,91.0,90.25,90.0,90.0,90.0,90.0,89.4,90.1,91.0,91.0,90.55,90.0,90.416666667
