name,machine_type,trace,-10,-9,-8,-7,-6,-5,-4,-3,-2,-1,0,1,2,3
m288_gpu0,gpu,utilization,17.2,0.0,0.0,20.8,82.666666667,17.233333333,0.0,74.4,17.05,0.0,75.95,18.6,0.0,0.0
m288_gpu3,gpu,utilization,18.6,0.0,0.0,40.8,86.833333333,17.233333333,0.0,74.4,17.05,0.0,75.95,18.6,72.066666667,25.066666667
m288_gpu4,gpu,utilization,10.8,0.0,0.0,4.0,75.833333333,16.5,0.0,74.4,52.983333333,7.3333333333,75.95,18.6,0.0,0.0
m288_gpu7,gpu,utilization,16.4,0.0,0.0,18.4,82.166666667,17.233333333,0.0,0.0,0.0,0.0,76.766666667,18.8,0.0,0.0
m390_gpu0,gpu,utilization,87.0,91.366666667,84.0,90.6,85.5,92.166666667,95.566666667,94.4,95.633333333,86.0,89.716666667,91.8,95.066666667,93.8
m390_gpu2,gpu,utilization,91.6,88.1,76.25,91.4,80.166666667,53.316666667,10.4,76.8,92.733333333,33.666666667,81.616666667,87.0,86.533333333,92.866666667
m390_gpu3,gpu,utilization,94.4,94.766666667,77.75,89.6,80.666666667,77.183333333,69.95,84.0,57.783333333,56.833333333,83.316666667,62.6,76.7,90.333333333
m390_gpu7,gpu,utilization,41.4,76.633333333,81.5,26.2,43.833333333,39.383333333,55.016666667,88.0,93.366666667,88.833333333,87.183333333,86.2,89.066666667,87.066666667
