name,machine_type,trace,-10,-9,-8,-7,-6,-5,-4,-3,-2,-1,0,1,2,3
m370_gpu0,gpu,utilization,0.0,0.0,0.0,0.0,0.0,0.0,0.0,0.0,0.0,0.0,0.0,0.0,0.0,0.0
m370_gpu1,gpu,utilization,100.0,100.0,100.0,33.333333333,68.333333333,100.0,26.666666667,73.333333333,28.333333333,68.333333333,35.0,61.666666667,41.666666667,37.95
