name,machine_type,trace,-10,-9,-8,-7,-6,-5,-4,-3,-2,-1,0,1,2,3
m385_gpu3,gpu,utilization,83.1,80.7,80.0,80.0,80.466666667,81.6,80.733333333,82.6,78.75,81.266666667,82.0,81.333333333,80.366666667,80.633333333
m385_gpu4,gpu,utilization,81.8,79.3,58.466666667,24.0,79.466666667,80.4,78.733333333,80.6,76.75,77.666666667,76.4,81.0,79.733333333,81.0
