name,machine_type,trace,-10,-9,-8,-7,-6,-5,-4,-3,-2,-1,0,1,2,3
m339_gpu0,gpu,utilization,98.9,97.016666667,48.183333333,48.183333333,90.466666667,3.0666666667,85.5,98.85,6.6,87.083333333,90.25,87.25,96.166666667,11.316666667
m339_gpu2,gpu,utilization,97.9,96.033333333,48.183333333,48.183333333,93.416666667,3.1666666667,89.3,98.916666667,6.6,88.0,85.55,90.5,96.5,11.316666667
m339_gpu3,gpu,utilization,98.85,96.033333333,48.183333333,48.183333333,93.416666667,3.1666666667,84.55,98.833333333,6.6,87.083333333,85.5,90.5,96.5,11.316666667
m339_gpu6,gpu,utilization,98.0,98.0,48.183333333,48.183333333,89.483333333,3.0333333333,95.0,100.0,6.6666666667,75.166666667,98.15,86.166666667,96.916666667,11.433333333
