name,machine_type,trace,-10,-9,-8,-7,-6,-5,-4,-3,-2,-1,0,1,2,3
m186_gpu0,gpu,utilization,96.0,92.6,86.15,81.633333333,86.466666667,86.8,89.133333333,98.0,94.0,90.466666667,90.0,89.283333333,91.8,95.933333333
m186_gpu2,gpu,utilization,46.666666667,88.9,51.5,69.366666667,48.683333333,71.8,91.7,21.0,62.25,90.433333333,70.0,53.683333333,33.9,62.933333333
m186_gpu4,gpu,utilization,66.666666667,90.9,85.05,94.933333333,69.25,63.8,27.833333333,3.4,63.75,90.366666667,54.433333333,73.1,84.3,67.133333333
m186_gpu7,gpu,utilization,49.333333333,70.5,70.95,82.933333333,89.366666667,87.066666667,89.916666667,19.0,67.75,49.366666667,51.566666667,35.216666667,64.8,82.466666667
