name,machine_type,trace,-10,-9,-8,-7,-6,-5,-4,-3,-2,-1,0,1,2,3
m419_gpu0,gpu,utilization,96.083333333,91.666666667,89.6,90.4,99.25,94.6,92.183333333,91.8,86.166666667,92.333333333,92.8,88.433333333,90.233333333,90.066666667
m419_gpu5,gpu,utilization,83.466666667,87.0,76.6,93.8,86.15,68.8,65.033333333,85.55,99.333333333,96.5,96.2,87.383333333,95.533333333,95.166666667
