name,machine_type,trace,-10,-9,-8,-7,-6,-5,-4,-3,-2,-1,0,1,2,3
m193_gpu1,gpu,utilization,52.65,51.75,67.433333333,25.966666667,0.0,55.333333333,27.666666667,51.8,86.0,57.0,71.25,88.333333333,55.433333333,71.333333333
m193_gpu4,gpu,utilization,54.6,29.4,62.866666667,29.133333333,0.0,59.333333333,65.0,57.2,78.333333333,56.5,69.65,80.0,28.6,54.666666667
m193_gpu5,gpu,utilization,59.8,32.2,57.4,26.6,0.0,55.333333333,27.666666667,18.9,66.333333333,56.6,75.2,89.333333333,57.6,56.666666667
m193_gpu7,gpu,utilization,58.5,70.5,75.033333333,25.966666667,0.0,54.666666667,32.0,32.9,58.666666667,61.8,79.5,84.666666667,30.066666667,42.0
