name,machine_type,trace,-10,-9,-8,-7,-6,-5,-4,-3,-2,-1,0,1,2,3
m182_gpu5,gpu,utilization,93.05,93.95,93.0,93.0,93.0,93.0,93.0,6.9833333333,93.95,93.0,93.0,93.0,93.0,93.0
m182_gpu6,gpu,utilization,94.0,94.0,94.0,93.983333333,93.508333333,93.508333333,94.0,3.1333333333,93.95,93.05,94.0,93.95,93.083333333,94.0
