name,machine_type,trace,-10,-9,-8,-7,-6,-5,-4,-3,-2,-1,0,1,2,3
m279_gpu0,gpu,utilization,0.0,0.0,0.0,0.0,0.0,91.666666667,100.0,100.0,100.0,100.0,100.0,100.0,100.0,100.0
m279_gpu1,gpu,utilization,0.0,0.0,0.0,0.0,0.0,91.666666667,100.0,100.0,100.0,100.0,100.0,100.0,100.0,100.0
m279_gpu2,gpu,utilization,0.0,0.0,0.0,0.0,0.0,91.666666667,100.0,100.0,100.0,100.0,100.0,100.0,100.0,100.0
m279_gpu3,gpu,utilization,0.0,0.0,0.0,0.0,0.0,91.666666667,100.0,100.0,100.0,100.0,100.0,100.0,100.0,100.0
