name,machine_type,trace,-10,-9,-8,-7,-6,-5,-4,-3,-2,-1,0,1,2,3
m307_gpu0,gpu,utilization,76.266666667,8.7,73.95,12.333333333,64.133333333,14.166666667,85.266666667,87.2,88.9,87.05,79.2,0.0,0.0,9.9166666667
m307_gpu1,gpu,utilization,76.266666667,0.0,0.0,14.666666667,76.266666667,14.666666667,88.0,88.1,88.95,88.05,80.1,7.5833333333,81.9,10.266666667
m307_gpu2,gpu,utilization,77.133333333,0.0,0.0,14.666666667,76.266666667,0.0,11.733333333,88.1,88.95,87.95,78.3,7.5,81.0,9.9166666667
m307_gpu3,gpu,utilization,75.4,0.0,0.0,14.666666667,87.733333333,86.333333333,87.866666667,80.8,28.15,88.0,79.2,7.5833333333,81.9,10.383333333
m307_gpu4,gpu,utilization,75.4,0.0,0.0,14.666666667,76.266666667,14.666666667,87.866666667,87.1,87.95,87.1,80.1,0.0,0.0,10.15
m307_gpu5,gpu,utilization,87.466666667,75.6,0.0,14.333333333,86.266666667,88.0,76.266666667,8.7,86.85,79.8,0.0,7.5833333333,81.9,10.266666667
m307_gpu6,gpu,utilization,75.4,0.0,0.0,14.833333333,89.0,89.166666667,89.866666667,88.9,88.15,90.9,89.0,81.583333333,0.0,10.383333333
m307_gpu7,gpu,utilization,77.133333333,0.0,0.0,15.0,78.0,14.833333333,88.866666667,79.2,0.0,0.0,0.0,0.0,0.0,10.383333333
