name,machine_type,trace,-10,-9,-8,-7,-6,-5,-4,-3,-2,-1,0,1,2,3
m357_gpu2,gpu,utilization,53.416666667,50.2,50.0,51.95,51.95,49.95,48.525,48.525,49.016666667,53.0,48.166666667,47.016666667,49.0,45.25
m357_gpu5,gpu,utilization,52.083333333,51.05,50.0,49.491666667,49.491666667,48.016666667,50.525,50.525,52.983333333,49.0,49.966666667,49.016666667,53.0,49.2
m357_gpu6,gpu,utilization,48.0,55.6,48.0,48.508333333,48.508333333,49.966666667,47.491666667,47.491666667,50.933333333,50.0,49.033333333,51.95,50.0,45.4
m357_gpu7,gpu,utilization,47.833333333,52.75,51.0,49.983333333,49.983333333,48.033333333,49.491666667,49.491666667,51.95,52.0,48.133333333,50.95,51.0,47.05
