name,machine_type,trace,-10,-9,-8,-7,-6,-5,-4,-3,-2,-1,0,1,2,3
m58_gpu4,gpu,utilization,50.05,41.533333333,44.5,0.0,42.0,51.0,39.433333333,90.566666667,48.0,45.5,50.05,3.15,46.633333333,90.0
m58_gpu5,gpu,utilization,48.4,39.2,42.0,0.0,41.533333333,50.433333333,39.0,83.933333333,40.533333333,45.5,50.05,17.55,20.15,44.5
m58_gpu6,gpu,utilization,50.6,42.0,45.0,0.0,41.533333333,50.433333333,40.3,91.266666667,47.466666667,44.5,48.95,18.9,32.816666667,58.0
m58_gpu7,gpu,utilization,48.95,42.466666667,45.5,0.0,41.066666667,49.866666667,39.866666667,92.433333333,49.6,45.0,49.5,1.35,32.0,75.0
