name,machine_type,trace,-10,-9,-8,-7,-6,-5,-4,-3,-2,-1,0,1,2,3
m58_gpu0,gpu,utilization,46.166666667,49.25,51.0,23.25,14.733333333,40.2,51.0,50.3,50.666666667,28.2,36.0,32.6,24.4,41.4
m58_gpu1,gpu,utilization,36.5,53.25,59.5,19.25,17.733333333,52.1,56.333333333,52.7,55.666666667,30.4,43.2,34.4,26.766666667,54.733333333
m58_gpu2,gpu,utilization,32.716666667,53.75,67.5,19.5,16.933333333,41.6,49.333333333,49.0,51.666666667,28.933333333,35.4,30.4,28.2,51.466666667
m58_gpu3,gpu,utilization,70.083333333,81.0,45.25,34.25,30.6,60.5,71.333333333,62.3,60.333333333,75.566666667,73.8,79.0,76.8,75.4
m58_gpu4,gpu,utilization,40.683333333,49.75,58.5,32.25,20.8,52.2,57.333333333,60.7,61.333333333,27.7,34.2,33.6,49.2,64.133333333
m58_gpu5,gpu,utilization,53.116666667,65.5,36.5,22.0,30.533333333,60.6,74.666666667,72.5,63.666666667,63.166666667,50.6,59.0,71.566666667,67.733333333
m58_gpu6,gpu,utilization,61.733333333,73.5,45.0,34.75,35.0,62.3,68.0,69.9,64.666666667,52.766666667,61.2,80.8,88.0,84.266666667
m58_gpu7,gpu,utilization,57.333333333,66.5,40.25,18.75,26.0,58.7,71.0,70.3,63.333333333,61.266666667,68.0,72.0,70.866666667,63.6
