name,machine_type,trace,-10,-9,-8,-7,-6,-5,-4,-3,-2,-1,0,1,2,3
m112_gpu0,gpu,utilization,66.35,76.4,88.633333333,74.583333333,60.2,62.2,48.2,60.0,75.766666667,67.2,62.3,74.4,50.4,48.2
m112_gpu2,gpu,utilization,48.15,45.6,44.8,43.516666667,29.4,46.533333333,48.4,52.2,44.55,35.15,30.8,42.3,57.9,59.533333333
m112_gpu3,gpu,utilization,62.0,56.0,53.966666667,50.666666667,40.4,57.233333333,43.8,39.6,48.833333333,47.3,41.75,52.4,37.2,28.133333333
m112_gpu5,gpu,utilization,49.75,47.0,47.366666667,45.7,40.8,44.866666667,61.8,61.6,47.916666667,49.25,48.45,58.25,65.6,59.466666667
