name,machine_type,trace,-10,-9,-8,-7,-6,-5,-4,-3,-2,-1,0,1,2,3
m404_gpu0,gpu,utilization,75.716666667,59.3,59.1,59.1,77.783333333,53.416666667,63.816666667,76.35,88.7,79.8,71.066666667,69.15,64.0,9.45
m404_gpu2,gpu,utilization,2.95,83.633333333,74.775,74.775,4.4666666667,70.85,83.8,51.7,72.5,13.8,66.266666667,79.4,85.833333333,13.05
m404_gpu3,gpu,utilization,1.9666666667,65.916666667,76.408333333,76.408333333,3.15,61.983333333,77.75,75.15,54.3,9.5,55.733333333,85.25,91.5,13.8
m404_gpu5,gpu,utilization,1.9666666667,68.866666667,77.708333333,77.708333333,3.4666666667,80.666666667,83.966666667,56.45,61.3,11.0,72.2,77.9,89.5,13.8
