name,machine_type,trace,-10,-9,-8,-7,-6,-5,-4,-3,-2,-1,0,1,2,3
m406_gpu3,gpu,utilization,93.933333333,44.85,31.833333333,63.333333333,100.0,99.883333333,99.1,100.0,100.0,100.0,100.0,100.0,91.133333333,30.333333333
m406_gpu4,gpu,utilization,99.066666667,88.85,63.0,33.333333333,86.75,99.883333333,99.1,100.0,100.0,100.0,100.0,100.0,93.233333333,46.833333333
m406_gpu5,gpu,utilization,94.866666667,52.85,39.0,65.833333333,100.0,99.883333333,99.0,99.1,100.0,100.0,100.0,100.0,91.25,31.25
m406_gpu7,gpu,utilization,96.15,64.15,46.166666667,46.5,94.7,100.0,100.0,100.0,100.0,99.3,94.7,100.0,91.95,36.75
