name,machine_type,trace,-10,-9,-8,-7,-6,-5,-4,-3,-2,-1,0,1,2,3
m335_gpu0,gpu,utilization,16.666666667,0.0,19.166666667,3.0666666667,0.0,0.0,0.0,74.533333333,10.033333333,83.916666667,14.25,83.916666667,11.083333333,0.0
m335_gpu1,gpu,utilization,100.0,19.15,83.5,20.266666667,0.8,91.666666667,11.666666667,86.666666667,13.433333333,0.23333333333,0.0,0.0,88.333333333,15.0
m335_gpu2,gpu,utilization,16.666666667,1.6333333333,1.1666666667,0.13333333333,0.0,91.666666667,11.666666667,51.133333333,89.916666667,10.966666667,0.0,0.0,0.0,0.0
m335_gpu3,gpu,utilization,100.0,18.333333333,83.333333333,20.266666667,0.8,91.666666667,100.0,86.133333333,9.8,0.0,0.0,0.0,58.3,10.75
m335_gpu4,gpu,utilization,0.0,76.766666667,22.333333333,1.0666666667,0.0,91.666666667,11.666666667,9.5333333333,3.05,81.5,13.8,35.333333333,4.6666666667,17.85
m335_gpu5,gpu,utilization,98.333333333,37.566666667,4.0,0.0,0.0,91.666666667,11.666666667,60.666666667,39.083333333,46.483333333,7.2,0.0,83.033333333,14.1
m335_gpu6,gpu,utilization,83.333333333,18.333333333,0.0,0.0,90.0,100.0,100.0,13.333333333,7.95,1.05,0.0,0.0,35.333333333,22.15
m335_gpu7,gpu,utilization,96.666666667,17.6,83.333333333,20.266666667,0.8,91.666666667,11.666666667,86.666666667,11.666666667,3.5333333333,0.6,0.0,86.566666667,21.5
