name,machine_type,trace,-10,-9,-8,-7,-6,-5,-4,-3,-2,-1,0,1,2,3
m356_gpu0,gpu,utilization,27.3,76.3,90.333333333,90.0,92.6,92.05,92.85,91.4,92.533333333,92.25,33.366666667,52.5,39.0,51.566666667
m356_gpu1,gpu,utilization,26.65,76.0,91.0,92.333333333,93.0,91.05,91.85,91.05,33.0,53.083333333,33.366666667,53.083333333,39.433333333,51.566666667
m356_gpu2,gpu,utilization,4.25,66.2,91.333333333,92.333333333,92.35,90.7,89.383333333,90.3,91.0,90.416666667,33.0,53.083333333,91.0,92.133333333
m356_gpu3,gpu,utilization,42.1,76.4,91.333333333,91.666666667,92.0,90.7,89.383333333,90.3,90.366666667,90.0,33.0,53.083333333,90.433333333,90.0
m356_gpu4,gpu,utilization,14.1,66.6,91.666666667,91.666666667,91.35,91.0,91.0,91.65,91.366666667,91.0,33.366666667,53.083333333,90.433333333,89.433333333
m356_gpu5,gpu,utilization,53.25,83.7,90.0,90.0,91.95,91.05,91.233333333,90.7,90.633333333,90.416666667,33.0,52.5,90.566666667,91.566666667
m356_gpu6,gpu,utilization,25.15,75.2,92.0,92.666666667,93.0,91.7,92.85,92.05,33.366666667,53.666666667,33.733333333,53.666666667,91.433333333,92.7
m356_gpu7,gpu,utilization,12.2,66.1,92.666666667,93.333333333,94.0,92.7,92.616666667,92.35,92.633333333,91.833333333,33.366666667,53.666666667,92.566666667,93.566666667
