name,machine_type,trace,-10,-9,-8,-7,-6,-5,-4,-3,-2,-1,0,1,2,3
m259_gpu0,gpu,utilization,50.0,65.35,74.4,90.0,87.316666667,75.65,64.1,68.733333333,63.333333333,47.9,46.4,48.6,53.916666667,64.666666667
m259_gpu2,gpu,utilization,25.6,64.0,69.25,83.2,88.7,79.05,69.75,68.966666667,57.666666667,47.25,46.4,39.5,27.283333333,44.266666667
m259_gpu5,gpu,utilization,32.2,57.5,56.95,76.05,88.316666667,80.85,75.7,72.6,59.0,45.95,46.0,54.25,64.316666667,60.566666667
m259_gpu6,gpu,utilization,31.0,61.7,72.45,90.35,87.933333333,73.55,59.15,63.533333333,59.0,51.15,46.4,48.95,53.016666667,61.25
