name,machine_type,trace,-10,-9,-8,-7,-6,-5,-4,-3,-2,-1,0,1,2,3
m330_gpu1,gpu,utilization,53.933333333,54.0,36.266666667,47.333333333,39.633333333,40.116666667,50.266666667,41.1,44.833333333,63.0,76.483333333,69.75,58.5,48.8
m330_gpu3,gpu,utilization,50.366666667,45.2,25.966666667,46.333333333,47.033333333,53.216666667,59.5,44.0,44.0,31.0,41.683333333,75.7,67.5,51.033333333
m330_gpu4,gpu,utilization,53.666666667,48.2,40.216666667,53.5,43.9,47.15,56.333333333,45.55,44.516666667,67.5,88.1,81.616666667,62.5,44.416666667
m330_gpu7,gpu,utilization,63.533333333,59.0,37.733333333,48.583333333,40.2,43.183333333,54.3,44.1,43.0,55.5,75.25,74.3,60.5,51.866666667
