name,machine_type,trace,-10,-9,-8,-7,-6,-5,-4,-3,-2,-1,0,1,2,3
m127_gpu0,gpu,utilization,42.183333333,50.5,52.05,43.783333333,43.2,40.733333333,50.5,45.066666667,94.9,47.866666667,2.0666666667,4.35,54.466666667,43.65
m127_gpu1,gpu,utilization,1.55,5.5,4.1333333333,50.116666667,97.0,83.566666667,34.1,0.0,46.883333333,45.266666667,47.85,51.15,48.05,95.2
m127_gpu2,gpu,utilization,32.033333333,55.0,71.683333333,97.0,97.0,54.966666667,46.4,82.0,34.1,0.0,47.366666667,96.55,45.916666667,53.35
m127_gpu3,gpu,utilization,52.6,98.5,97.516666667,46.883333333,44.8,54.4,46.4,51.2,0.0,43.733333333,89.25,97.966666667,47.85,52.8
m127_gpu4,gpu,utilization,30.45,14.0,14.466666667,50.633333333,98.0,97.566666667,50.116666667,44.8,96.966666667,45.733333333,47.85,51.15,50.116666667,97.55
m127_gpu5,gpu,utilization,46.016666667,3.5,2.0666666667,50.116666667,97.0,96.566666667,49.6,44.8,97.45,46.2,47.366666667,50.633333333,50.116666667,97.0
m127_gpu6,gpu,utilization,23.683333333,19.0,19.633333333,51.15,98.533333333,97.566666667,50.116666667,44.8,96.966666667,45.733333333,47.85,51.15,50.116666667,97.55
m127_gpu7,gpu,utilization,38.183333333,2.0,2.0666666667,50.116666667,97.0,97.0,50.116666667,44.8,97.45,46.2,47.85,51.15,49.6,96.55
