name,machine_type,trace,-10,-9,-8,-7,-6,-5,-4,-3,-2,-1,0,1,2,3
m94_gpu0,gpu,utilization,45.733333333,3.2666666667,0.0,0.0,48.183333333,3.2666666667,0.0,0.0,6.65,0.35,0.0,0.0,0.0,0.0
m94_gpu1,gpu,utilization,0.0,0.0,0.0,0.0,0.0,0.0,0.0,0.0,0.0,0.0,0.0,0.0,0.0,0.0
m137_gpu0,gpu,utilization,32.8,8.7333333333,21.25,0.36666666667,0.0,0.0,0.0,44.8,2.4,8.55,0.6,0.0,0.0,46.4
m137_gpu1,gpu,utilization,50.8,52.0,43.45,32.183333333,40.85,51.266666667,52.0,52.0,35.85,43.55,34.666666667,34.933333333,51.15,52.0
