name,machine_type,trace,-10,-9,-8,-7,-6,-5,-4,-3,-2,-1,0,1,2,3
m330_gpu0,gpu,utilization,90.0,90.0,90.0,90.0,90.0,90.0,90.0,90.0,90.0,90.0,90.0,88.466666667,87.6,90.0
m330_gpu1,gpu,utilization,99.3,99.683333333,99.0,99.35,99.633333333,99.0,99.366666667,99.65,99.0,98.3,97.766666667,99.383333333,100.0,100.0
m330_gpu4,gpu,utilization,33.1,31.633333333,32.65,33.4,35.266666667,34.0,35.833333333,37.95,35.6,33.25,31.533333333,32.083333333,31.8,36.0
m330_gpu5,gpu,utilization,99.1,97.633333333,99.35,98.95,98.1,99.6,99.366666667,100.0,100.0,100.0,99.616666667,99.383333333,99.6,99.4
