name,machine_type,trace,-10,-9,-8,-7,-6,-5,-4,-3,-2,-1,0,1,2,3
m349_gpu0,gpu,utilization,100.0,93.1,60.75,99.133333333,99.9,99.066666667,100.0,99.95,99.05,100.0,100.0,97.1,46.833333333,99.883333333
m349_gpu1,gpu,utilization,100.0,92.95,55.25,72.266666667,99.9,99.066666667,100.0,99.95,99.05,96.0,62.666666667,97.15,47.75,99.883333333
m349_gpu2,gpu,utilization,100.0,93.7,64.3,100.0,99.9,99.066666667,100.0,99.95,99.05,99.8,98.133333333,97.15,47.75,99.883333333
m349_gpu3,gpu,utilization,100.0,92.95,56.9,81.8,99.9,99.066666667,100.0,99.95,99.05,97.0,72.0,97.15,47.75,99.883333333
m349_gpu4,gpu,utilization,100.0,92.95,54.5,67.933333333,99.9,99.066666667,100.0,99.95,99.05,97.1,72.933333333,97.2,48.666666667,99.883333333
m349_gpu5,gpu,utilization,100.0,93.1,60.6,98.266666667,99.9,99.066666667,100.0,99.95,99.05,100.0,100.0,97.1,46.833333333,99.883333333
m349_gpu6,gpu,utilization,100.0,92.8,52.9,63.6,99.9,99.066666667,100.0,99.95,99.05,95.7,59.866666667,97.2,48.666666667,99.883333333
m349_gpu7,gpu,utilization,100.0,92.35,50.35,63.6,99.9,99.066666667,100.0,99.95,99.05,94.6,49.6,97.0,45.0,99.883333333
