name,machine_type,trace,-10,-9,-8,-7,-6,-5,-4,-3,-2,-1,0,1,2,3
m58_gpu0,gpu,utilization,0.0,84.6,94.9,94.116666667,94.0,94.0,94.0,14.1,0.0,0.0,0.0,67.366666667,94.0,94.766666667
m58_gpu1,gpu,utilization,0.0,85.5,94.1,94.0,94.883333333,95.0,95.0,14.25,0.0,0.0,0.0,67.366666667,94.0,94.766666667
m58_gpu2,gpu,utilization,0.0,84.6,94.9,94.116666667,94.0,94.0,94.0,14.1,0.0,0.0,0.0,67.366666667,94.0,94.0
m58_gpu3,gpu,utilization,0.0,84.6,94.0,94.0,94.0,94.0,94.0,14.1,0.0,0.0,0.0,67.366666667,94.0,94.0
m58_gpu4,gpu,utilization,0.0,84.6,94.0,94.0,94.0,94.0,94.0,14.1,0.0,0.0,0.0,67.366666667,94.0,94.0
m58_gpu5,gpu,utilization,0.0,84.6,94.0,94.0,94.0,94.0,94.0,14.1,0.0,0.0,0.0,67.366666667,94.0,94.0
m58_gpu6,gpu,utilization,0.0,85.5,95.0,95.0,95.0,95.0,95.0,14.25,0.0,0.0,0.0,68.083333333,95.0,95.0
m58_gpu7,gpu,utilization,0.0,85.5,95.0,94.116666667,94.0,94.883333333,95.0,14.25,0.0,0.0,0.0,68.083333333,95.0,95.0
