name,machine_type,trace,-10,-9,-8,-7,-6,-5,-4,-3,-2,-1,0,1,2,3
m256_gpu0,gpu,utilization,44.0,0.0,0.0,47.85,88.066666667,88.466666667,86.933333333,86.0,87.066666667,87.466666667,43.5,45.466666667,88.0,87.483333333
m256_gpu1,gpu,utilization,87.0,42.05,0.0,48.4,87.466666667,88.066666667,87.933333333,87.5,87.466666667,87.533333333,44.0,45.983333333,89.0,87.966666667
m256_gpu2,gpu,utilization,88.0,42.533333333,48.4,87.45,87.533333333,87.466666667,88.066666667,88.0,40.6,46.933333333,44.0,45.983333333,40.05,44.95
m256_gpu3,gpu,utilization,88.0,42.533333333,0.0,48.95,88.466666667,88.0,41.066666667,43.5,87.533333333,48.533333333,7.0,44.95,39.15,44.95
m256_gpu4,gpu,utilization,88.5,43.016666667,0.0,0.0,46.933333333,88.0,41.066666667,44.5,89.0,88.466666667,44.0,44.95,39.15,45.466666667
m256_gpu5,gpu,utilization,87.5,42.05,0.0,48.4,88.0,88.533333333,87.4,43.0,46.933333333,87.466666667,43.5,45.466666667,74.8,76.4
m256_gpu6,gpu,utilization,88.0,42.533333333,0.0,47.85,88.6,87.333333333,87.133333333,44.5,46.933333333,87.466666667,43.5,45.466666667,39.6,44.95
m256_gpu7,gpu,utilization,88.5,42.533333333,0.0,48.4,41.066666667,46.933333333,41.066666667,44.5,88.466666667,89.066666667,45.0,45.466666667,39.6,45.466666667
