name,machine_type,trace,-10,-9,-8,-7,-6,-5,-4,-3,-2,-1,0,1,2,3
m56_gpu1,gpu,utilization,37.366666667,31.666666667,28.35,22.933333333,32.0,36.666666667,38.15,40.333333333,33.116666667,35.466666667,36.6,37.333333333,36.6,35.3
m56_gpu2,gpu,utilization,92.266666667,93.0,93.0,92.366666667,92.666666667,81.666666667,21.533333333,0.0,66.65,93.0,93.0,31.0,65.1,93.0
m56_gpu5,gpu,utilization,84.566666667,92.333333333,92.65,92.366666667,92.666666667,79.0,20.4,0.0,66.65,78.65,86.7,31.0,65.1,93.0
m56_gpu6,gpu,utilization,86.3,94.0,94.0,80.066666667,24.0,46.666666667,19.833333333,0.0,53.033333333,86.3,86.4,28.0,65.8,79.3
