name,machine_type,trace,-10,-9,-8,-7,-6,-5,-4,-3,-2,-1,0,1,2,3
m266_gpu0,gpu,utilization,100.0,100.0,87.083333333,88.333333333,100.0,56.266666667,61.2,99.533333333,71.583333333,70.666666667,51.666666667,51.666666667,100.0,100.0
m266_gpu1,gpu,utilization,100.0,100.0,55.566666667,59.866666667,100.0,48.8,54.666666667,99.533333333,85.533333333,83.2,63.616666667,65.683333333,100.0,100.0
m266_gpu2,gpu,utilization,100.0,100.0,92.25,93.0,100.0,49.333333333,55.133333333,99.533333333,73.133333333,72.266666667,54.566666667,54.566666667,100.0,100.0
m266_gpu3,gpu,utilization,98.45,98.65,61.766666667,65.466666667,100.0,85.066666667,86.4,99.533333333,94.833333333,93.266666667,50.116666667,51.15,99.533333333,99.45
