name,machine_type,trace,-10,-9,-8,-7,-6,-5,-4,-3,-2,-1,0,1,2,3
m234_gpu2,gpu,utilization,43.916666667,43.2,86.866666667,46.0,43.983333333,47.016666667,37.8,49.0,0.0,0.0,0.0,47.466666667,67.133333333,70.55
m234_gpu3,gpu,utilization,68.733333333,70.533333333,87.2,41.5,0.0,46.4,95.1,71.916666667,35.15,14.933333333,45.916666667,51.266666667,56.733333333,47.15
m234_gpu4,gpu,utilization,89.966666667,77.666666667,57.466666667,25.0,0.0,31.9,74.1,78.583333333,71.9,38.933333333,43.016666667,54.866666667,62.866666667,98.2
m234_gpu7,gpu,utilization,81.566666667,88.066666667,86.8,45.5,48.333333333,97.1,83.65,79.333333333,52.75,3.2,42.533333333,41.066666667,0.0,0.0
