name,machine_type,trace,-10,-9,-8,-7,-6,-5,-4,-3,-2,-1,0,1,2,3
m217_gpu3,gpu,utilization,88.966666667,92.0,90.1,91.0,93.9,88.5,86.9,89.85,88.4,88.233333333,87.7,88.3,87.633333333,85.0
m217_gpu6,gpu,utilization,99.566666667,99.416666667,99.0,99.666666667,100.0,98.7,97.366666667,97.0,98.95,100.0,98.7,97.35,99.05,100.0
m23_gpu0,gpu,utilization,0.0,0.0,0.0,0.0,0.0,0.0,0.0,39.466666667,87.4,38.333333333,0.0,0.0,0.0,0.0
m23_gpu6,gpu,utilization,88.3,88.75,88.1,89.0,90.0,89.35,88.366666667,95.4,95.45,89.3,89.6,89.7,90.366666667,97.0
m105_gpu0,gpu,utilization,98.0,71.166666667,21.6,32.0,18.133333333,64.4,99.266666667,91.983333333,90.25,95.7,98.0,98.0,98.0,98.0
m105_gpu2,gpu,utilization,98.566666667,51.166666667,34.733333333,31.666666667,9.1666666667,63.7,98.0,70.866666667,83.9,99.383333333,91.85,94.5,98.0,98.0
m116_gpu3,gpu,utilization,100.0,100.0,100.0,100.0,100.0,100.0,100.0,100.0,100.0,100.0,100.0,90.25,95.25,100.0
m116_gpu7,gpu,utilization,100.0,100.0,100.0,100.0,100.0,100.0,100.0,100.0,100.0,100.0,100.0,66.2,83.533333333,100.0
