name,machine_type,trace,-10,-9,-8,-7,-6,-5,-4,-3,-2,-1,0,1,2,3
m335_gpu0,gpu,utilization,1.6,29.866666667,2.1,43.75,76.933333333,75.75,68.65,22.4,0.0,28.933333333,28.933333333,77.0,76.016666667,3.8
m335_gpu1,gpu,utilization,1.75,32.8,3.95,42.7,74.933333333,73.75,69.4,71.866666667,0.0,39.266666667,39.266666667,76.0,76.0,15.2
m335_gpu2,gpu,utilization,1.1,20.533333333,0.05,4.8,77.0,76.5,67.5,71.866666667,0.0,27.9,27.9,76.0,1.2666666667,74.1
m335_gpu3,gpu,utilization,0.85,19.733333333,55.1,3.65,73.266666667,77.0,76.55,63.466666667,3.7,74.0,74.0,77.0,76.016666667,17.1
m335_gpu4,gpu,utilization,1.9,40.533333333,75.95,75.05,75.933333333,75.1,77.0,71.866666667,0.0,29.966666667,29.966666667,77.0,75.033333333,13.25
m335_gpu5,gpu,utilization,2.15,40.133333333,2.65,54.15,75.933333333,75.0,75.1,71.866666667,0.0,27.383333333,27.383333333,75.0,74.016666667,31.25
m335_gpu6,gpu,utilization,0.95,17.733333333,0.0,3.9,78.066666667,78.9,76.9,75.2,74.1,17.566666667,17.566666667,78.0,76.033333333,3.8
m335_gpu7,gpu,utilization,36.55,63.4,26.55,20.55,69.133333333,71.25,75.85,68.133333333,3.9,75.933333333,75.933333333,70.0,76.883333333,30.45
