name,machine_type,trace,-10,-9,-8,-7,-6,-5,-4,-3,-2,-1,0,1,2,3
m215_gpu0,gpu,utilization,87.583333333,92.0,93.0,87.866666667,84.466666667,85.466666667,87.366666667,88.733333333,91.2,86.633333333,87.15,84.583333333,92.75,94.0
m215_gpu1,gpu,utilization,90.033333333,85.75,61.533333333,77.0,86.533333333,89.933333333,89.633333333,80.933333333,83.866666667,83.7,88.016666667,83.85,66.05,66.666666667
