name,machine_type,trace,-10,-9,-8,-7,-6,-5,-4,-3,-2,-1,0,1,2,3
m101_gpu0,gpu,utilization,61.2,55.6,73.6,50.6,26.666666667,79.883333333,100.0,98.6,34.3,66.666666667,100.0,34.0,7.0,68.5
m101_gpu1,gpu,utilization,0.0,2.4666666667,1.4666666667,0.0,13.333333333,11.4,7.25,2.1,15.6,8.0,0.0,0.66666666667,13.666666667,7.0
m101_gpu2,gpu,utilization,66.4,42.65,65.9,50.6,15.333333333,75.066666667,100.0,69.9,19.95,66.666666667,100.0,34.0,41.0,86.35
m101_gpu3,gpu,utilization,67.2,61.766666667,77.266666667,51.233333333,7.6666666667,71.666666667,100.0,37.7,3.85,66.666666667,100.0,34.0,12.333333333,71.3
m101_gpu4,gpu,utilization,3.0,1.9166666667,0.0,0.0,16.0,6.8,0.75,15.7,24.6,8.6666666667,0.0,0.0,34.0,17.85
m101_gpu5,gpu,utilization,0.0,0.0,0.0,0.0,0.0,0.0,6.0,2.4,14.95,7.6666666667,0.0,0.66666666667,18.333333333,9.45
m101_gpu6,gpu,utilization,1.2,0.76666666667,0.0,0.0,16.666666667,7.0833333333,3.0,16.6,26.55,9.6666666667,0.0,0.66666666667,32.333333333,16.8
m101_gpu7,gpu,utilization,2.4,1.5333333333,0.0,0.0,18.0,7.65,0.75,18.5,27.3,9.3333333333,0.0,0.0,34.666666667,18.2
