name,machine_type,trace,-10,-9,-8,-7,-6,-5,-4,-3,-2,-1,0,1,2,3
m290_gpu4,gpu,utilization,87.3,89.55,88.466666667,95.0,95.5,94.0,86.6,92.166666667,96.433333333,81.666666667,20.583333333,92.8,86.166666667,92.483333333
m290_gpu7,gpu,utilization,31.8,5.1,13.883333333,18.633333333,64.75,13.75,43.733333333,16.333333333,1.0,0.83333333333,0.65,13.2,42.3,7.5833333333
m263_gpu1,gpu,utilization,97.4,75.5,68.6,20.366666667,91.5,81.0,78.666666667,74.366666667,19.933333333,91.833333333,86.233333333,66.0,42.3,17.55
m263_gpu3,gpu,utilization,82.7,45.5,44.1,16.25,56.25,25.0,100.0,100.0,100.0,83.333333333,15.816666667,78.4,78.333333333,18.2
