name,machine_type,trace,-10,-9,-8,-7,-6,-5,-4,-3,-2,-1,0,1,2,3
m267_gpu0,gpu,utilization,0.0,0.0,0.0,0.0,0.0,0.0,0.0,0.0,0.0,0.0,0.0,0.0,0.0,0.0
m267_gpu1,gpu,utilization,0.0,0.0,0.0,0.0,0.0,0.0,0.0,0.0,0.0,0.0,0.0,0.0,0.0,0.0
m267_gpu4,gpu,utilization,79.0,55.9,70.4,61.666666667,42.85,62.083333333,57.933333333,44.5,7.0,34.0,45.2,41.416666667,55.933333333,2.85
m267_gpu7,gpu,utilization,82.2,33.1,37.0,59.166666667,9.45,44.166666667,41.166666667,41.666666667,7.0,46.75,60.2,44.5,71.0,4.6
m373_gpu0,gpu,utilization,44.0,27.8,29.4,26.0,8.85,22.783333333,48.85,26.166666667,28.5,73.35,55.866666667,9.8333333333,9.7333333333,2.4
m373_gpu3,gpu,utilization,60.8,40.3,48.4,15.333333333,7.15,7.8833333333,39.8,14.0,45.5,60.65,84.533333333,12.833333333,7.8666666667,2.3
m373_gpu5,gpu,utilization,49.6,78.15,24.2,40.833333333,39.35,38.883333333,74.333333333,46.5,72.5,70.5,42.133333333,10.5,8.0,5.15
m373_gpu7,gpu,utilization,40.8,22.95,25.2,27.833333333,14.4,17.3,71.883333333,31.5,26.166666667,76.3,65.066666667,10.666666667,6.0,2.2
