name,machine_type,trace,-10,-9,-8,-7,-6,-5,-4,-3,-2,-1,0,1,2,3
m140_gpu0,gpu,utilization,98.6,57.166666667,33.733333333,59.8,39.6,99.0,98.166666667,97.0,97.9,95.4,94.466666667,94.666666667,93.333333333,52.8
m140_gpu3,gpu,utilization,91.6,56.583333333,33.0,58.5,39.6,98.6,98.0,97.6,97.45,93.5,92.766666667,99.433333333,99.133333333,52.266666667
m140_gpu4,gpu,utilization,91.6,56.583333333,33.733333333,59.8,39.2,98.0,98.416666667,98.2,97.45,98.0,98.433333333,99.433333333,98.7,51.733333333
m140_gpu6,gpu,utilization,98.0,57.166666667,30.8,54.6,39.2,98.8,99.583333333,98.2,97.9,93.6,92.2,89.466666667,85.666666667,51.733333333
