name,machine_type,trace,-10,-9,-8,-7,-6,-5,-4,-3,-2,-1,0,1,2,3
m407_gpu0,gpu,utilization,18.6,73.95,11.466666667,85.75,83.133333333,70.0,17.2,84.7,81.633333333,68.15,22.666666667,85.466666667,86.5,65.5
m407_gpu1,gpu,utilization,16.8,73.95,11.6,86.833333333,85.133333333,71.666666667,17.0,68.966666667,8.4333333333,18.633333333,63.066666667,20.533333333,87.25,63.75
m407_gpu2,gpu,utilization,15.6,71.4,11.333333333,84.5,68.466666667,0.0,17.6,87.35,65.166666667,19.066666667,87.2,85.233333333,86.5,87.25
m407_gpu3,gpu,utilization,16.0,87.4,84.533333333,80.666666667,0.0,3.5,33.8,85.216666667,65.933333333,17.983333333,83.533333333,84.533333333,62.25,22.0
m407_gpu4,gpu,utilization,27.9,0.0,11.6,87.083333333,87.733333333,71.666666667,16.4,64.233333333,0.0,19.066666667,64.533333333,20.533333333,86.5,61.5
m407_gpu5,gpu,utilization,17.9,75.65,11.6,85.916666667,75.733333333,72.5,17.6,86.916666667,63.633333333,18.633333333,86.266666667,87.0,65.25,0.0
m407_gpu6,gpu,utilization,16.0,74.8,11.733333333,88.0,87.2,82.333333333,70.8,32.95,66.7,18.2,84.533333333,65.933333333,21.75,65.25
m407_gpu7,gpu,utilization,15.7,72.25,11.466666667,85.916666667,85.4,87.833333333,69.6,18.416666667,74.733333333,50.966666667,63.8,20.066666667,85.5,63.0
