name,machine_type,trace,-10,-9,-8,-7,-6,-5,-4,-3,-2,-1,0,1,2,3
m387_gpu0,gpu,utilization,21.25,17.5,20.733333333,24.0,23.45,21.45,22.716666667,16.55,15.833333333,24.0,24.0,22.4,19.333333333,19.966666667
m387_gpu1,gpu,utilization,20.6,23.333333333,19.083333333,12.75,0.0,0.0,0.0,0.0,3.1166666667,18.633333333,24.0,24.0,21.066666667,12.3
