name,machine_type,trace,-10,-9,-8,-7,-6,-5,-4,-3,-2,-1,0,1,2,3
m393_gpu0,gpu,utilization,95.0,95.0,95.0,95.0,95.0,95.0,95.0,95.0,93.233333333,94.833333333,95.0,95.0,95.0,95.0
m393_gpu1,gpu,utilization,95.0,95.0,95.0,95.0,95.0,95.0,95.0,95.0,93.233333333,94.833333333,95.0,95.0,95.0,95.0
m393_gpu2,gpu,utilization,95.0,95.0,95.0,94.016666667,94.983333333,94.033333333,94.933333333,95.0,84.4,94.0,94.066666667,94.883333333,94.066666667,94.933333333
m393_gpu3,gpu,utilization,95.0,95.0,95.0,95.0,95.0,94.033333333,94.933333333,95.0,95.0,95.0,94.066666667,94.883333333,95.0,95.0
m393_gpu4,gpu,utilization,95.0,95.0,95.0,95.0,95.0,95.0,95.0,95.0,71.15,92.75,95.0,95.0,95.0,95.0
m393_gpu5,gpu,utilization,95.0,95.0,95.0,94.016666667,94.983333333,95.0,95.0,95.0,86.166666667,94.166666667,94.066666667,94.883333333,95.0,95.0
m393_gpu6,gpu,utilization,95.0,95.0,95.0,95.0,95.0,95.0,95.0,95.0,95.883333333,95.083333333,95.0,95.0,95.0,95.0
m393_gpu7,gpu,utilization,95.0,95.0,95.0,95.0,95.0,95.966666667,95.066666667,95.0,60.55,91.75,95.0,95.0,95.0,95.0
