name,machine_type,trace,-10,-9,-8,-7,-6,-5,-4,-3,-2,-1,0,1,2,3
m182_gpu0,gpu,utilization,43.5,26.133333333,98.6,100.0,100.0,100.0,100.0,100.0,100.0,100.0,100.0,100.0,100.0,100.0
m182_gpu3,gpu,utilization,75.0,26.666666667,100.0,100.0,100.0,100.0,100.0,100.0,100.0,100.0,100.0,100.0,100.0,100.0
m182_gpu5,gpu,utilization,75.0,26.666666667,100.0,100.0,100.0,100.0,73.333333333,26.666666667,100.0,100.0,100.0,100.0,100.0,100.0
m182_gpu7,gpu,utilization,100.0,100.0,100.0,100.0,100.0,100.0,100.0,99.733333333,99.266666667,100.0,100.0,100.0,99.683333333,99.3
