name,machine_type,trace,-10,-9,-8,-7,-6,-5,-4,-3,-2,-1,0,1,2,3
m237_gpu0,gpu,utilization,66.266666667,64.233333333,64.85,65.85,66.0,68.45,69.816666667,67.65,67.0,66.233333333,67.566666667,70.45,69.4,69.833333333
m237_gpu1,gpu,utilization,48.866666667,43.7,49.8,47.6,47.833333333,47.183333333,47.0,47.783333333,48.0,49.533333333,47.65,49.45,47.6,47.0
m237_gpu4,gpu,utilization,58.2,60.65,61.85,62.0,61.166666667,61.816666667,62.0,58.866666667,59.466666667,60.766666667,57.866666667,61.083333333,62.8,59.666666667
m237_gpu6,gpu,utilization,59.733333333,57.35,60.4,57.6,59.5,57.55,57.816666667,59.566666667,60.0,59.233333333,56.65,57.633333333,58.8,57.333333333
