name,machine_type,trace,-10,-9,-8,-7,-6,-5,-4,-3,-2,-1,0,1,2,3
m30_gpu2,gpu,utilization,97.666666667,97.383333333,94.666666667,89.7,92.733333333,90.733333333,91.65,92.583333333,95.05,93.533333333,95.25,94.75,89.933333333,89.75
m30_gpu5,gpu,utilization,84.666666667,90.683333333,91.333333333,85.416666667,82.983333333,64.133333333,57.15,71.55,87.15,85.0,75.5,10.75,25.0,90.5
