name,machine_type,trace,-10,-9,-8,-7,-6,-5,-4,-3,-2,-1,0,1,2,3
m35_gpu0,gpu,utilization,100.0,98.5,92.333333333,98.45,96.866666667,100.0,100.0,100.0,100.0,100.0,100.0,96.166666667,93.833333333,100.0
m35_gpu1,gpu,utilization,100.0,98.5,92.5,97.983333333,91.383333333,100.0,100.0,100.0,100.0,100.0,100.0,91.95,87.05,100.0
m35_gpu4,gpu,utilization,100.0,97.166666667,82.833333333,85.3,100.0,100.0,100.0,100.0,100.0,100.0,100.0,99.233333333,98.766666667,100.0
m35_gpu6,gpu,utilization,100.0,98.333333333,90.166666667,92.65,100.0,100.0,100.0,100.0,100.0,100.0,100.0,96.166666667,93.833333333,100.0
