name,machine_type,trace,-10,-9,-8,-7,-6,-5,-4,-3,-2,-1,0,1,2,3
m317_gpu0,gpu,utilization,100.0,99.1,99.933333333,100.0,100.0,100.0,100.0,99.283333333,48.358333333,48.358333333,30.333333333,57.0,99.283333333,100.0
m317_gpu1,gpu,utilization,100.0,99.1,99.933333333,100.0,100.0,100.0,100.0,99.366666667,50.308333333,50.308333333,33.2,68.0,99.466666667,100.0
m317_gpu2,gpu,utilization,100.0,99.1,99.933333333,100.0,100.0,100.0,100.0,99.55,56.225,56.225,40.0,84.0,99.733333333,100.0
m317_gpu3,gpu,utilization,100.0,100.0,100.0,100.0,100.0,100.0,100.0,99.5,54.75,54.75,46.766666667,82.0,99.7,100.0
m317_gpu4,gpu,utilization,100.0,99.1,99.933333333,100.0,100.0,100.0,100.0,100.0,67.975,67.975,43.766666667,74.0,90.716666667,99.7
m317_gpu5,gpu,utilization,100.0,99.1,99.933333333,100.0,100.0,100.0,100.0,100.0,67.466666667,67.466666667,44.7,77.0,91.75,99.733333333
m317_gpu6,gpu,utilization,100.0,100.0,100.0,100.0,100.0,100.0,100.0,99.5,53.733333333,53.733333333,33.166666667,74.0,99.566666667,100.0
m317_gpu7,gpu,utilization,100.0,99.1,99.933333333,100.0,100.0,100.0,100.0,99.25,46.866666667,46.866666667,19.666666667,67.0,99.45,100.0
