name,machine_type,trace,-10,-9,-8,-7,-6,-5,-4,-3,-2,-1,0,1,2,3
m298_gpu0,gpu,utilization,85.8,23.333333333,68.25,98.05,20.0,78.333333333,100.0,20.0,81.666666667,20.0,80.0,20.0,57.983333333,62.566666667
m298_gpu1,gpu,utilization,97.6,22.633333333,75.0,100.0,100.0,100.0,100.0,96.8,17.6,78.4,99.6,20.0,81.666666667,60.9
m298_gpu3,gpu,utilization,80.0,23.333333333,0.0,59.533333333,77.6,75.65,65.2,12.6,1.6333333333,54.0,93.4,20.0,81.666666667,23.333333333
m298_gpu6,gpu,utilization,80.0,23.333333333,75.0,21.666666667,12.8,79.45,51.266666667,8.2,81.666666667,100.0,21.6,80.4,90.2,20.533333333
m390_gpu2,gpu,utilization,42.4,42.766666667,49.0,60.4,42.2,86.35,61.616666667,90.6,99.183333333,59.0,89.8,99.2,99.0,99.0
m390_gpu4,gpu,utilization,41.0,46.133333333,56.25,54.3,43.4,87.216666667,59.166666667,90.0,99.183333333,61.4,90.4,99.2,99.0,99.0
m390_gpu5,gpu,utilization,42.0,56.566666667,51.25,55.833333333,44.4,87.216666667,57.533333333,89.6,99.183333333,63.8,91.0,99.2,99.0,99.0
m390_gpu7,gpu,utilization,40.2,37.466666667,48.25,61.4,36.0,84.616666667,59.983333333,90.2,99.183333333,64.6,91.2,99.2,99.0,99.766666667
