name,machine_type,trace,-10,-9,-8,-7,-6,-5,-4,-3,-2,-1,0,1,2,3
m273_gpu3,gpu,utilization,89.933333333,89.066666667,94.65,94.65,91.0,92.866666667,86.75,84.6,84.6,94.9,92.016666667,86.391666667,86.391666667,89.0
m273_gpu4,gpu,utilization,99.333333333,90.666666667,80.366666667,80.366666667,93.0,90.133333333,95.083333333,96.85,96.85,95.166666667,98.666666667,29.15,29.15,40.0
m273_gpu5,gpu,utilization,85.066666667,58.933333333,39.45,39.45,92.0,94.983333333,96.85,92.725,92.725,92.1,94.516666667,78.708333333,78.708333333,62.0
m273_gpu7,gpu,utilization,55.733333333,94.4,48.333333333,48.333333333,79.0,95.783333333,99.883333333,74.1,74.1,90.766666667,83.6,76.266666667,76.266666667,87.0
