name,machine_type,trace,-10,-9,-8,-7,-6,-5,-4,-3,-2,-1,0,1,2,3
m57_gpu0,gpu,utilization,84.7,84.933333333,4.55,91.0,91.0,91.0,90.05,90.983333333,91.0,91.0,87.0,13.15,53.933333333,50.1
m57_gpu1,gpu,utilization,90.0,84.0,4.4,89.033333333,89.033333333,90.0,90.0,90.0,90.0,90.0,87.25,37.6,87.1,86.2
m57_gpu2,gpu,utilization,74.8,84.933333333,4.55,91.0,91.0,91.0,91.0,91.0,91.0,91.0,86.75,7.8,42.833333333,64.0
m57_gpu3,gpu,utilization,89.2,84.933333333,4.55,91.0,91.0,91.0,91.0,91.0,91.0,90.983333333,85.7,5.8,40.833333333,62.05
m57_gpu4,gpu,utilization,89.9,83.066666667,4.5,90.516666667,90.516666667,90.016666667,90.0,90.966666667,90.0,90.0,86.55,21.05,24.266666667,85.7
m57_gpu5,gpu,utilization,90.0,84.0,4.5,90.0,90.0,90.0,90.95,90.983333333,90.05,90.95,84.3,17.2,76.966666667,45.4
m57_gpu6,gpu,utilization,89.1,84.0,4.5,90.0,90.0,90.0,90.0,89.033333333,90.0,90.0,86.8,29.0,86.133333333,86.1
m57_gpu7,gpu,utilization,91.9,84.933333333,4.55,91.516666667,91.516666667,92.0,92.0,91.016666667,90.95,90.016666667,86.65,8.4,91.333333333,69.05
