name,machine_type,trace,-10,-9,-8,-7,-6,-5,-4,-3,-2,-1,0,1,2,3
m323_gpu0,gpu,utilization,100.0,39.7,94.416666667,100.0,68.266666667,98.3,37.666666667,97.733333333,100.0,100.0,100.0,90.166666667,38.866666667,47.0
m323_gpu1,gpu,utilization,84.416666667,58.7,96.333333333,100.0,100.0,100.0,63.333333333,98.666666667,100.0,100.0,100.0,72.466666667,47.416666667,45.0
m323_gpu2,gpu,utilization,95.416666667,56.3,96.0,100.0,87.866666667,99.35,45.916666667,98.033333333,100.0,100.0,100.0,74.433333333,52.366666667,45.0
m323_gpu3,gpu,utilization,73.416666667,44.0,95.083333333,100.0,100.0,100.0,47.75,97.133333333,99.933333333,100.0,100.0,50.833333333,40.166666667,48.0
m323_gpu4,gpu,utilization,71.583333333,55.5,96.166666667,100.0,100.0,100.0,43.166666667,96.966666667,99.933333333,100.0,100.0,61.65,48.216666667,45.0
m323_gpu5,gpu,utilization,84.416666667,66.8,97.083333333,100.0,100.0,100.0,58.75,98.5,100.0,100.0,100.0,71.483333333,58.216666667,45.0
m323_gpu6,gpu,utilization,77.083333333,40.8,94.75,100.0,99.066666667,99.95,42.25,96.933333333,99.933333333,100.0,100.0,63.616666667,30.55,46.0
m323_gpu7,gpu,utilization,99.083333333,62.1,96.5,100.0,80.4,98.95,33.083333333,97.566666667,100.0,100.0,100.0,82.3,53.483333333,46.0
