name,machine_type,trace,-10,-9,-8,-7,-6,-5,-4,-3,-2,-1,0,1,2,3
m349_gpu0,gpu,utilization,48.55,6.0666666667,80.75,91.8,95.5,93.333333333,44.7,71.5,51.666666667,19.666666667,68.55,95.833333333,96.333333333,98.0
m349_gpu1,gpu,utilization,1.7,0.23333333333,73.95,95.8,97.25,98.466666667,52.416666667,74.6,57.333333333,31.366666667,71.5,94.733333333,90.5,93.5
m349_gpu2,gpu,utilization,28.15,3.2666666667,83.3,96.4,96.0,98.2,58.866666667,81.5,67.333333333,30.416666667,69.0,97.633333333,93.916666667,94.85
m349_gpu3,gpu,utilization,44.2,6.0666666667,82.45,97.0,82.0,87.266666667,73.8,86.6,31.666666667,2.4666666667,61.85,96.8,78.0,82.8
m349_gpu4,gpu,utilization,17.15,1.2833333333,79.05,97.0,98.0,91.4,87.566666667,91.9,66.0,49.533333333,80.5,98.633333333,97.833333333,97.55
m349_gpu5,gpu,utilization,18.9,2.1,82.45,97.8,98.0,98.733333333,60.3,82.1,42.666666667,17.466666667,71.0,97.733333333,97.583333333,98.55
m349_gpu6,gpu,utilization,6.75,0.0,78.2,92.8,96.75,97.266666667,62.6,83.3,46.666666667,8.6666666667,62.1,91.2,94.25,98.55
m349_gpu7,gpu,utilization,10.6,0.81666666667,84.15,98.2,92.0,94.4,80.233333333,87.3,31.666666667,20.116666667,74.9,95.466666667,93.416666667,96.3
