name,machine_type,trace,-10,-9,-8,-7,-6,-5,-4,-3,-2,-1,0,1,2,3
m65_gpu0,gpu,utilization,95.0,93.2,93.0,90.2,97.2,94.266666667,90.466666667,98.4,92.116666667,94.8,89.7,95.066666667,93.55,90.6
m65_gpu7,gpu,utilization,93.0,94.0,94.0,93.066666667,78.6,91.933333333,46.183333333,90.4,94.983333333,96.866666667,90.816666667,25.0,82.783333333,96.4
