name,machine_type,trace,-10,-9,-8,-7,-6,-5,-4,-3,-2,-1,0,1,2,3
m346_gpu0,gpu,utilization,0.0,0.0,54.0,51.1,54.866666667,19.85,41.333333333,2.8666666667,87.083333333,35.266666667,32.833333333,53.3,3.6,44.65
m346_gpu1,gpu,utilization,0.0,0.0,36.0,2.1666666667,41.6,35.4,91.0,6.3333333333,88.916666667,13.933333333,2.5,57.1,3.9333333333,29.45
m346_gpu2,gpu,utilization,0.0,0.0,30.0,26.133333333,29.866666667,61.35,35.933333333,2.2666666667,78.833333333,27.2,24.833333333,36.6,2.4666666667,43.7
m346_gpu3,gpu,utilization,0.0,0.0,16.0,7.3,60.166666667,28.75,43.8,3.0,83.416666667,37.8,83.5,53.2,3.4666666667,60.8
m346_gpu4,gpu,utilization,0.0,0.0,34.0,34.966666667,56.266666667,41.8,22.333333333,1.4,81.583333333,19.933333333,79.166666667,25.066666667,1.5333333333,56.05
m346_gpu5,gpu,utilization,0.0,0.0,46.0,1.5333333333,34.8,39.8,68.0,4.6666666667,67.833333333,18.0,78.166666667,87.866666667,5.8666666667,32.3
m346_gpu6,gpu,utilization,0.0,0.0,17.0,17.0,59.533333333,71.45,80.4,5.4,18.333333333,1.3333333333,57.75,80.4,5.4,78.85
m346_gpu7,gpu,utilization,0.0,0.0,22.0,13.3,36.2,76.9,81.8,5.4666666667,33.0,2.4,51.333333333,86.933333333,5.8666666667,78.85
