name,machine_type,trace,-10,-9,-8,-7,-6,-5,-4,-3,-2,-1,0,1,2,3
m368_gpu0,gpu,utilization,78.625,78.625,100.0,99.0,77.383333333,77.383333333,100.0,73.65,73.65,99.15,99.033333333,79.666666667,49.5,99.15
m368_gpu1,gpu,utilization,71.5,71.5,100.0,99.0,77.383333333,77.383333333,100.0,75.716666667,75.716666667,99.216666667,99.033333333,70.0,59.166666667,99.316666667
m368_gpu2,gpu,utilization,77.675,77.675,100.0,99.0,66.075,66.075,100.0,80.366666667,80.366666667,99.366666667,99.033333333,70.0,51.3,99.183333333
m368_gpu3,gpu,utilization,79.1,79.1,100.0,100.0,78.366666667,78.366666667,100.0,91.733333333,91.733333333,99.733333333,99.033333333,66.133333333,88.6,99.816666667
m368_gpu4,gpu,utilization,78.625,78.625,100.0,99.0,76.4,76.4,99.966666667,78.85,78.85,99.333333333,99.033333333,80.633333333,50.5,99.166666667
m368_gpu5,gpu,utilization,71.975,71.975,100.0,100.0,77.875,77.875,100.0,73.65,73.65,99.15,99.033333333,65.166666667,79.733333333,99.666666667
m368_gpu6,gpu,utilization,76.25,76.25,100.0,100.0,76.4,76.4,99.966666667,72.133333333,72.133333333,99.116666667,99.033333333,82.566666667,46.6,99.1
m368_gpu7,gpu,utilization,77.675,77.675,100.0,99.0,76.891666667,76.891666667,100.0,75.2,75.2,99.2,99.033333333,75.8,47.466666667,99.116666667
