name,machine_type,trace,-10,-9,-8,-7,-6,-5,-4,-3,-2,-1,0,1,2,3
m128_gpu0,gpu,utilization,88.0,87.466666667,87.533333333,84.5,83.9,87.966666667,88.55,87.583333333,87.45,87.066666667,86.483333333,87.533333333,88.0,88.0
m128_gpu6,gpu,utilization,0.0,0.0,0.0,0.0,0.0,0.0,0.0,0.0,0.0,0.0,0.0,0.0,0.0,0.0
