name,machine_type,trace,-10,-9,-8,-7,-6,-5,-4,-3,-2,-1,0,1,2,3
m184_gpu0,gpu,utilization,78.133333333,65.7,79.333333333,62.266666667,79.475,79.475,81.0,13.15,81.0,1.35,15.2,77.866666667,80.0,80.983333333
m184_gpu1,gpu,utilization,79.0,78.9,71.75,8.0666666667,79.0,79.0,80.0,13.133333333,79.0,1.3166666667,15.2,76.9,79.0,79.0
m184_gpu4,gpu,utilization,79.883333333,79.0,72.416666667,5.3333333333,80.0,80.0,81.0,17.083333333,80.0,1.3333333333,12.35,76.8,79.0,79.983333333
m184_gpu5,gpu,utilization,76.55,60.2,78.416666667,62.266666667,80.0,80.0,79.0,14.1,80.0,1.3333333333,15.2,77.866666667,80.0,80.0
m234_gpu0,gpu,utilization,79.766666667,78.3,80.75,77.466666667,74.2,74.2,80.0,53.45,80.0,1.3333333333,74.1,77.033333333,79.95,80.983333333
m234_gpu3,gpu,utilization,78.233333333,80.0,80.0,75.2,45.8,45.8,78.0,78.983333333,80.0,1.3333333333,76.0,78.066666667,79.966666667,78.033333333
m234_gpu4,gpu,utilization,77.183333333,72.0,80.916666667,76.266666667,53.4,53.4,79.0,79.0,80.0,1.3333333333,76.0,75.166666667,79.916666667,80.0
m234_gpu7,gpu,utilization,80.116666667,81.0,80.75,76.266666667,65.65,65.65,80.0,63.283333333,79.0,1.3166666667,73.15,79.9,80.983333333,80.016666667
