name,machine_type,trace,-10,-9,-8,-7,-6,-5,-4,-3,-2,-1,0,1,2,3
m97_gpu1,gpu,utilization,60.0,64.833333333,65.916666667,6.6,60.35,62.666666667,61.0,37.0,35.166666667,53.6,82.0,70.766666667,26.833333333,52.033333333
m179_gpu7,gpu,utilization,69.0,57.4,72.583333333,31.7,33.8,63.333333333,71.5,47.2,46.0,55.8,11.6,50.916666667,54.816666667,11.266666667
m298_gpu7,gpu,utilization,0.0,0.0,25.666666667,92.8,99.15,99.833333333,100.0,99.2,16.5,0.0,6.4,79.283333333,21.45,76.766666667
m179_gpu0,gpu,utilization,45.0,60.466666667,5.0833333333,0.0,79.05,66.333333333,56.833333333,86.4,67.333333333,12.4,48.0,13.0,58.75,16.25
m298_gpu5,gpu,utilization,0.0,0.0,40.333333333,94.4,98.3,99.666666667,100.0,99.2,16.5,0.0,3.2,78.416666667,98.216666667,98.0
m211_gpu6,gpu,utilization,0.0,0.0,0.0,0.0,0.0,0.0,0.0,0.0,0.0,0.0,0.0,0.0,0.0,0.0
m294_gpu0,gpu,utilization,0.0,0.0,0.0,0.0,0.0,0.0,0.0,0.0,0.0,0.0,0.0,0.0,0.0,0.0
m211_gpu5,gpu,utilization,87.0,95.7,91.416666667,76.6,80.1,86.0,83.666666667,83.8,84.0,82.4,78.8,92.883333333,97.783333333,58.833333333
