name,machine_type,trace,-10,-9,-8,-7,-6,-5,-4,-3,-2,-1,0,1,2,3
m182_gpu1,gpu,utilization,89.55,86.1,78.466666667,84.883333333,84.75,78.616666667,15.0,90.0,88.05,82.866666667,88.8,88.5,91.0,90.666666667
m182_gpu4,gpu,utilization,86.95,80.7,77.866666667,77.4,88.15,78.616666667,13.333333333,80.733333333,84.65,87.0,87.4,88.166666667,83.6,81.666666667
m182_gpu6,gpu,utilization,78.85,79.5,91.733333333,74.0,73.4,72.683333333,88.833333333,70.933333333,76.416666667,58.566666667,88.4,80.5,68.0,52.833333333
m182_gpu7,gpu,utilization,75.7,90.7,86.8,70.583333333,76.5,75.083333333,10.166666667,66.5,88.833333333,81.0,72.8,45.666666667,74.0,76.333333333
