name,machine_type,trace,-10,-9,-8,-7,-6,-5,-4,-3,-2,-1,0,1,2,3
m212_gpu0,gpu,utilization,53.616666667,46.5,51.283333333,54.933333333,68.7,82.9,83.2,82.9,84.0,69.5,85.6,54.316666667,36.8,63.133333333
m212_gpu2,gpu,utilization,54.266666667,47.75,48.7,51.933333333,59.8,83.5,80.3,77.7,68.4,72.25,89.8,53.85,30.883333333,63.0
m212_gpu3,gpu,utilization,84.833333333,77.0,77.566666667,79.266666667,75.8,74.1,92.7,93.5,86.866666667,64.25,70.8,36.933333333,47.183333333,43.666666667
m212_gpu6,gpu,utilization,81.75,72.75,77.6,72.466666667,77.2,72.9,89.0,90.8,84.066666667,60.0,70.2,40.466666667,45.266666667,44.333333333
