name,machine_type,trace,-10,-9,-8,-7,-6,-5,-4,-3,-2,-1,0,1,2,3
m147_gpu0,gpu,utilization,57.716666667,87.25,63.45,88.333333333,63.666666667,75.3,85.0,70.0,99.633333333,80.2,72.0,78.4,69.4,100.0
m147_gpu1,gpu,utilization,49.116666667,86.25,60.583333333,100.0,84.333333333,70.233333333,83.0,66.0,99.633333333,77.4,67.916666667,78.8,69.966666667,100.0
m147_gpu2,gpu,utilization,57.716666667,86.5,61.3,96.333333333,73.666666667,63.9,88.333333333,76.666666667,99.633333333,80.2,72.0,77.2,67.7,100.0
m147_gpu3,gpu,utilization,49.833333333,87.75,64.883333333,88.0,59.333333333,68.333333333,83.666666667,67.333333333,99.633333333,78.2,69.083333333,79.6,71.1,100.0
m147_gpu4,gpu,utilization,57.0,86.0,59.866666667,100.0,87.0,75.3,84.0,68.0,99.633333333,77.8,68.5,76.8,67.133333333,100.0
m147_gpu5,gpu,utilization,58.433333333,85.0,57.0,93.333333333,67.666666667,63.9,90.0,80.0,99.633333333,79.8,71.416666667,76.8,67.133333333,100.0
m147_gpu6,gpu,utilization,54.85,87.0,62.733333333,88.333333333,57.0,62.633333333,83.333333333,66.666666667,99.633333333,80.6,72.583333333,76.4,66.566666667,100.0
m147_gpu7,gpu,utilization,54.133333333,87.75,64.883333333,90.666666667,61.333333333,62.0,83.666666667,67.333333333,99.633333333,81.0,73.166666667,78.0,68.833333333,100.0
