name,machine_type,trace,-10,-9,-8,-7,-6,-5,-4,-3,-2,-1,0,1,2,3
m339_gpu0,gpu,utilization,98.0,58.8,35.933333333,98.0,98.0,98.0,98.383333333,98.616666667,60.8,18.2,64.0,98.0,98.4,98.6
m339_gpu2,gpu,utilization,98.633333333,58.8,35.933333333,98.0,98.0,98.0,98.0,98.0,78.8,50.8,71.933333333,98.0,98.0,98.4
m339_gpu3,gpu,utilization,98.633333333,58.8,36.3,99.0,98.6,98.0,97.616666667,97.0,71.0,19.2,42.466666667,98.416666667,98.2,97.4
m339_gpu6,gpu,utilization,98.633333333,58.8,36.3,99.0,98.6,98.0,98.0,98.0,65.2,30.4,71.933333333,98.416666667,98.6,98.0
m386_gpu1,gpu,utilization,98.0,61.2,39.733333333,98.0,80.0,48.1,61.616666667,98.383333333,59.4,20.8,72.8,99.166666667,68.0,13.8
m386_gpu2,gpu,utilization,98.366666667,62.6,41.0,98.0,68.8,26.75,56.066666667,98.0,58.8,16.4,66.566666667,99.166666667,67.2,12.6
m386_gpu4,gpu,utilization,97.633333333,58.2,35.933333333,98.0,59.6,19.5,69.633333333,98.0,58.8,11.6,59.766666667,99.166666667,79.6,31.2
m386_gpu6,gpu,utilization,97.633333333,69.0,53.033333333,98.0,78.8,45.45,60.383333333,98.383333333,59.4,20.4,72.233333333,99.166666667,59.6,1.2
