name,machine_type,trace,-10,-9,-8,-7,-6,-5,-4,-3,-2,-1,0,1,2,3
m275_gpu0,gpu,utilization,32.083333333,0.0,44.5,43.016666667,55.0,100.0,43.333333333,42.0,88.5,38.9,67.1,45.4,47.333333333,21.0
m275_gpu1,gpu,utilization,41.666666667,0.0,35.5,34.316666667,55.0,100.0,43.333333333,50.4,93.866666667,35.0,65.0,98.05,66.333333333,17.0
m275_gpu2,gpu,utilization,15.0,0.0,45.0,44.016666667,55.45,100.0,43.333333333,51.6,50.233333333,11.1,65.7,55.8,42.0,15.666666667
m275_gpu3,gpu,utilization,32.083333333,0.0,45.0,43.5,55.0,100.0,43.333333333,60.0,67.933333333,29.8,72.0,53.2,59.333333333,25.0
m275_gpu4,gpu,utilization,7.5,0.0,44.0,43.566666667,55.9,100.0,43.333333333,60.0,100.0,40.85,68.15,51.9,45.333333333,18.333333333
m275_gpu5,gpu,utilization,6.6666666667,0.0,46.0,45.5,55.9,100.0,43.333333333,51.6,94.016666667,69.75,83.9,100.0,68.666666667,17.666666667
m275_gpu6,gpu,utilization,28.333333333,0.0,36.5,35.283333333,55.0,100.0,43.333333333,60.0,100.0,56.45,76.55,52.55,59.0,25.0
m275_gpu7,gpu,utilization,26.25,0.0,35.0,33.833333333,55.0,100.0,43.333333333,60.0,100.0,55.15,75.85,72.7,68.666666667,24.666666667
