name,machine_type,trace,-10,-9,-8,-7,-6,-5,-4,-3,-2,-1,0,1,2,3
m347_gpu7,gpu,utilization,0.0,0.0,0.0,0.0,0.0,0.0,0.0,0.0,0.0,14.1,4.2,24.366666667,10.2,21.7
m7_gpu1,gpu,utilization,0.0,27.6,7.8,0.0,0.0,0.0,24.0,6.5,0.0,0.0,33.733333333,12.466666667,0.0,0.0
m139_gpu6,gpu,utilization,0.0,9.9666666667,2.8166666667,0.0,0.0,0.0,0.0,0.0,0.0,20.366666667,6.0666666667,23.65,9.9,24.5
m185_gpu5,gpu,utilization,0.0,23.766666667,6.7166666667,0.0,0.0,0.0,16.8,4.55,28.0,7.5833333333,10.733333333,25.466666667,9.0,16.8
