name,machine_type,trace,-10,-9,-8,-7,-6,-5,-4,-3,-2,-1,0,1,2,3
m313_gpu0,gpu,utilization,2.3333333333,4.0,9.0,46.5,52.2,58.5,36.666666667,32.2,24.2,5.0,5.5833333333,5.45,8.5,7.4
m313_gpu1,gpu,utilization,0.53333333333,34.5,34.0,0.0,35.75,69.083333333,70.25,46.9,12.0,0.0,0.0,0.0,0.0,0.0
m313_gpu2,gpu,utilization,2.3333333333,24.5,43.5,30.5,56.0,40.416666667,7.0833333333,28.8,22.4,2.7,4.0833333333,18.0,24.083333333,11.8
m313_gpu3,gpu,utilization,0.0,37.5,37.5,0.0,36.3,27.5,31.5,40.966666667,12.4,0.0,45.5,80.2,34.166666667,0.0
m313_gpu4,gpu,utilization,0.0,35.5,35.5,0.0,21.45,44.25,67.833333333,70.666666667,24.8,0.0,42.583333333,71.35,29.166666667,0.0
m313_gpu5,gpu,utilization,21.533333333,23.0,10.5,5.5,45.65,46.25,18.833333333,40.1,26.4,2.7,2.9166666667,5.0,2.0833333333,3.0
m313_gpu6,gpu,utilization,39.133333333,68.5,34.0,0.0,35.2,62.833333333,28.75,16.9,13.4,5.0,6.1666666667,5.9,10.833333333,9.6
m313_gpu7,gpu,utilization,24.733333333,32.5,52.0,40.5,8.8,22.416666667,15.333333333,50.066666667,65.0,23.85,4.0833333333,5.9,8.5,7.4
