name,machine_type,trace,-10,-9,-8,-7,-6,-5,-4,-3,-2,-1,0,1,2,3
m58_gpu0,gpu,utilization,97.35,1.65,97.966666667,97.966666667,97.0,100.0,99.016666667,94.333333333,95.933333333,99.458333333,99.458333333,3.3166666667,49.166666667,49.166666667
m58_gpu1,gpu,utilization,96.366666667,1.6333333333,94.866666667,94.866666667,97.0,100.0,98.033333333,97.066666667,97.0,98.958333333,98.958333333,3.3,49.166666667,49.166666667
m58_gpu2,gpu,utilization,95.383333333,1.6166666667,88.633333333,88.633333333,98.0,76.0,96.65,97.933333333,98.0,99.475,99.475,3.3166666667,49.166666667,49.166666667
m58_gpu7,gpu,utilization,95.383333333,1.6166666667,97.966666667,97.966666667,98.0,100.0,93.116666667,79.933333333,98.333333333,92.716666667,92.716666667,3.3166666667,49.166666667,49.166666667
