name,machine_type,trace,-10,-9,-8,-7,-6,-5,-4,-3,-2,-1,0,1,2,3
m9_gpu0,gpu,utilization,0.28333333333,1.6333333333,2.1,0.6,1.3,0.0,29.7,69.3,0.0,0.6,1.5,0.0,0.0,0.9
m9_gpu1,gpu,utilization,72.083333333,2.7333333333,0.0,1.2,2.6,0.0,29.1,67.9,0.0,0.6,3.75,6.9,0.0,0.9
m9_gpu2,gpu,utilization,0.28333333333,0.68333333333,0.0,1.5,3.25,5.1,11.9,0.0,0.0,0.6,1.5,0.0,0.0,1.2
m9_gpu3,gpu,utilization,1.4166666667,5.3166666667,4.2,0.9,1.95,0.0,26.1,60.9,0.0,2.7,27.5,63.633333333,0.0,1.05
m9_gpu4,gpu,utilization,0.0,2.2166666667,4.9,0.6,1.3,0.0,29.7,69.3,0.0,1.5,3.75,0.0,0.0,0.3
m9_gpu5,gpu,utilization,0.28333333333,2.2666666667,3.5,2.4,5.2,0.0,29.7,69.3,0.0,1.8,16.0,35.266666667,0.0,0.45
m9_gpu6,gpu,utilization,0.0,0.31666666667,0.7,0.9,1.95,0.0,29.7,69.3,0.0,1.2,16.75,42.166666667,0.0,0.3
m9_gpu7,gpu,utilization,0.0,1.5833333333,3.5,1.8,3.9,0.0,29.7,69.3,0.0,1.8,17.75,40.633333333,0.0,0.0
