name,machine_type,trace,-10,-9,-8,-7,-6,-5,-4,-3,-2,-1,0,1,2,3
m172_gpu0,gpu,utilization,18.4,92.183333333,93.183333333,93.266666667,90.866666667,92.833333333,89.55,91.333333333,86.333333333,83.833333333,92.466666667,89.45,91.9,91.1
m172_gpu1,gpu,utilization,15.6,80.383333333,85.866666667,67.4,81.15,49.5,22.333333333,59.533333333,88.733333333,85.666666667,79.0,80.65,90.3,92.4
m172_gpu4,gpu,utilization,83.0,40.216666667,26.5,93.95,73.933333333,80.1,26.616666667,69.0,87.0,44.166666667,84.266666667,52.4,82.7,75.5
m172_gpu5,gpu,utilization,20.0,97.066666667,86.933333333,93.033333333,54.416666667,28.4,31.9,28.466666667,36.133333333,29.5,53.133333333,36.7,83.5,60.0
