name,machine_type,trace,-10,-9,-8,-7,-6,-5,-4,-3,-2,-1,0,1,2,3
m194_gpu0,gpu,utilization,99.0,94.233333333,89.8,97.666666667,97.633333333,98.433333333,97.533333333,99.25,99.75,98.533333333,97.0,97.316666667,98.7,98.9
m194_gpu4,gpu,utilization,99.4,98.9,97.316666667,98.0,98.0,97.716666667,97.533333333,99.25,99.75,98.766666667,98.0,98.316666667,99.35,99.266666667
m194_gpu5,gpu,utilization,95.8,96.333333333,91.9,96.666666667,98.316666667,99.0,98.733333333,98.5,99.5,97.766666667,97.566666667,95.516666667,92.2,98.533333333
m194_gpu7,gpu,utilization,95.8,95.233333333,90.166666667,97.666666667,98.683333333,98.0,98.266666667,99.25,99.5,98.0,98.0,97.05,96.75,98.9
