name,machine_type,trace,-10,-9,-8,-7,-6,-5,-4,-3,-2,-1,0,1,2,3
m29_gpu1,gpu,utilization,0.0,0.0,14.7,87.033333333,7.0,44.1,6.4666666667,92.15,3.3333333333,99.75,45.916666667,45.916666667,81.2,8.0833333333
m29_gpu3,gpu,utilization,0.0,0.0,7.5,48.716666667,42.6,85.8,25.933333333,90.25,1.6,50.4,46.4,46.4,67.666666667,7.5
m29_gpu4,gpu,utilization,0.0,0.0,14.4,91.683333333,59.866666667,64.8,6.4,91.2,3.2333333333,97.05,47.366666667,47.366666667,80.233333333,7.8333333333
m29_gpu5,gpu,utilization,0.0,0.0,13.8,81.266666667,2.2666666667,30.6,6.6,94.05,2.8666666667,86.45,45.916666667,45.916666667,92.8,8.0
