name,machine_type,trace,-10,-9,-8,-7,-6,-5,-4,-3,-2,-1,0,1,2,3
m322_gpu0,gpu,utilization,83.333333333,0.0,0.0,11.666666667,100.0,80.0,18.15,99.0,82.5,0.0,13.8,75.2,99.816666667,80.8
m322_gpu3,gpu,utilization,84.833333333,7.5,0.0,11.666666667,100.0,80.0,0.0,16.5,82.5,0.0,17.2,88.6,99.183333333,83.6
m322_gpu5,gpu,utilization,83.166666667,3.3333333333,0.0,11.55,99.0,79.2,0.0,16.666666667,83.333333333,0.0,9.4,57.6,99.816666667,81.0
m322_gpu6,gpu,utilization,82.5,0.0,11.666666667,100.0,99.833333333,79.2,18.333333333,83.333333333,0.0,0.0,16.0,84.0,81.666666667,0.0
