name,machine_type,trace,-10,-9,-8,-7,-6,-5,-4,-3,-2,-1,0,1,2,3
m58_gpu0,gpu,utilization,73.666666667,69.6,66.116666667,67.0,66.733333333,65.2,67.5,76.633333333,66.0,67.1,76.266666667,66.583333333,73.116666667,74.45
m58_gpu1,gpu,utilization,65.5,60.6,66.116666667,67.0,66.6,64.2,66.4,73.733333333,65.933333333,66.1,75.333333333,66.666666667,74.0,74.3
m58_gpu2,gpu,utilization,66.666666667,74.2,75.3,69.75,68.333333333,75.9,66.2,69.866666667,65.866666667,64.8,71.666666667,67.833333333,75.6,65.0
m58_gpu3,gpu,utilization,72.75,69.6,66.116666667,67.0,67.0,67.5,71.95,71.1,73.4,64.5,61.2,76.833333333,64.7,70.75
