name,machine_type,trace,-10,-9,-8,-7,-6,-5,-4,-3,-2,-1,0,1,2,3
m184_gpu0,gpu,utilization,98.833333333,97.2,98.933333333,98.066666667,99.983333333,99.066666667,100.0,95.0,8.25,98.883333333,98.3,100.0,100.0,99.833333333
m184_gpu1,gpu,utilization,97.0,97.1,98.066666667,99.033333333,99.983333333,99.066666667,100.0,99.85,97.166666667,98.883333333,98.3,99.733333333,98.166666667,99.766666667
m184_gpu2,gpu,utilization,100.0,99.8,98.133333333,100.0,100.0,99.866666667,97.916666667,92.15,8.1666666667,98.116666667,98.7,97.133333333,98.166666667,99.933333333
m184_gpu3,gpu,utilization,99.916666667,99.0,99.066666667,100.0,100.0,99.8,97.0,92.15,8.25,99.0,99.15,99.866666667,99.083333333,99.833333333
m184_gpu4,gpu,utilization,99.75,97.3,100.0,100.0,100.0,100.0,100.0,95.0,8.25,98.883333333,98.3,100.0,100.0,99.966666667
m184_gpu5,gpu,utilization,97.0,97.1,98.133333333,100.0,100.0,99.866666667,98.166666667,95.0,8.25,99.0,99.15,100.0,100.0,99.966666667
m184_gpu6,gpu,utilization,98.166666667,100.0,100.0,100.0,100.0,99.8,97.25,95.0,8.25,99.0,99.15,100.0,100.0,99.766666667
m184_gpu7,gpu,utilization,0.0,9.9,99.066666667,100.0,100.0,99.933333333,99.083333333,100.0,99.916666667,98.766666667,97.45,99.733333333,98.166666667,100.0
