name,machine_type,trace,-10,-9,-8,-7,-6,-5,-4,-3,-2,-1,0,1,2,3
m368_gpu0,gpu,utilization,88.95,88.05,88.333333333,79.666666667,87.9,68.466666667,89.0,88.9,76.266666667,8.8,76.266666667,0.0,0.0,0.0
m368_gpu1,gpu,utilization,88.95,88.05,86.666666667,56.266666667,85.35,38.533333333,88.0,88.0,76.266666667,8.8,76.266666667,0.0,0.0,0.0
m368_gpu2,gpu,utilization,88.0,88.05,88.466666667,81.466666667,87.0,69.333333333,88.0,88.0,76.266666667,8.8,76.266666667,0.0,0.0,0.0
m368_gpu3,gpu,utilization,88.9,87.1,88.933333333,88.0,88.0,88.0,88.0,88.0,76.266666667,8.8,76.266666667,0.0,0.0,0.0
m368_gpu4,gpu,utilization,88.9,87.1,87.733333333,71.2,86.3,56.266666667,87.9,87.1,76.266666667,8.7,75.4,0.0,0.0,0.0
m368_gpu5,gpu,utilization,88.95,88.05,88.933333333,88.0,87.55,79.6,88.0,88.0,76.266666667,8.8,76.266666667,0.0,0.0,0.0
m368_gpu6,gpu,utilization,90.9,89.1,87.4,40.466666667,85.35,20.866666667,89.0,80.6,4.3333333333,8.9,77.133333333,0.0,0.0,0.0
m368_gpu7,gpu,utilization,90.6,83.4,85.266666667,10.666666667,89.05,72.2,89.1,89.1,70.2,9.0,78.0,0.0,0.0,0.0
