name,machine_type,trace,-10,-9,-8,-7,-6,-5,-4,-3,-2,-1,0,1,2,3
m400_gpu0,gpu,utilization,95.0,94.95,94.1,80.75,9.5,93.5,66.0,91.966666667,5.5,94.066666667,95.0,94.933333333,94.1,95.0
m400_gpu2,gpu,utilization,93.0,93.0,93.0,93.15,93.9,93.05,93.933333333,89.0,3.5166666667,93.0,93.0,93.0,92.9,92.083333333
m400_gpu5,gpu,utilization,94.9,94.0,94.1,85.85,40.1,94.45,84.366666667,91.9,3.5333333333,94.066666667,94.9,94.0,94.0,94.083333333
m400_gpu6,gpu,utilization,94.9,94.0,94.1,80.9,10.4,95.0,94.966666667,90.966666667,4.5166666667,94.0,94.0,94.066666667,94.9,94.083333333
