name,machine_type,trace,-10,-9,-8,-7,-6,-5,-4,-3,-2,-1,0,1,2,3
m236_gpu2,gpu,utilization,85.566666667,82.8,82.733333333,22.133333333,67.466666667,88.0,89.4,87.95,83.833333333,83.266666667,88.8,90.25,90.133333333,92.65
m236_gpu3,gpu,utilization,62.0,61.266666667,52.933333333,13.333333333,35.266666667,57.466666667,70.4,59.65,77.7,59.7,65.0,69.333333333,69.5,68.3
m236_gpu4,gpu,utilization,76.75,61.933333333,77.0,94.533333333,82.666666667,68.683333333,73.4,82.466666667,59.033333333,58.566666667,74.2,67.333333333,75.433333333,52.8
m236_gpu7,gpu,utilization,78.983333333,76.266666667,86.266666667,24.0,60.566666667,56.783333333,57.8,74.3,83.8,68.266666667,66.4,58.583333333,67.7,78.7
