name,machine_type,trace,-10,-9,-8,-7,-6,-5,-4,-3,-2,-1,0,1,2,3
m390_gpu0,gpu,utilization,95.0,25.3,68.533333333,90.4,72.3,88.0,95.3,25.333333333,68.083333333,50.266666667,75.8,94.133333333,92.0,87.166666667
m390_gpu1,gpu,utilization,76.0,94.4,91.733333333,94.133333333,95.0,25.333333333,66.5,86.933333333,92.6,96.0,93.066666667,93.566666667,94.75,90.4
m390_gpu2,gpu,utilization,76.666666667,93.7,89.916666667,92.133333333,88.4,23.2,67.9,86.733333333,91.6,95.733333333,93.8,93.783333333,94.75,89.633333333
m390_gpu3,gpu,utilization,95.0,19.35,66.433333333,90.966666667,71.766666667,87.0,95.0,25.333333333,67.366666667,94.0,91.8,93.35,89.5,87.233333333
m390_gpu4,gpu,utilization,76.666666667,93.7,90.733333333,91.566666667,92.0,34.066666667,71.1,85.733333333,91.316666667,95.0,93.533333333,94.566666667,95.75,89.866666667
m390_gpu5,gpu,utilization,0.0,79.9,90.733333333,93.133333333,94.766666667,25.333333333,67.9,94.8,94.716666667,25.333333333,62.333333333,92.05,94.75,93.466666667
m390_gpu6,gpu,utilization,95.0,29.55,79.25,93.0,94.533333333,94.266666667,95.4,30.733333333,70.066666667,58.333333333,78.733333333,93.35,94.75,88.866666667
m390_gpu7,gpu,utilization,95.0,21.05,74.15,90.566666667,21.233333333,69.666666667,92.9,24.533333333,68.8,94.533333333,91.8,93.35,91.0,90.0
