name,machine_type,trace,-10,-9,-8,-7,-6,-5,-4,-3,-2,-1,0,1,2,3
m227_gpu0,gpu,utilization,76.9,68.5,77.533333333,80.65,78.233333333,80.133333333,73.333333333,31.85,22.933333333,79.133333333,64.8,48.6,80.416666667,67.15
m227_gpu1,gpu,utilization,78.2,79.55,76.333333333,72.933333333,80.0,79.6,73.833333333,51.55,23.266666667,77.4,79.8,77.9,77.35,70.55
m227_gpu2,gpu,utilization,67.9,76.15,77.266666667,79.0,78.766666667,77.133333333,77.833333333,68.45,26.0,66.866666667,78.9,77.7,75.466666667,68.8
m227_gpu3,gpu,utilization,71.2,73.6,77.133333333,77.883333333,77.233333333,79.133333333,80.0,71.3,29.333333333,77.0,75.4,62.9,79.65,67.25
m227_gpu4,gpu,utilization,52.2,81.0,79.666666667,72.166666667,80.416666667,76.533333333,79.666666667,68.25,21.4,76.533333333,80.0,79.9,79.116666667,69.95
m227_gpu5,gpu,utilization,73.9,66.1,76.8,69.816666667,75.883333333,75.4,78.0,70.95,36.866666667,74.333333333,70.9,79.0,78.3,63.85
m227_gpu6,gpu,utilization,68.5,81.55,79.0,79.233333333,81.116666667,81.466666667,71.0,33.3,24.533333333,68.866666667,81.1,81.8,80.233333333,71.95
m227_gpu7,gpu,utilization,60.7,76.15,77.4,79.3,74.466666667,78.266666667,79.666666667,68.4,22.8,79.333333333,75.3,78.3,80.533333333,67.4
