name,machine_type,trace,-10,-9,-8,-7,-6,-5,-4,-3,-2,-1,0,1,2,3
m406_gpu1,gpu,utilization,73.366666667,88.25,87.0,89.25,90.0,88.633333333,87.283333333,87.716666667,89.5,86.25,89.7,93.3,87.6,89.066666667
m406_gpu2,gpu,utilization,41.533333333,53.0,40.066666667,34.75,31.333333333,52.55,40.783333333,43.466666667,46.5,38.5,34.433333333,66.2,76.0,47.633333333
m406_gpu3,gpu,utilization,34.166666667,29.0,31.066666667,8.0,0.0,0.0,0.0,0.0,0.0,0.0,0.0,0.0,25.6,7.4666666667
m406_gpu4,gpu,utilization,0.0,0.0,0.0,0.0,0.0,0.0,0.0,0.0,0.0,0.0,25.066666667,7.4666666667,0.0,0.0
