name,machine_type,trace,-10,-9,-8,-7,-6,-5,-4,-3,-2,-1,0,1,2,3
m333_gpu0,gpu,utilization,27.883333333,35.3,25.6,18.533333333,10.033333333,11.833333333,21.4,30.4,35.2,35.416666667,35.55,29.066666667,23.5,11.6
m333_gpu1,gpu,utilization,26.566666667,35.616666667,32.3,21.983333333,8.7666666667,21.5,33.4,35.4,40.0,32.083333333,29.95,30.266666667,28.5,14.5
m333_gpu2,gpu,utilization,31.566666667,36.3,30.3,17.516666667,7.8333333333,18.25,30.0,32.6,31.8,35.083333333,39.1,33.6,16.5,18.95
m333_gpu3,gpu,utilization,27.95,36.0,33.533333333,19.666666667,7.5666666667,24.25,35.0,33.6,38.8,32.666666667,33.7,30.4,27.0,37.166666667
