name,machine_type,trace,-10,-9,-8,-7,-6,-5,-4,-3,-2,-1,0,1,2,3
m315_gpu0,gpu,utilization,33.95,32.4,33.4,34.433333333,32.916666667,39.2,45.0,24.45,41.9,64.3,55.8,60.8,52.616666667,57.0
m315_gpu1,gpu,utilization,35.55,31.4,30.8,32.033333333,34.333333333,38.4,41.2,31.9,48.3,60.933333333,61.0,56.2,31.766666667,49.666666667
m315_gpu2,gpu,utilization,34.95,33.0,35.8,38.266666667,38.916666667,48.6,47.8,40.3,56.1,59.5,55.8,63.4,52.883333333,42.916666667
m315_gpu3,gpu,utilization,36.6,34.0,37.6,39.533333333,40.833333333,43.0,31.6,34.75,51.55,56.366666667,49.8,43.4,37.75,50.75
m315_gpu4,gpu,utilization,36.6,33.2,36.0,38.966666667,35.833333333,46.6,50.6,36.35,57.8,68.133333333,62.8,74.4,54.95,47.416666667
m315_gpu5,gpu,utilization,35.3,34.0,34.8,37.733333333,35.833333333,42.4,49.0,31.9,51.9,66.333333333,61.0,58.8,45.833333333,56.166666667
m315_gpu6,gpu,utilization,31.9,31.2,31.6,28.466666667,35.5,47.4,47.2,17.65,37.4,66.166666667,63.6,62.6,39.216666667,48.5
m315_gpu7,gpu,utilization,33.25,30.8,30.8,32.033333333,35.166666667,44.0,47.8,17.05,29.25,58.066666667,60.2,59.0,38.133333333,53.416666667
