name,machine_type,trace,-10,-9,-8,-7,-6,-5,-4,-3,-2,-1,0,1,2,3
m185_gpu4,gpu,utilization,4.75,85.5,0.0,12.666666667,85.5,0.0,7.9166666667,83.916666667,0.0,6.3333333333,91.833333333,0.0,0.0,0.0
m185_gpu5,gpu,utilization,4.75,85.5,0.0,12.666666667,85.5,0.0,7.9166666667,83.916666667,0.0,6.2666666667,90.866666667,0.0,0.0,0.0
m109_gpu0,gpu,utilization,0.0,0.0,0.0,0.0,0.0,0.0,0.0,0.0,0.0,0.0,0.0,0.0,0.0,0.0
m109_gpu5,gpu,utilization,0.0,0.0,0.0,0.0,0.0,0.0,0.0,0.0,0.0,0.0,0.0,0.0,0.0,0.0
