name,machine_type,trace,-10,-9,-8,-7,-6,-5,-4,-3,-2,-1,0,1,2,3
m9_gpu1,gpu,utilization,72.833333333,48.5,47.366666667,95.75,94.45,96.5,95.45,96.266666667,97.4,97.616666667,96.733333333,97.3,94.833333333,94.2
m9_gpu2,gpu,utilization,93.616666667,48.5,47.366666667,95.75,94.45,96.5,96.483333333,97.133333333,96.2,95.616666667,95.366666667,96.3,74.833333333,83.6
m9_gpu4,gpu,utilization,95.066666667,48.5,46.883333333,95.2,94.933333333,97.5,96.45,96.7,96.2,95.0,95.0,96.3,79.9,86.2
m9_gpu7,gpu,utilization,50.116666667,76.0,75.783333333,96.2,94.966666667,48.0,49.6,96.566666667,97.0,97.616666667,98.0,97.35,37.466666667,58.2
