name,machine_type,trace,-10,-9,-8,-7,-6,-5,-4,-3,-2,-1,0,1,2,3
m277_gpu0,gpu,utilization,96.966666667,62.416666667,62.416666667,47.758333333,47.758333333,99.0,3.3,96.366666667,99.0,96.15,98.75,99.866666667,100.0,96.6
m277_gpu1,gpu,utilization,97.966666667,46.883333333,46.883333333,46.55,46.55,98.0,99.933333333,99.016666667,100.0,97.15,98.833333333,99.866666667,100.0,100.0
m277_gpu2,gpu,utilization,99.866666667,46.4,46.4,47.5,47.5,99.0,3.3,96.366666667,98.0,99.9,98.166666667,99.733333333,97.3,95.3
m277_gpu3,gpu,utilization,96.966666667,46.4,46.4,46.55,46.55,99.0,3.3,97.35,98.0,98.95,98.083333333,97.133333333,99.7,96.6
m277_gpu4,gpu,utilization,96.966666667,57.25,57.25,47.675,47.675,99.0,3.3,96.366666667,0.0,95.0,99.083333333,98.133333333,99.8,100.0
m277_gpu5,gpu,utilization,96.966666667,46.916666667,46.916666667,47.508333333,47.508333333,99.0,3.3,96.366666667,75.0,98.75,98.166666667,97.133333333,97.0,95.3
m277_gpu6,gpu,utilization,99.866666667,46.4,46.4,47.5,47.5,99.0,55.5,97.266666667,98.0,99.9,99.083333333,97.266666667,97.0,99.55
m277_gpu7,gpu,utilization,98.933333333,85.116666667,85.116666667,48.116666667,48.116666667,96.0,92.133333333,98.883333333,98.0,88.5,98.083333333,99.866666667,10.0,0.0
