name,machine_type,trace,-10,-9,-8,-7,-6,-5,-4,-3,-2,-1,0,1,2,3
m333_gpu1,gpu,utilization,61.35,66.783333333,51.133333333,66.85,64.133333333,67.733333333,59.75,58.6,69.933333333,75.5,62.416666667,67.45,76.508333333,76.508333333
m333_gpu3,gpu,utilization,72.45,60.333333333,78.133333333,79.75,74.966666667,73.966666667,73.0,69.133333333,43.183333333,41.0,76.583333333,68.55,3.0,3.0
