name,machine_type,trace,-10,-9,-8,-7,-6,-5,-4,-3,-2,-1,0,1,2,3
m33_gpu2,gpu,utilization,45.833333333,50.2,36.583333333,44.8,71.3,27.65,15.333333333,60.8,34.333333333,27.95,11.4,42.25,39.8,57.8
m33_gpu4,gpu,utilization,50.833333333,49.6,38.5,34.233333333,63.066666667,26.95,16.0,63.2,32.0,27.5,12.033333333,0.0,13.8,58.4
m33_gpu5,gpu,utilization,58.5,60.2,31.583333333,39.366666667,66.066666667,38.45,33.333333333,66.3,51.333333333,38.65,20.55,49.7,28.0,46.8
m33_gpu7,gpu,utilization,53.833333333,58.4,30.0,33.566666667,63.766666667,31.65,26.333333333,63.4,54.0,37.15,14.866666667,50.2,29.6,41.4
