name,machine_type,trace,-10,-9,-8,-7,-6,-5,-4,-3,-2,-1,0,1,2,3
m172_gpu0,gpu,utilization,93.0,93.0,92.833333333,92.183333333,74.4,21.7,92.75,92.216666667,93.0,93.0,93.0,93.0,93.0,93.0
m172_gpu3,gpu,utilization,92.0,92.0,92.0,92.0,73.6,21.466666667,92.0,92.0,92.0,92.0,92.0,92.0,92.0,92.0
m172_gpu4,gpu,utilization,92.0,91.85,91.166666667,91.816666667,72.8,21.466666667,91.75,91.216666667,92.0,92.2,92.766666667,92.0,92.0,92.0
m172_gpu5,gpu,utilization,92.0,92.0,92.0,92.0,73.6,21.466666667,92.0,92.0,92.0,92.0,92.0,92.0,92.0,92.0
