name,machine_type,trace,-10,-9,-8,-7,-6,-5,-4,-3,-2,-1,0,1,2,3
m190_gpu0,gpu,utilization,64.8,59.6,84.15,66.9,80.2,76.0,67.333333333,55.4,85.866666667,94.75,66.283333333,77.133333333,88.816666667,52.216666667
m190_gpu1,gpu,utilization,57.2,72.8,95.016666667,69.416666667,46.6,64.5,64.75,75.666666667,67.933333333,71.4,56.316666667,83.666666667,86.8,43.6
m190_gpu2,gpu,utilization,57.4,61.4,72.516666667,73.016666667,56.8,62.166666667,51.166666667,46.866666667,73.4,80.85,58.966666667,49.066666667,75.65,48.3
m190_gpu3,gpu,utilization,61.8,67.4,88.666666667,75.166666667,73.8,42.0,67.183333333,68.8,72.483333333,60.4,61.766666667,86.116666667,91.566666667,63.966666667
m190_gpu4,gpu,utilization,54.0,72.8,95.233333333,72.15,49.0,43.666666667,61.4,79.266666667,68.7,70.55,56.683333333,85.3,87.533333333,46.733333333
m190_gpu5,gpu,utilization,61.6,67.6,91.716666667,64.666666667,50.2,56.333333333,65.933333333,77.533333333,69.05,73.4,59.05,79.216666667,46.066666667,47.516666667
m190_gpu6,gpu,utilization,53.8,67.2,65.416666667,76.116666667,47.2,58.333333333,56.233333333,81.066666667,63.75,73.4,56.116666667,75.5,88.266666667,49.866666667
m190_gpu7,gpu,utilization,56.0,74.4,96.533333333,72.516666667,33.8,46.666666667,60.5,82.466666667,66.933333333,69.95,53.05,83.666666667,88.45,50.65
