name,machine_type,trace,-10,-9,-8,-7,-6,-5,-4,-3,-2,-1,0,1,2,3
m235_gpu1,gpu,utilization,69.55,51.05,46.55,0.8,3.3333333333,0.0,0.0,0.3,6.5,27.733333333,0.0,3.8333333333,45.066666667,37.733333333
m235_gpu3,gpu,utilization,0.0,0.0,0.0,0.0,0.0,3.6666666667,16.666666667,4.8,27.35,0.86666666667,0.0,0.0,0.0,0.0
m235_gpu5,gpu,utilization,27.2,0.0,0.0,0.0,0.0,0.0,0.0,0.0,0.0,0.0,0.0,0.0,0.0,0.0
m235_gpu7,gpu,utilization,76.55,41.05,38.383333333,0.8,3.3333333333,0.0,0.0,6.3,46.95,65.0,0.0,2.4166666667,31.1,45.333333333
