name,machine_type,trace,-10,-9,-8,-7,-6,-5,-4,-3,-2,-1,0,1,2,3
m392_gpu1,gpu,utilization,97.35,50.4,50.4,96.0,99.866666667,3.3333333333,93.1,98.966666667,4.95,65.55,2.3,83.6,98.083333333,4.95
m392_gpu2,gpu,utilization,97.35,50.925,50.925,90.0,97.733333333,3.2666666667,93.1,98.966666667,4.95,67.45,2.3666666667,86.45,98.333333333,4.95
m392_gpu3,gpu,utilization,97.35,50.925,50.925,100.0,97.1,3.2333333333,93.1,98.966666667,4.95,0.0,0.0,83.6,98.083333333,4.95
m392_gpu5,gpu,utilization,97.35,50.925,50.925,91.0,97.766666667,3.2666666667,93.1,98.966666667,4.95,67.45,2.3666666667,86.45,99.25,5.0
