name,machine_type,trace,-10,-9,-8,-7,-6,-5,-4,-3,-2,-1,0,1,2,3
m141_gpu0,gpu,utilization,74.783333333,89.25,99.25,44.0,77.25,88.4,97.4,100.0,100.0,95.2,62.566666667,85.25,98.0,95.9
m141_gpu1,gpu,utilization,27.483333333,72.75,99.25,40.0,76.75,21.933333333,80.0,100.0,100.0,95.2,80.966666667,92.05,92.533333333,93.5
m141_gpu2,gpu,utilization,26.633333333,74.25,99.75,56.8,82.75,45.166666667,83.6,99.45,100.0,96.0,56.666666667,84.416666667,80.183333333,87.1
m141_gpu3,gpu,utilization,27.483333333,72.75,99.25,33.6,74.75,21.933333333,80.0,100.0,100.0,99.2,76.766666667,90.066666667,92.533333333,93.5
m141_gpu4,gpu,utilization,64.9,86.75,99.5,45.6,78.5,44.166666667,85.0,99.816666667,100.0,96.0,35.966666667,73.9,89.85,93.3
m141_gpu5,gpu,utilization,26.633333333,74.25,99.75,20.0,71.25,22.166666667,76.8,99.266666667,100.0,95.2,64.866666667,83.233333333,91.266666667,92.8
m141_gpu6,gpu,utilization,50.133333333,81.5,99.5,64.8,85.25,22.166666667,80.0,100.0,100.0,96.8,77.6,89.2,89.85,93.3
m141_gpu7,gpu,utilization,26.633333333,75.0,100.0,34.4,75.0,21.933333333,80.0,100.0,100.0,95.2,87.1,94.316666667,92.533333333,94.2
