name,machine_type,trace,-10,-9,-8,-7,-6,-5,-4,-3,-2,-1,0,1,2,3
m385_gpu0,gpu,utilization,31.666666667,63.333333333,33.333333333,66.666666667,36.666666667,58.583333333,39.583333333,55.5,39.0,53.333333333,51.666666667,0.0,0.0,46.666666667
m385_gpu1,gpu,utilization,22.166666667,63.333333333,33.333333333,66.666666667,36.666666667,45.633333333,89.166666667,85.2,86.2,87.6,89.25,72.0,73.5,100.0
m385_gpu2,gpu,utilization,31.033333333,62.7,33.0,64.0,35.2,61.666666667,41.666666667,61.05,42.9,53.333333333,51.666666667,49.5,49.5,46.666666667
m385_gpu3,gpu,utilization,31.35,63.333333333,33.333333333,64.0,35.2,57.966666667,39.166666667,61.666666667,97.166666667,97.666666667,51.666666667,47.5,47.5,0.0
m385_gpu4,gpu,utilization,50.966666667,66.8,26.666666667,66.666666667,100.0,38.333333333,39.083333333,87.35,83.566666667,86.466666667,88.883333333,72.5,72.5,79.8
m385_gpu5,gpu,utilization,28.5,63.333333333,33.333333333,66.666666667,100.0,63.0,16.666666667,61.666666667,43.333333333,0.0,0.0,50.0,100.0,53.333333333
m385_gpu6,gpu,utilization,55.583333333,76.166666667,100.0,74.0,85.7,38.333333333,40.833333333,87.266666667,76.466666667,56.8,76.233333333,100.0,77.5,73.666666667
m385_gpu7,gpu,utilization,31.666666667,63.333333333,33.333333333,66.666666667,36.666666667,0.0,0.0,56.116666667,39.433333333,53.333333333,51.666666667,50.0,50.0,46.2
