name,machine_type,trace,-10,-9,-8,-7,-6,-5,-4,-3,-2,-1,0,1,2,3
m395_gpu0,gpu,utilization,84.733333333,33.6,53.033333333,52.75,60.9,84.166666667,40.4,2.0,42.05,85.7,44.8,0.0,38.25,43.916666667
m395_gpu1,gpu,utilization,86.533333333,35.2,53.65,85.25,80.15,82.666666667,42.733333333,45.0,44.433333333,37.7,46.4,0.0,38.25,43.916666667
m395_gpu2,gpu,utilization,80.8,33.2,53.65,36.25,42.9,81.966666667,41.266666667,41.0,40.816666667,36.833333333,45.333333333,0.0,38.7,44.433333333
m395_gpu3,gpu,utilization,50.666666667,83.0,84.383333333,64.166666667,68.7,84.0,40.8,42.5,83.933333333,86.433333333,46.4,0.0,37.8,84.483333333
m395_gpu4,gpu,utilization,80.0,82.4,86.466666667,76.333333333,78.45,85.866666667,40.2,41.5,83.933333333,48.733333333,0.0,15.4,55.5,85.416666667
m395_gpu5,gpu,utilization,86.066666667,83.6,82.466666667,85.75,87.55,88.0,54.933333333,13.0,0.0,38.133333333,46.933333333,39.666666667,86.35,45.466666667
m395_gpu6,gpu,utilization,88.633333333,35.6,48.716666667,69.666666667,72.35,34.666666667,0.53333333333,43.0,43.916666667,37.266666667,45.866666667,28.933333333,71.9,43.4
m395_gpu7,gpu,utilization,31.9,0.0,51.8,77.0,78.05,85.266666667,42.733333333,2.0,0.0,34.666666667,42.666666667,0.0,37.8,43.4
