name,machine_type,trace,-10,-9,-8,-7,-6,-5,-4,-3,-2,-1,0,1,2,3
m57_gpu0,gpu,utilization,97.933333333,96.033333333,98.016666667,98.016666667,98.0,98.0,98.016666667,98.983333333,98.05,98.9,98.0,98.0,98.066666667,98.8
m57_gpu1,gpu,utilization,98.0,98.0,98.0,98.0,99.0,97.066666667,98.983333333,98.0,98.0,98.1,98.95,98.1,98.866666667,97.1
m57_gpu2,gpu,utilization,97.966666667,97.033333333,98.508333333,98.508333333,98.0,98.0,96.033333333,98.016666667,98.9,97.1,98.05,98.9,98.0,98.0
m57_gpu3,gpu,utilization,98.033333333,98.966666667,98.0,98.0,99.0,99.0,98.0,97.983333333,97.0,97.1,98.0,98.0,98.066666667,98.9
m57_gpu4,gpu,utilization,98.0,98.0,98.508333333,98.508333333,98.0,97.033333333,96.033333333,98.016666667,99.0,98.9,97.95,97.1,98.0,98.1
m57_gpu5,gpu,utilization,98.0,98.0,98.0,98.0,97.0,98.933333333,98.0,98.0,98.05,98.9,98.0,98.1,98.933333333,98.0
m57_gpu6,gpu,utilization,98.0,98.0,98.508333333,98.508333333,98.0,98.0,98.0,98.016666667,94.05,9.9,98.95,98.0,91.466666667,9.7
m57_gpu7,gpu,utilization,99.0,98.966666667,98.0,98.0,97.0,97.966666667,97.016666667,98.016666667,94.05,9.8,98.0,98.0,91.466666667,9.8
