name,machine_type,trace,-10,-9,-8,-7,-6,-5,-4,-3,-2,-1,0,1,2,3
m170_gpu0,gpu,utilization,80.0,78.3,80.6,78.5,79.633333333,79.216666667,77.433333333,77.0,77.0,79.35,78.333333333,79.566666667,79.183333333,77.4
m170_gpu1,gpu,utilization,79.0,82.4,30.133333333,3.6666666667,64.516666667,73.516666667,76.7,80.3,79.466666667,78.216666667,78.833333333,79.0,79.816666667,79.2
m170_gpu2,gpu,utilization,78.6,79.0,79.866666667,79.166666667,77.366666667,78.566666667,78.216666667,77.233333333,77.0,77.783333333,81.333333333,78.866666667,78.816666667,77.4
m170_gpu3,gpu,utilization,79.866666667,79.15,79.866666667,13.333333333,63.7,79.566666667,78.433333333,78.766666667,79.0,79.783333333,79.166666667,77.433333333,77.816666667,78.0
