name,machine_type,trace,-10,-9,-8,-7,-6,-5,-4,-3,-2,-1,0,1,2,3
m190_gpu0,gpu,utilization,20.5,22.833333333,22.733333333,72.733333333,97.866666667,100.0,61.0,87.0,25.0,48.733333333,47.216666667,34.4,83.25,100.0
m190_gpu1,gpu,utilization,83.6,70.266666667,21.533333333,71.666666667,100.0,100.0,76.0,92.0,100.0,100.0,28.333333333,59.033333333,94.25,26.666666667
m190_gpu2,gpu,utilization,66.466666667,39.616666667,8.8666666667,70.233333333,95.8,98.583333333,76.75,92.25,25.0,44.433333333,47.666666667,62.7,70.5,18.933333333
m190_gpu3,gpu,utilization,97.95,99.15,31.666666667,71.666666667,100.0,99.283333333,60.0,86.75,94.0,97.733333333,28.333333333,72.066666667,98.5,26.666666667
m190_gpu4,gpu,utilization,64.466666667,13.6,43.733333333,89.8,87.533333333,95.183333333,49.75,70.5,20.75,35.116666667,21.766666667,40.9,56.0,15.466666667
m190_gpu5,gpu,utilization,83.6,69.55,21.216666667,71.666666667,100.0,100.0,73.75,91.25,100.0,100.0,28.333333333,61.333333333,95.0,26.666666667
m190_gpu6,gpu,utilization,34.616666667,11.333333333,17.766666667,79.033333333,100.0,100.0,63.25,54.75,52.25,86.116666667,28.333333333,59.033333333,94.25,26.666666667
m190_gpu7,gpu,utilization,59.683333333,83.283333333,45.333333333,77.333333333,100.0,100.0,100.0,100.0,100.0,100.0,28.333333333,76.666666667,100.0,26.666666667
