name,machine_type,trace,-10,-9,-8,-7,-6,-5,-4,-3,-2,-1,0,1,2,3
m143_gpu2,gpu,utilization,0.0,0.0,0.0,0.0,0.0,0.0,0.0,0.0,0.0,0.0,0.0,0.0,0.0,0.0
m143_gpu3,gpu,utilization,0.0,0.0,0.0,0.0,0.0,0.0,0.0,0.0,0.0,0.0,0.0,0.0,0.0,0.0
m143_gpu4,gpu,utilization,0.0,0.0,0.0,0.0,0.0,0.0,0.0,0.0,0.0,0.0,0.0,0.0,0.0,0.0
m143_gpu5,gpu,utilization,90.0,91.25,93.75,89.716666667,88.0,89.3,93.466666667,92.666666667,97.083333333,96.666666667,92.416666667,93.0,92.0,91.55
m114_gpu0,gpu,utilization,41.0,30.75,0.0,0.0,0.0,0.0,10.733333333,16.333333333,7.5,20.5,19.416666667,6.9333333333,0.0,0.0
m114_gpu2,gpu,utilization,0.0,11.25,44.25,43.133333333,45.666666667,42.8,26.35,22.666666667,34.333333333,10.5,7.0833333333,23.533333333,32.5,41.15
m114_gpu4,gpu,utilization,43.783333333,32.25,0.0,0.0,0.0,0.0,9.5833333333,14.583333333,6.25,18.75,19.833333333,7.4666666667,0.0,0.0
m114_gpu6,gpu,utilization,0.0,11.0,39.25,30.1,36.0,28.233333333,32.866666667,17.583333333,17.916666667,26.5,23.416666667,19.8,25.0,37.75
