name,machine_type,trace,-10,-9,-8,-7,-6,-5,-4,-3,-2,-1,0,1,2,3
m215_gpu3,gpu,utilization,69.833333333,71.45,71.15,65.8,70.95,62.833333333,69.333333333,61.4,68.166666667,70.0,67.65,71.5,69.0,70.3
m215_gpu5,gpu,utilization,59.666666667,63.083333333,58.9,61.466666667,59.45,59.833333333,60.833333333,61.0,53.5,54.35,56.566666667,59.25,54.4,56.066666667
m215_gpu6,gpu,utilization,57.166666667,60.9,62.0,61.133333333,56.75,58.5,59.833333333,57.6,53.666666667,56.916666667,59.566666667,61.5,56.4,58.066666667
m215_gpu7,gpu,utilization,59.666666667,52.833333333,50.15,56.066666667,57.0,57.833333333,53.0,61.6,61.5,61.0,61.783333333,56.0,58.8,60.766666667
