name,machine_type,trace,-10,-9,-8,-7,-6,-5,-4,-3,-2,-1,0,1,2,3
m388_gpu2,gpu,utilization,78.2,68.9,79.333333333,77.6,75.133333333,82.333333333,79.1,76.333333333,77.15,40.5,37.333333333,79.55,80.35,80.066666667
m388_gpu4,gpu,utilization,74.0,77.0,57.333333333,28.566666667,73.2,81.583333333,81.7,73.583333333,73.0,36.5,35.0,74.55,79.85,78.783333333
