name,machine_type,trace,-10,-9,-8,-7,-6,-5,-4,-3,-2,-1,0,1,2,3
m406_gpu2,gpu,utilization,41.8,38.0,18.366666667,23.5,35.1,72.45,83.5,70.4,29.866666667,29.033333333,62.6,63.916666667,42.5,0.0
m406_gpu4,gpu,utilization,54.45,38.5,11.883333333,14.5,14.983333333,0.0,0.0,41.533333333,82.933333333,55.2,16.8,30.0,42.533333333,26.4
m406_gpu5,gpu,utilization,0.0,0.0,24.65,31.5,6.2,0.0,0.0,5.1333333333,13.8,26.966666667,24.0,19.166666667,26.5,0.6
m406_gpu6,gpu,utilization,0.0,43.5,55.583333333,19.5,36.816666667,31.9,0.0,0.46666666667,4.7333333333,5.5333333333,0.6,20.833333333,53.033333333,57.0
