name,machine_type,trace,-10,-9,-8,-7,-6,-5,-4,-3,-2,-1,0,1,2,3
m164_gpu0,gpu,utilization,89.0,89.0,63.1,72.9,89.0,37.083333333,21.45,64.833333333,89.0,89.466666667,89.55,47.466666667,37.083333333,89.0
m164_gpu1,gpu,utilization,89.0,89.0,63.716666667,73.283333333,89.0,37.083333333,22.55,65.8,89.0,89.0,89.0,47.466666667,37.083333333,89.0
m164_gpu2,gpu,utilization,89.0,89.0,53.233333333,66.766666667,89.0,37.083333333,48.4,88.516666667,89.0,89.0,89.0,47.466666667,37.083333333,89.0
m164_gpu3,gpu,utilization,89.0,89.0,36.583333333,56.416666667,89.0,37.083333333,18.7,62.416666667,89.0,89.0,89.0,47.466666667,37.083333333,89.0
m164_gpu4,gpu,utilization,89.0,89.0,53.233333333,66.766666667,89.0,37.083333333,48.95,89.0,89.0,89.0,89.0,47.466666667,37.083333333,89.0
m164_gpu5,gpu,utilization,88.55,89.0,64.95,74.05,89.0,37.083333333,43.45,84.166666667,89.0,89.0,89.0,47.466666667,37.083333333,89.0
m164_gpu6,gpu,utilization,90.0,90.0,35.116666667,55.883333333,90.0,37.5,35.75,77.916666667,89.5,89.466666667,90.0,48.0,37.5,90.0
m164_gpu7,gpu,utilization,90.0,90.0,36.35,56.65,90.0,37.5,49.5,90.0,90.0,90.0,90.0,48.0,37.5,90.0
