name,machine_type,trace,-10,-9,-8,-7,-6,-5,-4,-3,-2,-1,0,1,2,3
m36_gpu0,gpu,utilization,99.0,97.4,96.516666667,98.033333333,99.483333333,98.266666667,96.0,97.2,99.366666667,99.65,99.366666667,99.65,99.383333333,100.0
m36_gpu1,gpu,utilization,98.466666667,96.933333333,97.55,99.0,99.483333333,100.0,99.583333333,99.0,99.366666667,99.3,98.733333333,99.65,99.383333333,100.0
m36_gpu2,gpu,utilization,99.533333333,98.4,98.55,99.483333333,98.516666667,97.133333333,93.5,93.2,97.633333333,97.7,98.633333333,98.35,99.383333333,97.8
m36_gpu3,gpu,utilization,99.533333333,97.866666667,98.066666667,99.483333333,98.033333333,96.566666667,96.833333333,98.4,98.266666667,97.7,99.366666667,99.65,99.383333333,99.266666667
m36_gpu4,gpu,utilization,99.533333333,100.0,98.966666667,98.516666667,99.483333333,98.266666667,97.666666667,99.6,99.366666667,99.65,99.366666667,99.65,99.0,98.633333333
m36_gpu5,gpu,utilization,99.533333333,97.866666667,96.516666667,98.033333333,99.483333333,98.266666667,96.833333333,98.4,98.266666667,97.7,99.366666667,99.65,99.383333333,100.0
m36_gpu6,gpu,utilization,98.0,99.066666667,100.0,99.483333333,99.483333333,100.0,99.166666667,98.4,99.366666667,99.3,98.366666667,99.0,98.233333333,98.1
m36_gpu7,gpu,utilization,98.466666667,96.933333333,46.4,51.15,98.033333333,97.433333333,57.166666667,39.6,99.366666667,98.95,97.366666667,98.0,98.383333333,96.066666667
