name,machine_type,trace,-10,-9,-8,-7,-6,-5,-4,-3,-2,-1,0,1,2,3
m89_gpu0,gpu,utilization,74.733333333,81.25,81.766666667,83.0,85.766666667,85.633333333,86.6,83.5,83.916666667,84.866666667,84.0,85.166666667,85.433333333,85.533333333
m89_gpu1,gpu,utilization,21.4,17.2,45.766666667,32.6,51.566666667,30.433333333,45.6,43.916666667,36.75,33.833333333,10.533333333,29.0,21.8,20.733333333
m200_gpu0,gpu,utilization,78.333333333,80.05,85.0,85.6,79.216666667,76.266666667,81.2,81.083333333,81.916666667,78.333333333,80.8,81.916666667,75.033333333,78.933333333
m200_gpu1,gpu,utilization,46.9,52.85,13.133333333,20.8,64.216666667,30.433333333,0.6,1.0,1.0,23.666666667,18.333333333,1.0,47.466666667,64.333333333
