name,machine_type,trace,-10,-9,-8,-7,-6,-5,-4,-3,-2,-1,0,1,2,3
m54_gpu1,gpu,utilization,78.4,0.0,16.316666667,90.35,86.566666667,8.1666666667,98.0,97.7,96.366666667,75.133333333,26.133333333,98.0,75.133333333,17.966666667
m54_gpu2,gpu,utilization,78.4,0.0,15.95,88.8,87.45,8.1666666667,98.0,97.1,93.283333333,75.9,26.133333333,98.283333333,75.9,0.0
m54_gpu3,gpu,utilization,78.4,0.0,17.966666667,98.0,98.116666667,98.916666667,96.833333333,89.5,98.0,75.133333333,26.133333333,98.0,75.133333333,0.0
m54_gpu5,gpu,utilization,78.4,0.0,17.966666667,98.15,87.45,8.1666666667,98.0,98.0,98.0,75.133333333,26.133333333,98.0,75.133333333,17.966666667
