name,machine_type,trace,-10,-9,-8,-7,-6,-5,-4,-3,-2,-1,0,1,2,3
m339_gpu1,gpu,utilization,91.35,98.833333333,99.183333333,99.833333333,100.0,15.0,0.0,0.0,86.166666667,90.333333333,10.5,86.666666667,18.333333333,0.0
m339_gpu2,gpu,utilization,34.3,7.0,81.666666667,100.0,16.666666667,0.0,63.75,62.866666667,5.0833333333,91.666666667,11.666666667,0.86666666667,1.8166666667,57.2
m339_gpu3,gpu,utilization,97.716666667,94.0,98.716666667,100.0,16.666666667,0.0,85.0,13.333333333,0.0,84.333333333,10.733333333,86.666666667,18.333333333,80.0
m339_gpu4,gpu,utilization,100.0,16.666666667,36.75,80.833333333,88.0,13.2,59.5,9.3333333333,71.5,64.25,7.35,86.666666667,18.333333333,80.0
m400_gpu0,gpu,utilization,19.366666667,3.1666666667,29.4,26.833333333,79.166666667,13.5,63.75,10.0,0.0,91.666666667,11.666666667,73.666666667,27.833333333,3.0
m400_gpu1,gpu,utilization,11.366666667,56.666666667,13.283333333,0.16666666667,83.333333333,15.0,78.2,12.266666667,0.0,91.666666667,100.0,15.066666667,82.033333333,99.2
m400_gpu2,gpu,utilization,100.0,100.0,100.0,75.0,95.0,15.0,68.0,10.666666667,68.75,6.25,0.0,71.933333333,70.75,93.6
m400_gpu4,gpu,utilization,13.75,83.333333333,86.933333333,97.333333333,100.0,65.15,93.85,13.333333333,88.916666667,48.416666667,5.1333333333,0.0,0.0,48.8
