name,machine_type,trace,-10,-9,-8,-7,-6,-5,-4,-3,-2,-1,0,1,2,3
m305_gpu0,gpu,utilization,100.0,86.933333333,97.333333333,100.0,100.0,100.0,100.0,48.0,93.0,100.0,100.0,100.0,100.0,100.0
m305_gpu1,gpu,utilization,100.0,100.0,100.0,100.0,100.0,100.0,100.0,50.6,93.35,100.0,100.0,100.0,100.0,100.0
m305_gpu2,gpu,utilization,100.0,96.733333333,99.333333333,100.0,100.0,100.0,100.0,51.466666667,93.466666667,100.0,100.0,100.0,100.0,100.0
m305_gpu3,gpu,utilization,100.0,83.666666667,96.666666667,100.0,100.0,100.0,100.0,50.6,93.35,100.0,100.0,100.0,100.0,100.0
m305_gpu4,gpu,utilization,100.0,82.85,96.5,100.0,100.0,100.0,100.0,49.733333333,93.233333333,100.0,100.0,100.0,100.0,100.0
m305_gpu5,gpu,utilization,100.0,76.316666667,95.166666667,100.0,100.0,100.0,100.0,48.866666667,93.116666667,100.0,100.0,100.0,100.0,100.0
m305_gpu6,gpu,utilization,100.0,87.75,97.5,100.0,100.0,100.0,100.0,49.733333333,93.233333333,100.0,100.0,100.0,100.0,100.0
m305_gpu7,gpu,utilization,100.0,100.0,100.0,100.0,100.0,100.0,100.0,48.866666667,93.116666667,100.0,100.0,100.0,100.0,100.0
