name,machine_type,trace,-10,-9,-8,-7,-6,-5,-4,-3,-2,-1,0,1,2,3
m224_gpu0,gpu,utilization,39.266666667,44.7,44.333333333,46.75,44.166666667,42.216666667,11.2,0.0,0.0,14.4,3.9,0.0,14.883333333,4.4333333333
m224_gpu1,gpu,utilization,58.383333333,67.0,68.6,16.75,24.533333333,64.116666667,19.466666667,0.0,0.0,0.8,0.21666666667,0.0,0.0,18.4
m295_gpu0,gpu,utilization,12.75,23.1,37.4,41.25,9.8,31.333333333,10.666666667,0.0,0.0,36.0,9.75,0.0,35.25,45.0
m295_gpu1,gpu,utilization,12.75,0.0,27.866666667,38.75,9.1,34.466666667,11.733333333,0.0,0.0,32.0,8.6666666667,33.6,39.65,39.0
