name,machine_type,trace,-10,-9,-8,-7,-6,-5,-4,-3,-2,-1,0,1,2,3
m278_gpu1,gpu,utilization,96.233333333,97.6,99.6,99.183333333,98.233333333,91.6,98.166666667,89.166666667,96.35,96.333333333,93.6,89.25,96.066666667,98.233333333
m278_gpu3,gpu,utilization,96.233333333,98.4,99.8,100.0,96.933333333,90.4,80.833333333,71.5,92.95,97.833333333,86.0,83.75,95.0,98.233333333
m278_gpu4,gpu,utilization,96.766666667,98.6,99.8,100.0,96.933333333,92.8,89.55,98.166666667,97.45,97.833333333,96.4,96.0,98.2,98.233333333
m278_gpu5,gpu,utilization,96.0,98.4,99.8,98.366666667,96.466666667,93.6,98.716666667,96.666666667,96.0,96.833333333,94.6,98.5,99.266666667,97.466666667
