name,machine_type,trace,-10,-9,-8,-7,-6,-5,-4,-3,-2,-1,0,1,2,3
m221_gpu1,gpu,utilization,94.166666667,94.2,95.583333333,94.616666667,93.633333333,57.35,39.166666667,95.15,96.166666667,95.0,95.0,95.0,95.416666667,95.2
m221_gpu3,gpu,utilization,89.083333333,90.4,90.083333333,92.233333333,91.0,91.383333333,69.5,57.933333333,90.416666667,90.6,72.666666667,68.45,90.583333333,90.4
m221_gpu6,gpu,utilization,94.416666667,94.6,94.833333333,94.85,93.0,57.35,39.166666667,94.0,93.583333333,93.4,93.566666667,93.0,93.833333333,95.0
m221_gpu7,gpu,utilization,95.583333333,93.8,92.833333333,93.616666667,92.633333333,56.733333333,40.416666667,94.7,93.083333333,96.0,96.0,64.05,53.333333333,93.8
