name,machine_type,trace,-10,-9,-8,-7,-6,-5,-4,-3,-2,-1,0,1,2,3
m399_gpu0,gpu,utilization,97.6,97.0,98.7,99.8,100.0,98.4,61.2,90.016666667,98.233333333,98.716666667,99.716666667,98.533333333,99.466666667,98.533333333
m399_gpu1,gpu,utilization,98.4,98.0,98.0,99.6,100.0,100.0,27.166666667,81.766666667,98.233333333,98.0,99.433333333,98.533333333,99.466666667,98.533333333
m399_gpu2,gpu,utilization,97.8,99.6,98.3,98.8,99.783333333,100.0,70.866666667,92.216666667,98.233333333,98.0,99.433333333,98.533333333,99.466666667,98.533333333
m399_gpu6,gpu,utilization,97.8,99.6,99.15,99.8,100.0,100.0,54.0,88.183333333,98.233333333,98.716666667,99.716666667,100.0,100.0,98.533333333
