name,machine_type,trace,-10,-9,-8,-7,-6,-5,-4,-3,-2,-1,0,1,2,3
m346_gpu0,gpu,utilization,47.883333333,39.266666667,93.0,4.65,44.95,44.95,98.333333333,72.933333333,6.0,0.0,0.0,0.0,0.0,0.0
m346_gpu1,gpu,utilization,1.6666666667,0.0,100.0,5.0,31.516666667,31.516666667,56.1,98.533333333,8.3333333333,42.75,4.5,74.2,12.6,43.283333333
m346_gpu5,gpu,utilization,98.333333333,3.3333333333,0.0,0.0,15.758333333,15.758333333,98.85,100.0,8.3333333333,95.0,10.0,74.2,12.6,0.0
m346_gpu7,gpu,utilization,97.35,72.9,20.0,1.0,0.0,0.0,90.466666667,3.0666666667,0.0,33.25,53.0,94.75,15.0,34.3
