name,machine_type,trace,-10,-9,-8,-7,-6,-5,-4,-3,-2,-1,0,1,2,3
m382_gpu1,gpu,utilization,94.316666667,94.7,95.0,33.25,64.233333333,94.0,94.7,94.3,94.0,94.0,94.0,94.7,31.666666667,63.333333333
m382_gpu2,gpu,utilization,95.0,95.0,95.0,51.45,73.783333333,35.666666667,68.3,95.0,95.0,95.0,94.283333333,94.7,31.666666667,63.333333333
m382_gpu4,gpu,utilization,94.0,94.7,95.0,69.65,81.966666667,69.333333333,82.9,94.7,94.266666667,94.766666667,94.283333333,94.7,31.666666667,63.333333333
m382_gpu5,gpu,utilization,94.683333333,95.0,95.0,94.35,94.0,92.666666667,82.9,90.2,94.266666667,94.0,94.0,94.0,31.333333333,62.666666667
m391_gpu0,gpu,utilization,0.0,0.0,0.0,0.0,0.0,0.0,0.0,0.0,0.0,0.0,0.0,0.0,0.0,0.0
m391_gpu2,gpu,utilization,0.0,0.0,0.0,0.0,0.0,0.0,0.0,0.0,0.0,0.0,0.0,0.0,0.0,0.0
m391_gpu3,gpu,utilization,0.0,0.0,0.0,0.0,0.0,0.0,0.0,0.0,0.0,0.0,0.0,0.0,0.0,0.0
m391_gpu5,gpu,utilization,0.0,0.0,0.0,0.0,0.0,0.0,0.0,0.0,0.0,0.0,0.0,0.0,0.0,0.0
