name,machine_type,trace,-10,-9,-8,-7,-6,-5,-4,-3,-2,-1,0,1,2,3
m284_gpu0,gpu,utilization,4.4166666667,3.1333333333,0.3,86.666666667,16.083333333,0.58333333333,86.666666667,15.0,86.666666667,13.6,88.8,100.0,15.0,88.333333333
m284_gpu2,gpu,utilization,0.46666666667,2.8,3.9,9.2,1.1666666667,0.0,84.933333333,43.6,91.2,10.0,88.333333333,100.0,15.0,88.333333333
m284_gpu4,gpu,utilization,1.7666666667,3.8666666667,0.4,86.666666667,15.2,0.46666666667,69.333333333,23.9,88.533333333,13.6,88.8,100.0,15.0,0.0
m284_gpu6,gpu,utilization,0.46666666667,2.8,3.9,10.066666667,1.2833333333,45.05,92.6,43.75,91.2,10.0,88.333333333,100.0,15.0,0.0
