name,machine_type,trace,-10,-9,-8,-7,-6,-5,-4,-3,-2,-1,0,1,2,3
m168_gpu2,gpu,utilization,89.9,3.2,91.2,6.6666666667,98.475,98.475,3.3,98.9,97.066666667,99.033333333,95.0,1.5166666667,91.133333333,95.15
m168_gpu3,gpu,utilization,83.133333333,3.2666666667,93.1,6.6666666667,98.983333333,98.983333333,3.3333333333,99.95,99.0,98.4,76.95,1.45,86.933333333,85.65
m168_gpu4,gpu,utilization,86.033333333,3.3333333333,95.0,6.6666666667,98.983333333,98.983333333,3.3333333333,99.9,98.0,97.666666667,83.6,1.5833333333,94.766666667,88.5
m168_gpu5,gpu,utilization,87.0,3.2666666667,93.1,6.6666666667,98.983333333,98.983333333,3.3,98.95,98.0,97.666666667,83.6,1.5666666667,93.933333333,92.35
