name,machine_type,trace,-10,-9,-8,-7,-6,-5,-4,-3,-2,-1,0,1,2,3
m170_gpu0,gpu,utilization,58.0,0.0,0.0,29.666666667,57.85,30.8,88.0,74.4,31.5,0.0,0.0,0.0,0.0,33.35
m170_gpu1,gpu,utilization,88.666666667,51.933333333,0.0,30.333333333,59.15,31.5,90.35,90.2,90.666666667,54.25,34.466666667,59.533333333,0.0,0.0
m170_gpu2,gpu,utilization,60.666666667,0.0,0.0,30.666666667,59.8,32.2,91.65,90.2,51.916666667,0.0,0.0,0.0,0.0,0.0
m170_gpu3,gpu,utilization,58.666666667,0.0,0.0,29.666666667,57.85,30.8,88.35,87.8,88.083333333,53.083333333,0.0,0.0,0.0,33.733333333
