name,machine_type,trace,-10,-9,-8,-7,-6,-5,-4,-3,-2,-1,0,1,2,3
m182_gpu0,gpu,utilization,0.0,0.0,0.0,0.0,0.0,0.0,0.0,0.0,0.0,0.0,0.0,0.0,0.0,0.0
m182_gpu6,gpu,utilization,0.0,0.0,0.0,0.0,0.0,0.0,0.0,0.0,0.0,0.0,0.0,0.0,0.0,0.0
m35_gpu6,gpu,utilization,59.8,0.63333333333,0.0,0.0,31.333333333,93.616666667,91.85,91.75,91.933333333,85.9,82.466666667,82.2,90.6,97.166666667
m35_gpu5,gpu,utilization,54.6,0.0,0.0,0.0,31.0,94.15,96.766666667,97.3,74.15,58.433333333,94.3,93.233333333,90.366666667,94.0
