name,machine_type,trace,-10,-9,-8,-7,-6,-5,-4,-3,-2,-1,0,1,2,3
m368_gpu2,gpu,utilization,25.066666667,65.8,26.633333333,65.8,23.5,66.5,31.666666667,0.0,64.233333333,32.9,0.0,56.4,39.166666667,0.0
m77_gpu4,gpu,utilization,96.466666667,99.1,98.566666667,91.7,88.25,92.2,98.0,97.2,98.733333333,98.7,98.0,93.2,91.166666667,94.266666667
