name,machine_type,trace,-10,-9,-8,-7,-6,-5,-4,-3,-2,-1,0,1,2,3
m137_gpu0,gpu,utilization,0.0,0.0,0.0,0.0,0.0,0.0,0.0,0.0,0.0,0.0,0.0,0.0,0.0,0.0
m137_gpu1,gpu,utilization,0.0,0.0,0.0,0.0,0.0,0.0,0.0,0.0,0.0,0.0,0.0,0.0,0.0,0.0
m218_gpu0,gpu,utilization,93.1,92.666666667,77.6,72.3,87.666666667,93.733333333,93.65,86.666666667,80.95,88.4,75.133333333,77.4,74.4,87.033333333
m218_gpu1,gpu,utilization,0.0,0.0,63.7,61.75,77.333333333,91.733333333,76.7,85.0,93.0,86.7,53.933333333,42.3,42.0,77.533333333
