name,machine_type,trace,-10,-9,-8,-7,-6,-5,-4,-3,-2,-1,0,1,2,3
m156_gpu3,gpu,utilization,87.85,86.5,82.25,85.233333333,91.733333333,87.916666667,87.133333333,87.0,83.283333333,69.716666667,17.8,89.183333333,90.4,90.35
m156_gpu4,gpu,utilization,91.45,93.9,87.083333333,24.366666667,92.866666667,90.416666667,84.666666667,90.0,86.383333333,58.183333333,82.8,44.633333333,89.4,79.916666667
m156_gpu6,gpu,utilization,71.75,47.3,94.416666667,85.633333333,15.866666667,7.5,83.733333333,51.166666667,76.05,3.9166666667,19.0,93.533333333,89.6,97.433333333
m156_gpu7,gpu,utilization,81.2,42.9,89.666666667,22.066666667,81.4,74.416666667,89.866666667,88.833333333,81.033333333,39.166666667,18.8,94.183333333,93.0,86.466666667
