name,machine_type,trace,-10,-9,-8,-7,-6,-5,-4,-3,-2,-1,0,1,2,3
m184_gpu0,gpu,utilization,36.6,69.166666667,46.8,52.066666667,60.8,45.8,64.8,61.816666667,50.4,34.866666667,56.85,61.7,38.316666667,56.2
m184_gpu2,gpu,utilization,17.3,3.0,22.533333333,38.133333333,64.266666667,32.9,5.6,52.35,45.75,53.716666667,62.066666667,11.15,19.966666667,53.6
m184_gpu4,gpu,utilization,21.0,5.3333333333,39.466666667,50.833333333,58.933333333,46.5,8.6,61.3,38.083333333,26.05,62.1,12.6,33.216666667,58.4
m184_gpu7,gpu,utilization,19.7,3.5,18.8,35.9,62.266666667,39.9,5.8,54.0,51.283333333,53.533333333,69.9,11.65,25.5,52.6
