name,machine_type,trace,-10,-9,-8,-7,-6,-5,-4,-3,-2,-1,0,1,2,3
m158_gpu1,gpu,utilization,98.8,98.0,94.666666667,75.916666667,98.0,98.0,97.833333333,96.05,97.083333333,98.0,89.8,25.333333333,96.166666667,98.033333333
m158_gpu4,gpu,utilization,98.0,98.0,97.066666667,89.95,83.866666667,98.083333333,98.166666667,89.4,97.0,97.066666667,95.1,72.266666667,97.0,97.033333333
m158_gpu6,gpu,utilization,98.8,98.0,94.533333333,74.45,93.583333333,98.0,97.833333333,96.05,97.083333333,98.0,88.8,16.616666667,97.083333333,97.966666667
m158_gpu7,gpu,utilization,98.6,97.166666667,94.133333333,72.383333333,98.0,98.0,98.0,97.95,97.083333333,98.0,97.6,94.35,97.083333333,98.0
