name,machine_type,trace,-10,-9,-8,-7,-6,-5,-4,-3,-2,-1,0,1,2,3
m111_gpu0,gpu,utilization,59.816666667,97.666666667,98.7,98.333333333,97.333333333,97.633333333,95.266666667,96.866666667,99.4,97.266666667,98.933333333,98.466666667,98.0,99.566666667
m111_gpu1,gpu,utilization,60.433333333,98.0,98.7,98.333333333,99.333333333,98.733333333,93.216666667,96.016666667,99.4,98.633333333,99.466666667,98.466666667,99.566666667,100.0
m111_gpu2,gpu,utilization,61.666666667,99.333333333,99.0,98.333333333,99.333333333,98.733333333,92.533333333,95.733333333,97.3,99.05,98.533333333,98.766666667,99.783333333,100.0
m111_gpu3,gpu,utilization,61.666666667,99.333333333,99.0,99.666666667,98.0,98.9,95.9,96.866666667,97.3,96.316666667,98.933333333,99.233333333,99.783333333,100.0
m111_gpu4,gpu,utilization,61.666666667,99.333333333,99.0,99.0,97.666666667,98.9,93.85,96.016666667,99.4,100.0,100.0,99.233333333,98.216666667,99.566666667
m111_gpu5,gpu,utilization,61.666666667,99.333333333,99.0,98.333333333,97.333333333,98.9,93.85,96.016666667,98.7,99.683333333,100.0,99.233333333,98.216666667,99.566666667
m111_gpu6,gpu,utilization,61.666666667,99.333333333,99.0,99.666666667,98.666666667,99.266666667,93.166666667,95.733333333,98.0,99.366666667,98.533333333,98.0,99.566666667,100.0
m111_gpu7,gpu,utilization,0.0,65.333333333,98.7,98.333333333,32.666666667,0.0,68.333333333,100.0,100.0,100.0,100.0,98.466666667,21.233333333,78.333333333
