name,machine_type,trace,-10,-9,-8,-7,-6,-5,-4,-3,-2,-1,0,1,2,3
m179_gpu2,gpu,utilization,85.8,88.6,33.35,55.1,87.6,88.0,54.75,42.333333333,71.4,87.0,91.533333333,83.266666667,83.85,92.6
m179_gpu4,gpu,utilization,35.966666667,54.0,87.533333333,88.533333333,93.0,39.583333333,50.166666667,67.866666667,74.4,92.916666667,90.466666667,87.0,89.066666667,91.0
m179_gpu5,gpu,utilization,62.833333333,85.2,87.533333333,82.833333333,84.6,89.333333333,89.25,86.866666667,88.266666667,71.333333333,74.433333333,89.133333333,88.416666667,86.933333333
m179_gpu6,gpu,utilization,39.0,53.4,90.233333333,82.133333333,81.8,87.333333333,89.0,90.7,92.0,90.833333333,87.733333333,64.133333333,69.283333333,74.733333333
