name,machine_type,trace,-10,-9,-8,-7,-6,-5,-4,-3,-2,-1,0,1,2,3
m69_gpu3,gpu,utilization,77.966666667,77.0,76.933333333,73.4,78.458333333,78.458333333,69.0,76.0,65.333333333,73.983333333,68.425,68.425,72.7,76.733333333
m69_gpu5,gpu,utilization,69.833333333,73.2,58.133333333,66.5,73.458333333,73.458333333,60.0,75.0,61.433333333,72.8,68.625,68.625,75.033333333,64.733333333
m69_gpu6,gpu,utilization,56.083333333,79.75,74.95,72.45,75.916666667,75.916666667,64.0,63.0,72.816666667,72.116666667,75.95,75.95,70.1,68.133333333
m69_gpu7,gpu,utilization,77.7,75.9,73.883333333,67.35,72.983333333,72.983333333,86.0,68.0,63.216666667,70.933333333,67.0,67.0,69.9,70.0
