name,machine_type,trace,-10,-9,-8,-7,-6,-5,-4,-3,-2,-1,0,1,2,3
m418_gpu0,gpu,utilization,4.9,98.0,97.95,97.066666667,98.033333333,99.866666667,97.916666667,96.916666667,96.3,99.0,84.15,15.0,99.333333333,96.116666667
m418_gpu1,gpu,utilization,4.95,98.933333333,97.95,97.066666667,98.033333333,99.866666667,97.916666667,96.916666667,96.3,98.883333333,93.35,71.8,98.666666667,97.0
m418_gpu2,gpu,utilization,4.9,98.0,97.95,97.066666667,98.033333333,99.866666667,97.916666667,97.0,97.2,98.883333333,83.3,14.7,97.833333333,97.0
m418_gpu3,gpu,utilization,4.95,98.933333333,97.95,97.066666667,98.0,98.066666667,98.833333333,97.25,99.9,99.116666667,85.0,14.55,97.5,99.65
m418_gpu4,gpu,utilization,4.95,98.933333333,97.95,97.066666667,98.0,98.0,97.833333333,96.0,96.3,99.0,91.5,56.65,99.333333333,96.116666667
m418_gpu5,gpu,utilization,4.95,98.933333333,98.05,98.933333333,97.983333333,97.066666667,97.916666667,97.25,99.9,99.116666667,88.15,32.25,96.166666667,97.35
m418_gpu6,gpu,utilization,4.9,98.0,97.95,97.133333333,97.466666667,13.133333333,99.083333333,99.75,97.2,99.0,89.4,44.75,99.5,97.0
m418_gpu7,gpu,utilization,4.95,98.933333333,98.1,99.8,97.016666667,96.533333333,72.333333333,29.333333333,9.9,99.116666667,85.0,14.55,97.5,99.65
