name,machine_type,trace,-10,-9,-8,-7,-6,-5,-4,-3,-2,-1,0,1,2,3
m139_gpu0,gpu,utilization,91.383333333,33.366666667,53.666666667,45.8,3.8666666667,46.0,91.533333333,50.05,42.933333333,92.0,92.0,92.0,92.0,92.0
m139_gpu1,gpu,utilization,92.0,33.733333333,50.75,44.65,4.8333333333,46.0,92.0,50.6,42.933333333,92.0,49.066666667,19.8,63.2,90.9
m139_gpu2,gpu,utilization,90.766666667,33.0,50.75,42.45,2.9,45.5,90.533333333,49.5,42.466666667,91.416666667,49.066666667,17.1,59.6,92.0
m139_gpu3,gpu,utilization,91.383333333,33.366666667,53.666666667,46.35,4.35,46.0,91.533333333,50.05,42.466666667,91.0,75.133333333,49.35,60.4,91.366666667
m139_gpu4,gpu,utilization,91.0,33.366666667,53.083333333,45.35,3.8666666667,46.0,92.0,50.6,42.933333333,92.0,92.0,92.0,91.6,91.366666667
m139_gpu5,gpu,utilization,92.0,33.733333333,53.666666667,46.35,4.35,46.0,92.0,50.6,42.933333333,92.0,91.533333333,90.55,90.4,91.366666667
m139_gpu6,gpu,utilization,92.383333333,33.733333333,53.666666667,44.7,2.9,46.0,92.0,50.6,43.4,93.0,92.533333333,50.6,37.2,93.0
m139_gpu7,gpu,utilization,92.0,33.733333333,54.25,46.25,3.8666666667,46.0,92.466666667,93.0,86.0,84.25,92.533333333,50.6,36.8,92.366666667
