name,machine_type,trace,-10,-9,-8,-7,-6,-5,-4,-3,-2,-1,0,1,2,3
m306_gpu0,gpu,utilization,84.0,84.2,90.016666667,89.8,66.466666667,38.2,83.066666667,84.0,84.6,92.9,89.466666667,66.3,39.0,84.266666667
m306_gpu1,gpu,utilization,1.05,1.9666666667,1.4,28.2,88.166666667,36.466666667,0.93333333333,0.0,0.13333333333,3.3,31.6,80.65,49.6,1.0
m74_gpu0,gpu,utilization,91.95,71.133333333,46.483333333,75.45,84.083333333,88.733333333,85.466666667,90.0,69.4,35.6,85.066666667,86.0,84.6,74.4
m74_gpu1,gpu,utilization,5.3,86.833333333,80.716666667,4.8,1.0,1.0666666667,1.9333333333,9.0,79.0,48.5,0.93333333333,0.05,7.1,54.0
