name,machine_type,trace,-10,-9,-8,-7,-6,-5,-4,-3,-2,-1,0,1,2,3
m79_gpu0,gpu,utilization,63.65,13.533333333,1.0666666667,50.533333333,94.066666667,40.166666667,60.533333333,95.583333333,96.0,96.0,36.8,0.0,58.583333333,95.633333333
m79_gpu1,gpu,utilization,51.566666667,3.0,2.4666666667,52.133333333,95.466666667,41.916666667,61.633333333,95.583333333,96.0,96.0,36.8,0.0,56.733333333,92.633333333
m79_gpu2,gpu,utilization,49.6,2.5833333333,4.4666666667,29.6,74.933333333,40.166666667,60.533333333,95.583333333,96.0,96.0,36.8,0.0,57.35,93.633333333
m79_gpu3,gpu,utilization,50.083333333,0.48333333333,4.2666666667,46.4,85.866666667,39.083333333,59.633333333,95.333333333,96.45,96.0,36.8,0.0,57.35,93.633333333
