name,machine_type,trace,-10,-9,-8,-7,-6,-5,-4,-3,-2,-1,0,1,2,3
m364_gpu4,gpu,utilization,42.333333333,13.3,15.0,21.2,21.333333333,11.7,23.683333333,20.2,27.1,37.266666667,18.333333333,20.033333333,20.4,6.2
m364_gpu5,gpu,utilization,92.533333333,93.1,91.0,91.0,60.666666667,29.766666667,93.683333333,64.3,40.7,92.0,92.0,62.666666667,41.7,60.45
