name,machine_type,trace,-10,-9,-8,-7,-6,-5,-4,-3,-2,-1,0,1,2,3
m207_gpu0,gpu,utilization,49.466666667,52.0,50.416666667,48.25,47.216666667,49.3,49.233333333,10.616666667,0.0,0.0,0.0,0.0,0.0,0.0
m207_gpu1,gpu,utilization,48.633333333,50.333333333,49.566666667,49.75,50.0,50.766666667,49.466666667,10.616666667,0.0,0.0,0.0,0.0,0.0,0.0
m207_gpu2,gpu,utilization,50.1,49.0,52.583333333,50.25,48.216666667,11.2,0.0,0.0,0.0,0.0,0.0,0.0,0.0,0.0
m207_gpu3,gpu,utilization,47.733333333,48.333333333,49.0,52.0,51.433333333,50.233333333,11.666666667,0.0,0.0,0.0,0.0,0.0,0.0,0.0
m207_gpu4,gpu,utilization,51.166666667,49.666666667,50.866666667,50.5,10.833333333,0.0,0.0,0.0,0.0,0.0,0.0,0.0,0.0,0.0
m207_gpu5,gpu,utilization,48.633333333,49.666666667,49.283333333,45.25,48.7,11.666666667,0.0,0.0,0.0,0.0,0.0,0.0,0.0,0.0
m207_gpu6,gpu,utilization,49.266666667,49.333333333,49.0,47.5,52.483333333,51.7,11.9,0.0,0.0,0.0,0.0,0.0,0.0,0.0
m207_gpu7,gpu,utilization,49.166666667,49.666666667,48.283333333,50.25,51.0,50.233333333,11.666666667,0.0,0.0,0.0,0.0,0.0,0.0,0.0
