name,machine_type,trace,-10,-9,-8,-7,-6,-5,-4,-3,-2,-1,0,1,2,3
m363_gpu0,gpu,utilization,97.733333333,65.8,74.466666667,97.55,94.8,93.7,97.4,97.25,98.133333333,98.833333333,98.6,65.083333333,80.666666667,97.766666667
m363_gpu1,gpu,utilization,97.0,65.8,75.033333333,98.0,98.0,97.433333333,98.2,93.75,95.333333333,95.333333333,94.4,59.0,78.0,96.533333333
m328_gpu0,gpu,utilization,96.333333333,67.0,76.166666667,97.25,97.133333333,95.033333333,96.2,99.583333333,94.666666667,95.833333333,100.0,65.466666667,81.333333333,96.3
m328_gpu1,gpu,utilization,95.233333333,67.6,76.6,98.35,98.6,98.866666667,98.6,99.583333333,100.0,100.0,92.2,61.1,81.0,99.616666667
m78_gpu0,gpu,utilization,91.266666667,64.4,70.933333333,94.95,89.933333333,89.933333333,92.4,93.5,97.6,92.583333333,93.4,63.083333333,74.666666667,90.383333333
m78_gpu1,gpu,utilization,97.366666667,65.2,72.333333333,96.75,94.2,93.966666667,92.8,95.833333333,99.466666667,93.75,90.0,61.633333333,81.333333333,93.833333333
m119_gpu0,gpu,utilization,97.066666667,66.4,68.933333333,92.95,98.6,95.466666667,96.2,89.083333333,86.266666667,95.833333333,94.0,61.016666667,79.0,93.3
m119_gpu1,gpu,utilization,90.0,61.8,69.066666667,92.3,97.666666667,96.033333333,96.0,93.916666667,90.466666667,95.833333333,98.8,63.466666667,80.666666667,95.066666667
