name,machine_type,trace,-10,-9,-8,-7,-6,-5,-4,-3,-2,-1,0,1,2,3
m356_gpu1,gpu,utilization,6.6666666667,35.416666667,60.6,68.0,48.2,41.333333333,7.5166666667,51.45,39.316666667,57.2,43.4,37.366666667,6.4,35.45
m356_gpu2,gpu,utilization,86.5,19.5,73.6,82.25,15.8,0.0,75.133333333,92.816666667,17.05,0.0,0.0,0.0,70.55,89.183333333
m356_gpu3,gpu,utilization,0.0,1.5666666667,3.6,4.75,3.4,2.1666666667,0.36666666667,4.0833333333,2.55,3.6,30.95,37.816666667,13.35,31.966666667
m356_gpu5,gpu,utilization,89.166666667,19.5,74.4,90.75,18.0,0.0,72.683333333,92.266666667,17.05,0.0,0.0,0.0,76.5,91.766666667
