name,machine_type,trace,-10,-9,-8,-7,-6,-5,-4,-3,-2,-1,0,1,2,3
m190_gpu0,gpu,utilization,62.166666667,20.433333333,29.5,75.466666667,8.2,0.0,0.0,30.333333333,4.0833333333,16.783333333,13.05,14.65,18.533333333,48.75
m190_gpu1,gpu,utilization,3.6666666667,12.25,26.666666667,52.4,5.6,0.0,0.0,18.2,66.05,25.183333333,13.9,13.0,17.416666667,59.65
m190_gpu2,gpu,utilization,0.0,10.616666667,40.5,60.733333333,80.1,27.916666667,2.6833333333,26.866666667,3.6166666667,18.55,13.35,12.883333333,15.65,48.3
m190_gpu3,gpu,utilization,3.1666666667,9.8,2.0,71.933333333,8.3,0.0,0.0,25.133333333,3.3833333333,18.55,13.35,12.883333333,20.95,74.7
m190_gpu4,gpu,utilization,3.6666666667,10.616666667,27.166666667,62.066666667,6.7,0.0,0.0,35.533333333,4.7833333333,16.783333333,13.9,12.116666667,16.416666667,34.85
m190_gpu5,gpu,utilization,5.0,10.616666667,2.1666666667,70.2,40.5,3.0,0.0,13.0,1.75,16.783333333,13.9,14.766666667,15.883333333,73.8
m190_gpu6,gpu,utilization,3.6666666667,13.066666667,26.833333333,74.933333333,8.2,0.0,52.116666667,26.066666667,2.45,0.0,11.05,13.0,45.683333333,42.35
m190_gpu7,gpu,utilization,3.6666666667,11.433333333,2.3333333333,48.533333333,5.6,54.083333333,6.8833333333,30.333333333,4.0833333333,50.35,18.75,14.65,63.583333333,81.05
