name,machine_type,trace,-10,-9,-8,-7,-6,-5,-4,-3,-2,-1,0,1,2,3
m191_gpu0,gpu,utilization,100.0,99.35,99.0,99.566666667,99.416666667,71.25,74.4,95.666666667,97.166666667,74.6,54.4,80.833333333,99.366666667,99.633333333
m191_gpu1,gpu,utilization,100.0,99.35,99.6,100.0,99.416666667,70.016666667,66.166666667,89.466666667,99.0,74.4,37.6,70.866666667,99.366666667,99.633333333
m191_gpu2,gpu,utilization,100.0,99.35,99.6,100.0,99.416666667,70.016666667,67.866666667,91.333333333,98.3,70.0,51.4,81.216666667,99.366666667,99.633333333
m191_gpu3,gpu,utilization,100.0,99.35,99.6,100.0,99.416666667,74.333333333,66.366666667,87.866666667,100.0,76.6,46.0,75.466666667,99.366666667,99.633333333
m191_gpu4,gpu,utilization,100.0,99.35,99.6,100.0,99.416666667,58.3,52.833333333,86.133333333,100.0,74.2,60.6,85.2,99.633333333,100.0
m191_gpu5,gpu,utilization,100.0,99.35,99.0,99.566666667,100.0,69.166666667,68.7,92.066666667,93.9,70.8,71.2,92.333333333,99.366666667,99.633333333
m191_gpu6,gpu,utilization,100.0,99.35,99.6,100.0,99.416666667,65.083333333,61.566666667,88.6,88.8,60.6,41.0,75.85,99.366666667,99.633333333
m191_gpu7,gpu,utilization,100.0,99.35,99.6,100.0,99.416666667,68.166666667,62.6,88.3,100.0,67.6,41.2,76.233333333,99.366666667,99.633333333
