name,machine_type,trace,-10,-9,-8,-7,-6,-5,-4,-3,-2,-1,0,1,2,3
m40_gpu0,gpu,utilization,98.133333333,99.1,98.8,93.166666667,90.333333333,45.0,99.6,96.7,94.25,98.75,94.6,99.916666667,99.0,99.116666667
m40_gpu1,gpu,utilization,0.0,9.9,98.55,96.166666667,87.266666667,35.0,87.866666667,76.6,100.0,98.25,68.4,90.75,9.9,98.533333333
m40_gpu2,gpu,utilization,99.066666667,93.6,99.0,98.0,82.866666667,30.833333333,99.6,96.4,90.9,89.2,93.5,98.083333333,99.0,97.95
m40_gpu3,gpu,utilization,98.666666667,87.0,54.9,37.0,83.466666667,40.0,99.866666667,89.5,8.35,91.45,99.2,92.583333333,98.9,98.116666667
m40_gpu4,gpu,utilization,98.866666667,97.9,96.4,93.0,85.933333333,50.0,98.933333333,92.8,100.0,100.0,100.0,99.583333333,94.8,93.816666667
m40_gpu5,gpu,utilization,86.666666667,2.9,29.3,42.333333333,85.8,14.666666667,88.533333333,92.7,98.9,97.0,93.5,64.333333333,81.7,16.1
m40_gpu6,gpu,utilization,99.866666667,99.1,88.75,25.666666667,30.333333333,49.166666667,99.866666667,89.4,4.8,42.05,99.8,97.5,92.0,91.65
m40_gpu7,gpu,utilization,99.066666667,93.7,99.85,97.666666667,78.866666667,16.666666667,99.466666667,95.9,95.15,97.8,94.5,99.0,98.4,93.7
