name,machine_type,trace,-10,-9,-8,-7,-6,-5,-4,-3,-2,-1,0,1,2,3
m127_gpu0,gpu,utilization,0.0,24.266666667,68.25,0.0,0.0,0.0,0.0,0.0,0.0,0.0,0.0,0.0,33.366666667,56.116666667
m127_gpu1,gpu,utilization,0.0,10.933333333,34.0,22.633333333,33.683333333,16.783333333,36.216666667,0.0,0.73333333333,1.3,3.3333333333,9.3,5.0666666667,0.0
m127_gpu2,gpu,utilization,0.0,24.266666667,68.25,0.0,0.0,0.0,0.0,31.85,59.466666667,3.25,0.0,0.0,33.366666667,56.116666667
m127_gpu3,gpu,utilization,0.0,24.0,67.5,0.0,0.0,0.0,0.0,0.0,0.0,0.0,0.0,0.0,33.366666667,56.116666667
m127_gpu4,gpu,utilization,0.0,10.666666667,30.0,0.0,0.0,0.0,0.0,31.85,57.633333333,0.0,0.0,0.0,1.4666666667,2.4666666667
m127_gpu5,gpu,utilization,53.0,33.733333333,0.0,0.0,3.9666666667,13.05,7.5166666667,6.65,32.566666667,36.4,1.0,9.3,13.3,21.466666667
m127_gpu6,gpu,utilization,0.0,24.266666667,68.25,0.0,0.0,0.0,1.5833333333,3.95,1.2666666667,0.0,30.666666667,59.8,33.366666667,56.116666667
m127_gpu7,gpu,utilization,0.0,24.533333333,69.0,0.0,0.0,0.0,0.0,2.1,3.8,0.0,0.0,0.0,0.0,0.0
