name,machine_type,trace,-10,-9,-8,-7,-6,-5,-4,-3,-2,-1,0,1,2,3
m279_gpu0,gpu,utilization,97.15,14.55,85.683333333,97.916666667,98.0,97.016666667,85.6,97.033333333,83.258333333,83.258333333,97.483333333,97.05,96.4,82.266666667
m279_gpu1,gpu,utilization,98.0,35.1,89.366666667,98.0,98.0,80.3,97.4,98.0,98.0,98.0,98.0,98.0,98.0,98.0
m279_gpu2,gpu,utilization,97.0,16.25,86.8,98.0,97.05,97.983333333,98.0,98.0,87.325,87.325,97.65,98.0,97.05,88.658333333
m279_gpu3,gpu,utilization,98.0,14.7,86.566666667,98.0,98.0,98.0,98.0,98.0,98.0,98.0,98.0,98.0,95.3,71.45
