name,machine_type,trace,-10,-9,-8,-7,-6,-5,-4,-3,-2,-1,0,1,2,3
m177_gpu0,gpu,utilization,0.0,0.0,0.0,22.5,28.8,27.066666667,71.5,43.5,0.0,0.0,0.0,2.75,2.0833333333,5.4
m177_gpu3,gpu,utilization,96.6,95.3,99.416666667,98.333333333,96.933333333,96.55,97.5,100.0,97.416666667,96.7,96.966666667,98.2,97.666666667,95.4
m8_gpu1,gpu,utilization,98.0,98.0,98.0,98.0,98.0,98.0,98.0,98.0,98.0,98.0,98.0,98.0,98.0,98.0
m8_gpu3,gpu,utilization,97.8,97.15,97.75,96.833333333,97.533333333,96.033333333,94.5,96.5,99.0,97.866666667,97.516666667,95.25,97.083333333,95.2
