name,machine_type,trace,-10,-9,-8,-7,-6,-5,-4,-3,-2,-1,0,1,2,3
m297_gpu0,gpu,utilization,91.666666667,93.7,96.0,85.8,88.6,90.316666667,65.216666667,25.2,85.333333333,88.283333333,82.1,65.05,70.2,64.05
m297_gpu3,gpu,utilization,91.333333333,60.5,19.666666667,78.733333333,79.9,32.05,21.5,27.6,89.666666667,87.266666667,70.5,40.483333333,89.0,88.716666667
m297_gpu5,gpu,utilization,78.333333333,42.7,22.4,82.133333333,61.7,46.266666667,64.5,22.2,62.666666667,49.066666667,70.2,74.866666667,93.4,92.85
m297_gpu6,gpu,utilization,88.666666667,51.8,24.8,93.0,81.3,66.983333333,94.433333333,92.1,88.666666667,83.733333333,84.6,100.0,97.3,89.866666667
