name,machine_type,trace,-10,-9,-8,-7,-6,-5,-4,-3,-2,-1,0,1,2,3
m347_gpu1,gpu,utilization,90.8,98.533333333,88.733333333,87.866666667,85.45,92.066666667,82.916666667,92.083333333,94.8,94.066666667,77.283333333,94.0,88.0,88.15
m347_gpu2,gpu,utilization,94.4,17.416666667,80.6,88.666666667,36.15,63.216666667,73.5,94.166666667,52.8,77.866666667,44.6,90.0,71.0,71.275
m347_gpu3,gpu,utilization,84.0,28.283333333,68.866666667,92.6,89.05,57.966666667,90.666666667,83.0,87.4,94.533333333,93.033333333,91.0,95.0,89.575
m347_gpu5,gpu,utilization,87.4,16.766666667,83.333333333,94.266666667,60.85,92.1,90.583333333,86.333333333,74.3,68.333333333,95.533333333,87.0,90.0,86.825
