name,machine_type,trace,-10,-9,-8,-7,-6,-5,-4,-3,-2,-1,0,1,2,3
m302_gpu0,gpu,utilization,0.0,0.0,6.3333333333,3.8333333333,48.766666667,25.666666667,53.9,43.266666667,61.8,34.0,4.2,0.0,0.0,3.0
m302_gpu1,gpu,utilization,68.2,59.833333333,45.733333333,46.85,50.533333333,48.666666667,49.1,50.0,52.933333333,47.25,46.6,53.533333333,11.916666667,0.0
m302_gpu2,gpu,utilization,79.833333333,76.633333333,74.466666667,70.533333333,66.466666667,73.0,66.5,77.4,81.533333333,80.25,49.6,75.483333333,72.033333333,71.25
m302_gpu3,gpu,utilization,50.933333333,52.1,52.266666667,57.316666667,55.566666667,56.333333333,52.4,54.4,58.2,57.5,58.6,57.366666667,57.0,56.25
