name,machine_type,trace,-10,-9,-8,-7,-6,-5,-4,-3,-2,-1,0,1,2,3
m168_gpu0,gpu,utilization,87.8,98.05,81.333333333,100.0,99.85,98.5,96.666666667,100.0,98.0,92.333333333,100.0,100.0,100.0,98.666666667
m168_gpu1,gpu,utilization,100.0,99.3,80.266666667,9.9,97.5,90.833333333,100.0,100.0,100.0,100.0,99.75,99.233333333,100.0,100.0
m168_gpu2,gpu,utilization,99.4,90.95,84.0,10.0,99.85,99.166666667,100.0,100.0,100.0,100.0,100.0,100.0,100.0,99.733333333
m168_gpu3,gpu,utilization,6.6666666667,100.0,93.333333333,10.0,100.0,100.0,100.0,99.816666667,99.2,99.766666667,97.0,93.1,100.0,73.333333333
m168_gpu4,gpu,utilization,79.466666667,100.0,93.333333333,10.0,100.0,100.0,99.666666667,97.816666667,97.6,100.0,100.0,100.0,100.0,100.0
m168_gpu5,gpu,utilization,100.0,99.85,90.533333333,10.0,98.05,89.166666667,100.0,99.816666667,95.8,86.966666667,100.0,96.033333333,83.933333333,90.466666667
m168_gpu6,gpu,utilization,100.0,95.0,0.0,10.0,99.85,99.166666667,100.0,99.45,97.6,100.0,100.0,99.766666667,75.9,26.666666667
m168_gpu7,gpu,utilization,94.4,100.0,93.333333333,10.0,85.0,16.666666667,100.0,99.816666667,79.2,23.1,99.25,100.0,99.066666667,93.866666667
