name,machine_type,trace,-10,-9,-8,-7,-6,-5,-4,-3,-2,-1,0,1,2,3
m161_gpu3,gpu,utilization,35.2,52.8,0.0,0.0,0.0,40.5,52.5,39.433333333,90.033333333,43.016666667,0.0,0.0,0.0,45.983333333
m161_gpu4,gpu,utilization,36.4,91.0,50.05,0.0,0.0,0.0,0.0,39.433333333,91.0,91.0,90.516666667,46.5,44.0,42.533333333
m161_gpu6,gpu,utilization,36.4,91.8,51.15,0.0,0.0,40.5,52.5,39.0,90.966666667,46.016666667,24.266666667,67.3,44.5,0.0
m161_gpu7,gpu,utilization,37.2,55.8,0.0,0.0,0.0,0.0,0.0,38.133333333,89.45,84.283333333,40.3,6.2833333333,6.5,0.0
