name,machine_type,trace,-10,-9,-8,-7,-6,-5,-4,-3,-2,-1,0,1,2,3
m156_gpu2,gpu,utilization,88.8,90.8,90.116666667,88.266666667,13.2,80.383333333,6.0666666667,89.3,4.7,87.966666667,91.0,88.0,90.95,1.0
m156_gpu4,gpu,utilization,80.1,91.1,68.15,62.4,9.3,50.35,89.666666667,84.4,4.2,80.233333333,16.133333333,26.0,78.116666667,0.0
