name,machine_type,trace,-10,-9,-8,-7,-6,-5,-4,-3,-2,-1,0,1,2,3
m51_gpu0,gpu,utilization,28.85,72.25,50.25,20.533333333,76.3,57.966666667,17.733333333,76.25,77.216666667,63.7,13.016666667,70.8,71.283333333,76.816666667
m51_gpu1,gpu,utilization,28.983333333,75.25,52.5,20.266666667,74.833333333,55.616666667,16.8,73.5,78.0,63.7,13.75,72.2,64.116666667,76.533333333
m51_gpu2,gpu,utilization,28.983333333,77.0,57.75,20.533333333,77.0,60.316666667,17.733333333,76.25,71.366666667,41.65,14.116666667,76.4,74.366666667,75.45
m51_gpu3,gpu,utilization,30.85,74.5,52.5,20.8,78.0,61.1,17.5,75.5,76.783333333,62.066666667,6.05,41.6,76.0,71.233333333
m51_gpu4,gpu,utilization,30.283333333,73.0,52.5,19.733333333,73.766666667,57.183333333,17.033333333,73.75,76.216666667,62.883333333,13.383333333,58.4,13.75,74.816666667
m51_gpu5,gpu,utilization,33.283333333,74.75,51.0,20.533333333,75.833333333,68.316666667,59.666666667,75.25,74.916666667,72.1,76.083333333,72.4,74.55,76.633333333
m51_gpu6,gpu,utilization,32.85,77.0,55.5,20.533333333,76.533333333,58.75,17.733333333,76.0,76.216666667,62.883333333,13.75,75.6,76.35,69.366666667
m51_gpu7,gpu,utilization,30.133333333,76.25,69.5,53.4,71.933333333,58.75,17.5,75.75,76.7,58.8,14.3,77.2,74.0,69.05
