name,machine_type,trace,-10,-9,-8,-7,-6,-5,-4,-3,-2,-1,0,1,2,3
m155_gpu1,gpu,utilization,93.8,91.0,89.716666667,91.466666667,88.583333333,88.4,89.733333333,96.266666667,78.416666667,92.2,97.0,95.533333333,95.0,95.0
m155_gpu4,gpu,utilization,87.333333333,83.0,81.283333333,86.866666667,84.9,85.1,83.066666667,40.483333333,81.483333333,25.6,68.566666667,48.866666667,74.6,89.7
m155_gpu5,gpu,utilization,70.866666667,79.0,90.733333333,71.0,75.3,93.6,76.266666667,20.216666667,75.933333333,29.4,76.633333333,98.933333333,89.733333333,86.0
m155_gpu6,gpu,utilization,86.2,96.75,91.4,87.266666667,83.583333333,87.6,87.066666667,30.383333333,81.583333333,64.0,36.6,75.733333333,89.8,88.3
