name,machine_type,trace,-10,-9,-8,-7,-6,-5,-4,-3,-2,-1,0,1,2,3
m170_gpu0,gpu,utilization,97.133333333,98.0,97.85,84.066666667,16.333333333,88.166666667,47.7,97.183333333,98.0,97.8,97.25,97.7,97.316666667,98.0
m170_gpu1,gpu,utilization,98.0,98.0,98.0,84.933333333,16.333333333,94.166666667,78.45,98.0,98.0,98.0,98.0,98.0,98.0,98.0
m170_gpu2,gpu,utilization,98.0,98.0,97.85,84.066666667,16.333333333,97.333333333,94.6,98.0,98.0,98.0,98.0,98.0,98.0,98.0
m170_gpu3,gpu,utilization,98.0,98.0,98.0,84.933333333,16.333333333,97.166666667,93.75,98.0,98.0,98.0,98.0,98.0,98.0,98.0
