name,machine_type,trace,-10,-9,-8,-7,-6,-5,-4,-3,-2,-1,0,1,2,3
m58_gpu3,gpu,utilization,0.0,0.0,0.0,0.0,0.0,0.0,0.0,0.0,0.0,0.0,0.0,0.0,99.0,99.0
m58_gpu4,gpu,utilization,84.55,3.3333333333,99.933333333,95.7,6.6666666667,96.666666667,51.15,51.15,73.0,0.0,52.2,1.8,0.0,0.0
m58_gpu5,gpu,utilization,0.0,0.0,0.0,0.0,0.0,0.0,0.0,0.0,0.0,0.0,0.0,0.0,97.0,98.933333333
m58_gpu6,gpu,utilization,99.05,99.966666667,99.066666667,99.966666667,99.0,99.0,99.516666667,99.516666667,99.0,99.0,3.3,95.7,98.0,98.0
