name,machine_type,trace,-10,-9,-8,-7,-6,-5,-4,-3,-2,-1,0,1,2,3
m58_gpu0,gpu,utilization,77.9,76.85,76.4,79.0,79.0,79.0,79.0,78.4,75.266666667,67.8,15.1,71.9,16.283333333,78.7
m58_gpu1,gpu,utilization,77.9,77.3,79.133333333,79.883333333,77.716666667,69.2,77.5,79.85,79.0,69.8,16.9,71.9,16.166666667,78.0
m58_gpu2,gpu,utilization,77.7,75.6,79.133333333,79.766666667,78.116666667,79.133333333,79.0,74.6,77.6,66.733333333,19.6,73.3,28.183333333,75.45
m58_gpu3,gpu,utilization,77.1,78.15,79.133333333,79.533333333,75.883333333,75.533333333,79.0,79.0,79.133333333,70.4,15.1,76.0,52.383333333,78.0
m58_gpu4,gpu,utilization,77.9,77.15,78.133333333,78.766666667,76.766666667,75.4,78.333333333,79.85,79.133333333,72.533333333,29.3,76.2,69.933333333,77.0
m58_gpu5,gpu,utilization,79.6,76.75,80.866666667,80.116666667,81.0,80.733333333,78.666666667,77.45,79.866666667,70.2,19.7,73.6,23.466666667,78.35
m58_gpu6,gpu,utilization,79.9,79.3,80.866666667,79.766666667,78.0,77.866666667,77.166666667,78.45,80.466666667,69.0,23.2,71.3,11.1,80.15
m58_gpu7,gpu,utilization,78.0,78.3,80.0,79.883333333,79.233333333,81.0,81.0,80.4,77.4,71.066666667,19.8,73.1,10.75,77.45
