name,machine_type,trace,-10,-9,-8,-7,-6,-5,-4,-3,-2,-1,0,1,2,3
m36_gpu0,gpu,utilization,2.05,39.1,27.5,68.016666667,11.433333333,84.933333333,14.333333333,70.233333333,0.0,16.0,93.066666667,82.166666667,93.35,89.916666667
m36_gpu1,gpu,utilization,14.35,96.9,86.4,8.4,68.033333333,45.733333333,80.0,16.683333333,92.283333333,97.666666667,78.4,0.66666666667,7.9666666667,43.0
m36_gpu2,gpu,utilization,1.4,27.3,26.6,68.016666667,11.433333333,84.933333333,12.0,58.8,0.0,16.0,92.15,78.5,95.883333333,87.583333333
m36_gpu3,gpu,utilization,72.25,94.1,69.3,11.2,92.033333333,62.8,56.666666667,2.9333333333,30.666666667,96.166666667,82.516666667,15.0,7.4666666667,66.75
m36_gpu4,gpu,utilization,34.3,91.1,34.2,11.316666667,85.916666667,14.8,81.666666667,10.266666667,61.683333333,88.333333333,88.216666667,48.333333333,0.46666666667,11.583333333
m36_gpu5,gpu,utilization,1.05,21.6,32.6,73.316666667,10.966666667,89.733333333,63.166666667,56.35,0.0,16.166666667,92.966666667,78.833333333,97.65,87.5
m36_gpu6,gpu,utilization,15.35,97.8,86.4,11.083333333,86.483333333,32.133333333,81.666666667,13.933333333,79.85,96.666666667,77.583333333,0.0,2.9166666667,31.166666667
m36_gpu7,gpu,utilization,0.0,6.2,65.6,88.55,20.733333333,45.4,34.166666667,77.583333333,0.0,11.5,62.766666667,45.166666667,93.9,71.5
