name,machine_type,trace,-10,-9,-8,-7,-6,-5,-4,-3,-2,-1,0,1,2,3
m91_gpu0,gpu,utilization,81.633333333,100.0,100.0,100.0,100.0,100.0,100.0,100.0,61.5,80.75,100.0,100.0,66.7,78.4
m91_gpu1,gpu,utilization,80.683333333,100.0,100.0,100.0,100.0,100.0,100.0,100.0,62.9,81.45,100.0,100.0,64.85,77.2
m91_gpu2,gpu,utilization,82.266666667,100.0,100.0,100.0,100.0,100.0,100.0,100.0,60.1,80.05,100.0,100.0,66.083333333,78.0
m91_gpu3,gpu,utilization,81.95,100.0,100.0,100.0,100.0,100.0,100.0,100.0,58.0,79.0,100.0,100.0,67.316666667,78.8
m91_gpu4,gpu,utilization,81.633333333,100.0,100.0,100.0,100.0,100.0,100.0,100.0,72.7,86.35,100.0,100.0,66.083333333,78.0
m91_gpu5,gpu,utilization,81.316666667,100.0,100.0,100.0,100.0,100.0,100.0,100.0,60.8,80.4,100.0,100.0,66.7,78.4
m91_gpu6,gpu,utilization,79.1,100.0,100.0,100.0,100.0,100.0,100.0,100.0,59.4,79.7,100.0,100.0,64.85,77.2
m91_gpu7,gpu,utilization,81.633333333,100.0,100.0,100.0,100.0,100.0,100.0,100.0,58.7,79.35,100.0,100.0,65.466666667,77.6
