name,machine_type,trace,-10,-9,-8,-7,-6,-5,-4,-3,-2,-1,0,1,2,3
m184_gpu0,gpu,utilization,9.6,10.833333333,45.166666667,58.666666667,51.0,48.55,21.933333333,14.0,9.3333333333,34.05,67.766666667,78.266666667,81.75,51.833333333
m184_gpu1,gpu,utilization,19.1,39.9,88.0,73.066666667,72.0,86.35,61.0,39.433333333,22.083333333,25.4,61.8,84.533333333,87.416666667,42.233333333
m184_gpu2,gpu,utilization,29.75,50.983333333,58.566666667,69.666666667,64.0,57.65,66.4,33.833333333,14.666666667,14.15,33.1,55.1,59.583333333,31.666666667
m184_gpu3,gpu,utilization,23.35,34.383333333,72.866666667,67.466666667,68.0,82.05,62.466666667,40.433333333,22.5,16.6,49.2,77.366666667,73.083333333,33.133333333
m184_gpu4,gpu,utilization,27.9,28.25,63.366666667,71.6,51.5,62.15,68.4,29.766666667,10.25,17.8,32.366666667,43.666666667,48.0,26.466666667
m184_gpu5,gpu,utilization,11.3,37.216666667,83.6,65.066666667,58.5,77.55,47.6,21.0,22.75,39.95,66.6,82.666666667,84.083333333,53.666666667
m184_gpu6,gpu,utilization,11.0,40.516666667,88.0,66.066666667,60.0,80.1,50.066666667,22.433333333,13.25,18.0,60.433333333,86.0,84.25,38.8
m184_gpu7,gpu,utilization,23.75,34.283333333,42.533333333,58.066666667,61.5,63.45,70.333333333,40.033333333,17.583333333,20.15,37.9,52.666666667,57.583333333,33.066666667
