name,machine_type,trace,-10,-9,-8,-7,-6,-5,-4,-3,-2,-1,0,1,2,3
m236_gpu0,gpu,utilization,62.016666667,100.0,100.0,99.9,92.35,3.8666666667,6.6666666667,96.666666667,1.1666666667,13.3,0.0,0.066666666667,5.8,57.033333333
m236_gpu1,gpu,utilization,42.233333333,95.5,83.2,100.0,95.2,3.8666666667,6.6,95.7,8.3333333333,95.0,5.0,96.666666667,6.6666666667,100.0
m236_gpu2,gpu,utilization,52.3,100.0,93.333333333,2.3333333333,66.75,4.8333333333,6.6666666667,96.666666667,8.3333333333,95.0,5.0,99.4,80.466666667,60.2
m236_gpu3,gpu,utilization,100.0,97.2,73.866666667,98.733333333,59.15,4.8333333333,5.4666666667,82.6,100.0,95.0,2.8,56.133333333,59.2,48.733333333
m236_gpu4,gpu,utilization,97.2,78.4,93.333333333,3.3333333333,95.2,3.8666666667,5.8666666667,88.4,91.666666667,4.1,82.9,100.0,98.6,76.4
m236_gpu5,gpu,utilization,100.0,100.0,100.0,97.466666667,23.05,4.8333333333,4.0,58.0,8.3333333333,95.0,4.7,94.2,100.0,100.0
m236_gpu6,gpu,utilization,95.683333333,66.7,100.0,97.9,35.5,6.7666666667,6.6666666667,96.666666667,6.5833333333,80.05,98.3,63.8,4.6,70.033333333
m236_gpu7,gpu,utilization,68.016666667,10.0,100.0,100.0,95.2,3.8666666667,4.0,61.3,99.083333333,95.0,5.0,99.733333333,90.4,66.6
