name,machine_type,trace,-10,-9,-8,-7,-6,-5,-4,-3,-2,-1,0,1,2,3
m400_gpu1,gpu,utilization,73.525,73.525,75.0,82.866666667,75.533333333,77.95,76.1,79.866666667,78.033333333,74.2,72.2,72.95,89.5,91.0
m400_gpu3,gpu,utilization,75.0,75.0,89.0,63.433333333,73.266666667,74.0,78.75,74.166666667,77.933333333,73.25,77.5,79.9,86.416666667,75.3
m400_gpu4,gpu,utilization,77.2,77.2,90.0,20.183333333,71.266666667,79.916666667,75.25,90.466666667,74.283333333,74.0,72.2,79.6,74.5,43.4
m400_gpu7,gpu,utilization,78.2,78.2,22.0,82.966666667,74.666666667,79.9,75.25,60.5,77.7,73.25,80.2,81.0,86.5,18.6
