name,machine_type,trace,-10,-9,-8,-7,-6,-5,-4,-3,-2,-1,0,1,2,3
m59_gpu0,gpu,utilization,55.933333333,59.4,37.95,98.6,98.0,98.0,98.0,66.966666667,0.0,32.666666667,62.066666667,0.0,29.1,69.516666667
m59_gpu1,gpu,utilization,51.966666667,59.4,37.95,98.6,98.0,97.633333333,97.35,66.966666667,0.0,32.333333333,61.433333333,0.0,28.8,68.8
m59_gpu2,gpu,utilization,42.466666667,58.8,26.45,71.4,84.2,98.266666667,86.85,46.466666667,0.0,33.0,62.7,2.8,34.7,69.8
m59_gpu5,gpu,utilization,44.166666667,58.8,37.95,98.6,97.616666667,97.366666667,98.0,66.966666667,0.0,32.333333333,61.433333333,0.0,29.7,70.95
m29_gpu1,gpu,utilization,54.1,63.6,74.183333333,97.0,60.583333333,19.966666667,52.4,37.583333333,19.666666667,41.666666667,38.166666667,59.8,24.3,58.05
m29_gpu3,gpu,utilization,49.066666667,37.6,58.15,95.0,60.95,29.7,73.9,65.6,12.0,24.0,34.466666667,64.6,25.0,43.0
m29_gpu4,gpu,utilization,8.2333333333,17.0,46.583333333,87.8,55.666666667,48.966666667,85.95,66.283333333,4.3333333333,8.6666666667,35.933333333,63.7,28.8,73.9
m29_gpu5,gpu,utilization,44.666666667,70.6,77.733333333,66.6,14.8,11.0,40.85,41.683333333,21.333333333,46.333333333,40.7,59.8,25.5,60.916666667
