name,machine_type,trace,-10,-9,-8,-7,-6,-5,-4,-3,-2,-1,0,1,2,3
m246_gpu0,gpu,utilization,18.0,51.133333333,46.066666667,9.25,43.2,43.383333333,18.5,32.2,3.5,22.1,4.3333333333,44.166666667,53.0,10.6
m246_gpu1,gpu,utilization,22.933333333,49.066666667,58.266666667,14.0,20.8,21.1,19.166666667,44.133333333,4.8,28.9,6.5,57.666666667,46.283333333,8.0
m246_gpu2,gpu,utilization,20.066666667,48.466666667,53.533333333,12.25,40.0,34.483333333,58.5,35.4,3.1,22.1,8.5,54.166666667,53.033333333,10.0
m246_gpu3,gpu,utilization,18.933333333,50.933333333,55.1,12.5,44.0,35.4,6.8333333333,39.266666667,19.8,24.65,4.3333333333,45.833333333,45.6,8.6
m246_gpu4,gpu,utilization,20.0,48.0,48.233333333,10.5,33.6,32.2,16.666666667,32.2,3.5,18.7,3.6666666667,35.833333333,46.133333333,9.4
m246_gpu5,gpu,utilization,24.666666667,51.8,53.383333333,12.0,20.0,19.283333333,3.0,43.333333333,19.4,31.3,5.6666666667,56.666666667,46.85,8.2
m246_gpu6,gpu,utilization,20.933333333,50.733333333,54.816666667,12.5,20.0,14.383333333,2.0,34.666666667,19.3,30.6,5.5,49.166666667,42.55,7.6
m246_gpu7,gpu,utilization,21.733333333,50.0,51.666666667,11.5,20.0,14.383333333,2.0,41.6,21.9,25.8,4.5,48.333333333,43.116666667,7.8
