name,machine_type,trace,-10,-9,-8,-7,-6,-5,-4,-3,-2,-1,0,1,2,3
m150_gpu0,gpu,utilization,54.666666667,80.0,80.0,80.0,80.0,77.2,74.666666667,76.533333333,26.0,0.0,0.0,55.733333333,19.0,57.966666667
m150_gpu1,gpu,utilization,71.616666667,75.0,74.0,75.3,62.0,68.6,73.333333333,76.166666667,26.0,0.0,1.4666666667,57.733333333,19.5,58.75
m150_gpu2,gpu,utilization,75.616666667,75.666666667,75.533333333,78.3,79.0,78.3,75.333333333,73.366666667,24.333333333,0.0,0.0,57.933333333,19.75,54.05
m150_gpu3,gpu,utilization,51.25,78.333333333,80.0,80.0,77.2,78.8,79.333333333,57.466666667,15.0,56.0,49.2,68.066666667,19.75,41.516666667
m150_gpu4,gpu,utilization,69.616666667,78.333333333,78.1,77.0,63.7,73.4,78.666666667,76.733333333,25.333333333,0.0,0.0,57.2,19.5,62.666666667
m150_gpu5,gpu,utilization,54.666666667,80.666666667,81.0,81.0,80.3,80.7,76.333333333,77.8,26.666666667,0.0,0.0,53.533333333,50.5,46.916666667
m150_gpu6,gpu,utilization,46.466666667,73.333333333,76.633333333,71.8,65.5,72.4,58.0,63.566666667,24.0,0.0,0.0,57.2,19.5,62.666666667
m150_gpu7,gpu,utilization,50.566666667,76.0,77.633333333,79.95,81.0,81.0,73.0,76.6,56.333333333,13.2,0.0,0.0,0.0,61.1
