name,machine_type,trace,-10,-9,-8,-7,-6,-5,-4,-3,-2,-1,0,1,2,3
m328_gpu0,gpu,utilization,5.25,28.583333333,9.9666666667,37.566666667,0.75,4.0,3.9666666667,12.466666667,12.8,48.0,35.2,0.0,0.0,0.0
m328_gpu1,gpu,utilization,0.0,0.0,0.0,2.75,12.75,0.0,0.0,0.0,0.0,0.0,0.0,0.0,0.0,0.0
