name,machine_type,trace,-10,-9,-8,-7,-6,-5,-4,-3,-2,-1,0,1,2,3
m185_gpu1,gpu,utilization,94.533333333,90.166666667,93.8,84.5,90.65,91.0,90.033333333,92.95,89.066666667,90.966666667,91.983333333,94.5,85.116666667,92.05
m185_gpu3,gpu,utilization,51.666666667,89.733333333,52.05,89.9,99.6,93.35,43.7,29.216666667,63.416666667,24.666666667,86.933333333,82.2,85.516666667,57.0
m185_gpu5,gpu,utilization,91.666666667,63.966666667,59.2,88.45,93.8,91.15,61.033333333,86.55,68.316666667,80.783333333,89.85,93.9,91.916666667,87.65
m185_gpu6,gpu,utilization,45.6,55.633333333,97.8,99.05,99.95,25.9,49.066666667,77.533333333,88.816666667,99.816666667,91.15,76.8,92.066666667,94.7
