name,machine_type,trace,-10,-9,-8,-7,-6,-5,-4,-3,-2,-1,0,1,2,3
m401_gpu1,gpu,utilization,96.2,98.25,95.766666667,97.433333333,96.2,96.0,97.8,95.266666667,96.4,98.9,95.8,96.2,99.616666667,97.166666667
m368_gpu4,gpu,utilization,95.9,93.65,93.0,94.733333333,96.1,97.0,97.6,96.2,98.8,97.0,97.4,97.633333333,97.0,97.0
