name,machine_type,trace,-10,-9,-8,-7,-6,-5,-4,-3,-2,-1,0,1,2,3
m222_gpu0,gpu,utilization,36.916666667,89.3,8.8333333333,93.15,89.6,25.35,77.0,2.7333333333,0.0,88.35,93.933333333,94.0,2.55,98.0
m222_gpu1,gpu,utilization,53.416666667,89.6,7.8333333333,0.0,27.066666667,69.85,6.0,90.866666667,98.666666667,95.2,95.0,93.033333333,1.55,94.0
m222_gpu2,gpu,utilization,74.833333333,91.3,7.75,80.75,91.533333333,93.9,7.8333333333,92.8,27.866666667,89.5,6.2,92.433333333,1.5666666667,93.0
m222_gpu3,gpu,utilization,91.083333333,97.1,98.833333333,95.2,94.066666667,96.85,8.0833333333,0.96666666667,48.6,91.9,6.2666666667,92.433333333,94.0,0.0
m222_gpu4,gpu,utilization,81.75,92.1,7.75,20.9,1.4666666667,3.8,85.583333333,93.0,40.733333333,1.85,90.533333333,96.016666667,1.6,96.0
m222_gpu5,gpu,utilization,93.166666667,94.5,7.8333333333,0.0,0.0,12.35,86.333333333,92.033333333,6.1333333333,88.35,93.0,94.966666667,1.5833333333,97.0
m222_gpu6,gpu,utilization,93.916666667,94.5,7.8333333333,0.0,0.0,8.55,86.916666667,92.066666667,61.2,91.3,93.933333333,94.983333333,1.5833333333,97.0
m222_gpu7,gpu,utilization,45.333333333,89.6,7.9166666667,0.0,0.0,34.2,91.0,95.033333333,6.3333333333,91.2,94.133333333,94.0,1.5666666667,98.0
