name,machine_type,trace,-10,-9,-8,-7,-6,-5,-4,-3,-2,-1,0,1,2,3
m212_gpu0,gpu,utilization,92.933333333,18.333333333,48.566666667,13.433333333,50.4,93.833333333,46.45,7.6,78.6,26.95,80.716666667,25.0,70.0,33.333333333
m212_gpu1,gpu,utilization,70.666666667,57.666666667,12.483333333,33.116666667,40.4,50.833333333,19.85,41.766666667,89.6,100.0,100.0,100.0,86.7,78.333333333
m212_gpu2,gpu,utilization,7.8666666667,45.733333333,33.283333333,53.633333333,37.0,63.5,36.0,47.15,51.0,39.566666667,59.716666667,74.25,61.6,39.666666667
m212_gpu3,gpu,utilization,71.6,36.433333333,6.85,41.733333333,45.0,33.0,35.25,37.633333333,72.4,27.1,24.4,76.5,46.8,75.666666667
m212_gpu4,gpu,utilization,6.6666666667,81.666666667,62.4,89.6,65.6,31.166666667,16.65,2.75,32.0,32.65,81.133333333,54.5,18.6,69.666666667
m212_gpu5,gpu,utilization,21.2,84.6,36.55,73.05,54.4,66.833333333,10.65,49.816666667,40.2,46.433333333,55.266666667,48.0,19.8,22.333333333
m212_gpu6,gpu,utilization,80.8,87.633333333,32.383333333,82.016666667,100.0,98.333333333,39.35,50.233333333,23.8,84.6,55.35,42.25,25.2,43.333333333
m212_gpu7,gpu,utilization,77.466666667,39.7,17.116666667,33.366666667,43.0,7.3333333333,49.3,92.3,72.0,56.016666667,38.333333333,46.0,64.0,55.333333333
