name,machine_type,trace,-10,-9,-8,-7,-6,-5,-4,-3,-2,-1,0,1,2,3
m347_gpu0,gpu,utilization,44.866666667,42.3,51.166666667,58.533333333,49.283333333,49.733333333,59.0,46.133333333,50.183333333,43.933333333,50.066666667,46.583333333,40.9,56.333333333
m347_gpu1,gpu,utilization,33.8,42.9,48.583333333,5.1333333333,40.866666667,39.933333333,5.7,36.666666667,48.183333333,39.283333333,48.6,41.166666667,39.15,8.7833333333
m347_gpu4,gpu,utilization,41.533333333,42.8,44.833333333,4.8666666667,35.566666667,44.333333333,6.3,41.0,47.0,37.283333333,39.533333333,40.883333333,42.7,9.5166666667
m347_gpu7,gpu,utilization,42.666666667,43.0,49.416666667,4.2666666667,37.216666667,39.4,4.8,33.066666667,37.116666667,44.066666667,48.533333333,41.933333333,40.15,8.15
