name,machine_type,trace,-10,-9,-8,-7,-6,-5,-4,-3,-2,-1,0,1,2,3
m101_gpu0,gpu,utilization,97.816666667,99.633333333,100.0,98.366666667,98.0,99.566666667,98.4,97.2,98.5,94.4,97.6,99.0,49.933333333,85.4
m101_gpu1,gpu,utilization,98.366666667,98.0,98.0,98.0,98.0,98.783333333,99.8,100.0,99.25,97.466666667,98.533333333,99.0,23.1,78.4
m101_gpu2,gpu,utilization,98.366666667,98.816666667,98.2,98.0,98.0,99.566666667,100.0,56.8,85.75,92.866666667,97.133333333,99.0,59.9,88.0
m101_gpu3,gpu,utilization,98.183333333,99.633333333,22.4,80.583333333,98.0,99.566666667,98.4,98.0,98.75,94.4,97.6,99.0,62.2,88.6
m101_gpu4,gpu,utilization,98.633333333,97.366666667,97.8,99.633333333,100.0,98.433333333,97.2,97.0,98.5,94.4,97.6,98.2,32.833333333,82.6
m101_gpu5,gpu,utilization,97.0,97.0,19.4,81.666666667,100.0,98.433333333,97.2,99.4,99.25,95.166666667,97.833333333,99.0,53.0,85.4
m101_gpu6,gpu,utilization,99.633333333,97.55,19.4,81.666666667,99.166666667,99.0,98.2,19.6,73.5,94.166666667,97.6,99.0,23.1,78.4
m101_gpu7,gpu,utilization,100.0,100.0,20.0,80.033333333,94.666666667,97.133333333,97.2,49.8,83.0,94.933333333,97.833333333,85.4,19.133333333,80.0
