name,machine_type,trace,-10,-9,-8,-7,-6,-5,-4,-3,-2,-1,0,1,2,3
m41_gpu0,gpu,utilization,99.833333333,100.0,100.0,93.816666667,98.1,99.8,99.2,99.0,98.233333333,98.75,98.25,99.466666667,99.266666667,99.0
m41_gpu1,gpu,utilization,99.833333333,100.0,100.0,93.816666667,98.1,99.8,99.2,99.8,100.0,99.25,99.75,100.0,99.266666667,99.0
m41_gpu2,gpu,utilization,100.0,100.0,97.25,97.883333333,98.85,99.8,99.2,99.0,99.766666667,99.25,99.75,98.533333333,98.733333333,99.0
m41_gpu3,gpu,utilization,100.0,100.0,100.0,92.933333333,97.95,99.8,99.2,99.8,100.0,99.25,99.75,98.533333333,98.733333333,99.0
m41_gpu4,gpu,utilization,99.833333333,100.0,97.25,97.883333333,98.85,99.8,99.2,98.2,99.533333333,99.25,98.25,99.466666667,99.266666667,99.0
m41_gpu5,gpu,utilization,99.833333333,100.0,100.0,98.233333333,98.85,99.8,99.2,98.2,97.233333333,98.5,98.25,98.0,98.733333333,99.0
m41_gpu6,gpu,utilization,100.0,100.0,100.0,92.933333333,97.95,99.8,99.2,99.8,100.0,99.25,99.75,98.533333333,98.733333333,99.0
m41_gpu7,gpu,utilization,100.0,100.0,23.916666667,83.25,97.95,99.0,99.0,98.2,22.866666667,75.0,100.0,98.533333333,98.733333333,99.0
