name,machine_type,trace,-10,-9,-8,-7,-6,-5,-4,-3,-2,-1,0,1,2,3
m17_gpu4,gpu,utilization,5.05,5.9833333333,3.0,6.7333333333,3.0666666667,3.9333333333,6.8,6.0333333333,3.1,0.15,7.4666666667,6.1,7.9333333333,7.1166666667
m17_gpu5,gpu,utilization,22.95,23.983333333,24.0,1.6,21.633333333,12.666666667,15.733333333,0.53333333333,11.6,0.6,21.466666667,23.0,23.0,23.0
m17_gpu6,gpu,utilization,0.0,0.0,0.0,0.0,0.0,0.0,0.0,0.0,0.0,0.0,0.0,0.0,0.0,0.0
m17_gpu7,gpu,utilization,22.616666667,23.0,0.0,21.466666667,0.38333333333,21.466666667,1.5333333333,22.233333333,22.033333333,10.6,21.2,22.95,23.0,23.0
