name,machine_type,trace,-10,-9,-8,-7,-6,-5,-4,-3,-2,-1,0,1,2,3
m310_gpu0,gpu,utilization,71.4,98.0,97.5,97.483333333,97.5,88.2,89.5,97.533333333,97.0,97.466666667,98.45,99.0,99.0,98.666666667
m310_gpu1,gpu,utilization,63.933333333,97.516666667,97.0,98.45,98.5,87.1,89.5,98.6,97.0,97.933333333,98.55,98.833333333,99.616666667,98.666666667
m310_gpu2,gpu,utilization,52.266666667,97.516666667,97.0,98.45,100.0,98.9,99.0,100.0,98.5,97.466666667,98.0,97.583333333,97.766666667,96.333333333
m310_gpu3,gpu,utilization,53.333333333,100.0,99.0,98.966666667,100.0,89.55,89.5,98.933333333,99.0,98.0,98.45,98.166666667,97.766666667,98.666666667
m310_gpu4,gpu,utilization,68.6,97.516666667,97.0,97.483333333,97.5,87.65,89.0,97.066666667,96.5,97.933333333,99.0,99.0,99.0,98.666666667
m310_gpu5,gpu,utilization,58.8,97.516666667,97.0,97.483333333,99.0,96.15,95.5,97.533333333,98.5,99.533333333,99.0,99.416666667,96.933333333,91.0
m310_gpu6,gpu,utilization,53.333333333,98.55,97.0,98.45,100.0,92.85,93.5,100.0,99.5,98.533333333,98.45,99.416666667,96.933333333,94.666666667
m310_gpu7,gpu,utilization,52.266666667,98.966666667,100.0,51.666666667,48.5,91.5,92.0,97.0,48.5,45.733333333,98.45,98.166666667,97.383333333,98.0
