name,machine_type,trace,-10,-9,-8,-7,-6,-5,-4,-3,-2,-1,0,1,2,3
m118_gpu0,gpu,utilization,0.0,0.0,0.0,0.0,0.0,0.0,0.0,2.1333333333,59.733333333,0.0,0.0,0.0,0.0,4.0
m118_gpu1,gpu,utilization,0.0,1.15,32.775,32.775,0.0,0.0,0.0,0.0,0.0,0.0,0.0,0.0,0.0,4.6
