name,machine_type,trace,-10,-9,-8,-7,-6,-5,-4,-3,-2,-1,0,1,2,3
m236_gpu0,gpu,utilization,54.966666667,56.0,56.0,53.8,55.6,41.5,42.983333333,58.6,57.933333333,57.066666667,58.966666667,60.9,58.85,56.2
m236_gpu1,gpu,utilization,27.0,27.5,19.733333333,20.25,25.8,16.75,19.3,28.0,27.483333333,27.533333333,27.516666667,27.45,27.55,27.0
m236_gpu5,gpu,utilization,49.9,50.5,41.8,44.25,49.2,30.95,31.983333333,47.6,49.516666667,50.0,50.483333333,51.45,51.1,49.2
m236_gpu6,gpu,utilization,51.483333333,52.0,44.25,43.05,49.8,33.95,34.466666667,49.6,48.933333333,47.533333333,49.45,50.1,48.55,48.4
