name,machine_type,trace,-10,-9,-8,-7,-6,-5,-4,-3,-2,-1,0,1,2,3
m321_gpu0,gpu,utilization,100.0,100.0,100.0,100.0,100.0,100.0,100.0,100.0,100.0,100.0,72.8,42.75,33.916666667,76.2
m321_gpu1,gpu,utilization,100.0,100.0,100.0,100.0,100.0,100.0,100.0,100.0,100.0,100.0,87.533333333,51.483333333,35.616666667,77.6
m321_gpu2,gpu,utilization,100.0,100.0,100.0,100.0,100.0,100.0,100.0,100.0,100.0,100.0,72.233333333,40.516666667,38.933333333,79.7
m321_gpu3,gpu,utilization,100.0,100.0,100.0,100.0,100.0,100.0,100.0,100.0,100.0,100.0,85.266666667,53.033333333,40.0,79.0
m321_gpu4,gpu,utilization,100.0,100.0,100.0,100.0,100.0,100.0,100.0,100.0,100.0,100.0,80.733333333,35.166666667,30.8,79.0
m321_gpu5,gpu,utilization,100.0,100.0,100.0,100.0,100.0,100.0,100.0,100.0,100.0,100.0,81.3,49.733333333,39.616666667,79.0
m321_gpu6,gpu,utilization,100.0,100.0,100.0,100.0,100.0,100.0,100.0,100.0,100.0,100.0,73.933333333,21.933333333,26.666666667,79.7
m321_gpu7,gpu,utilization,100.0,100.0,100.0,100.0,100.0,100.0,100.0,100.0,100.0,100.0,88.666666667,55.95,39.15,78.3
