name,machine_type,trace,-10,-9,-8,-7,-6,-5,-4,-3,-2,-1,0,1,2,3
m322_gpu1,gpu,utilization,86.666666667,99.183333333,23.866666667,76.9,21.666666667,78.333333333,20.0,50.6,55.266666667,42.033333333,83.25,99.533333333,64.066666667,52.733333333
m322_gpu2,gpu,utilization,100.0,100.0,23.333333333,62.866666667,17.766666667,0.0,0.0,0.0,0.0,0.0,0.0,4.6,82.766666667,100.0
m322_gpu4,gpu,utilization,100.0,67.333333333,14.0,76.666666667,21.666666667,25.066666667,6.4,26.066666667,7.9333333333,76.666666667,100.0,65.5,79.5,15.583333333
m322_gpu7,gpu,utilization,66.0,46.766666667,15.166666667,62.966666667,17.333333333,0.0,57.6,93.466666667,23.333333333,0.0,0.0,0.0,0.0,0.0
m265_gpu1,gpu,utilization,5.3333333333,0.0,29.9,45.133333333,10.183333333,78.333333333,99.2,99.0,95.933333333,22.166666667,0.0,71.3,17.05,0.0
m265_gpu2,gpu,utilization,0.0,0.0,19.933333333,63.566666667,16.25,46.216666667,91.8,70.1,90.9,61.666666667,12.5,35.266666667,37.016666667,88.083333333
m265_gpu3,gpu,utilization,65.0,88.883333333,83.566666667,77.166666667,16.466666667,39.95,10.2,76.666666667,100.0,78.533333333,18.0,44.466666667,67.8,12.833333333
m265_gpu7,gpu,utilization,13.333333333,0.0,42.166666667,89.5,21.666666667,10.966666667,49.2,90.2,100.0,23.333333333,0.0,0.0,80.85,18.15
