name,machine_type,trace,-10,-9,-8,-7,-6,-5,-4,-3,-2,-1,0,1,2,3
m350_gpu0,gpu,utilization,63.6,63.833333333,95.866666667,93.1,83.0,85.5,87.5,89.733333333,94.133333333,91.133333333,81.45,83.666666667,92.6,94.9
m350_gpu1,gpu,utilization,0.0,0.0,47.016666667,95.95,100.0,82.0,32.0,50.133333333,72.666666667,25.2,49.5,37.5,60.0,86.066666667
m350_gpu2,gpu,utilization,0.0,0.0,0.0,0.0,0.0,0.0,0.0,0.0,0.0,0.0,0.0,0.0,0.0,0.0
m350_gpu3,gpu,utilization,0.0,0.0,0.0,0.0,0.0,0.0,0.0,0.0,0.0,0.53333333333,0.45,0.0,0.0,0.0
m350_gpu4,gpu,utilization,95.6,96.416666667,94.35,90.0,92.75,90.0,90.5,85.866666667,86.6,95.533333333,93.25,75.25,65.8,85.366666667
m350_gpu5,gpu,utilization,95.2,89.366666667,81.616666667,88.85,83.75,75.5,76.5,75.8,85.266666667,93.333333333,81.1,80.583333333,94.4,78.466666667
m350_gpu6,gpu,utilization,0.0,0.0,0.0,0.0,0.0,0.0,0.0,0.0,0.0,0.0,0.0,0.0,0.0,0.0
m350_gpu7,gpu,utilization,0.0,0.0,0.0,0.0,0.0,0.0,0.0,0.0,0.0,0.0,0.0,0.0,0.0,0.0
