name,machine_type,trace,-10,-9,-8,-7,-6,-5,-4,-3,-2,-1,0,1,2,3
m1_gpu0,gpu,utilization,55.716666667,24.333333333,78.25,98.0,56.7,12.35,67.65,42.383333333,35.766666667,11.2,0.0,75.133333333,98.0,45.2
m1_gpu1,gpu,utilization,45.25,36.466666667,83.75,98.7,43.7,6.3333333333,66.966666667,55.716666667,41.15,11.2,0.0,75.9,99.0,30.8
m1_gpu2,gpu,utilization,30.35,24.533333333,82.25,99.0,56.3,12.033333333,66.966666667,30.633333333,29.083333333,10.4,0.0,75.133333333,98.0,51.8
m1_gpu3,gpu,utilization,34.216666667,16.333333333,78.25,98.7,54.9,11.4,67.65,45.25,31.883333333,9.3333333333,0.0,75.133333333,98.783333333,55.0
m1_gpu4,gpu,utilization,43.1,5.6,73.5,98.0,56.7,12.35,67.65,56.0,17.5,2.4,0.0,75.133333333,98.783333333,47.666666667
m1_gpu5,gpu,utilization,53.85,15.466666667,75.5,98.0,56.7,12.35,67.65,40.233333333,30.616666667,9.6,0.0,74.366666667,97.783333333,54.733333333
m1_gpu6,gpu,utilization,29.916666667,18.4,80.25,99.0,57.0,12.35,67.65,30.916666667,31.233333333,11.2,0.0,75.9,99.0,27.133333333
m1_gpu7,gpu,utilization,51.7,24.933333333,79.0,98.0,51.8,10.133333333,67.65,40.95,35.2,11.2,0.0,75.9,99.0,55.0
