name,machine_type,trace,-10,-9,-8,-7,-6,-5,-4,-3,-2,-1,0,1,2,3
m23_gpu5,gpu,utilization,78.0,78.066666667,79.933333333,78.083333333,79.4,81.416666667,77.1,77.916666667,77.1,82.558333333,82.558333333,78.033333333,80.0,80.0
m23_gpu6,gpu,utilization,81.5,72.0,72.033333333,73.833333333,81.0,68.466666667,72.0,72.833333333,81.55,73.0,73.0,81.9,73.933333333,73.933333333
