name,machine_type,trace,-10,-9,-8,-7,-6,-5,-4,-3,-2,-1,0,1,2,3
m25_gpu3,gpu,utilization,90.0,72.75,84.25,19.5,73.5,90.0,90.0,90.0,90.0,90.0,24.0,66.0,90.0,90.0
m25_gpu7,gpu,utilization,91.266666667,58.75,80.25,90.216666667,90.816666667,91.0,91.0,91.0,90.216666667,90.766666667,24.266666667,66.733333333,91.0,91.0
m293_gpu6,gpu,utilization,91.0,91.0,91.0,89.433333333,89.816666667,90.0,90.0,90.833333333,91.0,87.166666667,22.933333333,66.0,90.0,90.8
m293_gpu7,gpu,utilization,89.533333333,90.5,91.0,90.216666667,87.55,89.4,90.8,91.0,91.0,80.266666667,20.533333333,66.0,90.0,90.0
m375_gpu3,gpu,utilization,89.266666667,89.0,89.75,90.0,90.0,90.0,90.0,89.166666667,89.783333333,90.0,24.0,65.266666667,89.0,89.8
m375_gpu6,gpu,utilization,89.0,88.25,91.0,90.433333333,90.816666667,90.2,89.2,90.666666667,91.0,84.1,21.866666667,64.533333333,90.3,89.4
m115_gpu0,gpu,utilization,80.933333333,90.0,90.0,90.0,89.183333333,89.8,90.0,30.833333333,74.616666667,43.233333333,7.7333333333,66.0,90.766666667,90.2
m115_gpu1,gpu,utilization,84.666666667,90.0,90.0,90.0,90.0,90.8,90.2,34.166666667,75.483333333,24.833333333,1.3333333333,66.0,90.766666667,90.2
