name,machine_type,trace,-10,-9,-8,-7,-6,-5,-4,-3,-2,-1,0,1,2,3
m138_gpu1,gpu,utilization,57.2,84.75,71.283333333,79.2,82.3,27.65,0.0,52.0,46.4,65.8,30.0,53.3,83.333333333,82.1
m138_gpu2,gpu,utilization,0.0,55.25,88.083333333,89.366666667,82.033333333,27.3,0.0,35.1,71.4,85.533333333,29.0,56.55,29.0,0.0
m237_gpu1,gpu,utilization,84.25,83.4,31.433333333,0.63333333333,54.2,29.75,55.1,88.95,87.0,36.866666667,59.666666667,82.4,32.333333333,2.9333333333
m237_gpu3,gpu,utilization,84.65,86.3,33.35,0.63333333333,55.466666667,85.05,83.366666667,81.05,74.6,60.233333333,76.666666667,84.75,34.333333333,3.6666666667
m121_gpu4,gpu,utilization,86.0,82.75,31.05,53.833333333,85.0,29.75,18.366666667,65.4,34.0,52.566666667,87.0,83.8,27.0,48.133333333
m121_gpu7,gpu,utilization,84.0,81.4,30.666666667,50.033333333,28.966666667,57.2,84.833333333,83.0,33.2,52.566666667,84.333333333,86.95,85.333333333,30.8
m38_gpu4,gpu,utilization,79.35,27.65,51.183333333,30.433333333,47.5,81.5,83.733333333,84.3,34.0,49.4,80.0,81.65,81.333333333,33.5
m38_gpu7,gpu,utilization,56.55,30.45,0.0,0.0,54.466666667,80.15,85.233333333,88.05,85.2,83.366666667,85.666666667,85.05,88.0,34.266666667
