name,machine_type,trace,-10,-9,-8,-7,-6,-5,-4,-3,-2,-1,0,1,2,3
m92_gpu0,gpu,utilization,22.233333333,28.766666667,0.53333333333,27.383333333,26.5,0.0,38.25,91.5,100.0,55.0,40.0,86.583333333,42.25,38.333333333
m92_gpu1,gpu,utilization,93.766666667,57.533333333,1.0666666667,6.2,56.0,75.35,71.95,84.4,37.333333333,0.0,0.4,36.65,91.9,87.233333333
m92_gpu2,gpu,utilization,74.166666667,34.0,0.0,0.0,0.0,48.333333333,94.6,86.266666667,49.833333333,1.1,34.8,91.983333333,65.0,31.433333333
m92_gpu3,gpu,utilization,81.2,93.2,53.333333333,1.0333333333,41.5,41.85,40.05,91.166666667,76.916666667,29.15,28.4,79.05,71.35,49.483333333
m92_gpu4,gpu,utilization,0.0,0.0,41.066666667,43.05,50.5,100.0,100.0,86.133333333,39.666666667,0.0,40.0,62.05,22.35,38.233333333
m92_gpu5,gpu,utilization,43.333333333,84.4,34.133333333,51.666666667,89.5,69.816666667,33.0,43.333333333,87.5,38.5,0.0,0.0,35.0,95.016666667
m92_gpu6,gpu,utilization,43.333333333,94.366666667,46.4,40.816666667,76.0,37.716666667,0.45,25.266666667,74.916666667,55.0,0.0,38.333333333,100.0,90.033333333
m92_gpu7,gpu,utilization,64.7,74.366666667,35.733333333,48.566666667,97.0,100.0,55.0,34.233333333,79.416666667,44.0,40.0,61.666666667,8.75,49.15
