name,machine_type,trace,-10,-9,-8,-7,-6,-5,-4,-3,-2,-1,0,1,2,3
m263_gpu2,gpu,utilization,56.866666667,67.233333333,67.233333333,65.533333333,63.066666667,55.533333333,54.1,63.716666667,59.6,73.45,76.0,66.283333333,50.6,68.066666667
m263_gpu5,gpu,utilization,68.566666667,56.508333333,56.508333333,66.666666667,51.533333333,69.666666667,67.4,56.4,62.2,56.2,54.116666667,54.0,61.2,54.2
m263_gpu6,gpu,utilization,66.833333333,60.983333333,60.983333333,63.866666667,50.466666667,67.733333333,65.4,50.866666667,48.1,64.15,57.283333333,53.35,61.1,55.933333333
m263_gpu7,gpu,utilization,57.666666667,50.541666667,50.541666667,67.5,52.533333333,49.2,53.5,52.233333333,55.6,68.75,76.3,58.45,52.4,66.733333333
