name,machine_type,trace,-10,-9,-8,-7,-6,-5,-4,-3,-2,-1,0,1,2,3
m178_gpu0,gpu,utilization,75.833333333,75.0,71.8,48.183333333,0.0,0.0,0.0,0.0,0.0,0.0,0.0,0.0,0.0,0.0
m178_gpu1,gpu,utilization,12.5,75.0,60.0,0.0,0.0,0.0,0.0,0.0,0.0,0.0,0.0,0.0,0.0,0.0
