name,machine_type,trace,-10,-9,-8,-7,-6,-5,-4,-3,-2,-1,0,1,2,3
m163_gpu0,gpu,utilization,40.633333333,86.75,53.25,23.516666667,59.483333333,18.0,69.6,87.0,82.5,88.666666667,85.85,81.5,74.116666667,61.333333333
m163_gpu1,gpu,utilization,89.666666667,84.0,67.5,18.416666667,46.583333333,27.6,92.0,90.666666667,80.3,75.333333333,86.05,73.85,55.9,20.0
