name,machine_type,trace,-10,-9,-8,-7,-6,-5,-4,-3,-2,-1,0,1,2,3
m30_gpu4,gpu,utilization,99.983333333,47.858333333,47.858333333,0.0,0.0,0.0,0.0,0.0,0.0,0.0,0.0,0.0,0.0,0.0
m30_gpu5,gpu,utilization,92.0,92.0,92.0,0.0,0.0,87.4,9.2,0.0,0.0,0.0,0.0,0.0,3.0166666667,3.0166666667
m30_gpu6,gpu,utilization,99.9,48.333333333,48.333333333,0.0,0.0,0.0,0.0,0.0,0.0,0.0,0.0,0.0,0.0,0.0
m30_gpu7,gpu,utilization,99.983333333,48.333333333,48.333333333,0.0,0.0,0.0,0.0,0.0,0.0,0.0,0.0,0.0,0.0,0.0
