name,machine_type,trace,-10,-9,-8,-7,-6,-5,-4,-3,-2,-1,0,1,2,3
m393_gpu0,gpu,utilization,0.0,0.0,0.0,39.266666667,38.0,0.55,0.5,17.5,16.333333333,0.56666666667,0.41666666667,0.0,0.0,0.0
m393_gpu1,gpu,utilization,0.0,0.0,0.0,37.2,36.0,26.4,24.5,19.5,17.733333333,0.56666666667,0.41666666667,0.61666666667,31.0,22.1
m393_gpu2,gpu,utilization,0.0,0.0,0.0,33.583333333,32.5,0.55,0.5,1.0,0.93333333333,0.56666666667,0.41666666667,0.0,0.0,0.0
m393_gpu3,gpu,utilization,0.0,0.0,0.0,29.966666667,29.0,0.0,0.5,1.5,0.93333333333,0.56666666667,0.41666666667,0.61666666667,0.4,0.0
m393_gpu4,gpu,utilization,0.0,0.0,0.0,44.433333333,43.0,0.55,0.5,24.5,22.866666667,1.7,1.25,0.0,34.8,25.133333333
m393_gpu5,gpu,utilization,0.0,0.0,0.0,36.166666667,35.0,9.35,8.5,31.0,28.933333333,0.56666666667,0.41666666667,0.0,0.0,3.9666666667
m393_gpu6,gpu,utilization,0.0,0.0,0.0,43.916666667,42.5,0.0,0.5,15.0,13.533333333,0.56666666667,0.41666666667,0.61666666667,0.4,0.0
m393_gpu7,gpu,utilization,0.0,0.0,0.0,18.083333333,17.5,0.0,0.0,0.0,0.0,0.56666666667,0.41666666667,0.0,55.2,39.866666667
