name,machine_type,trace,-10,-9,-8,-7,-6,-5,-4,-3,-2,-1,0,1,2,3
m111_gpu0,gpu,utilization,40.083333333,41.35,38.466666667,29.666666667,32.833333333,10.2,40.6,38.933333333,50.45,44.666666667,53.25,22.166666667,41.483333333,43.0
m111_gpu1,gpu,utilization,32.2,0.0,50.033333333,51.0,19.916666667,3.4,60.2,22.933333333,58.083333333,85.716666667,21.5,0.0,0.0,60.2
m111_gpu2,gpu,utilization,32.2,0.0,53.833333333,85.0,26.916666667,0.0,0.0,0.0,58.083333333,84.283333333,84.75,24.083333333,0.0,59.5
m111_gpu3,gpu,utilization,32.583333333,0.0,12.666666667,63.333333333,26.916666667,0.0,0.0,0.0,58.083333333,84.283333333,39.0,6.8,0.0,58.8
m111_gpu4,gpu,utilization,37.383333333,37.0,37.0,47.0,43.8,29.966666667,10.6,28.2,46.566666667,44.55,38.25,37.0,40.416666667,49.0
m111_gpu5,gpu,utilization,49.85,9.8,53.2,84.666666667,26.916666667,0.0,0.0,0.0,58.083333333,85.0,21.25,0.0,24.6,70.3
m111_gpu6,gpu,utilization,87.233333333,30.8,55.1,86.333333333,27.233333333,0.0,0.0,0.0,59.45,86.283333333,21.5,0.0,0.0,60.9
m111_gpu7,gpu,utilization,35.383333333,38.9,32.133333333,33.0,36.683333333,44.166666667,28.1,5.3333333333,26.65,38.283333333,36.5,26.683333333,7.2833333333,25.2
