name,machine_type,trace,-10,-9,-8,-7,-6,-5,-4,-3,-2,-1,0,1,2,3
m412_gpu0,gpu,utilization,15.9,24.8,2.8,4.0,28.15,82.9,100.0,80.75,31.383333333,29.766666667,82.6,32.5,4.0,3.8166666667
m412_gpu1,gpu,utilization,19.05,36.733333333,13.0,4.0,33.05,91.766666667,100.0,80.75,35.183333333,38.366666667,83.5,34.75,4.0,3.8166666667
m412_gpu2,gpu,utilization,18.7,35.366666667,11.8,4.0,33.05,91.766666667,100.0,79.7,33.133333333,38.366666667,82.9,33.25,4.0,3.6333333333
m412_gpu3,gpu,utilization,21.15,43.466666667,17.8,4.0,37.25,99.366666667,100.0,81.1,38.716666667,44.816666667,83.2,34.0,4.0,3.6333333333
m412_gpu4,gpu,utilization,16.25,25.433333333,2.8,4.0,37.6,100.0,100.0,80.4,35.45,40.516666667,82.0,31.0,4.0,3.8166666667
m412_gpu5,gpu,utilization,17.3,33.566666667,13.0,4.0,37.6,100.0,100.0,80.05,29.383333333,28.333333333,83.2,34.0,4.0,3.8166666667
m412_gpu6,gpu,utilization,22.55,38.666666667,5.8,4.0,37.6,100.0,100.0,80.4,38.3,46.966666667,81.7,30.25,3.7833333333,2.8166666667
m412_gpu7,gpu,utilization,18.0,29.333333333,4.0,4.0,35.85,96.833333333,100.0,80.75,34.55,36.933333333,82.9,33.25,4.0,3.8166666667
