name,machine_type,trace,-10,-9,-8,-7,-6,-5,-4,-3,-2,-1,0,1,2,3
m112_gpu0,gpu,utilization,98.483333333,98.483333333,98.533333333,99.0,98.5,98.533333333,98.5,44.1,58.2,97.583333333,98.0,98.566666667,98.466666667,98.0
m112_gpu1,gpu,utilization,98.516666667,98.0,98.0,98.0,98.5,98.466666667,98.0,44.1,58.8,98.583333333,98.433333333,98.0,98.533333333,98.516666667
m112_gpu2,gpu,utilization,97.516666667,97.516666667,98.533333333,99.0,98.5,98.0,98.0,98.55,98.4,97.416666667,97.566666667,98.0,98.0,98.0
m112_gpu3,gpu,utilization,98.516666667,98.0,97.466666667,97.533333333,98.5,97.933333333,98.0,44.55,59.4,99.0,99.0,98.433333333,97.466666667,97.483333333
m112_gpu4,gpu,utilization,98.516666667,98.0,98.0,97.466666667,98.0,98.466666667,49.0,0.0,58.8,98.583333333,98.433333333,98.0,98.0,98.0
m112_gpu5,gpu,utilization,97.516666667,97.516666667,98.533333333,99.0,98.0,97.533333333,98.0,44.1,58.2,97.583333333,98.566666667,98.433333333,98.0,98.0
m112_gpu6,gpu,utilization,98.0,97.483333333,97.533333333,98.0,98.0,98.533333333,98.5,44.1,58.8,98.0,98.0,98.0,98.0,98.483333333
m112_gpu7,gpu,utilization,98.0,98.0,98.0,98.0,98.0,98.533333333,98.5,44.1,58.8,98.583333333,99.0,98.433333333,98.0,98.483333333
