name,machine_type,trace,-10,-9,-8,-7,-6,-5,-4,-3,-2,-1,0,1,2,3
m162_gpu0,gpu,utilization,99.0,99.0,99.633333333,99.416666667,37.95,20.35,39.5,74.433333333,95.833333333,99.0,99.0,99.7,100.0,100.0
m162_gpu4,gpu,utilization,99.0,99.0,93.933333333,96.25,38.333333333,30.833333333,59.1,87.916666667,94.216666667,96.0,98.666666667,99.0,99.666666667,100.0
m162_gpu6,gpu,utilization,99.0,99.0,98.366666667,99.166666667,38.333333333,15.416666667,52.3,88.183333333,98.683333333,99.0,99.0,99.0,99.666666667,100.0
m162_gpu7,gpu,utilization,99.0,99.0,99.0,99.583333333,38.333333333,18.5,33.9,60.6,88.4,98.0,99.0,99.0,99.666666667,100.0
