name,machine_type,trace,-10,-9,-8,-7,-6,-5,-4,-3,-2,-1,0,1,2,3
m6_gpu0,gpu,utilization,64.65,63.733333333,62.0,65.7,66.1,65.0,66.166666667,64.666666667,67.533333333,69.3,66.833333333,67.133333333,63.2,64.166666667
m6_gpu1,gpu,utilization,61.95,66.0,61.2,59.233333333,63.8,69.6,68.5,66.0,29.166666667,30.466666667,56.5,53.9,56.4,65.616666667
m6_gpu3,gpu,utilization,63.85,64.166666667,63.8,68.7,68.466666667,69.4,72.75,69.916666667,30.166666667,38.833333333,66.416666667,62.6,61.6,61.966666667
m6_gpu5,gpu,utilization,64.75,60.2,63.4,67.766666667,62.566666667,63.6,65.416666667,65.583333333,29.733333333,38.833333333,67.583333333,67.433333333,63.8,61.0
