name,machine_type,trace,-10,-9,-8,-7,-6,-5,-4,-3,-2,-1,0,1,2,3
m399_gpu3,gpu,utilization,88.733333333,89.783333333,87.6,84.7,92.0,88.283333333,97.616666667,91.2,86.5,91.6,86.466666667,78.2,85.5,88.766666667
m399_gpu4,gpu,utilization,71.266666667,55.5,49.8,76.833333333,97.0,94.283333333,18.683333333,12.4,79.166666667,68.8,85.866666667,42.55,70.55,91.133333333
m399_gpu5,gpu,utilization,91.066666667,67.283333333,70.6,85.266666667,92.2,89.733333333,34.283333333,54.0,77.0,84.8,92.533333333,79.55,61.7,66.95
m399_gpu7,gpu,utilization,81.066666667,39.266666667,54.4,80.166666667,91.6,87.283333333,15.766666667,73.6,63.666666667,66.0,56.566666667,81.2,78.35,84.95
