name,machine_type,trace,-10,-9,-8,-7,-6,-5,-4,-3,-2,-1,0,1,2,3
m415_gpu0,gpu,utilization,27.733333333,0.0,0.0,35.75,62.083333333,26.0,0.0,1.6,40.4,43.333333333,10.0,0.0,0.0,0.0
m415_gpu1,gpu,utilization,26.433333333,0.0,0.0,34.65,61.833333333,26.433333333,0.0,3.2,40.0,42.083333333,10.0,0.0,0.0,0.0
m415_gpu2,gpu,utilization,27.733333333,0.0,0.0,35.2,61.083333333,25.566666667,0.0,3.2,40.566666667,43.666666667,10.8,0.0,0.0,0.0
m415_gpu3,gpu,utilization,25.133333333,0.0,0.0,36.85,56.5,21.233333333,0.0,12.266666667,40.0,37.833333333,10.8,0.0,0.0,0.0
m415_gpu4,gpu,utilization,22.1,0.0,0.0,37.95,58.5,22.1,0.0,0.0,35.7,41.416666667,10.4,0.0,0.0,0.0
m415_gpu5,gpu,utilization,26.0,0.0,0.0,35.75,48.666666667,16.033333333,0.0,11.2,37.433333333,39.5,12.8,0.0,0.0,0.0
m415_gpu6,gpu,utilization,25.566666667,0.0,0.0,34.65,59.5,24.7,0.0,8.0,33.7,38.083333333,12.4,0.0,0.0,0.0
m415_gpu7,gpu,utilization,22.1,0.0,0.0,36.85,54.75,19.933333333,0.0,0.0,35.133333333,40.416666667,10.0,0.0,0.0,0.0
