name,machine_type,trace,-10,-9,-8,-7,-6,-5,-4,-3,-2,-1,0,1,2,3
m409_gpu2,gpu,utilization,59.5,59.2,63.75,34.75,44.783333333,75.383333333,61.2,54.716666667,78.333333333,62.4,51.65,57.333333333,34.4,38.833333333
m409_gpu5,gpu,utilization,56.0,58.266666667,60.5,30.583333333,41.783333333,75.45,63.4,53.483333333,79.666666667,65.35,55.333333333,55.066666667,21.6,37.25
m409_gpu6,gpu,utilization,59.0,54.533333333,56.25,25.333333333,35.066666667,77.0,61.4,52.566666667,75.666666667,61.35,44.05,36.1,14.4,36.416666667
m409_gpu7,gpu,utilization,57.5,58.2,60.666666667,28.333333333,39.7,75.683333333,63.2,53.716666667,78.333333333,63.35,52.183333333,56.3,28.8,36.416666667
