name,machine_type,trace,-10,-9,-8,-7,-6,-5,-4,-3,-2,-1,0,1,2,3
m275_gpu0,gpu,utilization,97.0,97.633333333,98.633333333,97.633333333,98.366666667,99.716666667,100.0,98.566666667,98.716666667,97.5,97.0,99.15,100.0,76.6
m275_gpu1,gpu,utilization,99.233333333,98.733333333,98.633333333,97.633333333,98.366666667,98.283333333,90.666666667,96.316666667,100.0,100.0,97.9,97.0,99.1,88.3
m275_gpu2,gpu,utilization,100.0,98.1,98.266666667,97.633333333,98.366666667,99.0,87.666666667,92.75,99.15,97.75,97.0,99.15,100.0,87.0
m275_gpu3,gpu,utilization,98.766666667,98.0,98.633333333,97.633333333,98.366666667,99.716666667,86.0,91.9,99.15,97.75,99.1,100.0,97.9,87.25
m275_gpu4,gpu,utilization,98.85,98.733333333,98.633333333,97.633333333,98.366666667,99.716666667,96.0,96.15,97.0,97.0,97.0,97.0,97.0,91.8
m275_gpu5,gpu,utilization,97.0,98.9,99.366666667,99.683333333,99.316666667,99.716666667,100.0,97.85,99.15,100.0,97.9,99.15,100.0,85.7
m275_gpu6,gpu,utilization,98.85,98.733333333,98.633333333,97.633333333,97.683333333,99.433333333,94.666666667,96.3,99.433333333,100.0,100.0,100.0,97.9,64.5
m275_gpu7,gpu,utilization,98.85,98.733333333,98.633333333,97.633333333,97.683333333,98.0,32.666666667,71.666666667,97.85,96.25,98.8,63.45,82.6,33.95
