name,machine_type,trace,-10,-9,-8,-7,-6,-5,-4,-3,-2,-1,0,1,2,3
m102_gpu5,gpu,utilization,92.716666667,92.0,91.75,91.65,93.3,91.55,94.166666667,94.733333333,92.8,91.15,92.3,94.0,94.216666667,94.633333333
m102_gpu7,gpu,utilization,0.0,0.0,0.0,0.0,0.0,0.0,0.0,0.0,0.0,0.0,0.0,0.0,0.0,0.0
