name,machine_type,trace,-10,-9,-8,-7,-6,-5,-4,-3,-2,-1,0,1,2,3
m49_gpu0,gpu,utilization,89.5,88.916666667,92.633333333,92.0,92.0,55.2,35.266666667,92.0,92.0,92.0,92.0,56.733333333,32.2,92.0
m49_gpu1,gpu,utilization,92.416666667,92.583333333,92.366666667,92.616666667,92.0,55.2,35.266666667,92.0,92.416666667,92.6,92.0,56.733333333,32.2,92.0
m49_gpu2,gpu,utilization,92.0,92.416666667,92.633333333,92.0,92.0,55.2,35.266666667,91.633333333,91.416666667,92.0,92.0,56.733333333,32.2,92.35
m49_gpu3,gpu,utilization,92.583333333,92.0,92.0,92.0,92.0,55.2,35.65,93.0,92.583333333,92.0,92.0,56.733333333,32.2,92.0
m49_gpu4,gpu,utilization,92.0,92.0,92.0,92.0,92.35,55.8,35.65,92.633333333,92.416666667,92.6,92.0,56.733333333,32.2,92.0
m49_gpu5,gpu,utilization,92.416666667,92.583333333,92.0,92.0,92.0,55.2,35.266666667,92.0,92.0,92.0,92.0,56.733333333,32.2,92.0
m49_gpu6,gpu,utilization,93.0,93.0,93.0,93.0,93.0,55.8,35.266666667,92.366666667,93.0,93.0,93.0,57.35,32.55,93.0
m49_gpu7,gpu,utilization,93.0,93.0,93.0,93.0,93.0,55.8,35.65,93.0,93.0,93.0,93.0,57.35,32.55,93.0
