name,machine_type,trace,-10,-9,-8,-7,-6,-5,-4,-3,-2,-1,0,1,2,3
m284_gpu0,gpu,utilization,99.0,99.0,99.0,99.75,100.0,99.266666667,99.0,99.0,99.7,99.333333333,99.0,99.0,99.0,99.7
m284_gpu1,gpu,utilization,69.4,92.4,99.233333333,99.75,100.0,99.266666667,99.0,99.0,99.7,99.333333333,99.0,99.0,99.0,99.7
m284_gpu2,gpu,utilization,99.0,99.8,99.233333333,99.75,100.0,99.266666667,99.0,99.0,99.7,99.333333333,99.0,99.0,99.0,99.7
m284_gpu3,gpu,utilization,99.0,99.8,99.233333333,99.75,100.0,99.266666667,99.0,99.0,99.7,99.333333333,99.0,99.0,99.0,99.7
m284_gpu4,gpu,utilization,99.0,99.0,99.0,99.75,100.0,99.266666667,99.0,96.8,98.8,99.333333333,99.0,99.0,99.0,99.0
m284_gpu5,gpu,utilization,99.0,99.0,99.0,99.75,100.0,99.266666667,99.0,99.0,99.7,100.0,99.3,99.0,99.0,99.0
m284_gpu6,gpu,utilization,99.0,98.2,98.766666667,99.75,99.266666667,99.733333333,99.283333333,98.266666667,99.4,100.0,99.3,99.65,99.333333333,99.7
m284_gpu7,gpu,utilization,99.0,99.0,99.0,99.75,100.0,99.266666667,99.0,99.0,99.7,100.0,99.3,99.0,99.0,99.0
