name,machine_type,trace,-10,-9,-8,-7,-6,-5,-4,-3,-2,-1,0,1,2,3
m56_gpu1,gpu,utilization,98.1,99.066666667,99.95,97.0,97.133333333,97.666666667,38.183333333,38.183333333,97.0,3.2833333333,98.066666667,72.3,97.0,92.15
m56_gpu2,gpu,utilization,98.1,99.066666667,99.816666667,89.116666667,96.266666667,98.6,38.183333333,38.183333333,98.0,3.1333333333,89.733333333,86.6,97.916666667,93.55
m56_gpu5,gpu,utilization,97.1,98.066666667,98.983333333,98.0,98.066666667,97.266666667,35.283333333,35.283333333,99.0,3.3166666667,96.666666667,52.35,97.0,92.15
m56_gpu7,gpu,utilization,97.2,99.066666667,99.966666667,98.016666667,99.0,96.933333333,32.866666667,32.866666667,99.0,3.3166666667,96.666666667,52.35,97.083333333,93.1
