name,machine_type,trace,-10,-9,-8,-7,-6,-5,-4,-3,-2,-1,0,1,2,3
m243_gpu0,gpu,utilization,87.533333333,86.466666667,86.0,84.5,86.15,85.633333333,86.3,84.9,85.466666667,86.75,86.3,87.5,85.133333333,84.733333333
m243_gpu2,gpu,utilization,84.533333333,85.766666667,86.0,83.75,86.583333333,87.316666667,86.35,84.6,33.4,67.5,84.3,84.0,85.433333333,86.733333333
m243_gpu3,gpu,utilization,85.766666667,85.233333333,84.25,84.0,23.8,59.45,87.0,86.3,85.266666667,85.75,58.0,76.0,85.283333333,85.733333333
m243_gpu6,gpu,utilization,86.0,86.766666667,87.0,87.0,87.716666667,87.316666667,88.95,88.6,87.266666667,87.75,88.0,22.0,0.0,63.066666667
m91_gpu0,gpu,utilization,85.533333333,20.066666667,63.75,85.75,86.0,27.233333333,54.6,85.4,84.533333333,84.75,84.3,86.25,85.566666667,85.0
m91_gpu2,gpu,utilization,83.533333333,85.533333333,86.75,85.5,84.283333333,84.0,83.35,83.7,85.466666667,85.25,83.6,83.75,86.15,84.066666667
m91_gpu3,gpu,utilization,86.233333333,20.066666667,63.75,85.75,84.566666667,85.366666667,85.35,85.0,85.0,86.5,87.0,87.0,86.283333333,86.0
m91_gpu4,gpu,utilization,86.0,20.066666667,64.5,86.0,84.566666667,85.366666667,84.7,85.4,85.266666667,87.25,85.9,85.0,85.716666667,85.266666667
