name,machine_type,trace,-10,-9,-8,-7,-6,-5,-4,-3,-2,-1,0,1,2,3
m31_gpu0,gpu,utilization,69.0,69.0,69.0,69.0,69.966666667,69.033333333,69.0,69.0,69.033333333,69.966666667,69.0,69.0,69.0,69.0
m31_gpu1,gpu,utilization,0.0,16.466666667,12.7,18.65,19.0,19.0,4.65,4.65,19.0,18.733333333,11.266666667,15.383333333,15.383333333,0.23333333333
m31_gpu2,gpu,utilization,70.666666667,10.666666667,72.9,81.0,81.0,2.7,57.283333333,57.283333333,2.6666666667,79.933333333,75.4,40.816666667,40.816666667,0.0
m31_gpu3,gpu,utilization,0.0,0.0,0.0,0.0,0.0,0.0,0.0,0.0,0.0,0.0,0.0,0.0,0.0,0.0
