name,machine_type,trace,-10,-9,-8,-7,-6,-5,-4,-3,-2,-1,0,1,2,3
m280_gpu0,gpu,utilization,98.75,98.0,97.0,77.1,23.2,58.9,98.0,98.0,98.233333333,98.766666667,98.0,93.8,65.666666667,19.133333333
m280_gpu1,gpu,utilization,97.75,95.7,91.5,77.183333333,26.4,58.15,93.0,91.2,85.633333333,91.933333333,95.7,93.4,62.5,12.0
m280_gpu2,gpu,utilization,98.0,97.783333333,97.25,88.033333333,52.0,58.9,98.0,98.0,98.0,98.0,96.366666667,86.6,61.5,33.866666667
m280_gpu3,gpu,utilization,98.0,98.0,98.0,88.033333333,52.0,58.9,97.6,96.4,98.0,95.9,91.1,93.2,70.333333333,58.0
m280_gpu4,gpu,utilization,99.0,98.566666667,96.25,84.9,48.2,41.85,92.2,94.0,98.0,98.0,98.233333333,94.0,70.333333333,57.733333333
m280_gpu5,gpu,utilization,95.75,93.3,96.25,79.083333333,28.8,13.95,94.0,97.4,95.233333333,93.9,88.166666667,87.4,66.166666667,57.733333333
m280_gpu6,gpu,utilization,98.0,98.0,98.25,84.483333333,30.8,36.05,94.0,97.0,92.066666667,90.866666667,97.233333333,92.6,67.833333333,58.133333333
m280_gpu7,gpu,utilization,91.75,94.866666667,92.75,66.6,25.2,22.6,94.4,96.4,98.0,98.0,98.233333333,91.8,61.166666667,57.733333333
