name,machine_type,trace,-10,-9,-8,-7,-6,-5,-4,-3,-2,-1,0,1,2,3
m356_gpu1,gpu,utilization,69.133333333,55.583333333,54.083333333,45.25,51.733333333,71.6,70.8,24.7,17.15,48.7,45.066666667,39.25,46.3,48.6
m356_gpu2,gpu,utilization,49.4,44.666666667,52.833333333,66.85,83.8,84.6,45.4,17.633333333,54.55,88.7,78.666666667,51.5,57.2,73.8
m356_gpu3,gpu,utilization,75.8,62.583333333,57.416666667,50.1,58.8,68.7,56.6,27.433333333,29.55,77.6,80.333333333,83.25,69.9,45.066666667
m356_gpu5,gpu,utilization,45.6,44.833333333,45.166666667,48.95,64.8,81.2,62.8,22.066666667,35.55,69.4,62.133333333,45.5,50.6,67.066666667
m35_gpu1,gpu,utilization,66.266666667,78.833333333,86.25,92.3,83.4,62.266666667,27.4,15.733333333,39.15,45.3,52.4,68.75,58.4,43.266666667
m35_gpu4,gpu,utilization,53.333333333,64.416666667,54.166666667,42.15,67.0,70.2,31.8,23.8,41.1,45.3,46.533333333,56.25,69.6,44.066666667
m35_gpu5,gpu,utilization,69.066666667,45.25,49.083333333,56.05,53.066666667,53.966666667,44.6,6.9666666667,27.3,78.9,69.533333333,47.75,73.4,66.066666667
m35_gpu6,gpu,utilization,81.133333333,76.25,65.0,86.9,75.4,53.2,34.6,20.166666667,29.6,53.3,59.866666667,70.0,51.4,49.466666667
