name,machine_type,trace,-10,-9,-8,-7,-6,-5,-4,-3,-2,-1,0,1,2,3
m232_gpu0,gpu,utilization,64.333333333,51.75,46.5,56.4,53.5,53.916666667,53.116666667,59.933333333,55.7,53.233333333,56.4,45.516666667,59.016666667,56.75
m232_gpu1,gpu,utilization,60.666666667,49.383333333,42.0,51.4,48.5,50.75,50.116666667,54.333333333,53.233333333,48.583333333,50.55,43.05,54.366666667,50.9
m232_gpu2,gpu,utilization,50.666666667,57.35,50.666666667,42.933333333,41.1,41.916666667,61.433333333,46.666666667,60.783333333,58.583333333,44.4,53.483333333,44.4,40.45
m232_gpu3,gpu,utilization,46.5,42.916666667,45.333333333,54.666666667,53.3,52.083333333,47.583333333,58.266666667,52.05,59.833333333,57.6,61.416666667,53.166666667,57.1
m232_gpu4,gpu,utilization,63.333333333,46.033333333,47.0,61.0,43.2,41.0,41.0,43.6,44.0,57.25,60.7,47.75,61.016666667,60.45
m232_gpu5,gpu,utilization,55.5,49.466666667,43.0,61.066666667,46.0,43.083333333,54.483333333,51.666666667,43.05,61.433333333,64.0,53.4,61.716666667,63.0
m232_gpu6,gpu,utilization,42.666666667,56.883333333,63.333333333,52.733333333,55.5,56.916666667,56.116666667,49.066666667,52.416666667,43.283333333,44.55,61.783333333,51.633333333,44.9
m232_gpu7,gpu,utilization,44.666666667,55.616666667,63.0,48.4,57.7,59.916666667,55.583333333,51.533333333,51.883333333,42.283333333,42.7,59.783333333,52.283333333,43.35
