name,machine_type,trace,-10,-9,-8,-7,-6,-5,-4,-3,-2,-1,0,1,2,3
m354_gpu0,gpu,utilization,0.0,0.0,0.0,0.65,7.6666666667,3.4833333333,0.0,0.0,0.0,0.0,0.0,12.95,11.9,40.916666667
m354_gpu1,gpu,utilization,0.0,0.0,0.0,18.2,28.0,8.8666666667,0.0,0.0,0.0,0.0,0.0,40.7,25.05,1.15
m354_gpu2,gpu,utilization,0.0,0.0,0.0,0.0,15.333333333,7.2833333333,0.0,0.0,0.0,0.0,0.0,38.233333333,21.7,0.0
m354_gpu3,gpu,utilization,0.0,0.0,0.0,35.1,22.666666667,2.2166666667,0.0,0.0,0.0,0.0,0.0,41.316666667,30.6,21.483333333
m354_gpu4,gpu,utilization,0.0,0.0,0.0,22.75,24.333333333,6.0166666667,0.0,0.0,0.0,0.0,0.0,0.61666666667,2.95,1.5333333333
m354_gpu5,gpu,utilization,0.0,0.0,0.0,0.0,23.333333333,11.083333333,0.0,0.0,0.0,0.0,0.0,20.35,11.55,0.0
m354_gpu6,gpu,utilization,0.0,0.0,0.0,0.0,36.666666667,17.416666667,0.0,0.0,0.0,0.0,0.0,40.7,36.1,13.216666667
m354_gpu7,gpu,utilization,0.0,0.0,0.0,20.8,16.666666667,2.85,0.0,0.0,0.0,0.0,0.0,40.7,25.05,1.15
