name,machine_type,trace,-10,-9,-8,-7,-6,-5,-4,-3,-2,-1,0,1,2,3
m290_gpu3,gpu,utilization,90.3,85.4,83.416666667,6.0,86.383333333,86.383333333,82.233333333,96.575,96.575,28.516666667,28.516666667,80.233333333,4.15,63.916666667
m290_gpu4,gpu,utilization,88.183333333,82.533333333,87.083333333,57.333333333,93.616666667,93.616666667,84.316666667,92.625,92.625,3.9333333333,3.9333333333,81.2,4.2,12.783333333
m290_gpu5,gpu,utilization,89.3,84.466666667,91.5,96.466666667,93.65,93.65,81.516666667,96.575,96.575,19.175,19.175,79.266666667,4.1,45.233333333
m290_gpu7,gpu,utilization,89.533333333,86.333333333,83.416666667,5.9333333333,84.35,84.35,87.966666667,96.1,96.1,29.991666667,29.991666667,79.266666667,4.1,0.0
