name,machine_type,trace,-10,-9,-8,-7,-6,-5,-4,-3,-2,-1,0,1,2,3
m81_gpu0,gpu,utilization,91.466666667,100.0,100.0,6.6666666667,0.0,36.091666667,36.091666667,99.516666667,100.0,100.0,100.0,100.0,100.0,100.0
m81_gpu1,gpu,utilization,92.8,100.0,100.0,6.6666666667,0.0,47.783333333,47.783333333,99.9,100.0,44.0,93.0,100.0,100.0,100.0
m81_gpu2,gpu,utilization,93.333333333,100.0,100.0,6.6666666667,0.0,50.833333333,50.833333333,100.0,100.0,47.733333333,93.466666667,100.0,100.0,100.0
m81_gpu3,gpu,utilization,93.2,100.0,100.0,6.6666666667,0.0,50.833333333,50.833333333,100.0,100.0,56.133333333,94.516666667,100.0,100.0,100.0
m81_gpu4,gpu,utilization,92.933333333,100.0,100.0,6.6666666667,0.0,50.833333333,50.833333333,100.0,100.0,100.0,100.0,100.0,100.0,100.0
m81_gpu5,gpu,utilization,93.2,100.0,100.0,6.6666666667,0.0,38.125,38.125,99.583333333,100.0,100.0,100.0,100.0,100.0,100.0
m81_gpu6,gpu,utilization,92.533333333,100.0,100.0,6.6666666667,0.0,25.925,25.925,99.183333333,100.0,46.8,93.35,100.0,100.0,100.0
m81_gpu7,gpu,utilization,92.533333333,100.0,100.0,6.6666666667,0.0,50.833333333,50.833333333,100.0,100.0,47.733333333,93.466666667,100.0,100.0,100.0
