name,machine_type,trace,-10,-9,-8,-7,-6,-5,-4,-3,-2,-1,0,1,2,3
m14_gpu0,gpu,utilization,0.0,70.3,1.2333333333,0.0,1.0,0.016666666667,60.0,1.0,0.0,97.35,0.0,65.733333333,5.6666666667,0.0
m14_gpu1,gpu,utilization,0.0,0.0,98.333333333,5.95,99.0,99.983333333,43.0,0.71666666667,0.0,0.0,8.0,0.26666666667,0.0,0.0
m14_gpu2,gpu,utilization,3.6666666667,0.0,47.2,2.4,17.0,96.65,70.0,1.1666666667,68.0,96.516666667,100.0,3.3333333333,0.0,0.0
m14_gpu3,gpu,utilization,0.066666666667,0.0,0.0,91.2,85.0,1.4166666667,47.0,0.78333333333,0.0,0.0,1.0,0.033333333333,0.0,0.0
m14_gpu4,gpu,utilization,1.7333333333,0.0,0.0,0.0,26.0,0.43333333333,64.0,1.0666666667,0.0,0.0,1.0,0.033333333333,0.0,0.0
m14_gpu5,gpu,utilization,0.66666666667,0.0,98.333333333,29.7,0.0,0.0,39.0,0.65,0.0,0.0,67.0,2.2333333333,0.0,0.0
m14_gpu6,gpu,utilization,5.5333333333,0.0,0.0,0.0,98.0,99.966666667,38.0,0.63333333333,0.0,0.0,1.0,0.033333333333,0.0,0.0
m14_gpu7,gpu,utilization,3.6,0.95,33.45,96.7,0.0,0.0,68.0,1.1333333333,1.0,96.383333333,0.0,0.0,0.0,0.0
