name,machine_type,trace,-10,-9,-8,-7,-6,-5,-4,-3,-2,-1,0,1,2,3
m143_gpu2,gpu,utilization,81.133333333,24.75,2.15,0.0,18.333333333,36.45,1.4,1.0,15.466666667,24.05,36.3,61.433333333,0.61666666667,23.766666667
m143_gpu3,gpu,utilization,74.2,5.25,2.15,0.0,26.0,55.6,9.8,19.333333333,72.666666667,63.7,36.3,61.05,0.0,37.183333333
m143_gpu4,gpu,utilization,73.933333333,3.75,0.0,0.0,15.0,46.75,35.0,1.0,23.533333333,38.35,36.3,67.95,11.1,37.95
m143_gpu5,gpu,utilization,76.6,11.25,0.0,0.0,15.0,51.3,44.1,1.0,20.6,33.15,36.3,63.733333333,4.3166666667,22.616666667
