name,machine_type,trace,-10,-9,-8,-7,-6,-5,-4,-3,-2,-1,0,1,2,3
m254_gpu0,gpu,utilization,46.166666667,74.8,99.233333333,27.233333333,76.15,42.2,32.6,93.2,55.083333333,3.4,62.833333333,98.25,100.0,100.0
m254_gpu1,gpu,utilization,39.333333333,36.933333333,97.9,1.6666666667,98.333333333,51.666666667,65.866666667,17.5,55.083333333,59.933333333,51.3,40.55,4.85,73.566666667
m254_gpu2,gpu,utilization,67.916666667,52.866666667,48.133333333,99.133333333,26.25,27.9,38.266666667,15.6,92.75,32.8,59.9,98.05,51.55,69.3
m254_gpu3,gpu,utilization,1.75,54.133333333,11.6,98.5,70.5,55.5,3.6666666667,21.6,57.916666667,19.0,79.8,4.1,95.0,100.0
m254_gpu4,gpu,utilization,94.083333333,100.0,59.4,0.96666666667,0.98333333333,24.2,93.133333333,44.0,33.416666667,18.066666667,17.966666667,32.25,94.75,21.633333333
m254_gpu5,gpu,utilization,31.916666667,39.266666667,31.3,46.733333333,33.233333333,45.566666667,76.8,97.9,37.666666667,95.466666667,3.3333333333,76.0,19.2,97.2
m254_gpu6,gpu,utilization,49.583333333,63.666666667,40.833333333,34.1,43.833333333,46.9,96.466666667,19.0,47.583333333,39.8,68.0,98.45,62.95,27.166666667
m254_gpu7,gpu,utilization,56.75,29.933333333,11.566666667,63.116666667,99.4,33.3,62.733333333,31.7,58.25,5.0,10.666666667,95.55,25.9,79.033333333
