name,machine_type,trace,-10,-9,-8,-7,-6,-5,-4,-3,-2,-1,0,1,2,3
m170_gpu0,gpu,utilization,100.0,99.2,18.15,0.0,85.0,100.0,86.25,97.366666667,99.866666667,99.116666667,99.833333333,20.0,0.0,88.333333333
m170_gpu1,gpu,utilization,99.85,100.0,18.333333333,0.0,85.0,100.0,87.166666667,97.483333333,99.866666667,99.116666667,99.833333333,20.0,0.0,88.333333333
m170_gpu2,gpu,utilization,100.0,100.0,86.116666667,12.45,85.0,100.0,78.0,96.316666667,99.866666667,99.116666667,99.833333333,20.0,0.0,88.333333333
m170_gpu3,gpu,utilization,99.0,99.8,18.333333333,0.0,85.0,100.0,99.083333333,99.0,99.866666667,99.116666667,99.0,19.8,0.0,88.333333333
