name,machine_type,trace,-10,-9,-8,-7,-6,-5,-4,-3,-2,-1,0,1,2,3
m137_gpu0,gpu,utilization,97.05,96.633333333,97.0,96.416666667,96.6,38.8,59.2,96.566666667,96.483333333,97.933333333,99.55,98.566666667,96.7,95.4
m137_gpu1,gpu,utilization,95.75,95.9,97.0,96.416666667,96.0,98.4,97.533333333,96.566666667,95.966666667,49.083333333,43.2,96.433333333,98.3,98.4
m338_gpu0,gpu,utilization,95.75,95.266666667,97.166666667,96.25,95.0,98.0,98.15,97.0,96.483333333,97.933333333,100.0,98.7,98.3,98.8
m338_gpu1,gpu,utilization,96.4,95.0,96.166666667,96.416666667,95.4,98.0,98.15,97.0,96.483333333,49.6,42.3,95.3,98.3,99.2
