name,machine_type,trace,-10,-9,-8,-7,-6,-5,-4,-3,-2,-1,0,1,2,3
m112_gpu2,gpu,utilization,43.4,47.733333333,12.0,0.0,22.716666667,7.7333333333,0.0,0.0,0.0,0.0,0.0,0.0,11.5,4.25
m112_gpu5,gpu,utilization,42.0,12.8,0.0,0.0,19.583333333,6.6666666667,0.0,0.0,0.0,0.0,0.0,0.0,0.0,0.0
m294_gpu0,gpu,utilization,0.0,17.6,6.0,0.0,18.016666667,6.1333333333,0.0,0.0,0.0,0.0,0.0,5.4833333333,16.966666667,5.6666666667
m294_gpu2,gpu,utilization,6.3,18.333333333,6.25,0.0,0.0,0.0,0.0,0.0,0.8,0.21666666667,0.0,10.966666667,3.2666666667,0.0
