name,machine_type,trace,-10,-9,-8,-7,-6,-5,-4,-3,-2,-1,0,1,2,3
m343_gpu0,gpu,utilization,7.8,31.2,1.6333333333,14.0,29.6,1.0833333333,3.9166666667,0.43333333333,3.0,14.0,33.6,10.966666667,0.0,0.0
m343_gpu1,gpu,utilization,16.6,18.4,0.0,2.3333333333,10.0,7.8333333333,0.0,0.0,0.0,2.0,8.1666666667,0.0,0.0,0.0
m343_gpu2,gpu,utilization,29.6,25.6,0.0,3.7333333333,16.0,12.533333333,0.0,0.0,0.0,5.0,20.416666667,0.0,0.0,0.0
m343_gpu3,gpu,utilization,7.0,21.6,2.5666666667,8.6666666667,0.8,2.1666666667,7.8333333333,1.7333333333,6.6666666667,0.2,2.4666666667,7.05,0.0,0.0
m343_gpu4,gpu,utilization,32.4,27.2,0.0,4.2,17.2,10.966666667,0.0,0.0,0.0,4.4,17.966666667,0.0,0.0,0.0
m343_gpu5,gpu,utilization,32.6,28.0,0.0,5.3666666667,18.4,0.0,0.0,0.0,0.0,5.8,23.683333333,0.0,0.0,0.0
m343_gpu6,gpu,utilization,25.4,24.8,0.0,2.8,11.8,8.6166666667,0.0,0.0,0.0,3.6,14.7,0.21666666667,0.73333333333,0.0
m343_gpu7,gpu,utilization,6.4,25.6,0.93333333333,10.766666667,26.4,0.86666666667,3.1333333333,0.21666666667,1.8333333333,11.2,27.783333333,7.05,0.0,0.0
