name,machine_type,trace,-10,-9,-8,-7,-6,-5,-4,-3,-2,-1,0,1,2,3
m56_gpu0,gpu,utilization,95.0,17.416666667,79.166666667,95.0,75.2,6.0833333333,0.0,82.333333333,37.583333333,3.5,26.35,87.533333333,95.0,95.0
m56_gpu1,gpu,utilization,79.166666667,17.416666667,79.166666667,82.0,8.0,0.0,0.0,82.333333333,48.183333333,4.9,80.75,95.0,95.0,14.25
m56_gpu2,gpu,utilization,95.0,17.416666667,79.166666667,95.0,71.6,5.75,0.0,26.0,87.416666667,11.083333333,80.75,95.0,92.35,65.65
m56_gpu3,gpu,utilization,88.0,17.233333333,60.833333333,50.466666667,4.7,0.0,0.0,32.066666667,65.266666667,56.633333333,56.7,76.433333333,93.133333333,14.25
m56_gpu4,gpu,utilization,80.0,85.166666667,93.666666667,54.266666667,75.0,6.5,0.0,18.2,68.7,59.1,88.45,50.716666667,57.366666667,67.5
m56_gpu5,gpu,utilization,74.0,13.383333333,60.0,91.066666667,9.4,0.0,0.0,82.333333333,74.683333333,8.4,80.75,95.0,94.116666667,94.85
m56_gpu6,gpu,utilization,76.0,13.2,80.0,55.266666667,4.9,0.0,78.616666667,94.2,31.4,2.6833333333,58.65,67.233333333,92.616666667,30.55
m56_gpu7,gpu,utilization,19.166666667,4.2166666667,79.166666667,95.866666667,9.6,0.0,0.0,0.0,84.8,11.2,81.6,95.116666667,95.883333333,95.15
