name,machine_type,trace,-10,-9,-8,-7,-6,-5,-4,-3,-2,-1,0,1,2,3
m23_gpu3,gpu,utilization,0.0,0.0,0.0,0.0,0.0,0.0,0.0,0.0,0.0,0.0,0.0,0.0,0.0,0.0
m23_gpu4,gpu,utilization,0.0,0.0,31.666666667,68.333333333,0.0,29.7,72.6,0.0,26.4,99.233333333,100.0,100.0,75.0,28.333333333
m23_gpu5,gpu,utilization,0.0,0.0,31.666666667,68.333333333,0.0,30.0,73.333333333,0.0,26.666666667,100.0,100.0,100.0,75.0,28.333333333
m23_gpu7,gpu,utilization,0.0,0.0,31.666666667,68.333333333,0.0,29.7,72.6,0.0,26.666666667,100.0,100.0,100.0,75.0,28.333333333
m17_gpu4,gpu,utilization,0.0,0.0,0.0,0.0,0.0,0.0,0.0,0.0,0.0,0.0,0.0,0.0,0.0,0.0
m17_gpu5,gpu,utilization,0.0,0.0,0.0,0.0,0.0,0.0,0.0,0.0,0.0,0.0,0.0,0.0,0.0,0.0
m17_gpu6,gpu,utilization,0.0,0.0,0.0,0.0,0.0,0.0,0.0,0.0,0.0,0.0,0.0,0.0,0.0,0.0
m17_gpu7,gpu,utilization,0.0,0.0,0.0,0.0,0.0,0.0,0.0,0.0,0.0,0.0,0.0,0.0,0.0,0.0
