name,machine_type,trace,-10,-9,-8,-7,-6,-5,-4,-3,-2,-1,0,1,2,3
m319_gpu1,gpu,utilization,72.133333333,76.866666667,80.6,76.2,75.9,70.766666667,52.5,19.466666667,74.2,76.0,73.633333333,72.266666667,71.833333333,72.55
m319_gpu6,gpu,utilization,73.433333333,53.866666667,21.033333333,75.8,71.183333333,72.466666667,55.5,20.8,76.2,71.666666667,72.466666667,73.533333333,71.0,71.45
