name,machine_type,trace,-10,-9,-8,-7,-6,-5,-4,-3,-2,-1,0,1,2,3
m55_gpu0,gpu,utilization,37.9,95.716666667,94.666666667,95.1,64.6,50.666666667,96.466666667,96.133333333,95.9,97.0,96.166666667,95.0,85.8,81.2
m55_gpu1,gpu,utilization,71.9,90.466666667,84.0,94.366666667,95.0,91.1,91.133333333,96.133333333,52.7,16.6,21.583333333,38.75,55.8,37.6
m55_gpu2,gpu,utilization,64.2,85.933333333,73.333333333,94.733333333,95.6,85.033333333,83.666666667,96.133333333,71.6,38.666666667,40.916666667,68.666666667,55.2,37.6
m55_gpu3,gpu,utilization,27.9,93.566666667,95.666666667,96.633333333,57.6,42.033333333,95.6,94.0,95.35,96.133333333,95.833333333,96.583333333,75.6,27.0
m55_gpu4,gpu,utilization,68.1,86.916666667,77.333333333,59.533333333,37.2,86.5,49.066666667,50.233333333,52.25,15.166666667,53.333333333,84.416666667,65.2,52.2
m55_gpu5,gpu,utilization,49.2,93.15,92.0,59.533333333,37.2,93.0,49.6,41.166666667,60.35,34.033333333,32.083333333,37.5,59.2,45.4
m55_gpu6,gpu,utilization,27.9,93.566666667,95.0,95.366666667,74.8,65.966666667,81.066666667,77.0,95.35,96.566666667,95.583333333,95.416666667,74.8,25.8
m55_gpu7,gpu,utilization,28.8,96.0,64.0,35.933333333,68.4,55.633333333,93.733333333,91.3,94.8,96.566666667,95.166666667,94.0,91.6,52.8
