name,machine_type,trace,-10,-9,-8,-7,-6,-5,-4,-3,-2,-1,0,1,2,3
m114_gpu2,gpu,utilization,79.666666667,74.366666667,72.0,82.35,76.166666667,79.25,77.8,75.8,72.0,84.0,78.5,69.416666667,73.15,78.666666667
m114_gpu6,gpu,utilization,76.266666667,71.633333333,59.0,75.883333333,62.466666667,63.5,66.8,73.7,40.666666667,4.0,31.866666667,72.083333333,60.1,68.583333333
