name,machine_type,trace,-10,-9,-8,-7,-6,-5,-4,-3,-2,-1,0,1,2,3
m147_gpu0,gpu,utilization,87.0,8.7,81.2,87.0,87.0,87.0,24.166666667,82.8,29.95,40.3,84.7,87.0,87.0,1.45
m147_gpu1,gpu,utilization,87.0,8.7,81.2,87.0,87.0,86.066666667,2.8666666667,82.65,87.0,87.0,87.0,2.9,2.95,85.6
m147_gpu2,gpu,utilization,86.933333333,87.0,87.0,87.0,87.0,87.0,2.9,82.65,87.0,86.05,27.1,0.8,14.75,0.25
m147_gpu3,gpu,utilization,86.0,8.6,80.266666667,86.933333333,86.05,86.0,2.8666666667,81.7,86.95,86.05,86.0,2.8666666667,85.55,1.45
m147_gpu4,gpu,utilization,87.0,8.7,81.2,87.0,87.0,87.0,2.9,82.65,87.0,48.05,83.05,2.8333333333,85.55,1.45
m147_gpu5,gpu,utilization,86.0,86.9,85.133333333,65.4,84.9,86.0,2.8666666667,81.7,86.0,83.15,85.85,2.8666666667,84.566666667,1.4333333333
m147_gpu6,gpu,utilization,88.066666667,8.8,83.066666667,88.066666667,88.0,87.066666667,88.933333333,89.0,88.05,88.0,88.0,2.9333333333,86.533333333,1.4666666667
m147_gpu7,gpu,utilization,89.0,8.9,82.133333333,88.0,88.95,88.066666667,2.9333333333,0.0,83.6,88.95,88.05,2.9333333333,86.533333333,1.4666666667
