name,machine_type,trace,-10,-9,-8,-7,-6,-5,-4,-3,-2,-1,0,1,2,3
m399_gpu4,gpu,utilization,88.333333333,100.0,100.0,58.4,74.866666667,45.0,92.766666667,42.583333333,22.633333333,93.416666667,100.0,100.0,63.333333333,95.333333333
m399_gpu5,gpu,utilization,88.333333333,83.216666667,97.466666667,54.066666667,70.683333333,38.5,91.95,40.816666667,28.583333333,94.0,88.516666667,98.916666667,37.666666667,44.366666667
m399_gpu6,gpu,utilization,88.333333333,100.0,100.0,58.4,91.2,83.333333333,97.666666667,22.266666667,89.733333333,100.0,41.7,94.5,91.75,54.783333333
m399_gpu7,gpu,utilization,88.333333333,79.683333333,96.933333333,74.0,69.183333333,34.0,91.483333333,18.733333333,30.083333333,94.416666667,74.383333333,97.583333333,35.833333333,91.833333333
