name,machine_type,trace,-10,-9,-8,-7,-6,-5,-4,-3,-2,-1,0,1,2,3
m268_gpu0,gpu,utilization,86.383333333,87.4,87.633333333,86.65,86.333333333,86.333333333,85.3,85.716666667,85.25,86.0,86.2,69.6,20.3,86.466666667
m268_gpu1,gpu,utilization,54.4,84.0,85.466666667,87.3,86.0,86.333333333,86.4,85.566666667,87.0,86.25,84.4,68.8,20.3,86.2
m268_gpu2,gpu,utilization,84.616666667,85.2,86.633333333,86.35,86.333333333,84.666666667,84.0,84.283333333,85.0,85.5,86.8,86.4,87.533333333,63.066666667
m268_gpu3,gpu,utilization,84.766666667,86.8,78.1,69.75,86.0,86.666666667,86.8,84.0,84.5,86.0,85.6,67.2,19.6,84.533333333
m268_gpu4,gpu,utilization,85.0,85.0,85.366666667,85.65,85.666666667,87.333333333,87.4,86.566666667,87.25,85.0,85.2,68.8,19.833333333,62.333333333
m268_gpu5,gpu,utilization,84.383333333,85.0,85.366666667,86.7,87.0,84.666666667,58.8,23.8,84.5,86.0,85.8,68.0,0.0,22.4
m268_gpu6,gpu,utilization,53.65,34.4,86.733333333,88.0,88.0,87.666666667,87.6,88.433333333,87.25,88.0,88.4,72.0,20.533333333,88.266666667
m268_gpu7,gpu,utilization,88.233333333,87.0,87.0,87.35,88.0,87.666666667,87.3,88.0,66.0,21.75,87.6,72.0,0.0,23.466666667
