name,machine_type,trace,-10,-9,-8,-7,-6,-5,-4,-3,-2,-1,0,1,2,3
m179_gpu1,gpu,utilization,99.033333333,48.333333333,55.0,45.0,0.0,0.0,0.0,0.0,0.0,0.0,0.0,0.0,0.0,74.366666667
m179_gpu2,gpu,utilization,50.633333333,98.0,96.35,96.1,43.65,55.416666667,96.2,97.0,96.416666667,35.2,63.333333333,97.8,99.0,95.933333333
m179_gpu4,gpu,utilization,99.033333333,48.333333333,55.0,45.0,0.0,0.0,0.0,0.0,0.0,0.0,0.0,0.0,0.0,54.433333333
m179_gpu6,gpu,utilization,45.466666667,91.1,91.25,40.05,49.5,85.916666667,65.0,23.85,0.0,0.0,0.0,0.0,0.0,3.0666666667
