name,machine_type,trace,-10,-9,-8,-7,-6,-5,-4,-3,-2,-1,0,1,2,3
m153_gpu0,gpu,utilization,74.75,78.533333333,73.9,76.133333333,80.8,74.0,78.8,82.0,76.366666667,80.2,80.6,75.0,69.2,65.116666667
m153_gpu1,gpu,utilization,69.083333333,65.0,67.1,77.133333333,76.6,65.7,73.8,74.6,64.266666667,69.4,73.5,64.0,63.266666667,69.666666667
