name,machine_type,trace,-10,-9,-8,-7,-6,-5,-4,-3,-2,-1,0,1,2,3
m109_gpu0,gpu,utilization,27.133333333,98.816666667,97.766666667,94.433333333,87.733333333,94.933333333,97.0,93.566666667,84.85,45.2,28.85,95.6,97.816666667,97.0
m109_gpu1,gpu,utilization,59.966666667,91.916666667,96.466666667,97.066666667,94.866666667,98.0,97.0,93.133333333,73.5,0.0,17.416666667,95.2,96.366666667,98.0
m109_gpu2,gpu,utilization,28.933333333,92.283333333,98.0,98.0,98.0,98.0,95.75,90.95,89.75,47.0,36.933333333,98.6,97.183333333,98.183333333
m109_gpu3,gpu,utilization,16.683333333,92.283333333,96.366666667,89.366666667,87.033333333,97.766666667,93.75,87.033333333,86.083333333,34.0,48.45,94.0,91.466666667,97.816666667
m109_gpu4,gpu,utilization,33.483333333,98.0,94.266666667,85.033333333,95.433333333,97.233333333,97.25,93.266666667,80.033333333,48.0,53.35,95.4,97.183333333,98.0
m109_gpu5,gpu,utilization,19.233333333,96.366666667,97.766666667,93.733333333,86.25,98.0,97.0,93.783333333,85.666666667,48.6,42.733333333,95.6,97.633333333,96.366666667
m109_gpu6,gpu,utilization,17.416666667,95.55,97.766666667,96.3,94.866666667,98.0,90.25,71.55,80.85,40.8,24.5,98.0,98.0,98.0
m109_gpu7,gpu,utilization,28.933333333,92.283333333,98.0,97.766666667,97.216666667,98.0,83.75,53.35,81.316666667,16.2,61.066666667,81.6,34.3,97.266666667
