name,machine_type,trace,-10,-9,-8,-7,-6,-5,-4,-3,-2,-1,0,1,2,3
m177_gpu1,gpu,utilization,0.0,0.0,0.0,0.0,0.0,0.0,0.0,0.0,0.0,0.0,0.0,0.0,0.0,0.0
m177_gpu3,gpu,utilization,39.6,42.0,10.5,0.0,46.216666667,15.733333333,0.0,0.0,15.2,4.1166666667,0.0,39.166666667,33.133333333,7.9333333333
m183_gpu1,gpu,utilization,22.0,15.4,19.75,12.8,6.8666666667,18.466666667,13.466666667,7.75,4.6,18.1,19.6,11.95,8.4666666667,16.6
m183_gpu3,gpu,utilization,42.2,42.533333333,10.5,0.0,0.0,0.0,0.0,0.0,47.2,12.783333333,0.0,46.216666667,47.5,45.433333333
