name,machine_type,trace,-10,-9,-8,-7,-6,-5,-4,-3,-2,-1,0,1,2,3
m360_gpu0,gpu,utilization,78.3,99.516666667,80.2,51.2,68.516666667,99.466666667,100.0,89.2,82.966666667,99.366666667,80.45,66.5,99.316666667,87.65
m360_gpu1,gpu,utilization,80.55,99.516666667,75.8,45.333333333,66.45,99.466666667,100.0,83.6,74.333333333,99.366666667,80.066666667,65.85,99.316666667,87.016666667
m360_gpu2,gpu,utilization,81.0,99.516666667,63.15,36.733333333,69.0,100.0,100.0,75.2,61.383333333,99.366666667,88.116666667,79.5,99.316666667,81.95
m360_gpu3,gpu,utilization,76.95,99.516666667,62.05,35.8,69.0,100.0,100.0,77.2,64.466666667,99.366666667,86.966666667,77.55,99.316666667,81.95
m360_gpu4,gpu,utilization,81.45,99.516666667,71.4,48.533333333,73.65,100.0,100.0,76.0,62.616666667,99.366666667,84.283333333,73.0,99.316666667,81.95
m360_gpu5,gpu,utilization,79.65,99.516666667,76.35,47.933333333,68.516666667,99.466666667,100.0,86.0,78.033333333,99.366666667,85.433333333,74.95,99.316666667,91.45
m360_gpu6,gpu,utilization,82.8,99.516666667,65.9,49.2,78.816666667,100.0,100.0,64.8,45.35,99.366666667,85.816666667,75.6,99.316666667,81.0
m360_gpu7,gpu,utilization,84.15,99.516666667,65.35,46.6,76.75,100.0,100.0,64.8,45.35,99.366666667,81.6,68.45,99.316666667,81.0
