name,machine_type,trace,-10,-9,-8,-7,-6,-5,-4,-3,-2,-1,0,1,2,3
m137_gpu0,gpu,utilization,66.0,80.333333333,84.133333333,67.425,67.425,75.783333333,69.466666667,54.333333333,82.333333333,74.55,84.633333333,72.866666667,79.466666667,83.6
m137_gpu1,gpu,utilization,69.866666667,55.266666667,71.533333333,60.658333333,60.658333333,75.9,74.133333333,63.916666667,84.083333333,74.6,84.633333333,76.6,76.0,79.6
