name,machine_type,trace,-10,-9,-8,-7,-6,-5,-4,-3,-2,-1,0,1,2,3
m418_gpu0,gpu,utilization,94.0,92.066666667,53.333333333,89.333333333,92.95,7.75,0.0,85.866666667,92.883333333,92.066666667,89.05,91.85,6.1333333333,0.0
m418_gpu1,gpu,utilization,92.0,92.0,92.0,92.933333333,93.0,7.75,81.9,92.866666667,91.233333333,50.866666667,92.25,92.05,6.1333333333,0.0
m418_gpu2,gpu,utilization,91.0,3.0333333333,90.866666667,50.133333333,90.7,7.75,82.8,6.1333333333,81.266666667,92.0,1.5333333333,87.4,6.1333333333,0.0
m418_gpu3,gpu,utilization,93.0,93.0,92.033333333,92.0,90.1,7.5,81.9,6.0666666667,47.7,53.066666667,0.88333333333,89.3,6.2666666667,0.0
m418_gpu4,gpu,utilization,0.0,0.0,88.933333333,92.933333333,93.0,7.75,83.7,92.066666667,92.883333333,92.066666667,1.5333333333,65.55,4.6,0.0
m418_gpu5,gpu,utilization,92.0,54.3,90.7,6.1333333333,0.0,0.0,0.0,86.8,70.916666667,13.866666667,90.633333333,92.95,6.2,0.0
m418_gpu6,gpu,utilization,93.0,93.966666667,3.1333333333,87.733333333,94.0,7.8333333333,0.0,86.8,93.883333333,93.066666667,93.983333333,4.7,87.733333333,9.4
m418_gpu7,gpu,utilization,93.0,93.966666667,94.0,53.866666667,2.55,0.0,0.0,87.733333333,37.466666667,88.8,93.0,94.9,6.3333333333,0.0
