name,machine_type,trace,-10,-9,-8,-7,-6,-5,-4,-3,-2,-1,0,1,2,3
m117_gpu0,gpu,utilization,96.95,97.0,98.8,97.266666667,95.333333333,96.766666667,95.266666667,97.55,98.833333333,99.0,99.0,99.0,97.366666667,98.533333333
m117_gpu1,gpu,utilization,98.0,96.2,96.9,98.733333333,96.5,95.116666667,96.733333333,96.15,98.5,97.366666667,98.666666667,99.0,96.55,96.766666667
m117_gpu4,gpu,utilization,97.05,97.0,96.1,98.6,96.5,95.116666667,95.866666667,96.85,98.666666667,98.183333333,98.833333333,99.0,97.366666667,97.0
m117_gpu5,gpu,utilization,97.0,97.0,97.9,96.266666667,96.0,96.0,95.133333333,98.4,97.333333333,98.633333333,99.0,98.15,96.366666667,96.0
