name,machine_type,trace,-10,-9,-8,-7,-6,-5,-4,-3,-2,-1,0,1,2,3
m183_gpu0,gpu,utilization,87.0,87.5,88.0,88.55,88.466666667,88.55,89.0,89.0,88.4,88.0,88.0,88.0,88.633333333,87.8
m183_gpu1,gpu,utilization,88.0,88.0,88.0,88.55,89.0,89.55,89.433333333,89.0,89.0,88.366666667,88.616666667,89.0,89.0,88.4
m183_gpu2,gpu,utilization,89.0,88.5,88.516666667,89.0,89.0,89.55,89.433333333,88.383333333,88.6,89.633333333,88.766666667,88.666666667,89.0,87.8
m183_gpu3,gpu,utilization,89.0,89.0,88.483333333,87.45,87.0,87.0,88.133333333,88.383333333,88.0,88.633333333,89.0,88.333333333,88.0,88.6
