name,machine_type,trace,-10,-9,-8,-7,-6,-5,-4,-3,-2,-1,0,1,2,3
m256_gpu5,gpu,utilization,98.0,98.0,98.0,98.333333333,99.0,99.0,98.666666667,98.366666667,98.6,98.0,98.416666667,99.0,98.55,98.0
m256_gpu6,gpu,utilization,99.0,99.0,99.0,99.0,99.0,99.0,99.0,99.0,99.0,99.0,99.0,99.0,98.55,98.466666667
