name,machine_type,trace,-10,-9,-8,-7,-6,-5,-4,-3,-2,-1,0,1,2,3
m11_gpu1,gpu,utilization,98.166666667,88.7,86.2,86.2,99.0,95.2,90.166666667,99.833333333,95.083333333,96.966666667,92.95,92.95,83.0,1.3833333333
m11_gpu2,gpu,utilization,58.916666667,88.066666667,50.016666667,50.016666667,22.0,85.65,60.0,0.98333333333,52.116666667,0.88333333333,89.575,89.575,36.0,95.0
m11_gpu6,gpu,utilization,1.6666666667,22.1,88.683333333,88.683333333,67.0,83.15,89.8,1.5,76.7,1.3,55.725,55.725,60.0,1.0
m11_gpu7,gpu,utilization,5.8333333333,70.5,89.133333333,89.133333333,0.0,85.5,99.666666667,1.6666666667,86.533333333,24.083333333,75.275,75.275,71.0,1.1833333333
