name,machine_type,trace,-10,-9,-8,-7,-6,-5,-4,-3,-2,-1,0,1,2,3
m362_gpu0,gpu,utilization,0.0,0.0,0.0,0.0,0.0,0.0,0.0,0.0,0.0,0.0,0.0,0.0,0.0,0.0
m362_gpu4,gpu,utilization,0.0,0.0,0.0,0.0,0.0,0.0,0.0,0.0,0.0,0.0,0.0,0.0,0.0,0.0
m215_gpu4,gpu,utilization,0.0,0.0,0.0,30.4,1.6,0.0,0.0,29.15,3.85,0.0,0.0,0.0,0.0,0.0
m215_gpu6,gpu,utilization,58.033333333,58.0,58.983333333,60.9,58.15,64.416666667,53.516666667,59.066666667,51.166666667,52.8,53.0,58.7,57.2,56.083333333
m196_gpu1,gpu,utilization,0.0,0.0,0.0,0.0,0.0,0.0,0.0,28.266666667,32.0,32.0,1.0666666667,0.0,28.8,2.6666666667
m196_gpu7,gpu,utilization,0.0,0.0,0.0,0.0,0.0,0.0,0.0,0.0,0.0,0.0,0.0,0.0,0.0,83.416666667
m52_gpu2,gpu,utilization,0.0,0.0,0.0,0.0,0.0,0.0,0.0,0.0,0.0,0.0,0.0,0.0,0.0,0.0
m52_gpu6,gpu,utilization,0.0,0.0,0.0,0.0,0.0,0.0,0.0,0.0,0.0,0.0,0.0,0.0,0.0,0.0
