name,machine_type,trace,-10,-9,-8,-7,-6,-5,-4,-3,-2,-1,0,1,2,3
m185_gpu1,gpu,utilization,9.1,12.183333333,33.8,37.333333333,39.75,9.5666666667,0.0,16.133333333,35.933333333,10.25,0.0,17.233333333,35.6,8.45
m185_gpu2,gpu,utilization,10.266666667,15.766666667,36.7,46.666666667,45.0,10.266666667,0.0,16.866666667,38.4,11.0,0.0,18.016666667,43.8,10.616666667
m185_gpu3,gpu,utilization,10.5,17.2,41.5,44.6,46.75,11.2,0.0,16.133333333,41.8,12.25,0.0,21.933333333,41.6,9.75
m185_gpu7,gpu,utilization,9.8,12.183333333,33.8,36.6,38.0,9.1,0.0,16.866666667,36.933333333,10.5,0.0,18.016666667,37.4,8.8833333333
