name,machine_type,trace,-10,-9,-8,-7,-6,-5,-4,-3,-2,-1,0,1,2,3
m235_gpu0,gpu,utilization,94.866666667,97.533333333,96.466666667,97.3,94.2,91.733333333,95.0,95.65,96.366666667,92.333333333,95.733333333,95.933333333,99.0,98.45
m235_gpu1,gpu,utilization,96.916666667,94.4,97.366666667,91.533333333,91.2,80.966666667,33.366666667,96.566666667,95.466666667,95.133333333,92.4,97.366666667,92.216666667,93.916666667
m235_gpu2,gpu,utilization,94.133333333,91.233333333,90.133333333,87.5,98.4,84.266666667,47.4,96.916666667,94.166666667,97.733333333,96.466666667,94.766666667,92.916666667,89.0
m235_gpu3,gpu,utilization,88.6,97.533333333,95.766666667,95.466666667,95.2,89.466666667,96.0,95.783333333,94.766666667,91.6,87.933333333,96.0,96.65,98.45
m235_gpu4,gpu,utilization,86.383333333,95.466666667,96.533333333,95.7,98.2,98.45,96.233333333,95.7,89.833333333,88.666666667,95.733333333,95.466666667,96.783333333,95.816666667
m235_gpu5,gpu,utilization,86.25,97.533333333,95.766666667,95.466666667,94.4,86.2,96.0,94.483333333,90.633333333,95.2,93.8,96.0,94.483333333,90.283333333
m235_gpu6,gpu,utilization,93.7,89.933333333,90.433333333,85.966666667,98.2,81.983333333,41.266666667,95.4,88.566666667,94.066666667,88.933333333,96.066666667,91.266666667,84.266666667
m235_gpu7,gpu,utilization,93.266666667,87.233333333,87.066666667,87.5,98.2,83.083333333,45.866666667,95.4,88.8,95.333333333,89.866666667,95.0,93.266666667,85.35
