name,machine_type,trace,-10,-9,-8,-7,-6,-5,-4,-3,-2,-1,0,1,2,3
m58_gpu0,gpu,utilization,99.0,99.0,82.566666667,83.133333333,98.466666667,98.5,99.0,99.0,98.55,98.0,98.416666667,59.4,39.6,99.0
m58_gpu1,gpu,utilization,98.516666667,98.466666667,89.333333333,89.666666667,99.0,99.0,99.0,99.0,98.55,98.0,98.416666667,59.4,39.2,98.35
m58_gpu2,gpu,utilization,98.516666667,98.466666667,87.4,87.8,98.466666667,98.5,99.0,99.0,98.55,98.416666667,99.0,59.4,39.6,99.0
m58_gpu3,gpu,utilization,99.0,99.0,84.5,85.0,99.0,99.0,99.0,99.0,99.0,99.0,99.0,59.4,39.6,98.65
m58_gpu4,gpu,utilization,98.483333333,99.0,84.983333333,84.933333333,98.533333333,98.5,98.5,99.0,99.0,99.0,99.0,59.4,39.6,98.65
m58_gpu5,gpu,utilization,98.516666667,98.0,83.016666667,84.066666667,99.0,99.0,99.0,99.0,98.55,98.416666667,99.0,59.4,39.6,99.0
m58_gpu6,gpu,utilization,98.483333333,99.0,88.366666667,88.733333333,99.0,99.0,99.0,99.0,99.0,99.0,99.0,59.4,39.6,99.0
m58_gpu7,gpu,utilization,99.0,99.0,88.85,89.2,99.0,99.0,99.0,98.516666667,98.45,99.0,99.0,59.4,39.6,99.0
