name,machine_type,trace,-10,-9,-8,-7,-6,-5,-4,-3,-2,-1,0,1,2,3
m16_gpu0,gpu,utilization,100.0,21.666666667,73.333333333,25.0,76.666666667,26.666666667,78.333333333,100.0,100.0,25.0,76.666666667,23.333333333,70.533333333,19.933333333
m16_gpu1,gpu,utilization,100.0,92.95,89.533333333,22.25,76.666666667,26.666666667,72.85,98.133333333,96.866666667,24.0,0.0,0.0,76.666666667,21.666666667
m16_gpu2,gpu,utilization,87.566666667,96.75,100.0,25.0,76.666666667,93.4,98.05,92.666666667,97.833333333,25.0,76.666666667,23.333333333,0.0,0.0
m16_gpu3,gpu,utilization,92.966666667,99.133333333,100.0,25.0,76.666666667,97.8,99.35,100.0,95.3,23.5,73.6,22.4,70.533333333,19.933333333
m16_gpu4,gpu,utilization,97.7,99.35,99.266666667,24.75,76.666666667,99.266666667,99.0,97.533333333,99.35,25.0,73.6,22.4,69.766666667,19.716666667
m16_gpu5,gpu,utilization,100.0,96.083333333,98.666666667,25.0,76.666666667,91.2,88.783333333,96.333333333,99.783333333,25.0,75.9,23.1,76.666666667,21.666666667
m16_gpu6,gpu,utilization,86.533333333,97.183333333,92.666666667,23.25,73.833333333,25.6,33.683333333,23.933333333,82.016666667,42.25,64.4,94.633333333,64.733333333,90.033333333
m16_gpu7,gpu,utilization,100.0,21.666666667,64.533333333,22.0,76.666666667,99.266666667,91.166666667,89.733333333,97.833333333,25.0,76.666666667,23.333333333,76.666666667,21.666666667
