name,machine_type,trace,-10,-9,-8,-7,-6,-5,-4,-3,-2,-1,0,1,2,3
m35_gpu1,gpu,utilization,73.8,3.5333333333,58.191666667,58.191666667,74.266666667,42.333333333,43.325,43.325,49.5,35.05,38.633333333,56.4,38.95,35.466666667
m35_gpu3,gpu,utilization,72.9,2.5333333333,59.225,59.225,80.966666667,41.666666667,37.0,37.0,42.733333333,35.083333333,40.533333333,55.566666667,42.95,39.2
m35_gpu4,gpu,utilization,73.65,28.633333333,58.191666667,58.191666667,86.516666667,39.066666667,50.5,50.5,41.266666667,48.883333333,40.6,1.4,41.95,38.266666667
m35_gpu5,gpu,utilization,76.95,23.966666667,57.175,57.175,86.483333333,40.6,38.85,38.85,63.266666667,70.433333333,36.766666667,30.733333333,51.4,37.333333333
