name,machine_type,trace,-10,-9,-8,-7,-6,-5,-4,-3,-2,-1,0,1,2,3
m407_gpu0,gpu,utilization,99.766666667,90.6,67.75,100.0,100.0,99.766666667,99.233333333,89.2,55.9,94.3,67.7,99.816666667,99.166666667,83.333333333
m407_gpu1,gpu,utilization,99.766666667,90.6,67.75,100.0,100.0,99.766666667,99.233333333,87.8,50.183333333,92.35,56.65,99.816666667,99.166666667,88.833333333
m407_gpu2,gpu,utilization,99.766666667,92.2,73.75,100.0,100.0,99.766666667,99.233333333,88.2,51.816666667,95.5,74.5,99.816666667,99.166666667,83.333333333
m407_gpu3,gpu,utilization,99.766666667,91.6,71.5,100.0,100.0,99.766666667,98.533333333,85.4,50.183333333,92.95,60.05,99.816666667,99.166666667,90.166666667
m407_gpu4,gpu,utilization,99.766666667,88.8,61.0,96.75,90.466666667,99.766666667,98.3,85.6,54.266666667,98.5,91.5,99.816666667,99.166666667,85.666666667
m407_gpu5,gpu,utilization,99.766666667,89.6,64.0,97.25,91.933333333,100.0,97.666666667,79.8,50.183333333,97.9,88.1,99.816666667,99.166666667,88.5
m407_gpu6,gpu,utilization,99.766666667,85.2,47.5,97.5,92.666666667,99.766666667,99.233333333,89.0,55.083333333,96.1,77.9,99.816666667,99.166666667,83.333333333
m407_gpu7,gpu,utilization,99.766666667,91.2,70.0,100.0,100.0,99.766666667,99.233333333,88.8,54.266666667,93.55,63.45,99.816666667,99.166666667,83.333333333
