name,machine_type,trace,-10,-9,-8,-7,-6,-5,-4,-3,-2,-1,0,1,2,3
m123_gpu0,gpu,utilization,98.116666667,13.066666667,0.0,79.216666667,19.4,85.0,97.5,19.4,75.2,96.0,98.25,99.766666667,23.333333333,81.666666667
m123_gpu2,gpu,utilization,99.116666667,13.2,0.0,79.216666667,19.4,85.0,99.166666667,19.8,75.983333333,97.0,97.75,94.933333333,21.933333333,75.95
m123_gpu3,gpu,utilization,99.116666667,13.2,0.0,79.216666667,19.4,85.0,98.333333333,19.6,75.983333333,95.433333333,97.25,94.166666667,21.7,76.766666667
m123_gpu4,gpu,utilization,98.116666667,13.066666667,0.0,80.033333333,19.6,85.0,98.333333333,19.6,75.983333333,97.783333333,98.0,99.533333333,23.333333333,81.666666667
