name,machine_type,trace,-10,-9,-8,-7,-6,-5,-4,-3,-2,-1,0,1,2,3
m277_gpu0,gpu,utilization,93.0,92.666666667,92.0,92.3,93.0,93.0,93.0,93.0,93.0,92.65,92.4,93.0,92.55,54.666666667
m277_gpu1,gpu,utilization,93.0,92.666666667,92.35,92.7,92.316666667,74.8,57.15,92.0,92.316666667,93.0,92.6,92.0,92.45,55.2
m277_gpu2,gpu,utilization,92.7,92.0,92.0,92.0,92.0,92.0,92.316666667,92.666666667,92.0,92.35,92.6,92.433333333,93.0,54.733333333
m277_gpu3,gpu,utilization,92.7,92.333333333,93.0,92.7,91.683333333,91.35,92.316666667,92.666666667,62.866666667,32.55,93.0,93.0,93.0,55.666666667
m277_gpu4,gpu,utilization,93.0,92.666666667,92.0,92.0,92.0,92.0,92.316666667,92.666666667,92.0,92.0,92.0,92.0,92.0,54.2
m277_gpu5,gpu,utilization,93.0,92.666666667,92.0,92.0,92.0,92.0,92.316666667,93.0,92.683333333,92.0,92.0,92.433333333,92.55,53.733333333
m277_gpu6,gpu,utilization,93.7,93.0,93.0,93.3,94.0,85.6,77.283333333,93.0,93.0,93.35,93.6,93.0,93.0,53.8
m277_gpu7,gpu,utilization,93.7,93.0,93.35,94.0,94.0,94.0,93.683333333,93.333333333,94.0,94.0,94.0,94.0,93.55,54.266666667
