name,machine_type,trace,-10,-9,-8,-7,-6,-5,-4,-3,-2,-1,0,1,2,3
m83_gpu0,gpu,utilization,37.466666667,43.5,2.8166666667,9.75,6.0666666667,19.6,10.016666667,44.066666667,48.9,12.533333333,0.0,0.0,0.0,9.4
m83_gpu1,gpu,utilization,1.4666666667,0.5,1.5666666667,14.75,45.233333333,6.9333333333,31.85,38.866666667,2.6,9.4,0.0,0.0,9.8333333333,49.4
