name,machine_type,trace,-10,-9,-8,-7,-6,-5,-4,-3,-2,-1,0,1,2,3
m175_gpu1,gpu,utilization,93.066666667,75.95,87.266666667,74.25,23.333333333,99.533333333,98.433333333,99.2,90.316666667,54.166666667,0.0,5.6,18.8,24.5
m175_gpu2,gpu,utilization,94.666666667,84.333333333,73.333333333,25.0,76.666666667,0.0,21.666666667,93.4,73.05,100.0,78.333333333,23.333333333,100.0,98.25
m175_gpu4,gpu,utilization,73.333333333,21.666666667,81.866666667,24.0,14.7,71.633333333,82.666666667,26.0,40.833333333,0.0,0.0,23.333333333,92.85,75.25
m175_gpu7,gpu,utilization,73.866666667,23.233333333,89.333333333,45.0,14.933333333,72.4,100.0,100.0,100.0,83.333333333,0.0,15.866666667,74.933333333,100.0
