name,machine_type,trace,-10,-9,-8,-7,-6,-5,-4,-3,-2,-1,0,1,2,3
m116_gpu1,gpu,utilization,89.733333333,88.266666667,89.6,87.3,88.766666667,87.6,92.866666667,91.133333333,92.183333333,86.0,86.583333333,90.083333333,80.533333333,87.966666667
m116_gpu3,gpu,utilization,79.333333333,74.066666667,69.6,81.35,87.483333333,76.3,79.2,79.666666667,46.766666667,50.25,84.866666667,48.75,77.2,53.066666667
m116_gpu4,gpu,utilization,80.533333333,83.466666667,80.266666667,82.45,82.55,64.1,65.8,77.4,77.516666667,41.016666667,77.95,71.166666667,84.133333333,85.8
m116_gpu7,gpu,utilization,73.066666667,47.533333333,85.866666667,57.2,50.383333333,77.1,83.8,41.8,79.95,73.866666667,86.483333333,74.166666667,64.933333333,64.766666667
