name,machine_type,trace,-10,-9,-8,-7,-6,-5,-4,-3,-2,-1,0,1,2,3
m400_gpu1,gpu,utilization,97.0,82.3,95.666666667,99.0,98.1,98.916666667,96.35,96.0,96.0,96.0,98.55,97.233333333,96.116666667,98.55
m400_gpu3,gpu,utilization,97.0,97.0,97.0,98.733333333,98.1,98.916666667,96.35,96.866666667,96.116666667,97.766666667,97.15,96.116666667,97.766666667,99.7
m400_gpu4,gpu,utilization,92.666666667,96.083333333,98.666666667,99.0,98.1,98.0,98.0,96.266666667,96.883333333,96.116666667,97.7,97.116666667,97.0,97.0
m400_gpu7,gpu,utilization,94.666666667,84.2,96.166666667,99.0,98.1,98.916666667,96.35,96.866666667,96.116666667,98.65,99.0,97.233333333,96.116666667,98.55
