name,machine_type,trace,-10,-9,-8,-7,-6,-5,-4,-3,-2,-1,0,1,2,3
m313_gpu0,gpu,utilization,95.25,97.2,98.266666667,41.666666667,58.2,98.65,100.0,98.1,93.1,95.8,85.8,89.0,78.333333333,86.583333333
m313_gpu1,gpu,utilization,69.25,77.4,98.7,41.666666667,60.0,100.0,100.0,99.366666667,98.35,77.0,76.8,92.6,74.833333333,84.283333333
m313_gpu2,gpu,utilization,96.083333333,94.8,96.533333333,41.666666667,60.0,100.0,100.0,97.466666667,90.8,95.2,81.4,86.4,90.416666667,94.25
m313_gpu3,gpu,utilization,84.666666667,89.4,98.7,41.666666667,58.2,98.65,100.0,98.1,76.2,69.2,70.8,84.4,90.5,95.4
m313_gpu4,gpu,utilization,98.0,97.4,98.7,41.666666667,60.0,100.0,100.0,98.733333333,85.65,86.2,77.8,86.4,87.5,92.333333333
m313_gpu5,gpu,utilization,91.833333333,91.0,96.1,41.666666667,60.0,100.0,100.0,96.2,69.95,82.2,58.2,70.6,98.166666667,99.616666667
m313_gpu6,gpu,utilization,89.083333333,82.4,89.6,41.666666667,60.0,99.45,99.0,93.933333333,74.1,84.8,69.2,69.2,82.0,93.1
m313_gpu7,gpu,utilization,83.166666667,81.0,90.9,41.666666667,60.0,100.0,100.0,96.833333333,76.8,86.8,40.0,52.2,78.833333333,89.65
