name,machine_type,trace,-10,-9,-8,-7,-6,-5,-4,-3,-2,-1,0,1,2,3
m216_gpu2,gpu,utilization,0.0,0.0,0.0,0.0,0.0,3.3333333333,0.53333333333,0.0,0.0,0.0,0.0,0.0,60.35,8.2833333333
m391_gpu6,gpu,utilization,0.0,10.4,15.5,16.0,3.2,0.0,13.866666667,28.366666667,81.85,99.1,13.333333333,0.0,33.15,85.816666667
m42_gpu3,gpu,utilization,0.0,0.0,0.0,0.0,0.0,0.0,0.0,0.0,0.0,0.0,0.0,0.0,71.4,91.066666667
m52_gpu3,gpu,utilization,0.0,0.0,0.0,0.0,0.0,0.0,0.0,0.0,0.0,0.0,0.0,0.0,82.45,11.316666667
m120_gpu5,gpu,utilization,0.0,0.0,0.0,0.0,0.0,0.0,0.0,0.0,0.0,0.0,0.0,0.0,0.0,0.0
m246_gpu0,gpu,utilization,37.166666667,62.2,54.166666667,56.0,53.8,28.0,52.466666667,75.55,54.2,61.7,60.4,60.0,18.35,32.2
m395_gpu2,gpu,utilization,12.666666667,0.0,51.666666667,82.833333333,17.4,0.0,0.0,0.0,0.0,0.0,78.866666667,95.333333333,14.4,0.0
m341_gpu0,gpu,utilization,0.0,0.0,0.0,0.0,0.0,0.0,0.0,0.0,0.0,0.0,0.0,0.0,0.0,0.0
