name,machine_type,trace,-10,-9,-8,-7,-6,-5,-4,-3,-2,-1,0,1,2,3
m2_gpu0,gpu,utilization,86.8,1.15,58.133333333,58.133333333,93.95,92.133333333,9.2,82.15,9.3,80.75,95.0,93.266666667,7.75,86.166666667
m2_gpu1,gpu,utilization,87.733333333,0.0,48.566666667,48.566666667,93.016666667,91.133333333,94.6,93.233333333,90.3,94.25,95.0,93.266666667,7.75,85.25
m2_gpu2,gpu,utilization,86.8,0.0,48.05,48.05,92.016666667,90.133333333,9.0,81.266666667,9.2,79.9,94.0,94.866666667,7.9166666667,0.0
m2_gpu3,gpu,utilization,86.8,0.0,48.566666667,48.566666667,94.0,6.2666666667,0.0,82.15,9.3,79.05,93.883333333,94.0,7.8333333333,85.25
