name,machine_type,trace,-10,-9,-8,-7,-6,-5,-4,-3,-2,-1,0,1,2,3
m117_gpu0,gpu,utilization,34.0,47.6,85.2,86.0,86.0,86.0,84.55,84.8,47.333333333,44.0,85.033333333,40.6,39.2,84.483333333
m117_gpu1,gpu,utilization,35.2,48.166666667,86.2,86.383333333,84.866666667,85.55,87.0,87.45,87.066666667,86.5,87.0,42.05,39.666666667,43.916666667
m117_gpu4,gpu,utilization,34.4,0.0,50.4,37.133333333,52.766666667,86.483333333,86.0,83.3,82.333333333,84.5,85.45,42.05,39.666666667,85.0
m117_gpu5,gpu,utilization,35.2,41.933333333,81.2,86.0,85.433333333,85.516666667,77.3,76.1,85.533333333,85.0,43.916666667,0.0,0.0,41.566666667
m201_gpu1,gpu,utilization,86.6,85.866666667,85.6,86.616666667,85.3,85.033333333,85.033333333,84.9,85.066666667,85.5,87.483333333,86.45,85.0,85.966666667
m201_gpu2,gpu,utilization,87.0,87.566666667,85.6,84.0,85.7,86.483333333,85.516666667,85.9,86.066666667,85.0,85.483333333,85.483333333,85.0,85.483333333
m201_gpu3,gpu,utilization,85.6,84.866666667,84.6,84.383333333,85.7,87.0,85.55,84.0,84.933333333,86.0,85.516666667,85.516666667,86.0,86.0
m201_gpu6,gpu,utilization,36.0,49.3,34.8,54.266666667,86.866666667,87.033333333,88.0,88.45,88.533333333,88.5,88.033333333,87.0,87.466666667,87.516666667
