name,machine_type,trace,-10,-9,-8,-7,-6,-5,-4,-3,-2,-1,0,1,2,3
m168_gpu1,gpu,utilization,56.166666667,55.2,58.2,62.833333333,61.7,63.4,64.0,57.2,58.5,57.4,60.833333333,64.25,65.75,63.066666667
m168_gpu7,gpu,utilization,49.666666667,50.0,58.0,63.833333333,57.333333333,57.4,62.8,52.95,47.666666667,51.0,55.833333333,70.5,67.5,58.4
