name,machine_type,trace,-10,-9,-8,-7,-6,-5,-4,-3,-2,-1,0,1,2,3
m231_gpu0,gpu,utilization,6.4,9.7333333333,13.733333333,41.0,11.916666667,9.9166666667,20.6,61.6,16.533333333,36.5,49.166666667,54.4,80.0,47.5
m231_gpu1,gpu,utilization,9.9,10.933333333,12.866666667,44.5,12.25,9.0,23.133333333,56.5,15.833333333,32.083333333,44.166666667,49.4,75.0,50.833333333
m231_gpu2,gpu,utilization,10.0,10.933333333,11.0,48.8,10.833333333,7.9166666667,36.266666667,39.1,12.5,68.183333333,38.5,36.95,38.0,48.0
m231_gpu3,gpu,utilization,12.5,9.1333333333,42.6,81.9,24.583333333,31.833333333,9.15,75.3,16.75,45.983333333,74.333333333,83.25,66.5,80.5
m231_gpu4,gpu,utilization,13.8,9.9333333333,23.066666667,24.0,39.583333333,12.583333333,11.766666667,70.5,28.416666667,48.5,57.833333333,64.95,59.333333333,48.0
m231_gpu5,gpu,utilization,12.1,9.9333333333,24.933333333,23.3,33.083333333,12.0,12.65,67.9,29.833333333,46.966666667,55.0,61.95,83.0,51.166666667
m231_gpu6,gpu,utilization,11.9,8.2,46.266666667,77.8,19.583333333,25.916666667,8.45,69.0,15.05,45.866666667,77.666666667,86.4,62.0,78.666666667
m231_gpu7,gpu,utilization,13.0,10.933333333,24.066666667,25.0,11.25,10.916666667,13.65,53.6,42.983333333,45.416666667,51.0,57.95,79.833333333,55.666666667
