name,machine_type,trace,-10,-9,-8,-7,-6,-5,-4,-3,-2,-1,0,1,2,3
m221_gpu0,gpu,utilization,78.516666667,76.8,77.833333333,79.433333333,75.5,76.3,82.0,79.683333333,77.0,77.0,79.933333333,73.5,55.6,67.2
m221_gpu1,gpu,utilization,80.966666667,81.65,83.0,83.0,83.0,83.55,76.8,76.933333333,81.95,83.0,83.0,83.0,48.0,68.0
m221_gpu2,gpu,utilization,76.933333333,70.6,73.8,79.0,74.333333333,73.2,77.4,79.616666667,74.8,69.2,72.4,74.75,61.7,67.9
m221_gpu3,gpu,utilization,79.933333333,81.3,83.433333333,83.566666667,84.0,84.0,84.0,83.383333333,83.65,83.3,79.333333333,82.5,56.0,72.0
m221_gpu4,gpu,utilization,79.35,79.95,84.0,82.866666667,81.416666667,82.65,84.0,79.683333333,81.55,81.2,81.466666667,83.5,30.8,61.2
m221_gpu5,gpu,utilization,56.816666667,61.2,77.6,75.0,77.916666667,78.9,76.8,76.616666667,74.4,75.1,74.533333333,74.0,30.6,56.1
m221_gpu6,gpu,utilization,83.0,84.1,85.0,85.0,85.0,85.0,83.8,82.383333333,83.95,82.9,82.733333333,83.75,44.8,67.2
m221_gpu7,gpu,utilization,80.0,77.25,76.7,77.433333333,77.0,76.45,77.2,71.833333333,75.15,77.6,79.933333333,77.25,43.8,58.0
