name,machine_type,trace,-10,-9,-8,-7,-6,-5,-4,-3,-2,-1,0,1,2,3
m333_gpu0,gpu,utilization,87.0,88.6,87.466666667,83.083333333,72.6,83.8,88.0,19.066666667,69.6,14.5,0.86666666667,73.5,47.166666667,77.166666667
m333_gpu1,gpu,utilization,89.0,89.0,89.0,89.0,88.216666667,88.766666667,88.25,19.066666667,0.0,0.0,0.86666666667,73.5,88.0,87.216666667
m333_gpu2,gpu,utilization,88.0,88.8,87.466666667,87.0,87.783333333,88.766666667,89.0,19.283333333,0.0,0.0,0.86666666667,74.333333333,88.183333333,88.0
m333_gpu3,gpu,utilization,87.0,87.8,88.0,78.6,85.4,88.0,87.25,18.85,0.0,0.0,0.0,74.166666667,89.0,87.433333333
