name,machine_type,trace,-10,-9,-8,-7,-6,-5,-4,-3,-2,-1,0,1,2,3
m384_gpu0,gpu,utilization,54.95,85.333333333,85.366666667,85.666666667,87.333333333,85.95,87.15,88.0,85.9,85.0,85.7,86.7,86.35,84.633333333
m384_gpu1,gpu,utilization,57.2,87.333333333,87.0,85.0,86.666666667,85.266666667,84.716666667,86.366666667,84.9,84.733333333,87.1,85.2,84.65,87.05
m384_gpu2,gpu,utilization,55.9,84.666666667,84.0,85.333333333,86.0,87.366666667,87.283333333,85.633333333,84.3,84.733333333,84.3,85.4,84.7,86.05
m384_gpu3,gpu,utilization,55.9,86.0,86.0,87.333333333,85.333333333,86.733333333,88.0,88.0,85.9,86.466666667,87.7,85.9,85.0,85.0
m384_gpu4,gpu,utilization,57.2,86.666666667,86.633333333,85.0,85.333333333,86.683333333,85.566666667,87.05,85.2,86.933333333,86.6,86.0,86.65,87.683333333
m384_gpu5,gpu,utilization,55.9,84.666666667,84.0,86.0,85.0,84.0,86.15,86.316666667,86.7,86.266666667,84.6,84.0,84.0,84.0
m384_gpu6,gpu,utilization,57.2,89.333333333,88.1,87.666666667,86.666666667,86.683333333,86.283333333,86.0,86.7,87.0,86.3,86.0,88.6,88.633333333
m384_gpu7,gpu,utilization,58.5,90.0,88.1,87.666666667,86.666666667,86.683333333,86.283333333,87.366666667,89.4,87.066666667,86.7,87.7,88.65,88.316666667
