name,machine_type,trace,-10,-9,-8,-7,-6,-5,-4,-3,-2,-1,0,1,2,3
m237_gpu0,gpu,utilization,0.0,0.0,0.0,0.0,37.7,0.0,0.0,0.0,29.0,25.066666667,23.1,4.0,45.933333333,1.6333333333
m237_gpu1,gpu,utilization,0.0,0.0,0.0,0.0,19.333333333,0.0,0.0,0.0,46.0,26.333333333,31.7,21.55,42.466666667,1.4666666667
m237_gpu2,gpu,utilization,0.0,0.0,0.0,0.0,25.133333333,0.0,0.0,0.0,20.0,24.916666667,29.75,13.85,27.933333333,0.96666666667
m237_gpu3,gpu,utilization,0.0,0.0,0.0,0.0,28.033333333,0.0,0.0,0.0,49.0,26.383333333,32.65,19.7,47.0,1.6333333333
m237_gpu4,gpu,utilization,0.0,0.0,0.0,0.0,10.633333333,0.0,0.0,0.0,29.0,26.05,35.5,9.4,51.866666667,1.8333333333
m237_gpu5,gpu,utilization,0.0,0.0,0.0,0.0,23.2,0.0,0.0,0.0,36.0,26.166666667,32.65,28.25,47.6,1.6333333333
m237_gpu6,gpu,utilization,0.0,0.0,0.0,0.0,27.066666667,0.0,0.0,0.0,46.0,25.35,31.65,23.45,43.533333333,1.5
m237_gpu7,gpu,utilization,0.0,0.0,0.0,0.0,24.166666667,0.0,0.0,0.0,45.0,25.333333333,30.7,22.45,41.6,1.4333333333
