name,machine_type,trace,-10,-9,-8,-7,-6,-5,-4,-3,-2,-1,0,1,2,3
m192_gpu0,gpu,utilization,41.3,82.5,92.85,82.6,96.6,99.866666667,89.6,90.45,72.216666667,95.2,92.35,46.833333333,55.15,91.666666667
m192_gpu2,gpu,utilization,45.5,83.666666667,91.0,44.2,90.733333333,99.0,84.266666667,88.533333333,96.533333333,98.85,92.2,60.166666667,71.966666667,94.783333333
m192_gpu5,gpu,utilization,79.9,93.166666667,90.45,12.0,84.933333333,99.733333333,90.466666667,90.633333333,82.016666667,94.45,91.9,94.333333333,30.483333333,83.783333333
m192_gpu7,gpu,utilization,10.2,79.5,90.45,12.0,85.8,99.866666667,88.733333333,87.816666667,60.233333333,93.1,92.35,30.166666667,35.966666667,88.183333333
m235_gpu0,gpu,utilization,96.35,22.166666667,78.4,98.8,92.2,98.8,90.466666667,62.05,84.583333333,95.25,91.75,70.166666667,84.783333333,88.183333333
m235_gpu3,gpu,utilization,94.05,26.0,78.3,97.8,90.333333333,89.0,89.866666667,16.5,71.866666667,92.25,86.2,75.0,87.7,90.183333333
m235_gpu4,gpu,utilization,0.0,0.0,0.0,0.0,0.0,0.0,0.0,0.0,0.0,0.0,0.0,0.0,0.0,0.0
m235_gpu7,gpu,utilization,94.75,16.166666667,77.35,98.8,90.466666667,98.533333333,92.2,56.7,81.666666667,94.95,91.75,63.5,84.95,89.366666667
