name,machine_type,trace,-10,-9,-8,-7,-6,-5,-4,-3,-2,-1,0,1,2,3
m296_gpu0,gpu,utilization,99.133333333,9.9,89.833333333,94.4,83.0,97.9,15.0,85.8,98.166666667,86.516666667,96.7,6.5333333333,0.0,89.1
m296_gpu3,gpu,utilization,99.133333333,9.9,90.75,81.9,83.666666667,97.25,14.85,85.8,99.0,76.916666667,95.6,6.5333333333,0.0,89.1
m296_gpu4,gpu,utilization,99.0,9.9,89.833333333,80.0,89.0,97.95,14.85,85.8,97.333333333,95.233333333,96.8,6.4666666667,0.0,89.1
m296_gpu5,gpu,utilization,99.133333333,9.9,90.75,81.0,98.25,99.116666667,14.85,85.8,96.5,83.633333333,96.4,6.5333333333,0.0,89.1
