name,machine_type,trace,-10,-9,-8,-7,-6,-5,-4,-3,-2,-1,0,1,2,3
m21_gpu1,gpu,utilization,98.866666667,98.0,98.0,98.0,98.0,92.2,44.833333333,98.0,98.0,98.0,98.0,92.0,29.6,98.0
m21_gpu2,gpu,utilization,98.866666667,98.0,97.333333333,90.8,97.916666667,87.4,9.0833333333,98.0,98.0,98.0,98.0,91.916666667,28.65,98.0
m21_gpu4,gpu,utilization,29.133333333,30.0,29.416666667,23.1,23.916666667,24.3,35.75,33.2,36.633333333,15.35,22.4,27.25,40.2,25.133333333
m21_gpu6,gpu,utilization,98.0,98.0,98.0,98.1,98.916666667,91.4,37.583333333,99.0,98.983333333,98.0,98.0,97.833333333,96.1,98.066666667
m243_gpu0,gpu,utilization,98.866666667,98.0,98.083333333,98.9,91.083333333,18.3,52.166666667,98.0,98.033333333,99.9,98.0,98.0,98.0,98.0
m243_gpu2,gpu,utilization,98.0,98.0,98.0,98.0,90.5,12.4,55.833333333,98.0,96.366666667,4.9,98.1,98.916666667,97.95,97.133333333
m243_gpu3,gpu,utilization,97.866666667,97.116666667,98.0,98.0,90.583333333,9.5,21.0,98.0,96.366666667,4.95,98.9,98.0,98.0,98.0
m243_gpu6,gpu,utilization,98.0,98.0,98.0,98.0,90.5,7.5,10.916666667,98.0,98.033333333,99.9,98.0,98.0,98.0,98.066666667
