name,machine_type,trace,-10,-9,-8,-7,-6,-5,-4,-3,-2,-1,0,1,2,3
m35_gpu0,gpu,utilization,92.0,92.0,92.0,92.183333333,92.8,92.0,92.0,92.0,92.0,92.0,92.0,92.0,92.316666667,92.683333333
m35_gpu1,gpu,utilization,92.0,92.0,92.0,92.0,92.0,92.0,92.266666667,93.0,93.0,93.0,92.633333333,92.0,92.316666667,92.683333333
m35_gpu2,gpu,utilization,92.166666667,92.8,92.0,92.183333333,92.8,92.0,92.0,92.0,92.0,92.333333333,92.633333333,92.0,92.0,92.0
m35_gpu3,gpu,utilization,88.0,72.8,92.0,92.183333333,92.8,92.0,92.0,91.716666667,91.3,92.0,92.0,92.0,92.0,92.0
m35_gpu4,gpu,utilization,92.166666667,93.0,92.8,92.183333333,92.8,92.0,92.266666667,93.0,92.7,92.0,92.366666667,93.0,93.0,93.0
m35_gpu5,gpu,utilization,92.0,92.0,92.2,92.816666667,92.2,92.766666667,92.0,92.0,92.0,92.333333333,92.633333333,92.0,92.0,92.0
m35_gpu6,gpu,utilization,93.0,93.0,93.0,92.083333333,89.0,93.0,93.0,93.0,93.0,93.0,93.0,93.0,93.0,93.0
m35_gpu7,gpu,utilization,93.0,93.0,93.0,93.0,93.0,93.0,93.0,93.0,93.0,93.0,93.0,93.0,93.0,93.0
