name,machine_type,trace,-10,-9,-8,-7,-6,-5,-4,-3,-2,-1,0,1,2,3
m128_gpu2,gpu,utilization,35.516666667,35.533333333,35.466666667,17.5,17.4,35.033333333,34.0,35.666666667,36.65,26.6,25.7,35.0,37.133333333,30.75
m128_gpu3,gpu,utilization,93.0,88.2,86.666666667,91.0,77.05,34.383333333,3.85,24.583333333,60.35,68.533333333,74.55,81.0,91.733333333,97.75
m128_gpu4,gpu,utilization,93.8,96.266666667,89.8,89.0,52.333333333,5.6833333333,0.0,7.9166666667,51.4,93.8,93.616666667,90.0,92.133333333,92.9
m128_gpu7,gpu,utilization,86.9,90.533333333,91.0,93.5,67.483333333,19.116666667,0.0,28.75,82.95,96.266666667,95.866666667,83.466666667,81.8,70.45
