name,machine_type,trace,-10,-9,-8,-7,-6,-5,-4,-3,-2,-1,0,1,2,3
m2_gpu0,gpu,utilization,35.333333333,0.0,0.0,6.6666666667,43.333333333,0.0,0.0,0.0,0.0,0.0,0.0,0.0,0.0,0.0
m2_gpu1,gpu,utilization,42.4,5.0,44.166666667,6.6666666667,45.333333333,13.25,0.0,0.0,0.0,0.0,0.0,0.0,0.0,0.0
m2_gpu2,gpu,utilization,2.8,24.8,28.266666667,1.3333333333,15.066666667,42.4,0.0,0.0,0.0,0.0,0.0,0.0,0.0,0.0
m2_gpu3,gpu,utilization,0.0,0.0,0.0,1.4666666667,15.933333333,42.4,0.0,0.0,0.0,0.0,0.0,0.0,0.0,0.0
