name,machine_type,trace,-10,-9,-8,-7,-6,-5,-4,-3,-2,-1,0,1,2,3
m343_gpu0,gpu,utilization,100.0,97.666666667,93.733333333,94.466666667,97.3,96.666666667,94.733333333,94.666666667,98.083333333,100.0,96.833333333,38.0,60.8,96.0
m343_gpu1,gpu,utilization,100.0,96.5,92.866666667,84.6,91.05,89.666666667,92.333333333,96.0,98.466666667,100.0,97.466666667,38.4,60.8,96.0
m343_gpu2,gpu,utilization,100.0,97.666666667,92.6,83.216666667,91.35,93.333333333,94.166666667,96.0,98.466666667,100.0,97.466666667,38.4,60.8,94.766666667
m343_gpu3,gpu,utilization,98.15,80.666666667,81.466666667,89.15,94.5,96.666666667,96.0,94.0,97.316666667,100.0,97.466666667,38.4,59.533333333,87.216666667
m343_gpu4,gpu,utilization,100.0,97.666666667,95.433333333,95.0,96.3,96.333333333,92.2,52.666666667,74.7,100.0,97.466666667,38.4,57.0,93.7
m343_gpu5,gpu,utilization,100.0,97.083333333,80.833333333,75.55,90.05,96.0,94.733333333,90.0,95.4,100.0,94.933333333,74.0,79.1,93.316666667
m343_gpu6,gpu,utilization,100.0,97.666666667,84.1,49.716666667,75.6,96.0,93.1,94.666666667,98.466666667,100.0,97.466666667,38.4,60.8,91.066666667
m343_gpu7,gpu,utilization,100.0,97.666666667,89.2,84.616666667,91.5,95.666666667,96.0,95.333333333,98.083333333,100.0,93.033333333,35.6,60.8,93.533333333
