name,machine_type,trace,-10,-9,-8,-7,-6,-5,-4,-3,-2,-1,0,1,2,3
m210_gpu0,gpu,utilization,97.883333333,97.066666667,98.8,54.0,94.05,97.45,98.6,99.0,57.35,90.466666667,100.0,97.85,97.0,63.516666667
m210_gpu1,gpu,utilization,97.766666667,98.0,99.8,54.1,94.05,97.45,65.8,93.0,77.95,95.05,100.0,98.566666667,67.25,65.3
m210_gpu2,gpu,utilization,91.466666667,94.733333333,98.6,59.4,94.75,98.3,53.2,90.333333333,81.216666667,95.783333333,100.0,89.966666667,62.083333333,68.083333333
m210_gpu3,gpu,utilization,87.883333333,97.333333333,99.8,97.3,99.65,95.75,97.4,99.666666667,98.366666667,99.633333333,100.0,92.116666667,94.466666667,92.216666667
m210_gpu4,gpu,utilization,98.0,96.133333333,99.6,46.9,86.05,97.95,99.0,99.833333333,76.316666667,94.683333333,99.233333333,93.266666667,83.483333333,78.633333333
m210_gpu5,gpu,utilization,93.95,96.866666667,98.8,61.2,94.983333333,95.75,93.4,98.0,63.066666667,91.75,100.0,93.55,91.0,71.866666667
m210_gpu6,gpu,utilization,88.533333333,91.8,98.3,16.2,89.15,93.2,91.2,98.5,95.1,98.083333333,99.0,85.383333333,87.516666667,96.466666667
m210_gpu7,gpu,utilization,86.066666667,95.4,99.6,10.0,88.333333333,95.75,89.4,98.0,18.333333333,81.666666667,100.0,89.25,83.633333333,26.283333333
