name,machine_type,trace,-10,-9,-8,-7,-6,-5,-4,-3,-2,-1,0,1,2,3
m59_gpu0,gpu,utilization,79.05,65.5,86.4,93.0,93.0,93.0,93.0,93.75,23.5,69.0,92.733333333,93.75,94.0,21.933333333
m59_gpu1,gpu,utilization,79.9,94.0,94.0,21.933333333,74.4,93.0,93.0,93.0,23.25,69.75,93.733333333,93.25,26.35,0.0
m59_gpu2,gpu,utilization,79.05,69.666666667,87.4,92.233333333,92.8,92.216666667,92.8,93.0,23.25,69.75,93.0,92.25,92.0,92.766666667
m59_gpu3,gpu,utilization,79.05,92.166666667,92.8,93.0,93.0,92.216666667,92.8,93.0,23.25,69.0,92.733333333,92.25,92.716666667,93.0
m59_gpu4,gpu,utilization,79.05,93.0,93.0,93.0,93.0,93.0,93.0,93.0,23.25,50.25,86.066666667,93.0,26.35,70.533333333
m59_gpu5,gpu,utilization,79.05,88.0,17.4,0.0,74.4,93.0,93.0,23.25,0.0,0.0,68.2,93.0,26.35,0.0
m59_gpu6,gpu,utilization,79.05,69.666666667,87.4,21.7,74.4,93.0,93.8,93.25,23.25,0.0,68.933333333,93.25,26.35,71.3
m59_gpu7,gpu,utilization,79.9,94.833333333,94.2,21.933333333,74.4,93.783333333,94.0,93.25,23.25,0.0,68.933333333,93.25,26.35,72.066666667
