name,machine_type,trace,-10,-9,-8,-7,-6,-5,-4,-3,-2,-1,0,1,2,3
m16_gpu0,gpu,utilization,84.2,89.433333333,91.5,92.533333333,89.716666667,85.6,92.166666667,93.0,93.55,94.8,90.75,92.3,90.4,91.75
m16_gpu1,gpu,utilization,0.0,0.0,0.0,0.0,0.0,0.0,0.0,0.0,0.0,0.0,0.0,0.0,0.0,0.0
m16_gpu5,gpu,utilization,80.2,64.35,56.0,50.833333333,90.433333333,82.2,90.333333333,66.166666667,67.133333333,90.6,84.25,60.8,68.6,66.75
m16_gpu7,gpu,utilization,81.4,76.05,27.75,54.8,80.95,59.2,78.333333333,72.5,87.016666667,95.8,93.25,87.533333333,86.2,86.75
m237_gpu0,gpu,utilization,0.0,0.0,0.0,0.0,0.0,0.0,0.0,0.0,0.0,0.0,22.75,69.766666667,0.0,0.0
m237_gpu2,gpu,utilization,0.0,0.0,0.0,0.0,0.0,0.0,0.0,0.0,0.0,0.0,22.25,68.233333333,0.0,0.0
m237_gpu5,gpu,utilization,0.0,0.0,0.0,0.0,0.0,0.0,0.0,0.0,0.0,0.0,22.75,69.766666667,0.0,0.0
m237_gpu7,gpu,utilization,0.0,0.0,0.0,0.0,0.0,0.0,0.0,0.0,0.0,0.0,22.75,69.766666667,0.0,0.0
