name,machine_type,trace,-10,-9,-8,-7,-6,-5,-4,-3,-2,-1,0,1,2,3
m155_gpu0,gpu,utilization,86.8,90.0,89.7,87.6,84.466666667,90.9,88.833333333,87.933333333,93.5,87.1,90.95,86.65,93.4,84.083333333
m155_gpu1,gpu,utilization,91.0,83.75,88.9,93.6,89.866666667,88.45,97.0,96.183333333,89.5,88.833333333,95.2,85.3,88.2,93.866666667
m155_gpu2,gpu,utilization,84.8,87.85,88.5,95.9,86.066666667,87.5,96.25,87.65,85.333333333,87.916666667,92.3,92.95,87.6,91.516666667
m155_gpu3,gpu,utilization,83.8,87.6,90.4,87.8,94.666666667,89.8,86.083333333,87.466666667,90.5,89.833333333,96.2,87.35,93.0,87.166666667
m155_gpu4,gpu,utilization,88.0,87.55,84.85,84.4,87.733333333,84.25,89.75,96.6,86.166666667,86.266666667,84.95,96.0,96.2,95.05
m155_gpu5,gpu,utilization,87.8,86.7,85.0,85.1,85.866666667,84.1,86.916666667,95.95,88.0,87.45,86.05,92.9,96.4,89.566666667
m155_gpu6,gpu,utilization,87.6,87.8,96.5,88.4,92.333333333,96.55,87.833333333,87.4,98.0,96.166666667,87.4,86.1,97.6,93.833333333
m155_gpu7,gpu,utilization,87.4,85.75,89.4,87.2,97.6,91.8,88.5,94.583333333,98.166666667,93.083333333,89.0,89.75,92.8,89.95
