name,machine_type,trace,-10,-9,-8,-7,-6,-5,-4,-3,-2,-1,0,1,2,3
m114_gpu0,gpu,utilization,0.0,0.0,1.3,21.666666667,86.666666667,1.4666666667,10.183333333,3.8833333333,2.7,0.0,4.9,44.1,8.3333333333,95.066666667
m114_gpu3,gpu,utilization,0.0,0.0,0.65,19.166666667,86.666666667,0.0,0.0,0.35,2.7,0.0,0.0,0.0,0.0,5.4
m234_gpu3,gpu,utilization,0.8,2.25,21.666666667,83.333333333,0.0,0.0,11.666666667,88.333333333,10.0,95.066666667,23.4,0.0,0.0,0.0
m234_gpu7,gpu,utilization,0.0,1.0,17.433333333,55.0,0.0,0.0,11.2,84.8,10.0,100.0,90.0,0.0,0.0,0.0
m193_gpu0,gpu,utilization,0.0,0.0,0.0,0.0,0.0,10.933333333,72.433333333,0.0,0.0,0.0,10.0,90.0,0.0,0.0
m193_gpu1,gpu,utilization,0.8,2.25,15.816666667,60.833333333,0.53333333333,3.4666666667,1.9833333333,15.016666667,0.0,6.4,94.4,72.0,0.0,0.2
m341_gpu4,gpu,utilization,0.0,0.0,0.0,0.16666666667,1.6666666667,6.1333333333,6.1833333333,11.666666667,90.0,0.0,0.0,10.0,91.666666667,0.0
m341_gpu6,gpu,utilization,0.0,0.0,0.0,0.5,2.6,0.53333333333,8.9,40.633333333,0.0,0.0,0.0,0.0,0.0,0.0
