name,machine_type,trace,-10,-9,-8,-7,-6,-5,-4,-3,-2,-1,0,1,2,3
m267_gpu0,gpu,utilization,95.0,98.933333333,97.1,97.0,97.983333333,98.0,98.0,98.0,97.083333333,98.733333333,97.266666667,97.866666667,98.0,98.0
m267_gpu1,gpu,utilization,95.0,98.933333333,98.05,97.066666667,97.0,97.983333333,98.0,98.0,97.083333333,98.733333333,97.266666667,97.866666667,98.0,98.0
m267_gpu4,gpu,utilization,96.0,98.95,98.05,97.066666667,97.0,97.0,97.933333333,98.0,97.083333333,98.733333333,95.533333333,97.6,98.0,98.0
m267_gpu7,gpu,utilization,97.0,98.966666667,98.05,97.066666667,97.983333333,98.0,98.0,97.033333333,97.0,98.733333333,97.266666667,97.866666667,98.0,97.116666667
