name,machine_type,trace,-10,-9,-8,-7,-6,-5,-4,-3,-2,-1,0,1,2,3
m368_gpu0,gpu,utilization,41.15,40.0,48.416666667,31.366666667,22.083333333,34.4,26.1,23.6,41.8,42.85,44.6,54.366666667,46.583333333,49.466666667
m368_gpu1,gpu,utilization,39.6,42.666666667,52.083333333,56.033333333,41.916666667,35.65,35.866666667,33.35,57.6,56.316666667,36.85,50.933333333,53.333333333,44.0
m368_gpu2,gpu,utilization,42.75,47.0,52.5,52.066666667,37.25,59.6,53.533333333,33.2,62.2,65.7,26.9,15.533333333,37.583333333,51.0
m368_gpu3,gpu,utilization,37.4,44.75,52.666666667,32.666666667,23.25,38.05,33.366666667,29.85,50.066666667,50.983333333,30.15,32.1,44.416666667,47.166666667
m368_gpu4,gpu,utilization,49.6,40.416666667,48.083333333,32.666666667,23.833333333,57.75,50.8,30.0,51.866666667,50.216666667,32.95,35.1,40.833333333,67.266666667
m368_gpu5,gpu,utilization,41.25,42.75,50.666666667,50.5,35.833333333,41.0,40.366666667,24.75,53.733333333,45.366666667,22.35,48.6,50.75,48.133333333
m368_gpu6,gpu,utilization,44.05,42.583333333,47.916666667,47.066666667,35.75,35.85,35.033333333,32.0,56.533333333,59.15,38.55,46.666666667,55.5,55.466666667
m368_gpu7,gpu,utilization,32.95,33.75,43.666666667,30.933333333,22.083333333,38.25,28.566666667,25.35,16.466666667,17.466666667,35.8,36.266666667,38.583333333,53.666666667
