name,machine_type,trace,-10,-9,-8,-7,-6,-5,-4,-3,-2,-1,0,1,2,3
m342_gpu0,gpu,utilization,92.0,64.866666667,12.0,18.55,42.85,36.65,59.2,47.966666667,12.833333333,42.933333333,92.0,92.0,46.0,44.466666667
m342_gpu1,gpu,utilization,4.0,2.5333333333,0.0,17.15,40.25,35.116666667,56.666666667,39.9,0.0,1.8666666667,4.0,4.0,2.0,1.9333333333
