name,machine_type,trace,-10,-9,-8,-7,-6,-5,-4,-3,-2,-1,0,1,2,3
m46_gpu0,gpu,utilization,21.6,0.0,14.833333333,80.733333333,26.85,32.266666667,63.266666667,0.8,10.8,31.2,34.55,81.333333333,60.833333333,0.0
m46_gpu1,gpu,utilization,21.6,0.0,14.0,76.4,26.85,33.466666667,71.066666667,0.0,3.15,26.866666667,34.1,79.333333333,63.333333333,0.0
m46_gpu2,gpu,utilization,21.6,0.0,15.0,81.6,28.95,45.733333333,71.933333333,0.0,3.15,27.0,35.1,77.666666667,50.833333333,0.0
m46_gpu3,gpu,utilization,20.0,0.0,14.166666667,77.133333333,25.85,33.4,76.266666667,0.0,3.0333333333,25.866666667,34.0,83.333333333,62.5,0.0
m46_gpu4,gpu,utilization,21.6,0.0,15.0,81.6,26.85,32.4,64.133333333,0.4,7.9666666667,36.4,35.45,86.666666667,62.5,0.0
m46_gpu5,gpu,utilization,21.6,0.0,13.5,73.8,26.85,32.4,64.133333333,0.0,3.15,26.866666667,33.95,78.166666667,61.666666667,0.0
m46_gpu6,gpu,utilization,21.6,0.0,14.833333333,80.6,26.0,33.066666667,68.466666667,0.0,3.0333333333,26.0,33.8,75.166666667,50.833333333,0.0
m46_gpu7,gpu,utilization,20.8,0.0,11.833333333,65.0,25.85,31.4,63.266666667,0.0,4.2,34.666666667,34.7,82.333333333,61.666666667,0.0
