name,machine_type,trace,-10,-9,-8,-7,-6,-5,-4,-3,-2,-1,0,1,2,3
m170_gpu0,gpu,utilization,0.0,3.5583333333,3.5583333333,12.8,0.21666666667,1.0,20.0,19.666666667,0.0,0.58333333333,3.325,3.325,19.0,0.31666666667
m170_gpu1,gpu,utilization,0.0,3.05,3.05,11.8,0.28333333333,5.05,6.6,17.7,0.0,0.5,2.85,2.85,13.0,0.21666666667
m170_gpu2,gpu,utilization,0.0,3.05,3.05,12.766666667,0.21666666667,0.95,19.0,18.683333333,0.0,0.5,2.85,2.85,18.0,0.3
m170_gpu3,gpu,utilization,0.0,0.0,0.0,5.8,0.2,5.7,0.9,17.7,0.0,0.5,2.85,2.85,16.0,0.26666666667
