name,machine_type,trace,-10,-9,-8,-7,-6,-5,-4,-3,-2,-1,0,1,2,3
m284_gpu0,gpu,utilization,92.0,92.0,92.0,92.0,18.4,72.066666667,92.0,92.0,92.0,92.0,92.0,92.0,92.0,92.0
m284_gpu1,gpu,utilization,92.183333333,92.0,92.0,92.0,18.4,72.066666667,92.0,92.0,92.0,92.733333333,92.266666667,92.0,92.0,92.75
m284_gpu2,gpu,utilization,92.0,92.766666667,91.433333333,91.766666667,18.4,72.066666667,92.0,92.0,91.25,91.733333333,92.0,92.0,92.0,92.0
m284_gpu3,gpu,utilization,91.816666667,91.233333333,91.0,91.0,18.2,71.283333333,91.766666667,92.0,91.25,91.733333333,92.0,92.0,91.25,91.75
m284_gpu4,gpu,utilization,92.0,92.0,92.0,92.0,18.4,72.066666667,92.0,92.0,92.0,92.0,91.266666667,91.75,92.0,92.0
m284_gpu5,gpu,utilization,92.0,92.0,92.0,92.0,18.4,72.066666667,92.0,91.266666667,91.75,92.733333333,92.266666667,92.0,92.0,92.0
m284_gpu6,gpu,utilization,93.183333333,93.0,93.0,93.0,18.6,72.85,93.0,93.0,93.0,93.0,93.0,93.0,93.0,93.0
m284_gpu7,gpu,utilization,92.183333333,92.766666667,92.216666667,92.766666667,18.6,72.85,93.0,93.0,93.0,92.266666667,92.733333333,93.0,93.0,93.0
