name,machine_type,trace,-10,-9,-8,-7,-6,-5,-4,-3,-2,-1,0,1,2,3
m391_gpu1,gpu,utilization,98.0,98.883333333,8.25,84.933333333,98.85,98.133333333,99.8,99.15,99.85,92.05,97.8,98.2,97.15,88.333333333
m391_gpu2,gpu,utilization,98.733333333,99.0,8.25,84.066666667,97.85,98.866666667,99.0,99.85,84.7,92.6,96.55,97.0,97.85,93.666666667
m391_gpu4,gpu,utilization,98.733333333,99.883333333,8.3333333333,84.933333333,98.0,98.0,98.9,99.0,99.85,91.166666667,96.8,97.2,97.85,98.0
m391_gpu6,gpu,utilization,99.733333333,99.116666667,8.25,84.933333333,98.85,98.133333333,99.8,100.0,100.0,88.516666667,97.2,97.4,97.0,90.066666667
