name,machine_type,trace,-10,-9,-8,-7,-6,-5,-4,-3,-2,-1,0,1,2,3
m348_gpu1,gpu,utilization,99.5,94.9,96.5,99.35,96.933333333,98.15,94.1,95.75,97.716666667,99.366666667,97.9,98.333333333,96.85,97.333333333
m348_gpu2,gpu,utilization,98.666666667,93.05,96.166666667,92.3,95.6,97.716666667,99.4,97.75,97.716666667,97.316666667,96.3,97.333333333,96.566666667,98.0
m348_gpu3,gpu,utilization,99.5,96.6,96.833333333,93.083333333,95.833333333,98.433333333,99.7,98.5,98.716666667,99.683333333,97.2,97.333333333,95.85,96.333333333
m348_gpu6,gpu,utilization,99.666666667,97.45,97.0,86.816666667,93.966666667,98.433333333,93.4,95.5,98.433333333,99.683333333,97.9,98.333333333,92.55,95.333333333
