name,machine_type,trace,-10,-9,-8,-7,-6,-5,-4,-3,-2,-1,0,1,2,3
m23_gpu0,gpu,utilization,84.35,62.866666667,24.65,62.4,3.5,26.1,62.35,20.3,86.733333333,86.533333333,87.066666667,84.433333333,85.766666667,68.0
m23_gpu1,gpu,utilization,18.85,87.0,87.283333333,64.3,33.0,88.4,62.35,19.833333333,85.533333333,86.733333333,86.233333333,87.216666667,67.466666667,17.4
m23_gpu2,gpu,utilization,86.35,64.4,24.933333333,64.6,33.4,88.0,63.066666667,20.766666667,65.266666667,22.933333333,84.6,62.666666667,0.0,17.0
m23_gpu3,gpu,utilization,0.0,0.0,24.366666667,61.7,29.6,86.4,60.916666667,20.066666667,86.266666667,86.2,84.933333333,68.933333333,18.433333333,63.2
m23_gpu4,gpu,utilization,18.85,87.0,87.0,66.0,35.9,80.6,83.416666667,86.3,84.266666667,84.733333333,84.0,65.8,20.066666667,68.8
m23_gpu5,gpu,utilization,85.433333333,66.7,24.65,63.3,31.7,85.5,58.766666667,20.3,63.8,22.4,83.766666667,65.016666667,19.366666667,84.2
m23_gpu6,gpu,utilization,18.633333333,85.3,81.3,55.4,29.3,86.9,63.783333333,19.133333333,83.066666667,85.733333333,84.3,64.233333333,19.133333333,65.6
m23_gpu7,gpu,utilization,18.416666667,65.166666667,24.083333333,62.2,33.0,88.1,61.633333333,20.533333333,87.733333333,86.733333333,86.0,67.366666667,20.766666667,71.2
