name,machine_type,trace,-10,-9,-8,-7,-6,-5,-4,-3,-2,-1,0,1,2,3
m81_gpu0,gpu,utilization,99.766666667,96.733333333,96.0,99.2,99.2,99.0,98.233333333,98.8,97.366666667,98.666666667,93.05,88.666666667,95.2,98.5
m81_gpu1,gpu,utilization,89.8,94.35,94.466666667,98.0,96.6,97.633333333,97.233333333,98.6,96.55,98.5,87.1,92.5,95.6,98.25
m81_gpu4,gpu,utilization,99.0,96.55,93.7,98.6,99.2,99.0,98.233333333,98.8,96.55,98.5,90.5,92.333333333,95.4,98.25
m81_gpu5,gpu,utilization,99.766666667,98.366666667,92.633333333,98.2,98.4,96.366666667,97.533333333,98.8,96.55,99.333333333,89.8,88.0,96.0,98.0
