name,machine_type,trace,-10,-9,-8,-7,-6,-5,-4,-3,-2,-1,0,1,2,3
m210_gpu0,gpu,utilization,26.8,97.766666667,97.4,99.0,99.0,98.866666667,98.0,78.4,0.0,11.433333333,97.333333333,93.466666667,97.15,98.0
m210_gpu1,gpu,utilization,62.2,95.933333333,99.0,99.0,99.0,98.866666667,98.15,84.4,22.1,11.433333333,97.866666667,96.883333333,96.45,98.866666667
m210_gpu2,gpu,utilization,41.8,97.0,97.2,97.833333333,94.25,83.866666667,96.3,81.8,14.45,11.433333333,97.866666667,97.116666667,96.95,91.933333333
m210_gpu3,gpu,utilization,24.2,97.233333333,98.2,98.5,96.55,98.866666667,98.15,89.8,45.05,11.316666667,95.8,87.183333333,83.55,98.133333333
m210_gpu4,gpu,utilization,36.4,94.933333333,98.0,97.833333333,97.183333333,98.133333333,98.7,88.2,45.05,11.433333333,98.0,98.116666667,98.85,98.0
m210_gpu5,gpu,utilization,33.0,97.233333333,98.2,99.0,99.0,98.733333333,96.25,74.4,3.4,10.733333333,92.666666667,97.116666667,98.0,98.133333333
m210_gpu6,gpu,utilization,25.2,95.166666667,96.2,87.333333333,99.0,98.866666667,96.65,79.6,35.7,11.433333333,97.6,95.233333333,97.0,96.6
m210_gpu7,gpu,utilization,61.6,93.4,98.0,98.0,98.0,98.133333333,98.85,84.8,27.2,11.433333333,97.866666667,97.233333333,98.85,98.0
