name,machine_type,trace,-10,-9,-8,-7,-6,-5,-4,-3,-2,-1,0,1,2,3
m91_gpu0,gpu,utilization,75.833333333,91.0,18.2,74.4,92.166666667,93.666666667,15.666666667,71.283333333,91.0,25.783333333,0.0,12.9,4.5,38.383333333
m91_gpu4,gpu,utilization,77.5,89.733333333,17.8,72.0,90.833333333,91.833333333,15.333333333,71.283333333,24.266666667,0.0,0.0,63.783333333,22.25,41.516666667
