name,machine_type,trace,-10,-9,-8,-7,-6,-5,-4,-3,-2,-1,0,1,2,3
m7_gpu3,gpu,utilization,94.816666667,12.666666667,84.6,94.866666667,95.0,94.166666667,20.366666667,71.25,95.0,94.316666667,47.333333333,68.966666667,94.4,94.55
m7_gpu4,gpu,utilization,94.183333333,12.533333333,85.5,95.0,94.15,94.0,20.366666667,71.25,95.0,94.316666667,64.0,77.5,94.6,95.0
m7_gpu5,gpu,utilization,94.0,12.533333333,84.6,94.0,94.0,94.0,20.366666667,70.5,94.733333333,94.316666667,89.333333333,92.066666667,94.4,94.0
m7_gpu6,gpu,utilization,95.0,12.666666667,85.5,95.0,95.0,95.0,20.583333333,71.25,95.0,95.0,35.666666667,62.366666667,95.0,95.0
m381_gpu0,gpu,utilization,94.0,12.533333333,84.6,94.0,93.15,93.833333333,20.366666667,71.25,94.266666667,94.0,36.666666667,62.466666667,94.0,94.0
m381_gpu1,gpu,utilization,94.0,12.533333333,84.6,94.0,94.0,94.0,20.366666667,71.25,94.266666667,94.0,36.666666667,61.833333333,93.6,94.0
m381_gpu3,gpu,utilization,94.0,12.533333333,85.5,94.133333333,93.15,93.833333333,20.366666667,71.25,94.266666667,94.683333333,35.0,62.0,94.4,94.55
m381_gpu6,gpu,utilization,95.0,12.666666667,85.5,95.0,94.15,94.833333333,20.583333333,71.25,95.0,95.0,35.0,62.0,95.0,95.0
