name,machine_type,trace,-10,-9,-8,-7,-6,-5,-4,-3,-2,-1,0,1,2,3
m348_gpu0,gpu,utilization,92.0,92.0,92.0,92.0,16.866666667,70.533333333,92.0,92.0,92.0,92.0,92.0,92.0,92.0,92.0
m348_gpu1,gpu,utilization,92.0,92.9,92.116666667,92.0,16.866666667,70.533333333,92.816666667,92.166666667,92.0,92.0,92.85,93.0,92.15,92.8
m348_gpu2,gpu,utilization,92.0,92.0,92.0,92.0,16.866666667,70.533333333,92.0,92.0,92.0,92.0,92.0,92.0,92.0,92.0
m348_gpu3,gpu,utilization,92.0,92.0,92.0,92.0,92.0,92.0,92.0,92.0,92.0,92.0,92.0,92.0,92.0,92.0
m348_gpu4,gpu,utilization,92.0,92.0,92.0,92.0,92.0,92.0,92.0,92.0,92.0,92.0,92.0,92.0,92.0,92.0
m348_gpu5,gpu,utilization,91.083333333,91.9,92.0,92.0,16.866666667,70.533333333,92.0,92.0,92.0,92.0,92.0,92.0,92.0,92.0
m348_gpu6,gpu,utilization,93.0,93.9,93.116666667,93.833333333,93.183333333,93.766666667,93.183333333,93.0,41.15,80.8,93.0,93.0,93.0,93.0
m348_gpu7,gpu,utilization,93.916666667,93.1,93.0,93.0,17.05,71.3,93.0,93.0,26.7,77.4,93.0,93.0,93.0,93.0
