name,machine_type,trace,-10,-9,-8,-7,-6,-5,-4,-3,-2,-1,0,1,2,3
m351_gpu0,gpu,utilization,82.75,83.0,83.0,74.833333333,73.85,9.8666666667,0.0,0.0,0.0,0.0,76.083333333,83.0,9.6833333333,0.0
m351_gpu1,gpu,utilization,82.75,82.783333333,82.2,77.1,76.0,10.133333333,0.0,0.0,0.0,0.0,78.833333333,82.333333333,9.5666666667,0.0
m351_gpu2,gpu,utilization,82.75,82.0,82.0,77.916666667,77.0,10.266666667,0.0,0.0,0.0,0.0,75.166666667,82.0,9.5666666667,0.0
m351_gpu3,gpu,utilization,82.0,82.0,82.0,76.283333333,75.85,10.133333333,0.0,0.0,0.0,0.0,75.166666667,85.666666667,10.033333333,0.0
