name,machine_type,trace,-10,-9,-8,-7,-6,-5,-4,-3,-2,-1,0,1,2,3
m399_gpu0,gpu,utilization,95.1,95.333333333,99.5,73.0,96.5,46.45,85.0,93.666666667,98.716666667,100.0,100.0,98.566666667,31.033333333,49.883333333
m399_gpu1,gpu,utilization,91.35,53.666666667,95.1,91.0,98.833333333,94.9,97.2,75.5,94.683333333,69.783333333,91.366666667,97.85,37.55,68.083333333
m399_gpu2,gpu,utilization,94.866666667,77.6,97.6,80.2,97.433333333,57.5,88.4,83.833333333,96.516666667,58.35,88.1,98.566666667,31.033333333,53.983333333
m399_gpu3,gpu,utilization,95.1,69.2,96.7,73.9,96.616666667,76.2,93.6,91.5,98.166666667,68.966666667,91.133333333,97.85,30.716666667,68.333333333
m399_gpu4,gpu,utilization,97.116666667,87.666666667,98.7,69.4,96.033333333,100.0,99.2,80.666666667,95.783333333,86.116666667,96.033333333,97.133333333,42.7,73.35
m399_gpu5,gpu,utilization,99.883333333,91.6,99.1,56.8,94.4,86.4,92.8,99.166666667,100.0,95.1,98.6,97.85,32.766666667,68.6
m399_gpu6,gpu,utilization,98.3,96.2,99.6,47.8,93.233333333,94.05,92.2,93.666666667,98.9,95.1,98.6,97.85,30.716666667,68.333333333
m399_gpu7,gpu,utilization,93.7,97.666666667,99.8,23.5,90.083333333,99.15,93.4,58.666666667,91.2,99.183333333,99.766666667,97.85,30.716666667,68.333333333
