name,machine_type,trace,-10,-9,-8,-7,-6,-5,-4,-3,-2,-1,0,1,2,3
m250_gpu2,gpu,utilization,21.166666667,1.6333333333,85.0,11.666666667,86.666666667,100.0,16.666666667,0.0,0.0,0.0,83.333333333,100.0,100.0,100.0
m250_gpu3,gpu,utilization,19.333333333,2.3333333333,85.0,100.0,13.333333333,0.0,83.333333333,100.0,8.3333333333,86.666666667,100.0,100.0,26.666666667,82.4
m250_gpu4,gpu,utilization,91.666666667,100.0,100.0,45.233333333,91.733333333,11.666666667,83.333333333,13.333333333,0.0,86.666666667,100.0,16.666666667,0.0,80.0
m250_gpu6,gpu,utilization,100.0,11.666666667,85.0,11.666666667,0.0,0.0,23.333333333,50.533333333,4.5,0.0,83.333333333,18.333333333,83.666666667,72.0
