name,machine_type,trace,-10,-9,-8,-7,-6,-5,-4,-3,-2,-1,0,1,2,3
m29_gpu0,gpu,utilization,0.0,0.0,0.0,0.0,0.0,0.0,0.0,0.0,0.0,0.0,0.0,0.0,0.0,0.0
m29_gpu1,gpu,utilization,93.333333333,84.333333333,93.933333333,92.9,91.866666667,91.3,92.7,89.533333333,86.4,92.166666667,94.133333333,95.333333333,89.05,89.05
m29_gpu2,gpu,utilization,0.0,0.0,0.0,0.0,0.0,0.0,0.0,0.0,0.0,0.0,0.0,0.0,0.0,0.0
m29_gpu3,gpu,utilization,94.4,84.366666667,39.533333333,71.8,46.066666667,68.55,84.2,94.533333333,89.0,63.916666667,95.866666667,93.833333333,71.525,71.525
m29_gpu4,gpu,utilization,0.0,0.0,0.0,0.0,0.0,0.0,0.0,0.0,0.0,0.0,0.0,0.0,0.0,0.0
m29_gpu5,gpu,utilization,100.0,99.866666667,94.2,71.7,90.8,56.25,55.9,90.883333333,89.533333333,83.916666667,93.933333333,92.25,52.5,52.5
m29_gpu6,gpu,utilization,89.933333333,61.0,62.733333333,87.1,85.866666667,67.95,48.8,82.183333333,77.066666667,91.0,80.8,92.0,92.0,92.0
m29_gpu7,gpu,utilization,0.0,0.0,0.0,0.0,0.0,0.0,0.0,0.0,0.0,0.0,0.0,0.0,0.0,0.0
