name,machine_type,trace,-10,-9,-8,-7,-6,-5,-4,-3,-2,-1,0,1,2,3
m117_gpu1,gpu,utilization,18.083333333,79.7,81.066666667,1.35,0.0,79.266666667,63.316666667,63.316666667,77.35,77.35,56.0,81.566666667,2.7333333333,0.0
m117_gpu2,gpu,utilization,16.116666667,78.65,82.0,1.3666666667,0.0,79.266666667,66.758333333,66.758333333,31.675,31.675,81.0,81.983333333,2.7333333333,0.0
m117_gpu5,gpu,utilization,7.2833333333,70.6,82.7,1.3833333333,0.0,80.233333333,70.2,70.2,15.491666667,15.491666667,81.0,82.966666667,2.7666666667,0.0
m117_gpu6,gpu,utilization,7.2833333333,53.5,81.133333333,1.3666666667,0.0,79.266666667,75.625,75.625,34.283333333,34.283333333,72.0,73.966666667,2.4666666667,38.666666667
m357_gpu2,gpu,utilization,81.016666667,77.2,34.466666667,0.55,0.0,66.7,68.725,68.725,44.283333333,44.283333333,34.0,68.416666667,2.3,69.6
m357_gpu5,gpu,utilization,73.15,60.65,4.9,0.05,0.0,79.266666667,81.0,81.0,46.858333333,46.858333333,16.0,1.25,0.033333333333,78.3
m357_gpu6,gpu,utilization,80.016666667,80.0,27.8,0.43333333333,0.0,59.933333333,80.525,80.525,45.916666667,45.916666667,53.0,12.683333333,0.4,70.566666667
m357_gpu7,gpu,utilization,82.983333333,81.1,10.433333333,0.13333333333,0.0,80.233333333,73.15,73.15,45.316666667,45.316666667,42.0,0.7,0.0,30.933333333
