name,machine_type,trace,-10,-9,-8,-7,-6,-5,-4,-3,-2,-1,0,1,2,3
m370_gpu0,gpu,utilization,0.0,0.0,0.0,0.0,0.0,23.1,50.75,64.366666667,56.133333333,57.6,70.916666667,62.333333333,51.866666667,52.166666667
m370_gpu1,gpu,utilization,0.0,0.0,0.0,0.0,0.0,0.0,0.0,0.0,0.0,0.0,0.0,0.0,0.0,0.0
