name,machine_type,trace,-10,-9,-8,-7,-6,-5,-4,-3,-2,-1,0,1,2,3
m169_gpu0,gpu,utilization,63.55,28.933333333,0.0,28.5,29.45,0.0,32.4,68.25,34.65,0.0,39.633333333,38.266666667,50.133333333,84.65
m169_gpu1,gpu,utilization,37.2,0.0,42.666666667,83.0,87.45,45.983333333,40.05,51.916666667,41.85,49.6,39.15,37.8,50.133333333,92.9
m169_gpu2,gpu,utilization,23.2,22.4,0.0,31.5,32.55,0.0,31.95,41.416666667,29.25,34.666666667,36.733333333,35.466666667,0.0,45.65
m169_gpu3,gpu,utilization,25.133333333,24.266666667,26.666666667,25.0,46.4,49.6,0.0,0.0,0.0,0.0,32.383333333,79.8,42.466666667,37.95
m169_gpu4,gpu,utilization,74.383333333,36.4,41.066666667,77.0,39.783333333,0.0,40.5,52.5,35.1,41.6,40.6,89.333333333,43.866666667,49.5
m169_gpu5,gpu,utilization,68.833333333,20.066666667,40.533333333,77.5,58.7,19.116666667,35.55,46.083333333,39.15,46.4,39.15,37.8,48.0,85.6
m169_gpu6,gpu,utilization,39.15,37.8,47.466666667,88.0,44.95,0.0,36.9,47.833333333,0.0,0.0,40.6,86.666666667,41.533333333,0.0
m169_gpu7,gpu,utilization,35.766666667,34.533333333,0.0,33.5,34.616666667,0.0,0.0,0.0,35.55,42.133333333,40.6,39.2,50.133333333,42.3
