name,machine_type,trace,-10,-9,-8,-7,-6,-5,-4,-3,-2,-1,0,1,2,3
m408_gpu0,gpu,utilization,0.0,16.666666667,100.0,100.0,78.333333333,3.2666666667,10.966666667,20.0,100.0,80.0,0.21666666667,0.76666666667,20.8,96.8
m408_gpu1,gpu,utilization,100.0,91.833333333,40.8,0.0,14.516666667,74.7,100.0,80.0,0.0,20.0,100.0,100.0,93.066666667,54.4
m408_gpu2,gpu,utilization,0.86666666667,3.0,14.4,0.0,0.0,1.8666666667,6.2666666667,0.0,0.0,1.2,4.7,0.0,14.083333333,52.0
m408_gpu3,gpu,utilization,0.0,1.5,7.2,0.0,0.43333333333,3.1666666667,5.4833333333,0.0,0.0,1.2,4.7,0.0,13.65,50.4
