name,machine_type,trace,-10,-9,-8,-7,-6,-5,-4,-3,-2,-1,0,1,2,3
m148_gpu0,gpu,utilization,98.0,62.9,54.233333333,63.166666667,48.416666667,53.666666667,44.333333333,91.25,88.933333333,90.0,51.15,44.55,84.066666667,81.933333333
m148_gpu2,gpu,utilization,98.0,58.4,48.133333333,62.583333333,48.416666667,52.733333333,38.2,86.75,81.466666667,82.5,51.116666667,44.65,91.466666667,90.533333333
m148_gpu4,gpu,utilization,98.0,66.5,58.766666667,63.166666667,48.416666667,53.666666667,42.266666667,89.45,84.666666667,85.5,98.0,98.0,88.666666667,87.333333333
m148_gpu5,gpu,utilization,93.333333333,53.35,41.766666667,54.083333333,49.583333333,65.8,23.833333333,59.15,54.133333333,60.0,57.433333333,51.25,98.0,92.866666667
