name,machine_type,trace,-10,-9,-8,-7,-6,-5,-4,-3,-2,-1,0,1,2,3
m57_gpu0,gpu,utilization,97.833333333,98.0,98.0,98.0,98.0,98.0,98.0,98.866666667,98.116666667,98.0,98.85,98.116666667,98.0,97.15
m57_gpu1,gpu,utilization,98.666666667,99.0,98.166666667,96.266666667,97.8,98.0,98.0,98.0,98.0,98.0,98.0,98.883333333,98.116666667,98.0
m57_gpu2,gpu,utilization,98.666666667,98.183333333,97.166666667,97.866666667,98.0,98.916666667,98.116666667,98.0,98.0,98.0,98.0,98.0,98.0,98.85
m57_gpu3,gpu,utilization,98.833333333,99.0,98.166666667,98.0,98.0,98.0,98.0,98.0,98.0,98.0,98.0,98.883333333,99.0,98.15
m57_gpu4,gpu,utilization,98.0,98.0,98.0,98.0,98.0,96.166666667,97.766666667,98.0,98.0,98.0,98.0,97.116666667,97.883333333,97.15
m57_gpu5,gpu,utilization,98.0,97.183333333,97.0,97.866666667,98.9,97.166666667,96.116666667,97.733333333,98.0,98.0,98.85,98.116666667,98.883333333,97.3
m57_gpu6,gpu,utilization,98.0,98.0,98.0,97.133333333,97.9,98.0,98.0,98.0,97.116666667,97.883333333,98.0,98.0,98.0,97.15
m57_gpu7,gpu,utilization,97.833333333,98.0,98.0,98.0,98.9,98.083333333,97.116666667,98.733333333,98.116666667,98.0,98.0,97.116666667,97.883333333,98.85
