name,machine_type,trace,-10,-9,-8,-7,-6,-5,-4,-3,-2,-1,0,1,2,3
m254_gpu0,gpu,utilization,86.666666667,100.0,100.0,10.0,90.25,3.1666666667,63.25,58.2,88.2,15.5,39.95,5.6,83.15,11.85
m254_gpu1,gpu,utilization,88.866666667,10.85,71.066666667,82.0,4.1,0.0,91.666666667,100.0,13.333333333,0.0,0.85,74.8,55.616666667,6.95
m254_gpu2,gpu,utilization,86.666666667,11.666666667,15.6,60.3,3.25,0.0,91.666666667,10.0,86.666666667,16.666666667,74.8,79.0,51.5,93.05
m254_gpu3,gpu,utilization,86.666666667,11.666666667,0.0,75.6,4.2,96.666666667,87.166666667,8.6,0.0,0.0,85.0,10.0,0.88333333333,0.11666666667
m254_gpu4,gpu,utilization,88.066666667,10.383333333,0.0,77.4,4.3,94.733333333,37.5,93.2,71.4,94.5,87.25,9.4,88.45,85.866666667
m254_gpu5,gpu,utilization,98.0,11.666666667,52.0,96.0,5.0,60.9,5.25,90.0,100.0,21.666666667,85.9,10.0,88.333333333,69.966666667
m254_gpu6,gpu,utilization,15.066666667,0.23333333333,86.666666667,55.9,2.55,49.3,4.25,54.9,9.0,83.5,15.0,90.0,54.95,54.3
m254_gpu7,gpu,utilization,11.733333333,0.0,70.2,98.1,5.0,0.0,57.75,7.2,86.8,17.5,0.15,0.0,0.0,88.333333333
