name,machine_type,trace,-10,-9,-8,-7,-6,-5,-4,-3,-2,-1,0,1,2,3
m223_gpu0,gpu,utilization,92.7,92.266666667,92.0,61.25,52.2,79.666666667,42.05,51.8,58.8,67.266666667,92.0,70.666666667,74.666666667,92.0
m223_gpu1,gpu,utilization,77.9,92.0,92.0,50.316666667,70.65,92.0,43.283333333,5.6333333333,50.6,92.0,92.0,92.0,92.0,92.0
m223_gpu2,gpu,utilization,92.0,92.733333333,92.266666667,38.016666667,31.85,75.333333333,42.05,4.7666666667,50.6,62.666666667,66.333333333,69.6,73.8,92.0
m223_gpu3,gpu,utilization,92.0,92.0,92.0,79.016666667,85.35,65.333333333,33.5,9.5333333333,50.6,92.0,92.0,92.0,92.0,92.0
m223_gpu4,gpu,utilization,50.0,76.0,61.933333333,34.6,69.25,92.0,43.9,6.0666666667,50.6,92.0,73.333333333,54.333333333,74.666666667,92.0
m223_gpu5,gpu,utilization,92.0,91.266666667,91.733333333,44.85,67.85,92.0,42.666666667,5.2,31.9,76.133333333,92.0,92.0,92.0,92.0
m223_gpu6,gpu,utilization,92.7,93.0,93.0,45.166666667,68.5,93.0,42.433333333,4.7666666667,29.7,74.8,93.0,93.0,93.0,93.0
m223_gpu7,gpu,utilization,93.0,93.0,93.0,67.033333333,79.7,93.0,42.433333333,4.7666666667,51.15,67.4,70.6,61.533333333,67.433333333,93.0
