name,machine_type,trace,-10,-9,-8,-7,-6,-5,-4,-3,-2,-1,0,1,2,3
m22_gpu0,gpu,utilization,92.6,99.9,99.116666667,48.6,92.4,65.15,91.8,51.2,90.85,49.85,89.183333333,100.0,55.0,93.333333333
m22_gpu1,gpu,utilization,92.733333333,99.9,99.116666667,45.9,92.0,62.6,91.2,61.6,92.8,54.1,90.1,100.0,66.7,95.066666667
m22_gpu2,gpu,utilization,92.2,70.2,95.266666667,46.8,92.133333333,61.75,91.0,61.6,92.8,73.65,94.316666667,100.0,61.3,94.266666667
m22_gpu3,gpu,utilization,92.6,80.1,96.55,47.7,92.266666667,65.15,91.8,58.4,92.2,60.9,91.566666667,100.0,57.7,93.733333333
m22_gpu4,gpu,utilization,92.866666667,79.2,96.433333333,47.7,92.266666667,59.2,90.4,71.2,94.6,69.4,93.4,100.0,57.7,93.733333333
m22_gpu5,gpu,utilization,93.4,99.9,99.116666667,53.1,93.066666667,58.35,90.2,67.2,93.85,48.15,88.816666667,99.133333333,72.9,96.0
m22_gpu6,gpu,utilization,91.666666667,98.1,98.883333333,46.8,92.133333333,63.45,91.4,38.4,88.45,46.45,88.45,100.0,53.2,93.066666667
m22_gpu7,gpu,utilization,91.666666667,89.1,97.716666667,46.8,92.133333333,53.25,89.0,38.4,88.45,54.95,90.283333333,100.0,55.0,93.333333333
