name,machine_type,trace,-10,-9,-8,-7,-6,-5,-4,-3,-2,-1,0,1,2,3
m309_gpu0,gpu,utilization,100.0,99.116666667,99.85,56.666666667,47.3,92.05,100.0,100.0,99.15,99.866666667,100.0,8.3333333333,0.0,0.0
m309_gpu1,gpu,utilization,100.0,99.116666667,99.85,44.533333333,39.6,91.0,100.0,100.0,99.15,99.866666667,100.0,8.3333333333,0.0,0.0
m309_gpu2,gpu,utilization,100.0,99.116666667,93.05,54.733333333,37.3,90.4,100.0,100.0,99.15,99.0,99.883333333,8.3333333333,0.0,0.0
m309_gpu3,gpu,utilization,100.0,99.116666667,99.85,40.2,40.9,91.3,100.0,100.0,99.15,99.866666667,100.0,8.3333333333,0.0,0.0
m309_gpu4,gpu,utilization,100.0,99.116666667,94.75,57.6,43.0,91.3,100.0,100.0,99.15,99.0,99.883333333,8.3333333333,0.0,0.0
m309_gpu5,gpu,utilization,100.0,99.116666667,87.1,64.2,46.6,91.75,100.0,100.0,99.15,99.0,99.883333333,8.3333333333,0.0,0.0
m309_gpu6,gpu,utilization,100.0,99.116666667,82.85,52.266666667,44.4,91.6,100.0,100.0,99.15,99.0,99.883333333,8.3333333333,0.0,0.0
m309_gpu7,gpu,utilization,100.0,99.116666667,99.85,62.733333333,42.6,91.15,100.0,99.15,99.0,99.0,99.883333333,8.3333333333,0.0,0.0
