name,machine_type,trace,-10,-9,-8,-7,-6,-5,-4,-3,-2,-1,0,1,2,3
m243_gpu0,gpu,utilization,6.2,1.4,31.2,9.75,17.633333333,50.2,13.716666667,20.15,4.45,0.13333333333,0.76666666667,46.133333333,53.1,24.833333333
m243_gpu1,gpu,utilization,53.4,55.0,47.0,47.25,60.266666667,39.2,49.333333333,36.0,45.366666667,47.933333333,27.133333333,49.883333333,42.966666667,40.916666667
m243_gpu2,gpu,utilization,9.4,2.2,0.0,0.0,29.9,13.4,3.7333333333,59.1,10.7,0.2,0.8,47.266666667,4.4,14.666666667
m243_gpu3,gpu,utilization,0.0,0.0,1.6,0.5,0.0,0.0,8.9833333333,1.65,0.0,41.066666667,3.1166666667,97.483333333,7.7333333333,8.25
m243_gpu4,gpu,utilization,55.2,57.0,41.8,56.0,52.8,29.2,46.05,35.7,47.133333333,56.466666667,23.633333333,49.95,46.866666667,41.333333333
m243_gpu5,gpu,utilization,53.0,54.8,51.0,50.75,54.066666667,11.0,44.1,48.05,48.766666667,48.066666667,49.0,50.883333333,44.1,47.25
m243_gpu6,gpu,utilization,0.0,0.0,4.0,1.25,0.0,0.0,0.0,0.0,0.0,0.93333333333,1.4166666667,81.666666667,2.9,7.3333333333
m243_gpu7,gpu,utilization,53.0,51.8,47.8,46.25,49.833333333,18.2,45.116666667,33.45,44.133333333,44.133333333,5.1666666667,50.866666667,43.033333333,45.25
