name,machine_type,trace,-10,-9,-8,-7,-6,-5,-4,-3,-2,-1,0,1,2,3
m127_gpu0,gpu,utilization,31.85,56.116666667,1.9166666667,5.0,20.6,24.6,0.0,1.8333333333,3.0,33.366666667,62.033333333,7.2,0.0,2.0833333333
m127_gpu1,gpu,utilization,22.75,0.0,0.0,17.25,25.5,0.0,0.0,0.0,10.4,16.466666667,0.0,0.0,16.1,45.75
m127_gpu2,gpu,utilization,31.85,56.116666667,0.0,34.883333333,51.566666667,0.0,0.0,0.0,0.0,33.733333333,58.266666667,0.0,0.0,37.916666667
m127_gpu3,gpu,utilization,31.85,56.116666667,0.0,34.883333333,51.566666667,0.0,0.73333333333,15.933333333,24.0,33.733333333,58.266666667,0.0,0.0,37.916666667
m127_gpu4,gpu,utilization,13.3,25.35,3.0833333333,15.333333333,22.666666667,1.6,2.5333333333,0.0,0.0,26.766666667,46.233333333,0.0,0.0,37.916666667
m127_gpu5,gpu,utilization,0.7,1.2333333333,4.6,28.866666667,31.733333333,0.0,0.0,8.0666666667,13.2,0.0,20.9,56.6,44.116666667,14.583333333
m127_gpu6,gpu,utilization,24.15,42.55,0.0,35.266666667,52.133333333,0.0,0.0,0.0,0.0,33.733333333,58.266666667,0.0,0.0,38.333333333
m127_gpu7,gpu,utilization,32.2,56.733333333,0.0,0.0,0.0,0.0,0.0,0.0,16.0,59.066666667,59.733333333,2.4,1.5333333333,40.666666667
