name,machine_type,trace,-10,-9,-8,-7,-6,-5,-4,-3,-2,-1,0,1,2,3
m412_gpu0,gpu,utilization,35.15,36.0,35.783333333,27.416666667,0.0,6.2333333333,34.333333333,35.7,30.033333333,5.1,33.816666667,25.85,6.4,32.466666667
m412_gpu1,gpu,utilization,34.55,32.2,33.433333333,27.416666667,0.0,6.4166666667,34.5,32.6,31.8,5.4,35.633333333,34.433333333,35.6,33.766666667
m412_gpu2,gpu,utilization,33.85,33.4,35.0,27.416666667,0.0,6.2333333333,34.0,33.85,29.15,4.95,33.183333333,26.633333333,6.4,32.466666667
m412_gpu3,gpu,utilization,34.0,34.2,34.35,25.066666667,0.0,6.2333333333,34.0,33.85,29.15,5.25,34.816666667,26.633333333,6.6,33.0
m412_gpu4,gpu,utilization,33.7,32.6,35.216666667,28.2,0.0,6.2333333333,34.333333333,36.0,31.8,5.55,36.633333333,27.416666667,7.0,34.533333333
m412_gpu5,gpu,utilization,32.45,35.2,35.133333333,25.066666667,0.0,6.2333333333,34.0,34.0,30.033333333,5.4,36.0,36.216666667,36.8,35.533333333
m412_gpu6,gpu,utilization,31.6,35.2,35.35,25.85,0.0,6.2333333333,33.5,31.45,30.033333333,5.4,35.633333333,26.633333333,7.0,34.766666667
m412_gpu7,gpu,utilization,33.4,30.6,33.433333333,27.416666667,0.0,6.05,32.833333333,32.45,30.916666667,5.4,35.816666667,27.416666667,7.0,34.533333333
