name,machine_type,trace,-10,-9,-8,-7,-6,-5,-4,-3,-2,-1,0,1,2,3
m169_gpu1,gpu,utilization,92.25,96.266666667,93.883333333,86.333333333,91.116666667,96.5,87.666666667,84.333333333,88.666666667,91.1,89.95,91.266666667,86.5,86.516666667
m169_gpu2,gpu,utilization,85.5,97.066666667,98.016666667,80.0,36.9,30.45,82.666666667,66.666666667,47.333333333,53.3,86.15,77.433333333,54.1,46.983333333
m169_gpu3,gpu,utilization,61.5,94.133333333,88.716666667,91.333333333,66.966666667,29.75,86.0,89.666666667,80.0,63.6,86.316666667,87.366666667,85.55,86.366666667
m169_gpu7,gpu,utilization,66.5,89.533333333,91.283333333,92.0,62.866666667,31.15,68.333333333,49.333333333,91.0,86.2,88.683333333,87.266666667,62.9,39.166666667
