name,machine_type,trace,-10,-9,-8,-7,-6,-5,-4,-3,-2,-1,0,1,2,3
m419_gpu1,gpu,utilization,72.0,96.333333333,92.733333333,91.816666667,97.933333333,97.0,95.016666667,69.333333333,10.816666667,64.7,89.4,65.783333333,81.6,10.033333333
m419_gpu7,gpu,utilization,86.166666667,97.166666667,90.933333333,46.516666667,59.6,83.25,90.116666667,32.933333333,10.816666667,64.7,89.6,66.783333333,82.45,7.9333333333
m392_gpu0,gpu,utilization,2.1666666667,13.166666667,13.866666667,13.116666667,13.933333333,13.166666667,14.766666667,13.266666667,15.366666667,17.0,16.2,13.366666667,15.0,13.6
m392_gpu7,gpu,utilization,0.0,0.0,0.0,0.0,0.0,0.0,0.0,0.0,0.0,0.0,0.0,0.0,0.0,0.0
