name,machine_type,trace,-10,-9,-8,-7,-6,-5,-4,-3,-2,-1,0,1,2,3
m349_gpu0,gpu,utilization,37.933333333,64.35,4.3166666667,0.0,0.0,0.0,0.0,0.0,0.0,0.0,45.0,100.0,48.85,50.5
m349_gpu2,gpu,utilization,36.666666667,61.666666667,0.0,0.0,0.0,43.333333333,55.0,0.0,0.0,1.35,46.65,53.6,3.4833333333,51.0
m349_gpu4,gpu,utilization,36.666666667,64.35,4.3166666667,0.0,40.0,56.666666667,0.0,0.0,0.0,45.0,55.0,48.333333333,48.85,50.5
m349_gpu5,gpu,utilization,37.3,64.733333333,4.9333333333,0.0,0.0,0.0,0.0,0.0,0.0,45.0,55.0,1.9333333333,3.4833333333,51.0
m39_gpu0,gpu,utilization,0.0,0.0,0.0,0.0,0.0,0.0,0.0,0.0,0.0,0.0,0.0,0.0,0.0,0.0
m39_gpu1,gpu,utilization,0.0,0.0,0.0,0.0,0.0,0.0,0.0,0.0,0.0,0.0,0.0,0.0,0.0,0.0
m39_gpu3,gpu,utilization,0.0,0.0,0.0,0.0,0.0,0.0,0.0,0.0,0.0,0.0,0.0,0.0,0.0,0.0
m39_gpu7,gpu,utilization,0.0,0.0,0.0,0.0,0.0,0.0,0.0,0.0,0.0,0.0,0.0,0.0,0.0,0.0
