name,machine_type,trace,-10,-9,-8,-7,-6,-5,-4,-3,-2,-1,0,1,2,3
m134_gpu3,gpu,utilization,85.0,100.0,60.133333333,94.633333333,43.066666667,92.883333333,10.0,71.866666667,97.7,36.733333333,91.8,46.733333333,10.6,71.6
m134_gpu6,gpu,utilization,85.45,100.0,100.0,65.55,97.4,100.0,100.0,100.0,100.0,100.0,91.0,99.333333333,100.0,100.0
