name,machine_type,trace,-10,-9,-8,-7,-6,-5,-4,-3,-2,-1,0,1,2,3
m168_gpu3,gpu,utilization,98.883333333,96.4,96.0,93.7,93.0,92.183333333,95.833333333,94.066666667,93.0,98.366666667,95.6,93.233333333,93.0,98.25
m168_gpu5,gpu,utilization,95.533333333,99.466666667,99.183333333,96.7,91.4,98.166666667,97.7,96.266666667,98.933333333,99.233333333,96.8,99.066666667,99.283333333,94.5
