name,machine_type,trace,-10,-9,-8,-7,-6,-5,-4,-3,-2,-1,0,1,2,3
m102_gpu2,gpu,utilization,81.6,81.066666667,62.866666667,51.0,67.066666667,69.7,69.333333333,68.9,68.466666667,63.5,59.75,71.333333333,41.8,41.0
m102_gpu4,gpu,utilization,18.4,75.633333333,76.1,75.0,59.8,73.5,50.666666667,63.166666667,66.533333333,59.583333333,77.3,81.083333333,50.05,2.0
