name,machine_type,trace,-10,-9,-8,-7,-6,-5,-4,-3,-2,-1,0,1,2,3
m12_gpu0,gpu,utilization,85.55,92.0,91.716666667,91.333333333,92.0,92.3,90.0,87.3,91.166666667,86.083333333,85.916666667,90.833333333,92.366666667,90.8
m12_gpu1,gpu,utilization,0.0,0.0,0.0,0.0,0.0,0.0,0.0,0.0,0.0,0.0,0.0,0.0,0.0,0.0
m12_gpu2,gpu,utilization,92.0,92.0,92.0,92.0,89.0,85.7,92.0,91.633333333,91.366666667,92.0,90.75,89.833333333,91.366666667,92.0
m12_gpu3,gpu,utilization,0.0,0.0,0.0,25.333333333,50.666666667,0.0,0.0,0.0,0.0,0.0,0.0,0.0,0.0,0.0
