name,machine_type,trace,-10,-9,-8,-7,-6,-5,-4,-3,-2,-1,0,1,2,3
m318_gpu0,gpu,utilization,0.0,0.0,0.0,0.0,0.0,0.0,71.533333333,52.233333333,52.233333333,51.1,51.0,70.95,55.0,0.0
m318_gpu1,gpu,utilization,0.0,0.0,0.0,0.0,0.0,0.0,80.233333333,69.2,69.2,53.0,51.133333333,80.45,73.0,0.0
m318_gpu2,gpu,utilization,0.0,0.0,0.0,0.0,0.0,0.0,70.566666667,52.225,52.225,52.066666667,51.066666667,83.3,55.0,0.0
m318_gpu3,gpu,utilization,0.0,0.0,0.0,0.0,0.0,0.0,47.366666667,56.775,56.775,70.966666667,52.333333333,48.15,51.0,0.0
