name,machine_type,trace,-10,-9,-8,-7,-6,-5,-4,-3,-2,-1,0,1,2,3
m254_gpu0,gpu,utilization,70.583333333,70.466666667,28.0,96.25,1.6666666667,98.333333333,95.166666667,6.3333333333,61.416666667,96.7,11.666666667,13.6,61.05,94.5
m254_gpu1,gpu,utilization,0.0,73.733333333,5.2666666667,50.35,72.666666667,78.9,99.3,6.6666666667,67.833333333,9.2,0.23333333333,62.9,82.833333333,7.0
m254_gpu2,gpu,utilization,8.3333333333,93.333333333,100.0,100.0,81.316666667,87.883333333,2.9333333333,93.333333333,8.3333333333,49.5,8.1833333333,0.3,0.0,0.0
m254_gpu3,gpu,utilization,91.666666667,92.533333333,59.333333333,87.4,89.983333333,2.4833333333,83.166666667,73.866666667,97.75,10.0,0.0,70.55,98.016666667,8.3333333333
m254_gpu4,gpu,utilization,91.666666667,6.6666666667,70.933333333,3.8,98.333333333,35.1,97.8,6.6666666667,0.91666666667,90.1,11.666666667,68.0,86.183333333,7.25
m254_gpu5,gpu,utilization,91.666666667,78.533333333,98.466666667,51.55,0.81666666667,98.333333333,79.7,5.2666666667,91.666666667,87.4,89.533333333,80.65,58.683333333,4.6666666667
m254_gpu6,gpu,utilization,66.916666667,98.2,6.6666666667,95.0,1.6666666667,98.333333333,3.3333333333,70.0,72.25,86.4,98.6,60.9,94.633333333,8.3333333333
m254_gpu7,gpu,utilization,91.666666667,81.333333333,89.333333333,83.35,95.783333333,78.3,99.266666667,6.6666666667,89.833333333,9.8,0.0,85.0,82.333333333,6.6666666667
