name,machine_type,trace,-10,-9,-8,-7,-6,-5,-4,-3,-2,-1,0,1,2,3
m25_gpu0,gpu,utilization,43.6,30.0,27.733333333,27.733333333,43.066666667,45.983333333,45.983333333,45.983333333,41.0,30.366666667,43.766666667,46.0,23.3,47.666666667
m25_gpu3,gpu,utilization,43.3,35.0,34.325,34.325,39.166666667,46.458333333,46.458333333,44.0,44.0,40.133333333,43.933333333,44.0,36.5,45.833333333
m25_gpu5,gpu,utilization,43.3,34.0,37.816666667,37.816666667,39.133333333,45.475,45.475,44.0,44.0,47.866666667,44.066666667,44.0,36.55,46.75
m25_gpu6,gpu,utilization,48.45,36.0,33.75,33.75,43.016666667,46.541666667,46.541666667,44.083333333,43.0,43.0,43.983333333,44.0,23.1,44.166666667
