name,machine_type,trace,-10,-9,-8,-7,-6,-5,-4,-3,-2,-1,0,1,2,3
m393_gpu0,gpu,utilization,0.0,23.5,25.85,0.0,0.0,0.0,0.0,0.0,0.0,16.916666667,54.3,32.5,0.0,51.7
m393_gpu1,gpu,utilization,0.0,12.0,14.1,1.1666666667,0.0,0.0,0.0,0.0,0.0,42.583333333,84.55,40.733333333,0.53333333333,0.45
m393_gpu2,gpu,utilization,0.0,9.5,10.45,0.0,0.0,0.0,0.0,0.0,0.58333333333,0.41666666667,32.45,25.566666667,0.53333333333,35.1
m393_gpu3,gpu,utilization,0.0,9.0,11.25,1.75,0.0,0.0,0.0,0.55,0.41666666667,23.333333333,46.05,22.1,1.0666666667,25.65
m393_gpu4,gpu,utilization,0.0,0.5,22.15,28.0,0.0,0.0,0.0,0.55,0.41666666667,46.083333333,77.9,33.366666667,1.0666666667,11.9
m393_gpu5,gpu,utilization,0.0,1.0,1.55,0.58333333333,0.0,0.0,0.0,0.55,0.41666666667,0.0,0.0,0.0,1.6,25.55
m393_gpu6,gpu,utilization,0.0,11.5,14.0,1.75,0.0,0.0,0.0,0.55,0.41666666667,44.333333333,56.75,17.766666667,1.0666666667,25.1
m393_gpu7,gpu,utilization,0.0,8.5,10.7,1.75,0.0,0.0,0.0,0.55,0.41666666667,23.333333333,53.2,27.733333333,0.53333333333,30.15
