name,machine_type,trace,-10,-9,-8,-7,-6,-5,-4,-3,-2,-1,0,1,2,3
m35_gpu0,gpu,utilization,98.0,52.0,72.7,98.0,98.0,98.683333333,98.35,98.633333333,43.583333333,25.583333333,77.35,98.683333333,98.283333333,98.733333333
m35_gpu1,gpu,utilization,98.316666667,56.666666667,75.9,99.0,98.316666667,98.683333333,98.35,98.633333333,48.833333333,29.033333333,78.0,99.0,98.283333333,98.733333333
m35_gpu2,gpu,utilization,98.683333333,54.333333333,74.433333333,98.366666667,98.0,98.0,98.0,98.0,63.0,38.616666667,78.0,98.316666667,98.716666667,99.0
m35_gpu3,gpu,utilization,98.316666667,43.333333333,67.933333333,98.0,98.0,98.683333333,98.35,98.0,54.25,32.866666667,78.0,98.316666667,98.716666667,99.0
m35_gpu4,gpu,utilization,98.683333333,51.666666667,72.333333333,98.633333333,98.316666667,98.683333333,98.35,98.633333333,65.75,42.0,78.4,98.0,98.0,98.733333333
m35_gpu5,gpu,utilization,98.683333333,54.333333333,74.433333333,99.0,98.316666667,98.683333333,98.35,98.0,45.5,27.116666667,78.0,98.316666667,98.0,98.733333333
m35_gpu6,gpu,utilization,99.0,49.0,71.5,99.0,99.0,98.316666667,98.0,98.633333333,42.416666667,24.816666667,77.35,98.0,98.716666667,99.0
m35_gpu7,gpu,utilization,98.683333333,57.0,75.9,99.0,99.0,99.0,99.0,99.0,50.0,16.233333333,70.3,98.316666667,98.716666667,99.0
