name,machine_type,trace,-10,-9,-8,-7,-6,-5,-4,-3,-2,-1,0,1,2,3
m47_gpu0,gpu,utilization,93.266666667,91.266666667,90.666666667,90.35,93.25,87.6,81.25,83.083333333,85.583333333,90.4,97.2,51.666666667,49.6,90.583333333
m47_gpu2,gpu,utilization,30.8,53.983333333,78.333333333,85.15,33.75,56.416666667,60.416666667,74.533333333,59.25,69.85,47.733333333,1.0333333333,14.933333333,42.016666667
m47_gpu4,gpu,utilization,68.966666667,76.966666667,91.666666667,94.3,76.8,76.866666667,88.833333333,96.7,89.666666667,80.8,36.866666667,0.0,35.733333333,68.933333333
m47_gpu5,gpu,utilization,40.5,71.833333333,36.0,46.65,81.0,87.383333333,74.166666667,79.183333333,91.5,86.3,37.866666667,48.85,93.6,65.766666667
