name,machine_type,trace,-10,-9,-8,-7,-6,-5,-4,-3,-2,-1,0,1,2,3
m23_gpu0,gpu,utilization,96.75,98.4,99.533333333,100.0,88.333333333,97.2,99.25,99.75,100.0,100.0,67.0,87.533333333,99.0,99.733333333
m23_gpu1,gpu,utilization,100.0,99.2,99.766666667,100.0,100.0,100.0,99.25,99.75,100.0,100.0,100.0,99.266666667,99.766666667,100.0
m23_gpu2,gpu,utilization,100.0,99.2,99.766666667,100.0,99.166666667,99.8,99.25,99.75,100.0,100.0,100.0,99.266666667,99.766666667,100.0
m23_gpu3,gpu,utilization,100.0,99.2,99.766666667,100.0,82.5,81.4,94.75,99.75,100.0,100.0,64.75,86.733333333,99.0,99.733333333
m23_gpu4,gpu,utilization,100.0,99.2,99.766666667,100.0,100.0,96.8,98.25,99.75,100.0,100.0,94.0,97.133333333,99.0,99.733333333
m23_gpu5,gpu,utilization,100.0,99.2,99.766666667,100.0,92.5,98.2,99.25,99.75,100.0,100.0,99.25,99.0,99.766666667,100.0
m23_gpu6,gpu,utilization,100.0,99.2,99.766666667,100.0,80.833333333,81.8,95.0,99.75,100.0,100.0,58.0,84.333333333,99.0,99.733333333
m23_gpu7,gpu,utilization,100.0,99.2,99.766666667,100.0,75.0,94.0,99.25,99.75,100.0,100.0,89.5,95.533333333,99.766666667,100.0
