name,machine_type,trace,-10,-9,-8,-7,-6,-5,-4,-3,-2,-1,0,1,2,3
m215_gpu0,gpu,utilization,75.066666667,77.508333333,77.508333333,78.0,78.0,76.0,0.23333333333,13.966666667,12.65,8.85,64.133333333,79.916666667,74.416666667,31.6
m215_gpu1,gpu,utilization,78.9,76.508333333,76.508333333,79.95,78.033333333,75.05,0.21666666667,13.4,24.4,16.35,79.266666667,69.833333333,73.083333333,17.333333333
m215_gpu2,gpu,utilization,70.266666667,78.0,78.0,79.966666667,73.116666667,73.15,0.2,12.033333333,13.1,17.75,68.866666667,55.166666667,73.833333333,25.4
m215_gpu3,gpu,utilization,72.166666667,76.491666667,76.491666667,78.95,78.016666667,73.15,0.26666666667,16.133333333,19.6,15.4,78.866666667,63.75,66.583333333,16.333333333
m215_gpu4,gpu,utilization,76.066666667,78.508333333,78.508333333,76.05,69.116666667,76.0,0.26666666667,15.9,12.45,5.55,73.4,78.666666667,73.666666667,61.666666667
m215_gpu5,gpu,utilization,80.0,77.966666667,77.966666667,78.95,79.983333333,75.05,0.4,23.633333333,12.75,11.6,77.533333333,46.0,73.666666667,23.533333333
m215_gpu6,gpu,utilization,80.033333333,79.983333333,79.983333333,77.033333333,78.966666667,74.1,0.21666666667,13.0,13.0,16.25,77.866666667,76.25,73.083333333,17.733333333
m215_gpu7,gpu,utilization,74.2,80.0,80.0,78.033333333,75.05,65.55,0.46666666667,27.5,12.75,10.85,63.533333333,46.0,74.166666667,28.866666667
