name,machine_type,trace,-10,-9,-8,-7,-6,-5,-4,-3,-2,-1,0,1,2,3
m142_gpu0,gpu,utilization,0.0,0.0,9.3,93.266666667,79.5,18.4,83.766666667,85.2,74.416666667,0.0,0.0,13.95,93.1,93.9
m142_gpu1,gpu,utilization,0.0,0.0,9.5,93.4,85.0,95.0,72.833333333,17.05,72.85,0.0,0.0,7.8,56.2,94.1
m176_gpu0,gpu,utilization,0.0,0.0,9.3,93.0,92.5,90.8,93.766666667,93.0,72.85,0.0,0.0,13.95,87.3,32.4
m176_gpu1,gpu,utilization,0.0,0.0,9.4,93.866666667,93.333333333,94.0,69.0,17.233333333,73.633333333,0.0,0.0,13.8,90.9,82.3
m224_gpu0,gpu,utilization,0.0,0.0,9.4,91.466666667,62.5,18.8,93.533333333,92.366666667,73.633333333,0.0,0.0,13.8,90.3,76.9
m224_gpu1,gpu,utilization,0.0,0.0,9.7,97.0,80.833333333,19.4,97.0,94.433333333,85.816666667,96.183333333,85.333333333,37.35,95.7,93.3
m291_gpu0,gpu,utilization,7.6666666667,91.4,84.2,94.733333333,93.0,74.4,0.0,16.683333333,91.866666667,94.816666667,94.0,79.9,0.0,9.5
m291_gpu1,gpu,utilization,13.333333333,93.933333333,83.7,12.0,90.833333333,94.6,71.3,12.65,74.2,93.183333333,79.166666667,17.75,81.0,9.5
