name,machine_type,trace,-10,-9,-8,-7,-6,-5,-4,-3,-2,-1,0,1,2,3
m25_gpu0,gpu,utilization,100.0,99.35,94.6,87.5,85.15,22.0,30.216666667,9.7333333333,64.483333333,6.7,64.0,24.6,100.0,96.7
m25_gpu1,gpu,utilization,68.5,100.0,80.0,16.666666667,100.0,100.0,100.0,100.0,100.0,100.0,93.333333333,3.3333333333,99.2,81.2
m25_gpu2,gpu,utilization,100.0,78.333333333,20.0,100.0,100.0,100.0,100.0,93.466666667,56.716666667,100.0,94.533333333,20.733333333,95.0,0.13333333333
m25_gpu3,gpu,utilization,100.0,91.333333333,48.0,16.666666667,100.0,97.5,74.366666667,23.4,11.666666667,91.9,24.4,99.2,77.2,96.666666667
m25_gpu4,gpu,utilization,100.0,81.8,12.8,16.666666667,88.633333333,48.333333333,81.666666667,13.333333333,88.333333333,10.0,100.0,100.0,100.0,96.833333333
m25_gpu5,gpu,utilization,100.0,100.0,80.0,16.666666667,100.0,100.0,81.666666667,13.333333333,100.0,100.0,93.333333333,3.3333333333,96.65,32.066666667
m25_gpu6,gpu,utilization,100.0,78.333333333,20.0,100.0,100.0,100.0,81.666666667,0.0,11.666666667,90.0,3.8,55.166666667,6.9,96.7
m25_gpu7,gpu,utilization,100.0,78.333333333,0.0,16.666666667,100.0,100.0,84.966666667,28.933333333,100.0,100.0,96.066666667,42.966666667,98.5,67.666666667
