name,machine_type,trace,-10,-9,-8,-7,-6,-5,-4,-3,-2,-1,0,1,2,3
m267_gpu1,gpu,utilization,85.416666667,50.25,3.9166666667,76.083333333,94.483333333,86.666666667,97.0,84.0,86.8,72.25,78.65,88.866666667,85.466666667,98.133333333
m267_gpu3,gpu,utilization,86.25,77.916666667,6.4166666667,75.166666667,96.133333333,87.733333333,84.25,84.933333333,55.55,98.25,80.95,73.433333333,86.4,97.466666667
m267_gpu4,gpu,utilization,85.583333333,24.666666667,1.5833333333,77.916666667,93.833333333,89.4,97.25,84.0,66.85,88.616666667,82.35,89.966666667,89.333333333,98.666666667
m267_gpu5,gpu,utilization,84.5,51.166666667,4.0,75.166666667,94.366666667,83.866666667,97.666666667,82.2,87.65,55.55,81.6,84.033333333,85.4,96.4
