name,machine_type,trace,-10,-9,-8,-7,-6,-5,-4,-3,-2,-1,0,1,2,3
m14_gpu5,gpu,utilization,85.3,85.4,83.716666667,82.733333333,82.933333333,85.2,82.0,82.233333333,81.0,77.666666667,85.9,88.333333333,87.9,85.633333333
m14_gpu6,gpu,utilization,79.2,58.6,23.55,76.466666667,86.7,88.6,86.083333333,81.3,80.5,83.933333333,81.0,83.0,83.7,79.1
