name,machine_type,trace,-10,-9,-8,-7,-6,-5,-4,-3,-2,-1,0,1,2,3
m275_gpu0,gpu,utilization,90.566666667,91.466666667,91.266666667,91.0,21.233333333,0.0,0.0,0.0,0.0,0.0,0.0,0.0,0.0,0.0
m275_gpu1,gpu,utilization,56.333333333,85.333333333,45.0,74.866666667,21.7,0.0,0.0,0.0,0.0,0.0,0.0,0.0,0.0,0.0
m275_gpu2,gpu,utilization,71.616666667,80.666666667,30.666666667,67.0,20.3,0.0,0.0,0.0,0.0,0.0,0.0,0.0,0.0,0.0
m275_gpu5,gpu,utilization,75.966666667,87.4,71.0,80.6,20.3,0.0,0.0,0.0,0.0,0.0,0.0,0.0,0.0,0.0
m382_gpu1,gpu,utilization,94.283333333,94.733333333,95.0,95.0,95.0,95.0,94.266666667,86.666666667,91.883333333,94.266666667,94.716666667,95.0,74.1,81.733333333
m382_gpu2,gpu,utilization,95.0,95.0,95.0,95.0,95.0,95.0,95.0,32.666666667,70.916666667,95.0,95.0,95.0,36.733333333,59.733333333
m382_gpu4,gpu,utilization,94.0,94.0,94.0,94.733333333,95.0,94.25,94.0,94.0,94.716666667,95.0,94.283333333,94.666666667,73.466666667,81.35
m382_gpu5,gpu,utilization,94.0,94.0,94.733333333,95.0,95.0,94.25,94.733333333,95.0,95.0,94.266666667,94.716666667,95.0,84.866666667,88.25
