name,machine_type,trace,-10,-9,-8,-7,-6,-5,-4,-3,-2,-1,0,1,2,3
m174_gpu0,gpu,utilization,69.733333333,68.5,69.383333333,76.6,72.0,74.6,69.2,69.6,69.833333333,76.366666667,70.733333333,69.716666667,69.266666667,68.8
m174_gpu1,gpu,utilization,64.466666667,65.75,58.4,14.4,64.0,65.0,69.8,71.6,54.266666667,16.7,67.133333333,71.016666667,64.933333333,62.6
