name,machine_type,trace,-10,-9,-8,-7,-6,-5,-4,-3,-2,-1,0,1,2,3
m237_gpu0,gpu,utilization,57.383333333,65.566666667,61.2,51.566666667,50.833333333,55.4,57.166666667,58.2,59.5,59.8,54.766666667,74.666666667,62.5,49.65
m237_gpu2,gpu,utilization,69.516666667,68.716666667,43.2,38.55,59.333333333,72.6,43.666666667,61.0,42.5,71.283333333,75.166666667,62.733333333,36.333333333,46.75
m237_gpu5,gpu,utilization,48.233333333,71.933333333,53.266666667,67.033333333,76.0,63.6,58.5,75.0,55.166666667,69.4,41.283333333,50.333333333,72.5,69.0
m237_gpu7,gpu,utilization,75.0,62.433333333,27.5,56.583333333,38.333333333,42.2,38.166666667,73.2,71.166666667,71.866666667,53.583333333,74.533333333,75.5,61.05
