name,machine_type,trace,-10,-9,-8,-7,-6,-5,-4,-3,-2,-1,0,1,2,3
m392_gpu5,gpu,utilization,0.33333333333,29.6,20.2,52.033333333,14.7,33.6,38.0,39.55,40.0,41.6,45.066666667,43.75,43.0,39.333333333
m392_gpu6,gpu,utilization,0.0,32.0,31.2,49.7,13.066666667,32.0,42.4,43.0,43.0,40.6,49.2,43.0,37.0,34.533333333
