name,machine_type,trace,-10,-9,-8,-7,-6,-5,-4,-3,-2,-1,0,1,2,3
m170_gpu0,gpu,utilization,53.566666667,44.55,51.666666667,46.666666667,55.0,100.0,99.466666667,46.2,2.0666666667,48.8,100.0,100.0,99.466666667,99.0
m170_gpu1,gpu,utilization,51.15,69.85,22.75,2.6,56.8,100.0,99.466666667,77.666666667,30.583333333,48.8,100.0,100.0,99.466666667,99.0
m170_gpu2,gpu,utilization,53.083333333,44.55,30.483333333,29.666666667,56.8,100.0,100.0,49.866666667,2.9,46.666666667,100.0,99.483333333,99.0,99.0
m170_gpu3,gpu,utilization,51.15,72.05,26.75,4.4666666667,56.8,100.0,99.466666667,85.666666667,38.35,49.333333333,100.0,100.0,99.466666667,99.0
