name,machine_type,trace,-10,-9,-8,-7,-6,-5,-4,-3,-2,-1,0,1,2,3
m236_gpu0,gpu,utilization,100.0,100.0,73.166666667,48.55,63.933333333,73.066666667,69.2,45.283333333,52.8,89.966666667,100.0,100.0,100.0,100.0
m236_gpu1,gpu,utilization,100.0,100.0,65.5,64.4,53.2,65.866666667,63.8,40.066666667,55.466666667,91.133333333,100.0,100.0,100.0,100.0
m236_gpu2,gpu,utilization,100.0,100.0,77.766666667,43.583333333,63.6,64.333333333,77.2,41.833333333,49.4,89.5,100.0,100.0,100.0,100.0
m236_gpu3,gpu,utilization,100.0,100.0,80.066666667,52.85,61.566666667,63.7,75.8,43.75,56.233333333,91.366666667,100.0,100.0,100.0,100.0
m236_gpu4,gpu,utilization,100.0,100.0,70.866666667,79.233333333,65.6,56.166666667,72.6,48.8,76.266666667,96.966666667,100.0,100.0,100.0,100.0
m236_gpu5,gpu,utilization,100.0,100.0,67.8,78.366666667,62.533333333,54.466666667,70.0,45.8,67.133333333,94.4,100.0,100.0,100.0,100.0
m236_gpu6,gpu,utilization,100.0,100.0,68.566666667,55.866666667,57.3,74.1,71.8,41.8,51.633333333,89.966666667,100.0,100.0,100.0,96.75
m236_gpu7,gpu,utilization,100.0,100.0,66.266666667,76.366666667,63.6,59.533333333,77.6,49.1,69.9,95.1,100.0,100.0,100.0,100.0
