name,machine_type,trace,-10,-9,-8,-7,-6,-5,-4,-3,-2,-1,0,1,2,3
m199_gpu0,gpu,utilization,98.516666667,98.0,98.45,99.0,98.533333333,98.933333333,100.0,98.933333333,98.0,98.583333333,99.616666667,98.733333333,98.65,34.65
m199_gpu1,gpu,utilization,99.483333333,99.033333333,98.45,99.0,98.533333333,98.933333333,99.0,98.0,99.1,100.0,100.0,100.0,98.7,34.3
m199_gpu2,gpu,utilization,99.483333333,99.033333333,98.45,99.0,98.533333333,97.533333333,97.5,99.066666667,98.9,99.166666667,98.766666667,98.0,99.3,35.0
m199_gpu3,gpu,utilization,98.516666667,98.0,98.45,99.0,98.533333333,98.0,99.0,98.933333333,98.55,99.0,99.616666667,98.733333333,98.0,34.3
m199_gpu4,gpu,utilization,99.033333333,98.0,98.45,99.0,98.533333333,98.0,98.0,98.0,98.55,99.583333333,100.0,98.733333333,98.0,34.3
m199_gpu5,gpu,utilization,98.516666667,98.0,98.45,99.0,98.533333333,98.933333333,100.0,100.0,98.9,98.583333333,99.616666667,98.733333333,98.0,34.3
m199_gpu6,gpu,utilization,99.483333333,100.0,99.55,99.0,99.0,99.466666667,100.0,100.0,100.0,100.0,99.383333333,98.366666667,99.3,35.0
m199_gpu7,gpu,utilization,99.0,98.516666667,98.45,99.0,98.533333333,98.466666667,49.5,52.266666667,98.0,98.583333333,97.766666667,35.566666667,0.0,0.0
