name,machine_type,trace,-10,-9,-8,-7,-6,-5,-4,-3,-2,-1,0,1,2,3
m146_gpu0,gpu,utilization,61.266666667,62.95,65.3,68.666666667,68.916666667,66.333333333,67.9,63.933333333,63.6,65.0,67.733333333,67.633333333,65.7,62.333333333
m146_gpu3,gpu,utilization,42.133333333,42.5,47.0,47.0,47.616666667,47.333333333,43.833333333,42.0,45.9,47.316666667,46.316666667,46.0,44.7,42.666666667
m146_gpu4,gpu,utilization,51.8,50.65,53.7,53.833333333,54.85,54.666666667,54.0,57.8,56.75,52.266666667,53.05,54.0,55.95,57.0
m146_gpu6,gpu,utilization,48.6,49.05,55.133333333,53.666666667,53.85,53.0,51.366666667,54.166666667,56.65,56.316666667,56.683333333,54.95,55.3,56.0
