name,machine_type,trace,-10,-9,-8,-7,-6,-5,-4,-3,-2,-1,0,1,2,3
m76_gpu0,gpu,utilization,1.0,0.0,0.0,58.5,38.65,60.133333333,65.233333333,17.333333333,50.916666667,13.0,0.0,47.533333333,11.366666667,53.333333333
m76_gpu1,gpu,utilization,6.7,57.2,6.6,61.2,68.0,68.0,67.233333333,17.866666667,0.0,0.0,0.0,0.0,54.716666667,67.833333333
