name,machine_type,trace,-10,-9,-8,-7,-6,-5,-4,-3,-2,-1,0,1,2,3
m164_gpu3,gpu,utilization,57.85,34.25,37.0,73.733333333,1.25,54.133333333,1.35,26.1,0.45,8.4,2.85,51.3,0.0,9.3
m164_gpu4,gpu,utilization,3.95,88.35,62.0,79.4,1.3333333333,89.9,1.8,34.8,4.45,83.066666667,1.9,34.2,9.5666666667,75.1
m164_gpu5,gpu,utilization,93.0,25.55,93.0,93.0,1.55,59.933333333,0.0,0.0,3.9,72.8,2.7,48.6,0.0,5.9
m164_gpu6,gpu,utilization,28.6,33.65,41.0,46.8,0.78333333333,21.266666667,4.7,90.866666667,4.75,90.066666667,23.0,54.9,4.0833333333,36.4
m102_gpu1,gpu,utilization,25.65,1.35,40.0,42.9,0.71666666667,2.3,66.55,22.433333333,90.9,49.4,27.3,29.7,0.11666666667,6.2
m102_gpu2,gpu,utilization,52.25,51.2,78.0,63.5,1.05,0.0,1.0,20.133333333,27.45,91.933333333,76.75,64.8,0.0,1.0
m102_gpu4,gpu,utilization,40.75,90.25,32.0,40.7,0.68333333333,26.166666667,33.15,72.966666667,41.8,20.066666667,35.1,33.3,7.7,63.6
m102_gpu6,gpu,utilization,57.95,3.05,93.0,75.6,1.25,0.0,3.1,59.933333333,2.55,52.866666667,76.85,32.4,0.0,0.0
