name,machine_type,trace,-10,-9,-8,-7,-6,-5,-4,-3,-2,-1,0,1,2,3
m38_gpu0,gpu,utilization,82.4,80.266666667,87.066666667,80.933333333,80.866666667,82.7,81.3,82.766666667,82.066666667,82.0,87.9,86.0,86.966666667,80.35
m38_gpu1,gpu,utilization,86.5,11.6,74.2,71.633333333,75.2,82.8,84.0,83.116666667,82.066666667,72.166666667,72.0,77.0,77.0,82.7
m38_gpu2,gpu,utilization,33.3,8.4,0.46666666667,0.0,32.066666667,5.55,0.0,32.683333333,2.4666666667,0.0,0.0,6.0,0.2,0.0
m38_gpu3,gpu,utilization,0.0,0.0,33.566666667,4.4333333333,0.0,0.0,20.4,2.8,0.0,0.0,37.366666667,38.0,5.1333333333,0.2
m38_gpu4,gpu,utilization,0.0,0.0,0.0,0.0,0.0,0.0,0.0,0.0,0.0,0.0,0.0,0.0,0.0,0.0
m38_gpu5,gpu,utilization,0.0,0.0,0.0,3.5333333333,0.53333333333,5.95,1.05,0.0,0.0,0.0,3.9333333333,0.0,35.766666667,1.85
m38_gpu6,gpu,utilization,87.7,11.733333333,70.666666667,78.233333333,82.333333333,77.9,86.35,87.116666667,79.533333333,84.9,81.066666667,86.0,86.966666667,78.45
m38_gpu7,gpu,utilization,86.9,11.6,75.966666667,83.35,88.2,86.45,86.85,84.35,82.133333333,68.233333333,86.683333333,81.0,82.933333333,72.55
