name,machine_type,trace,-10,-9,-8,-7,-6,-5,-4,-3,-2,-1,0,1,2,3
m287_gpu0,gpu,utilization,96.65,98.0,92.75,91.4,96.7,93.0,94.4,95.8,94.0,94.0,91.933333333,90.0,93.733333333,93.9
m287_gpu4,gpu,utilization,73.4,89.85,93.0,37.8,9.0166666667,62.6,93.2,76.6,79.5,91.1,89.033333333,91.1,77.6,44.85
