name,machine_type,trace,-10,-9,-8,-7,-6,-5,-4,-3,-2,-1,0,1,2,3
m156_gpu0,gpu,utilization,0.0,0.0,0.0,0.0,0.0,82.133333333,99.6,100.0,91.0,93.733333333,99.9,100.0,90.666666667,86.133333333
m156_gpu3,gpu,utilization,0.0,0.0,0.0,0.0,0.0,89.6,86.333333333,93.333333333,92.2,92.0,98.883333333,97.066666667,97.933333333,99.933333333
m156_gpu5,gpu,utilization,0.0,0.0,0.0,0.0,0.0,92.4,89.333333333,92.666666667,96.6,88.6,95.866666667,92.133333333,93.866666667,97.866666667
m156_gpu7,gpu,utilization,0.0,0.0,0.0,0.0,0.0,91.466666667,99.933333333,88.083333333,87.9,92.666666667,95.95,98.9,90.6,92.9
