name,machine_type,trace,-10,-9,-8,-7,-6,-5,-4,-3,-2,-1,0,1,2,3
m335_gpu0,gpu,utilization,27.8,23.933333333,24.65,27.65,31.916666667,32.866666667,31.466666667,31.566666667,27.916666667,27.666666667,30.0,31.166666667,31.433333333,28.733333333
m335_gpu4,gpu,utilization,31.6,30.866666667,29.0,27.9,27.583333333,28.0,26.4,28.966666667,30.25,27.4,22.6,24.666666667,22.9,24.666666667
m335_gpu5,gpu,utilization,30.066666667,29.933333333,29.0,30.1,31.583333333,27.466666667,26.666666667,27.866666667,28.166666667,23.133333333,25.933333333,25.0,25.1,29.0
m335_gpu7,gpu,utilization,26.866666667,20.733333333,22.5,27.55,29.75,29.3,29.6,29.866666667,26.666666667,27.133333333,31.266666667,32.416666667,29.733333333,26.866666667
