name,machine_type,trace,-10,-9,-8,-7,-6,-5,-4,-3,-2,-1,0,1,2,3
m183_gpu0,gpu,utilization,97.6,19.6,0.0,0.0,72.066666667,94.766666667,96.466666667,96.316666667,95.266666667,95.0,93.5,94.6,96.666666667,98.733333333
m183_gpu1,gpu,utilization,96.0,96.8,19.4,1.5333333333,73.3,95.0,95.733333333,95.316666667,64.2,86.683333333,95.25,95.0,95.833333333,98.6
m183_gpu2,gpu,utilization,94.4,18.6,0.0,0.0,76.666666667,100.0,98.533333333,96.633333333,96.0,97.566666667,24.5,78.4,96.333333333,97.733333333
m183_gpu3,gpu,utilization,92.6,18.4,0.0,0.0,73.6,98.3,96.066666667,95.683333333,87.2,94.183333333,94.75,97.2,95.5,91.533333333
