name,machine_type,trace,-10,-9,-8,-7,-6,-5,-4,-3,-2,-1,0,1,2,3
m397_gpu0,gpu,utilization,14.85,0.0,62.1,81.75,21.866666667,58.05,83.933333333,81.5,81.4,21.866666667,63.8,88.466666667,85.5,80.333333333
m397_gpu2,gpu,utilization,15.766666667,66.583333333,85.766666667,87.5,23.466666667,56.616666667,84.133333333,25.8,63.0,24.0,65.266666667,89.0,89.0,86.066666667
m397_gpu5,gpu,utilization,15.95,0.0,65.166666667,83.5,22.133333333,56.616666667,80.466666667,24.3,51.1,19.466666667,56.466666667,85.8,86.2,83.533333333
m397_gpu6,gpu,utilization,15.766666667,0.0,66.7,48.75,9.6,61.633333333,87.466666667,26.4,61.6,23.466666667,63.8,87.0,87.7,85.8
