name,machine_type,trace,-10,-9,-8,-7,-6,-5,-4,-3,-2,-1,0,1,2,3
m381_gpu1,gpu,utilization,0.0,18.9,73.0,57.4,82.0,76.733333333,84.183333333,66.266666667,31.5,26.1,69.0,33.316666667,52.9,81.483333333
m381_gpu2,gpu,utilization,0.0,0.93333333333,23.75,83.933333333,86.75,87.066666667,77.866666667,42.0,44.8,0.6,25.333333333,67.566666667,68.15,67.45
m381_gpu3,gpu,utilization,0.0,0.46666666667,22.5,84.7,85.5,81.533333333,70.65,40.933333333,57.4,0.6,27.666666667,78.366666667,74.2,57.883333333
m381_gpu6,gpu,utilization,0.0,0.23333333333,20.25,78.933333333,82.0,83.066666667,75.166666667,44.266666667,66.1,45.1,22.0,62.733333333,69.8,70.366666667
