name,machine_type,trace,-10,-9,-8,-7,-6,-5,-4,-3,-2,-1,0,1,2,3
m390_gpu0,gpu,utilization,86.666666667,16.666666667,30.033333333,3.4,56.0,77.733333333,97.9,100.0,60.8,4.8,0.13333333333,78.3,99.05,80.05
m390_gpu1,gpu,utilization,89.6,40.833333333,86.416666667,99.4,98.133333333,99.866666667,10.0,0.0,93.333333333,100.0,6.6666666667,96.666666667,50.6,2.4
m390_gpu2,gpu,utilization,54.6,93.833333333,78.8,55.3,96.866666667,65.466666667,96.3,26.266666667,89.133333333,61.7,4.0,0.0,95.0,5.0
m390_gpu3,gpu,utilization,100.0,89.166666667,72.866666667,97.1,75.733333333,91.733333333,99.3,55.2,42.666666667,6.85,0.33333333333,0.0,95.0,68.65
m390_gpu4,gpu,utilization,100.0,100.0,35.516666667,34.2,73.266666667,98.4,10.0,0.0,76.533333333,72.5,4.8,0.0,0.0,86.45
m390_gpu5,gpu,utilization,7.0666666667,61.666666667,96.966666667,47.8,3.7333333333,0.066666666667,70.2,5.2,93.333333333,100.0,100.0,71.966666667,98.55,5.0
m390_gpu6,gpu,utilization,46.8,92.333333333,64.666666667,96.0,6.6666666667,93.333333333,100.0,6.6666666667,25.2,95.4,6.6,29.966666667,28.15,33.7
m390_gpu7,gpu,utilization,39.333333333,36.666666667,34.466666667,93.4,100.0,90.666666667,99.0,51.466666667,52.666666667,21.65,1.3333333333,96.666666667,34.45,85.15
