name,machine_type,trace,-10,-9,-8,-7,-6,-5,-4,-3,-2,-1,0,1,2,3
m411_gpu0,gpu,utilization,74.0,50.2,41.633333333,66.0,69.9,74.533333333,73.0,72.45,73.45,74.0,73.5,73.0,41.533333333,21.7
m411_gpu1,gpu,utilization,73.966666667,59.133333333,28.0,16.633333333,45.233333333,73.466666667,73.5,72.1,72.35,74.0,74.0,75.066666667,69.6,68.95
m411_gpu2,gpu,utilization,75.0,52.6,21.366666667,9.2333333333,34.2,74.066666667,67.0,66.85,74.45,74.516666667,74.0,73.466666667,73.533333333,33.3
m411_gpu3,gpu,utilization,74.483333333,74.533333333,44.966666667,30.833333333,67.633333333,75.0,74.5,75.35,76.1,74.516666667,65.5,66.066666667,60.133333333,61.75
