name,machine_type,trace,-10,-9,-8,-7,-6,-5,-4,-3,-2,-1,0,1,2,3
m115_gpu2,gpu,utilization,60.0,53.933333333,45.583333333,44.533333333,49.6,51.65,41.2,31.616666667,36.233333333,38.133333333,31.266666667,36.866666667,32.233333333,36.6
m115_gpu5,gpu,utilization,60.466666667,52.766666667,42.833333333,44.466666667,50.133333333,50.683333333,34.366666667,23.483333333,32.666666667,36.066666667,28.866666667,32.4,29.166666667,35.6
m115_gpu6,gpu,utilization,57.533333333,49.2,40.25,41.533333333,50.333333333,51.333333333,29.883333333,29.116666667,41.0,31.666666667,20.066666667,31.133333333,44.516666667,43.516666667
m115_gpu7,gpu,utilization,58.0,50.2,41.666666667,41.666666667,48.333333333,51.75,31.916666667,30.116666667,43.733333333,34.8,33.666666667,49.8,45.266666667,45.216666667
