name,machine_type,trace,-10,-9,-8,-7,-6,-5,-4,-3,-2,-1,0,1,2,3
m249_gpu0,gpu,utilization,0.0,7.8166666667,66.933333333,66.0,65.916666667,57.416666667,0.0,6.6,60.5,0.0,9.9,57.2,0.0,10.2
m249_gpu1,gpu,utilization,66.916666667,66.0,66.066666667,63.65,5.5,58.3,8.8,62.4,33.083333333,67.0,67.0,66.866666667,66.0,66.15
