name,machine_type,trace,-10,-9,-8,-7,-6,-5,-4,-3,-2,-1,0,1,2,3
m412_gpu0,gpu,utilization,7.4666666667,41.65,41.65,62.133333333,12.1,32.15,20.1,52.833333333,7.2,10.7,20.666666667,20.666666667,50.333333333,74.2
m412_gpu1,gpu,utilization,9.8,19.075,19.075,24.016666667,27.7,75.55,11.7,25.666666667,12.266666667,30.8,31.783333333,31.783333333,70.0,59.4
m412_gpu2,gpu,utilization,11.8,45.75,45.75,40.033333333,43.35,66.15,12.0,12.166666667,13.666666667,10.833333333,38.683333333,38.683333333,17.95,34.433333333
m412_gpu3,gpu,utilization,10.0,44.125,44.125,34.016666667,36.6,64.35,14.5,18.333333333,11.4,18.7,38.55,38.55,13.95,43.966666667
m412_gpu4,gpu,utilization,9.9333333333,43.65,43.65,32.033333333,35.7,65.25,14.2,23.75,10.266666667,15.366666667,32.266666667,32.266666667,13.95,48.8
m412_gpu5,gpu,utilization,9.8,16.45,16.45,27.016666667,30.35,71.95,15.0,22.833333333,11.333333333,31.0,34.683333333,34.683333333,11.0,50.633333333
m412_gpu6,gpu,utilization,17.533333333,43.55,43.55,42.216666667,54.4,41.4,17.2,69.583333333,30.333333333,9.3333333333,43.416666667,43.416666667,32.65,27.2
m412_gpu7,gpu,utilization,7.2666666667,42.5,42.5,57.016666667,57.05,37.6,17.0,65.583333333,6.0,8.4,43.9,43.9,32.65,15.6
