name,machine_type,trace,-10,-9,-8,-7,-6,-5,-4,-3,-2,-1,0,1,2,3
m168_gpu2,gpu,utilization,93.65,87.083333333,87.65,86.591666667,86.591666667,76.633333333,94.833333333,85.15,88.1,91.116666667,51.741666667,51.741666667,86.65,93.066666667
m168_gpu3,gpu,utilization,56.0,54.416666667,38.9,76.016666667,76.016666667,90.866666667,86.9,81.25,84.233333333,32.45,0.0,0.0,89.483333333,86.3
m168_gpu4,gpu,utilization,10.7,94.166666667,29.0,46.091666667,46.091666667,82.033333333,83.166666667,92.6,83.866666667,50.15,0.0,0.0,89.483333333,58.733333333
m168_gpu5,gpu,utilization,89.3,24.833333333,89.15,91.491666667,91.491666667,78.6,67.283333333,84.55,93.233333333,41.3,0.0,0.0,78.666666667,63.766666667
