name,machine_type,trace,-10,-9,-8,-7,-6,-5,-4,-3,-2,-1,0,1,2,3
m92_gpu0,gpu,utilization,31.85,0.0,3.7,58.416666667,37.916666667,0.0,0.0,0.0,0.0,0.0,47.533333333,91.466666667,45.5,0.0
m92_gpu1,gpu,utilization,31.85,0.0,5.55,59.566666667,37.916666667,0.0,0.0,0.0,0.0,0.0,47.016666667,91.0,45.5,0.0
m92_gpu6,gpu,utilization,32.2,0.0,3.7,59.65,39.333333333,0.45,0.0,0.0,0.0,0.0,47.533333333,92.533333333,46.5,0.0
m92_gpu7,gpu,utilization,0.0,0.0,0.0,0.0,0.0,0.0,0.0,0.0,0.0,0.0,0.0,0.0,0.0,0.0
m375_gpu2,gpu,utilization,32.2,0.0,56.733333333,40.816666667,3.75,0.0,0.0,0.0,0.0,0.0,47.533333333,92.0,46.0,0.0
m375_gpu3,gpu,utilization,32.2,0.0,56.733333333,40.816666667,3.75,0.0,0.0,0.0,0.0,0.0,47.533333333,92.0,46.0,0.0
m375_gpu5,gpu,utilization,32.2,0.0,56.733333333,38.966666667,2.5,0.0,0.0,0.0,0.0,0.0,47.533333333,92.0,46.0,0.0
m375_gpu6,gpu,utilization,32.55,0.0,57.35,40.583333333,3.3333333333,0.0,0.0,0.0,0.0,0.0,48.05,93.0,46.5,0.0
