name,machine_type,trace,-10,-9,-8,-7,-6,-5,-4,-3,-2,-1,0,1,2,3
m207_gpu0,gpu,utilization,83.0,88.0,20.7,0.0,14.4,96.4,99.833333333,86.566666667,12.166666667,76.333333333,85.1,14.133333333,25.666666667,8.0
m207_gpu1,gpu,utilization,91.333333333,92.0,49.6,16.783333333,14.7,97.2,88.75,69.75,33.5,57.266666667,87.95,26.866666667,0.0,8.25
m207_gpu2,gpu,utilization,94.833333333,85.8,0.9,7.95,14.25,91.8,65.916666667,92.4,56.333333333,89.333333333,90.5,48.666666667,48.583333333,8.0
m207_gpu3,gpu,utilization,72.666666667,83.2,4.5,39.75,13.8,92.6,92.0,26.116666667,35.5,80.666666667,83.75,9.6666666667,48.583333333,8.1666666667
m207_gpu4,gpu,utilization,98.833333333,92.0,47.7,0.0,14.7,98.0,95.75,67.616666667,50.166666667,91.933333333,91.25,51.933333333,41.25,8.1666666667
m207_gpu5,gpu,utilization,96.333333333,86.266666667,9.0,0.0,14.4,96.3,94.833333333,49.466666667,57.833333333,84.133333333,91.25,45.933333333,0.0,8.25
m207_gpu6,gpu,utilization,93.0,91.333333333,44.3,9.7166666667,14.4,96.3,97.583333333,78.616666667,59.333333333,91.933333333,83.9,3.4666666667,0.0,7.8333333333
m207_gpu7,gpu,utilization,94.0,89.533333333,30.5,46.816666667,14.7,98.1,98.916666667,91.116666667,48.166666667,94.533333333,85.55,13.0,0.0,6.75
