name,machine_type,trace,-10,-9,-8,-7,-6,-5,-4,-3,-2,-1,0,1,2,3
m263_gpu0,gpu,utilization,0.0,0.0,0.0,0.0,0.0,0.0,0.0,0.0,0.0,0.0,0.0,0.0,0.0,0.0
m263_gpu1,gpu,utilization,10.733333333,17.0,13.5,14.5,26.866666667,10.833333333,15.166666667,13.05,16.666666667,24.416666667,26.833333333,30.8,12.266666667,17.733333333
m263_gpu2,gpu,utilization,0.0,0.0,0.0,0.0,0.0,0.0,0.0,0.0,0.0,0.0,0.0,0.0,0.0,0.0
m263_gpu3,gpu,utilization,2.3333333333,0.0,0.0,13.0,27.6,12.566666667,15.166666667,13.05,17.25,26.0,11.266666667,0.0,9.8666666667,26.133333333
m263_gpu4,gpu,utilization,0.0,0.0,0.0,0.0,0.0,0.0,0.0,0.0,0.0,0.0,0.0,0.0,0.0,0.0
m263_gpu5,gpu,utilization,12.133333333,0.0,0.0,3.0,16.666666667,11.266666667,15.166666667,24.766666667,23.416666667,14.833333333,21.466666667,30.4,27.533333333,29.166666667
m263_gpu6,gpu,utilization,13.533333333,19.833333333,32.8,29.0,12.6,0.0,14.583333333,12.666666667,16.666666667,27.333333333,30.133333333,34.6,33.916666667,11.733333333
m263_gpu7,gpu,utilization,0.0,0.0,0.0,0.0,0.0,0.0,0.0,0.0,0.0,0.0,0.0,0.0,0.0,0.0
