name,machine_type,trace,-10,-9,-8,-7,-6,-5,-4,-3,-2,-1,0,1,2,3
m105_gpu0,gpu,utilization,25.2,50.8,24.166666667,18.366666667,11.666666667,4.4,21.5,57.666666667,39.0,20.95,24.2,2.0833333333,0.0,0.0
m105_gpu1,gpu,utilization,21.0,43.8,21.25,17.733333333,9.3333333333,1.4,23.0,57.6,26.8,18.7,40.666666667,3.6666666667,0.0,0.0
m105_gpu2,gpu,utilization,28.8,61.2,32.916666667,20.2,22.333333333,14.1,29.25,61.833333333,40.4,37.25,49.266666667,4.25,0.0,0.0
m105_gpu3,gpu,utilization,22.2,55.7,29.583333333,18.366666667,17.666666667,4.3,24.25,58.833333333,20.6,29.4,46.0,4.0,0.0,0.0
m105_gpu4,gpu,utilization,19.8,41.25,20.0,17.733333333,9.3333333333,2.1,24.75,58.066666667,28.4,31.75,27.066666667,2.1666666667,0.0,0.0
m105_gpu5,gpu,utilization,28.8,46.9,19.166666667,17.733333333,9.3333333333,1.4,23.0,57.6,23.6,28.3,44.866666667,3.9166666667,0.0,0.0
m105_gpu6,gpu,utilization,21.0,48.2,26.333333333,17.566666667,28.666666667,14.6,26.75,59.066666667,36.6,36.65,63.133333333,5.5833333333,0.0,0.0
m105_gpu7,gpu,utilization,22.8,55.05,28.75,17.733333333,19.333333333,5.2,25.0,57.533333333,20.2,31.1,49.733333333,4.3333333333,0.0,0.0
