name,machine_type,trace,-10,-9,-8,-7,-6,-5,-4,-3,-2,-1,0,1,2,3
m290_gpu0,gpu,utilization,33.333333333,68.333333333,35.0,56.733333333,96.0,35.933333333,3.0,58.833333333,100.0,96.5,97.6,93.216666667,95.5,99.6
m290_gpu1,gpu,utilization,0.0,0.0,9.1,63.333333333,80.666666667,28.4,24.8,17.333333333,55.0,91.25,34.0,0.0,61.75,38.0
m290_gpu2,gpu,utilization,0.0,0.0,0.65,58.35,80.0,60.333333333,57.8,26.433333333,55.0,66.75,17.2,7.4,47.1,26.4
m290_gpu3,gpu,utilization,66.666666667,100.0,35.0,58.583333333,97.0,46.7,31.4,74.433333333,100.0,68.5,18.4,0.0,0.0,0.0
m290_gpu4,gpu,utilization,0.0,0.0,7.15,4.2166666667,61.333333333,34.366666667,47.8,90.9,100.0,95.333333333,96.8,38.333333333,60.45,37.2
m290_gpu5,gpu,utilization,0.0,68.333333333,35.0,61.05,95.0,34.1,48.6,91.766666667,100.0,100.0,40.0,0.0,26.65,16.4
m290_gpu6,gpu,utilization,0.0,66.283333333,45.0,6.5166666667,54.0,30.966666667,35.6,81.8,100.0,99.416666667,39.6,37.0,86.0,40.0
m290_gpu7,gpu,utilization,0.0,68.333333333,38.9,60.883333333,97.0,35.933333333,15.6,67.933333333,100.0,100.0,40.0,0.0,65.0,40.0
