name,machine_type,trace,-10,-9,-8,-7,-6,-5,-4,-3,-2,-1,0,1,2,3
m57_gpu0,gpu,utilization,39.5,19.0,29.066666667,22.083333333,44.583333333,44.4,14.95,49.0,54.8,48.666666667,57.25,41.0,51.633333333,44.8
m57_gpu2,gpu,utilization,44.0,26.5,20.8,1.25,28.833333333,40.466666667,15.566666667,51.0,57.116666667,43.666666667,49.4,37.85,39.3,27.0
m57_gpu3,gpu,utilization,39.0,18.0,21.533333333,7.5,34.75,41.933333333,14.566666667,47.6,53.183333333,40.333333333,40.9,37.0,38.466666667,24.6
m57_gpu6,gpu,utilization,38.5,17.5,27.066666667,20.5,40.25,38.85,15.333333333,51.2,56.5,49.0,59.1,38.15,50.633333333,42.6
