name,machine_type,trace,-10,-9,-8,-7,-6,-5,-4,-3,-2,-1,0,1,2,3
m204_gpu0,gpu,utilization,30.5,18.666666667,45.4,71.5,30.7,32.8,73.55,56.983333333,72.6,76.0,72.7,59.8,68.866666667,75.0
m204_gpu3,gpu,utilization,0.0,0.0,0.0,0.0,0.0,0.0,0.0,0.0,0.0,0.0,0.0,0.0,0.0,0.0
m204_gpu5,gpu,utilization,0.3,3.2,5.4,1.6,14.4,0.0,0.0,0.0,2.25,12.2,6.6833333333,27.8,15.9,25.8
m204_gpu7,gpu,utilization,3.2,32.0,28.8,0.0,0.0,0.0,0.0,0.0,0.0,0.0,0.0,0.0,0.0,0.0
