name,machine_type,trace,-10,-9,-8,-7,-6,-5,-4,-3,-2,-1,0,1,2,3
m7_gpu0,gpu,utilization,65.55,58.95,74.2,71.1,65.333333333,61.933333333,71.2,69.65,59.0,72.116666667,76.35,66.033333333,67.583333333,70.0
m7_gpu1,gpu,utilization,55.0,51.966666667,79.05,71.2,64.333333333,61.9,58.25,53.15,63.0,76.25,78.6,70.066666667,71.1,74.0
m7_gpu2,gpu,utilization,41.8,40.6,79.95,77.7,70.733333333,63.35,72.5,46.5,17.5,53.1,80.1,63.533333333,59.4,75.833333333
m7_gpu7,gpu,utilization,45.65,36.25,71.85,70.25,65.533333333,59.416666667,70.1,73.7,62.5,70.6,72.65,48.883333333,51.983333333,67.933333333
