name,machine_type,trace,-10,-9,-8,-7,-6,-5,-4,-3,-2,-1,0,1,2,3
m399_gpu2,gpu,utilization,90.0,90.983333333,86.0,86.4,94.066666667,94.916666667,93.8,91.7,81.0,11.083333333,94.4,91.333333333,93.183333333,92.8
m399_gpu3,gpu,utilization,92.0,18.25,89.0,88.3,73.8,60.083333333,87.1,34.6,80.1,10.85,86.7,59.166666667,90.65,58.0
m399_gpu5,gpu,utilization,92.0,71.35,86.066666667,60.2,80.133333333,45.0,96.2,66.95,85.5,10.616666667,89.65,84.0,89.966666667,75.8
m399_gpu6,gpu,utilization,87.0,56.516666667,79.933333333,22.45,65.8,27.166666667,91.0,56.8,70.3,99.066666667,91.7,90.333333333,90.35,82.2
