name,machine_type,trace,-10,-9,-8,-7,-6,-5,-4,-3,-2,-1,0,1,2,3
m55_gpu0,gpu,utilization,97.35,3.3333333333,93.333333333,5.0,99.866666667,98.133333333,100.0,100.0,100.0,100.0,1.7,49.3,8.3333333333,98.4
m55_gpu1,gpu,utilization,98.333333333,3.3333333333,93.333333333,5.0,100.0,100.0,100.0,100.0,100.0,100.0,3.3333333333,96.666666667,8.3333333333,95.0
m55_gpu2,gpu,utilization,97.35,3.3333333333,97.0,57.25,100.0,100.0,100.0,100.0,100.0,100.0,2.1333333333,61.866666667,8.3333333333,95.05
m55_gpu3,gpu,utilization,97.35,3.3333333333,93.333333333,5.0,99.933333333,99.066666667,100.0,100.0,100.0,100.0,3.3333333333,96.666666667,8.25,94.05
m55_gpu4,gpu,utilization,97.35,3.3333333333,94.333333333,19.25,99.933333333,99.066666667,100.0,100.0,100.0,100.0,1.5666666667,45.433333333,8.3333333333,95.75
m55_gpu5,gpu,utilization,97.35,3.3333333333,93.333333333,5.0,100.0,100.0,100.0,100.0,100.0,100.0,3.3333333333,96.666666667,8.3333333333,95.25
m55_gpu6,gpu,utilization,97.35,3.3333333333,93.333333333,5.0,99.933333333,99.066666667,100.0,100.0,100.0,100.0,1.6,46.4,8.3333333333,95.0
m55_gpu7,gpu,utilization,97.35,3.3333333333,93.933333333,13.55,99.933333333,99.066666667,99.916666667,99.033333333,100.0,100.0,3.3333333333,96.666666667,8.3333333333,95.05
