name,machine_type,trace,-10,-9,-8,-7,-6,-5,-4,-3,-2,-1,0,1,2,3
m355_gpu0,gpu,utilization,0.0,0.0,0.0,0.0,0.0,0.0,0.0,2.5666666667,75.716666667,0.0,3.85,37.216666667,37.216666667,0.1
m355_gpu1,gpu,utilization,0.0,0.0,0.0,0.0,0.0,0.0,0.0,2.5333333333,74.733333333,3.75,71.25,0.0,0.0,0.31666666667
