name,machine_type,trace,-10,-9,-8,-7,-6,-5,-4,-3,-2,-1,0,1,2,3
m400_gpu0,gpu,utilization,98.816666667,97.816666667,97.15,98.3,80.0,23.1,93.633333333,81.2,99.5,98.0,98.216666667,99.2,100.0,99.816666667
m400_gpu1,gpu,utilization,97.35,91.283333333,97.45,99.7,78.4,22.866666667,88.9,67.883333333,99.5,98.0,98.216666667,98.6,97.7,99.816666667
m400_gpu2,gpu,utilization,95.7,84.483333333,100.0,99.7,78.4,22.866666667,93.8,84.333333333,99.5,98.0,98.216666667,98.6,97.233333333,98.183333333
m400_gpu3,gpu,utilization,95.7,84.483333333,99.7,98.0,78.4,22.866666667,96.133333333,91.95,98.5,97.25,98.216666667,98.8,98.233333333,99.0
m400_gpu4,gpu,utilization,97.716666667,92.916666667,97.45,100.0,80.0,22.866666667,88.666666667,67.1,99.25,97.25,98.216666667,98.6,97.7,99.816666667
m400_gpu5,gpu,utilization,98.816666667,98.366666667,99.7,98.3,80.0,23.333333333,94.166666667,80.416666667,99.25,97.25,98.216666667,99.2,99.766666667,99.0
m400_gpu6,gpu,utilization,96.066666667,86.116666667,99.7,98.0,78.4,23.1,94.8,84.683333333,98.0,98.25,99.0,98.8,98.233333333,99.0
m400_gpu7,gpu,utilization,94.416666667,78.216666667,97.45,99.7,78.4,23.333333333,98.133333333,93.733333333,100.0,99.5,98.216666667,98.8,98.0,98.183333333
