name,machine_type,trace,-10,-9,-8,-7,-6,-5,-4,-3,-2,-1,0,1,2,3
m356_gpu0,gpu,utilization,80.2,66.6,68.5,81.0,78.5,79.533333333,70.583333333,74.05,81.416666667,79.05,69.733333333,66.0,76.15,86.516666667
m356_gpu5,gpu,utilization,56.4,59.6,59.766666667,70.6,73.3,32.333333333,3.0,3.0,32.483333333,60.4,68.133333333,69.0,64.216666667,69.133333333
m356_gpu6,gpu,utilization,72.8,63.8,61.433333333,78.2,74.333333333,35.0,3.0,2.55,35.833333333,59.4,61.733333333,71.0,68.216666667,73.133333333
m356_gpu7,gpu,utilization,74.4,76.0,66.483333333,68.4,84.4,44.133333333,2.4166666667,3.0,30.55,57.75,60.133333333,63.0,66.766666667,69.166666667
