name,machine_type,trace,-10,-9,-8,-7,-6,-5,-4,-3,-2,-1,0,1,2,3
m21_gpu0,gpu,utilization,0.0,0.0,0.0,0.0,0.0,48.533333333,5.6,0.33333333333,0.0,82.6,65.0,0.0,0.0,0.0
m21_gpu1,gpu,utilization,0.0,0.0,0.0,0.0,0.0,93.333333333,7.2,4.0,12.4,98.55,79.0,0.0,0.0,0.0
m21_gpu2,gpu,utilization,0.0,0.0,0.0,0.0,0.0,0.0,2.9,0.25,0.0,81.616666667,100.0,30.0,0.0,0.96666666667
m21_gpu3,gpu,utilization,0.0,0.0,0.0,0.0,0.0,27.066666667,4.8333333333,0.33333333333,0.0,98.333333333,90.0,0.0,0.0,0.96666666667
m21_gpu4,gpu,utilization,0.0,0.0,0.0,0.0,0.0,89.6,9.9666666667,7.0,0.46666666667,98.333333333,100.0,0.0,0.0,2.9
m21_gpu5,gpu,utilization,0.0,0.0,0.0,0.0,0.0,92.4,10.066666667,0.58333333333,0.0,98.333333333,10.0,0.0,0.0,0.96666666667
m21_gpu6,gpu,utilization,0.0,0.0,0.0,0.0,0.0,0.0,3.8666666667,0.33333333333,0.0,98.333333333,100.0,2.0,0.0,0.96666666667
m21_gpu7,gpu,utilization,0.0,0.0,0.0,0.0,0.0,45.733333333,5.5,0.33333333333,0.0,98.333333333,72.0,0.0,0.0,0.0
