name,machine_type,trace,-10,-9,-8,-7,-6,-5,-4,-3,-2,-1,0,1,2,3
m96_gpu0,gpu,utilization,45.8,65.0,65.0,65.0,64.616666667,64.383333333,65.0,64.333333333,63.7,64.633333333,64.383333333,65.0,65.333333333,64.95
m96_gpu1,gpu,utilization,65.0,65.0,65.0,65.4,66.0,65.616666667,65.0,64.666666667,65.05,66.266666667,65.0,65.333333333,66.0,65.3
