name,machine_type,trace,-10,-9,-8,-7,-6,-5,-4,-3,-2,-1,0,1,2,3
m132_gpu0,gpu,utilization,95.0,89.933333333,61.933333333,94.0,91.666666667,66.6,4.6,92.2,94.116666667,83.333333333,35.2,92.85,92.15,79.05
m132_gpu1,gpu,utilization,84.6,9.8666666667,76.533333333,93.116666667,93.65,91.6,96.8,83.7,10.85,82.833333333,41.45,83.0,26.85,79.9
m132_gpu2,gpu,utilization,84.6,12.266666667,92.266666667,94.0,83.033333333,9.6,95.9,94.1,94.766666667,93.0,93.3,80.75,13.95,79.05
m132_gpu3,gpu,utilization,94.0,93.866666667,93.0,93.0,92.883333333,82.8,4.25,76.5,10.85,77.5,13.8,92.15,93.15,79.9
