name,machine_type,trace,-10,-9,-8,-7,-6,-5,-4,-3,-2,-1,0,1,2,3
m287_gpu0,gpu,utilization,66.0,32.333333333,97.0,97.383333333,98.0,98.0,98.0,98.0,58.8,43.333333333,99.533333333,98.0,97.0,97.55
m287_gpu1,gpu,utilization,40.666666667,7.3333333333,49.5,59.816666667,40.833333333,98.0,68.483333333,51.8,58.8,42.9,99.0,98.0,98.033333333,98.45
m287_gpu2,gpu,utilization,66.0,33.0,98.633333333,97.616666667,97.0,97.416666667,98.0,98.0,58.8,42.033333333,97.933333333,98.0,98.55,98.9
m287_gpu3,gpu,utilization,0.0,5.6666666667,46.333333333,59.816666667,40.416666667,97.416666667,60.433333333,38.8,58.2,0.0,46.2,98.0,97.0,97.55
m287_gpu4,gpu,utilization,79.666666667,95.666666667,97.0,98.15,98.75,97.416666667,97.616666667,97.0,88.2,85.4,99.0,98.0,97.0,97.55
m287_gpu5,gpu,utilization,65.0,97.0,98.1,100.0,99.583333333,98.583333333,90.716666667,87.0,59.4,0.0,46.2,98.0,97.0,97.55
m287_gpu6,gpu,utilization,28.0,88.666666667,97.633333333,97.0,97.416666667,98.0,98.0,97.6,58.2,42.033333333,97.933333333,98.0,97.0,97.55
m287_gpu7,gpu,utilization,32.666666667,0.0,35.566666667,59.816666667,40.416666667,92.416666667,53.033333333,40.0,60.0,43.333333333,98.6,48.5,16.533333333,67.75
