name,machine_type,trace,-10,-9,-8,-7,-6,-5,-4,-3,-2,-1,0,1,2,3
m117_gpu2,gpu,utilization,92.883333333,24.25,0.0,42.366666667,16.533333333,0.0,73.333333333,100.0,99.283333333,24.75,78.4,19.6,79.166666667,95.866666667
m117_gpu3,gpu,utilization,93.233333333,24.5,0.0,0.0,0.0,0.0,73.333333333,99.25,98.283333333,24.5,78.4,19.6,72.5,92.2
m117_gpu5,gpu,utilization,88.533333333,23.0,0.0,0.0,0.0,0.0,73.333333333,99.25,99.0,24.75,78.4,19.6,82.5,88.6
m117_gpu6,gpu,utilization,92.5,24.75,0.0,0.0,0.0,0.0,73.333333333,99.25,99.0,24.75,79.2,19.8,64.166666667,87.4
