name,machine_type,trace,-10,-9,-8,-7,-6,-5,-4,-3,-2,-1,0,1,2,3
m82_gpu0,gpu,utilization,11.883333333,58.0,98.0,98.0,98.516666667,99.0,98.516666667,98.0,98.516666667,48.566666667,59.866666667,75.9,79.266666667,98.066666667
m82_gpu1,gpu,utilization,12.916666667,59.066666667,98.0,98.0,98.516666667,99.0,98.516666667,47.366666667,51.15,58.766666667,67.666666667,74.766666667,78.866666667,96.933333333
m82_gpu2,gpu,utilization,9.8166666667,55.866666667,98.466666667,99.0,98.483333333,98.0,97.516666667,97.516666667,98.516666667,42.9,56.1,75.2,78.866666667,94.8
m82_gpu3,gpu,utilization,12.916666667,59.066666667,98.466666667,98.516666667,98.0,98.0,97.516666667,46.883333333,51.15,53.1,63.333333333,74.2,78.933333333,99.0
m82_gpu4,gpu,utilization,2.0666666667,47.866666667,98.0,98.0,97.483333333,97.483333333,98.0,98.0,98.0,62.866666667,71.133333333,75.333333333,78.8,82.6
m82_gpu5,gpu,utilization,8.2666666667,54.266666667,98.0,98.0,97.483333333,97.483333333,97.516666667,46.883333333,50.633333333,44.733333333,57.266666667,74.766666667,78.333333333,82.066666667
m82_gpu6,gpu,utilization,13.95,60.133333333,98.0,98.0,98.0,98.0,98.0,98.516666667,99.0,55.933333333,66.066666667,77.466666667,80.733333333,85.2
m82_gpu7,gpu,utilization,13.95,14.4,45.733333333,98.0,97.483333333,97.0,97.966666667,47.85,51.15,42.9,55.533333333,75.333333333,79.333333333,98.0
