name,machine_type,trace,-10,-9,-8,-7,-6,-5,-4,-3,-2,-1,0,1,2,3
m237_gpu0,gpu,utilization,92.0,92.75,92.25,92.0,92.716666667,93.0,92.25,20.716666667,76.833333333,92.783333333,92.183333333,92.816666667,93.0,92.183333333
m237_gpu1,gpu,utilization,92.75,92.25,92.0,92.0,92.716666667,92.266666667,92.0,19.933333333,77.5,92.216666667,92.0,92.0,92.0,92.0
m237_gpu2,gpu,utilization,92.0,92.0,92.0,92.0,92.0,92.0,92.0,19.933333333,76.666666667,92.0,92.0,92.0,92.0,92.0
m237_gpu3,gpu,utilization,92.0,92.0,92.0,92.0,92.0,91.266666667,91.0,19.716666667,77.5,92.216666667,92.816666667,92.183333333,92.0,92.0
m237_gpu4,gpu,utilization,92.0,92.0,92.0,92.716666667,92.283333333,92.0,92.0,19.933333333,76.666666667,92.0,92.816666667,92.183333333,92.0,92.0
m237_gpu5,gpu,utilization,92.25,92.0,92.0,92.0,92.0,92.0,92.0,19.933333333,76.666666667,92.0,92.0,92.0,92.0,92.0
m237_gpu6,gpu,utilization,93.0,93.0,93.0,93.0,92.283333333,92.733333333,93.0,20.15,77.5,93.0,93.0,93.0,93.0,93.0
m237_gpu7,gpu,utilization,93.0,93.0,93.0,93.0,93.0,93.733333333,93.25,20.15,77.5,93.0,93.0,93.0,93.0,93.0
