name,machine_type,trace,-10,-9,-8,-7,-6,-5,-4,-3,-2,-1,0,1,2,3
m343_gpu1,gpu,utilization,71.55,45.35,12.533333333,81.816666667,81.133333333,81.983333333,82.95,82.083333333,43.5,76.4,80.266666667,64.4,80.2,83.0
m343_gpu3,gpu,utilization,38.25,20.8,14.1,81.85,82.066666667,80.033333333,82.85,65.583333333,58.5,77.933333333,82.733333333,45.733333333,76.4,82.866666667
m343_gpu6,gpu,utilization,50.7,27.15,13.216666667,80.85,82.0,82.983333333,82.05,82.916666667,82.083333333,82.866666667,28.4,52.066666667,79.533333333,83.0
m343_gpu7,gpu,utilization,44.0,23.0,16.1,80.9,82.933333333,82.016666667,82.0,82.0,53.583333333,78.733333333,83.0,70.0,81.0,82.133333333
m381_gpu1,gpu,utilization,81.05,79.1,80.966666667,81.0,81.0,13.15,26.25,77.416666667,31.583333333,74.666666667,82.0,10.933333333,71.066666667,82.866666667
m381_gpu4,gpu,utilization,82.05,82.0,82.983333333,82.016666667,82.0,12.183333333,29.05,77.666666667,23.333333333,73.466666667,82.0,10.933333333,71.066666667,81.133333333
m381_gpu6,gpu,utilization,82.05,81.05,81.983333333,82.0,82.0,16.116666667,77.7,81.916666667,39.833333333,75.866666667,82.866666667,11.066666667,71.066666667,82.866666667
m381_gpu7,gpu,utilization,80.95,81.0,81.0,80.016666667,81.866666667,18.083333333,41.7,78.75,18.75,72.8,82.0,10.933333333,71.066666667,82.866666667
