name,machine_type,trace,-10,-9,-8,-7,-6,-5,-4,-3,-2,-1,0,1,2,3
m172_gpu1,gpu,utilization,0.0,66.966666667,16.4,0.0,0.0,0.0,0.0,0.0,0.0,0.0,0.0,60.0,72.883333333,64.666666667
m172_gpu2,gpu,utilization,94.533333333,91.916666667,88.6,87.2,87.0,88.6,87.433333333,89.35,87.6,90.2,91.0,84.333333333,84.766666667,85.833333333
m172_gpu3,gpu,utilization,35.083333333,28.65,33.4,35.8,32.0,35.0,25.816666667,30.05,36.0,40.2,36.1,35.833333333,4.2,8.3333333333
m172_gpu4,gpu,utilization,16.566666667,25.433333333,16.8,25.2,28.0,28.0,20.95,15.083333333,16.4,3.4,0.0,0.0,0.0,0.0
