name,machine_type,trace,-10,-9,-8,-7,-6,-5,-4,-3,-2,-1,0,1,2,3
m288_gpu0,gpu,utilization,100.0,99.7,97.133333333,98.8,97.0,97.116666667,98.116666667,99.0,99.116666667,99.883333333,99.066666667,100.0,100.0,99.95
m288_gpu1,gpu,utilization,98.233333333,100.0,99.933333333,98.8,97.3,99.883333333,99.0,99.0,99.116666667,99.766666667,98.0,97.966666667,97.25,99.95
m288_gpu2,gpu,utilization,100.0,99.9,99.0,98.7,96.4,99.883333333,99.0,99.0,99.116666667,99.883333333,98.933333333,97.933333333,96.25,99.0
m288_gpu3,gpu,utilization,100.0,99.6,96.2,98.7,96.4,99.883333333,99.0,99.0,99.116666667,99.883333333,98.933333333,98.066666667,99.666666667,96.15
m288_gpu4,gpu,utilization,100.0,99.6,96.2,98.9,97.8,96.35,99.0,99.0,98.183333333,92.7,98.133333333,100.0,100.0,99.95
m288_gpu5,gpu,utilization,100.0,99.6,96.2,98.7,96.0,96.233333333,98.116666667,99.0,99.116666667,99.883333333,99.066666667,100.0,100.0,99.95
m288_gpu6,gpu,utilization,100.0,99.7,97.133333333,98.8,97.2,98.883333333,98.116666667,99.0,98.766666667,97.116666667,98.133333333,100.0,99.75,97.1
m288_gpu7,gpu,utilization,100.0,99.7,97.133333333,98.8,97.3,99.883333333,99.0,99.0,96.083333333,76.916666667,99.066666667,100.0,99.75,97.1
