name,machine_type,trace,-10,-9,-8,-7,-6,-5,-4,-3,-2,-1,0,1,2,3
m321_gpu0,gpu,utilization,94.116666667,95.7,96.866666667,96.166666667,88.05,92.4,90.2,90.933333333,98.2,84.066666667,88.6,98.5,93.4,94.933333333
m321_gpu1,gpu,utilization,69.983333333,74.8,87.266666667,41.5,92.066666667,39.7,32.066666667,86.133333333,9.0,67.2,75.733333333,61.75,97.4,55.533333333
m321_gpu2,gpu,utilization,72.333333333,87.85,98.8,92.5,33.583333333,65.6,64.4,97.6,10.0,79.333333333,67.266666667,91.65,47.266666667,1.4666666667
m321_gpu6,gpu,utilization,88.683333333,98.95,95.666666667,26.666666667,81.9,28.0,91.933333333,81.133333333,8.0,82.133333333,84.266666667,26.05,24.866666667,78.166666667
