name,machine_type,trace,-10,-9,-8,-7,-6,-5,-4,-3,-2,-1,0,1,2,3
m362_gpu1,gpu,utilization,90.7,84.466666667,87.6,93.0,91.066666667,66.233333333,78.066666667,88.0,88.25,91.75,27.9,60.666666667,91.666666667,89.9
m362_gpu3,gpu,utilization,92.4,64.4,69.4,66.0,82.066666667,26.9,71.8,93.5,93.75,86.5,84.0,76.0,72.0,81.8
m362_gpu4,gpu,utilization,80.8,49.2,60.4,42.25,74.8,63.933333333,76.533333333,90.0,23.0,63.0,25.2,22.666666667,69.333333333,87.7
m362_gpu7,gpu,utilization,90.8,86.8,90.4,50.75,73.666666667,73.2,84.4,88.5,30.25,28.25,10.2,42.666666667,74.0,86.0
