name,machine_type,trace,-10,-9,-8,-7,-6,-5,-4,-3,-2,-1,0,1,2,3
m393_gpu0,gpu,utilization,7.9333333333,84.0,36.9,4.1333333333,82.8,89.35,90.733333333,89.333333333,87.366666667,17.4,76.5,90.0,89.2,90.566666667
m393_gpu1,gpu,utilization,9.1,84.933333333,9.1,72.8,93.0,10.966666667,79.733333333,92.833333333,55.433333333,82.2,92.7,93.0,92.2,93.566666667
m393_gpu5,gpu,utilization,3.15,85.866666667,44.3,81.466666667,88.0,90.65,89.266666667,89.833333333,90.0,89.2,87.3,89.5,88.4,89.566666667
m393_gpu7,gpu,utilization,8.75,86.8,9.3,78.866666667,91.0,90.116666667,91.733333333,92.0,91.183333333,88.6,91.4,71.166666667,86.2,91.783333333
