name,machine_type,trace,-10,-9,-8,-7,-6,-5,-4,-3,-2,-1,0,1,2,3
m329_gpu1,gpu,utilization,78.516666667,96.266666667,99.5,94.7,76.666666667,89.3,96.4,99.8,91.6,79.6,97.9,96.333333333,96.866666667,96.166666667
m329_gpu3,gpu,utilization,77.533333333,52.05,58.5,70.716666667,73.733333333,73.1,72.1,66.4,75.333333333,40.85,66.0,67.166666667,41.866666667,63.0
