name,machine_type,trace,-10,-9,-8,-7,-6,-5,-4,-3,-2,-1,0,1,2,3
m54_gpu0,gpu,utilization,86.983333333,86.4,75.9,93.4,98.083333333,93.766666667,94.25,96.4,87.8,82.333333333,93.2,97.733333333,91.916666667,84.7
m54_gpu6,gpu,utilization,30.633333333,80.666666667,45.6,89.4,98.633333333,96.766666667,96.75,98.2,93.6,89.666666667,81.633333333,75.566666667,77.333333333,60.05
