name,machine_type,trace,-10,-9,-8,-7,-6,-5,-4,-3,-2,-1,0,1,2,3
m266_gpu0,gpu,utilization,71.95,71.05,55.7,38.25,31.7,29.1,10.733333333,0.0,0.0,0.0,15.833333333,8.3333333333,0.0,39.266666667
m266_gpu1,gpu,utilization,59.6,78.05,85.8,66.75,22.9,1.4666666667,61.666666667,61.15,76.9,79.333333333,44.933333333,77.0,35.0,2.5333333333
m266_gpu2,gpu,utilization,42.95,39.6,38.4,59.1,72.95,90.466666667,38.333333333,40.7,68.533333333,90.0,77.2,88.0,100.0,100.0
m266_gpu3,gpu,utilization,33.15,37.15,60.5,72.95,71.4,45.933333333,12.266666667,61.05,36.3,0.0,63.333333333,33.333333333,0.0,0.0
