name,machine_type,trace,-10,-9,-8,-7,-6,-5,-4,-3,-2,-1,0,1,2,3
m97_gpu5,gpu,utilization,92.4,96.016666667,84.866666667,74.3,95.6,97.816666667,96.3,94.25,95.0,95.0,63.333333333,34.1,93.366666667,92.333333333
m97_gpu7,gpu,utilization,91.0,95.166666667,70.933333333,40.566666667,95.6,97.45,88.0,70.75,90.4,97.3,65.333333333,1.4666666667,4.3666666667,37.5
