name,machine_type,trace,-10,-9,-8,-7,-6,-5,-4,-3,-2,-1,0,1,2,3
m237_gpu0,gpu,utilization,55.266666667,100.0,91.5,79.5,82.583333333,63.9,93.0,86.7,90.4,74.8,100.0,100.0,100.0,100.0
m237_gpu1,gpu,utilization,51.466666667,95.8,92.35,81.55,82.266666667,63.25,87.333333333,74.8,87.2,66.4,98.3,95.6,100.0,100.0
m237_gpu2,gpu,utilization,58.2,100.0,88.95,73.35,82.583333333,63.9,84.666666667,69.2,96.533333333,90.9,94.333333333,85.333333333,100.0,100.0
m237_gpu3,gpu,utilization,58.2,100.0,91.5,79.5,82.266666667,63.25,86.666666667,73.4,87.466666667,67.1,97.166666667,92.666666667,99.3,97.65
m237_gpu4,gpu,utilization,57.466666667,100.0,91.783333333,80.183333333,82.9,64.55,92.333333333,85.3,91.466666667,77.6,100.0,100.0,100.0,100.0
m237_gpu5,gpu,utilization,76.533333333,100.0,88.1,71.3,82.266666667,63.25,83.666666667,67.1,92.8,81.1,91.5,78.0,100.0,100.0
m237_gpu6,gpu,utilization,56.0,100.0,93.483333333,84.283333333,81.95,62.6,87.666666667,75.5,99.466666667,98.6,97.166666667,92.666666667,100.0,100.0
m237_gpu7,gpu,utilization,56.733333333,100.0,90.366666667,76.766666667,81.316666667,61.3,92.0,84.6,92.0,79.0,100.0,100.0,100.0,100.0
