name,machine_type,trace,-10,-9,-8,-7,-6,-5,-4,-3,-2,-1,0,1,2,3
m95_gpu0,gpu,utilization,0.0,67.0,67.0,59.183333333,0.0,0.0,0.0,0.0,0.0,0.0,5.5833333333,67.0,67.15,68.0
m95_gpu1,gpu,utilization,0.0,66.033333333,61.416666667,7.7,61.6,3.35,67.083333333,60.066666667,0.0,0.0,5.5833333333,59.183333333,10.05,66.866666667
