name,machine_type,trace,-10,-9,-8,-7,-6,-5,-4,-3,-2,-1,0,1,2,3
m403_gpu0,gpu,utilization,88.733333333,89.85,91.0,89.766666667,90.8,90.7,91.266666667,91.366666667,91.0,91.633333333,92.0,89.95,91.0,89.466666667
m403_gpu1,gpu,utilization,88.733333333,89.233333333,89.35,89.616666667,90.0,90.0,91.266666667,90.1,90.2,91.633333333,91.35,92.366666667,91.666666667,91.0
m403_gpu2,gpu,utilization,90.9,90.766666667,91.3,92.0,90.8,91.3,90.733333333,91.266666667,90.2,90.9,89.4,88.683333333,91.0,90.1
m403_gpu3,gpu,utilization,90.0,90.0,91.3,90.15,89.6,91.3,90.1,90.266666667,90.4,90.633333333,89.7,88.316666667,90.0,89.733333333
