name,machine_type,trace,-10,-9,-8,-7,-6,-5,-4,-3,-2,-1,0,1,2,3
m290_gpu4,gpu,utilization,72.066666667,16.166666667,96.883333333,95.833333333,93.6,86.4,92.266666667,95.85,93.333333333,96.4,85.166666667,90.116666667,96.8,93.0
m290_gpu7,gpu,utilization,44.65,0.16666666667,10.566666667,76.166666667,5.2,79.4,0.93333333333,3.55,65.166666667,3.0,39.733333333,2.9666666667,4.25,64.916666667
m97_gpu1,gpu,utilization,93.533333333,83.333333333,95.35,96.583333333,81.8,96.466666667,89.6,97.7,91.0,80.85,96.9,94.05,96.2,81.216666667
m97_gpu6,gpu,utilization,43.3,3.3333333333,15.233333333,17.5,21.95,2.0,2.0,2.05,2.9166666667,2.1,6.4,75.633333333,52.45,23.9
