name,machine_type,trace,-10,-9,-8,-7,-6,-5,-4,-3,-2,-1,0,1,2,3
m102_gpu5,gpu,utilization,80.933333333,80.0,79.766666667,73.233333333,80.166666667,81.733333333,79.3,74.4,77.833333333,76.2,78.983333333,78.983333333,74.05,79.583333333
m102_gpu7,gpu,utilization,87.333333333,77.85,74.866666667,70.966666667,70.916666667,81.0,80.766666667,78.9,77.416666667,71.5,79.475,79.475,71.083333333,77.55
