name,machine_type,trace,-10,-9,-8,-7,-6,-5,-4,-3,-2,-1,0,1,2,3
m313_gpu0,gpu,utilization,86.666666667,100.0,54.4,60.633333333,13.2,0.0,84.15,99.866666667,96.466666667,99.4,100.0,100.0,97.6,99.4
m313_gpu1,gpu,utilization,86.666666667,100.0,38.4,61.333333333,14.6,0.0,83.3,13.066666667,85.683333333,94.45,98.9,100.0,100.0,100.0
m313_gpu2,gpu,utilization,86.666666667,100.0,44.8,59.366666667,13.6,0.0,84.15,97.266666667,96.116666667,99.4,100.0,100.0,27.2,81.8
m313_gpu3,gpu,utilization,100.0,99.166666667,37.4,81.033333333,19.8,0.0,84.15,95.533333333,98.533333333,14.85,81.666666667,98.433333333,19.6,80.0
m313_gpu4,gpu,utilization,86.666666667,100.0,45.6,51.933333333,11.6,0.0,83.3,13.066666667,84.8,98.55,99.816666667,100.0,98.4,98.8
m313_gpu5,gpu,utilization,86.666666667,100.0,84.8,94.8,19.8,0.0,80.75,12.666666667,83.916666667,98.4,99.816666667,100.0,98.4,99.6
m313_gpu6,gpu,utilization,86.666666667,100.0,67.2,50.566666667,9.6,0.0,82.45,12.933333333,85.683333333,99.55,100.0,100.0,98.4,99.6
m313_gpu7,gpu,utilization,86.666666667,100.0,37.6,71.833333333,17.4,0.0,84.15,13.2,84.8,98.55,99.816666667,100.0,98.4,98.8
