name,machine_type,trace,-10,-9,-8,-7,-6,-5,-4,-3,-2,-1,0,1,2,3
m330_gpu0,gpu,utilization,99.0,99.0,89.5,8.75,98.95,98.1,99.0,99.0,99.0,99.0,88.15,19.95,99.0,98.866666667
m330_gpu1,gpu,utilization,98.833333333,98.0,90.4,25.85,99.0,98.9,98.0,98.0,98.0,98.133333333,87.916666667,18.25,99.0,98.866666667
m330_gpu2,gpu,utilization,98.833333333,98.0,91.4,35.35,99.0,98.9,97.916666667,97.2,99.0,99.0,89.9,32.7,99.0,99.0
m330_gpu3,gpu,utilization,99.0,98.866666667,92.1,42.0,99.0,99.0,99.0,99.0,98.883333333,98.133333333,92.0,48.0,99.0,99.0
m330_gpu4,gpu,utilization,99.0,98.866666667,91.8,39.15,99.0,99.0,99.0,99.0,98.883333333,98.133333333,91.766666667,46.3,99.0,98.866666667
m330_gpu5,gpu,utilization,99.0,99.0,93.0,42.0,99.0,98.9,98.0,98.1,99.0,99.0,91.65,45.3,98.116666667,99.0
m330_gpu6,gpu,utilization,99.0,99.0,89.5,8.75,99.0,99.0,99.0,99.0,99.0,99.0,87.45,14.85,99.0,99.0
m330_gpu7,gpu,utilization,99.0,99.0,93.0,42.0,99.0,99.0,99.0,99.0,99.0,99.0,91.65,45.45,99.0,99.0
