name,machine_type,trace,-10,-9,-8,-7,-6,-5,-4,-3,-2,-1,0,1,2,3
m350_gpu1,gpu,utilization,97.0,97.0,97.0,97.0,96.883333333,96.0,82.5,21.2,81.6,62.966666667,21.666666667,69.6,2.3333333333,8.3666666667
m350_gpu3,gpu,utilization,96.1,97.0,97.0,96.766666667,95.116666667,95.883333333,85.25,24.0,5.8,22.233333333,16.5,76.4,19.9,9.9666666667
m350_gpu4,gpu,utilization,96.1,97.0,97.0,97.0,96.883333333,95.883333333,85.85,27.2,0.0,0.0,12.1,52.8,0.0,0.0
m350_gpu5,gpu,utilization,95.1,96.116666667,96.833333333,96.116666667,96.883333333,96.0,82.05,2.4,0.0,0.0,0.18333333333,0.8,0.0,0.0
