name,machine_type,trace,-10,-9,-8,-7,-6,-5,-4,-3,-2,-1,0,1,2,3
m330_gpu2,gpu,utilization,89.066666667,90.9,3.0333333333,84.0,89.8,91.0,92.0,95.866666667,90.0,93.95,95.066666667,95.766666667,93.575,93.575
m330_gpu3,gpu,utilization,85.866666667,38.5,1.2,87.0,68.633333333,100.0,70.0,93.2,93.0,94.783333333,28.2,58.933333333,35.141666667,35.141666667
m330_gpu5,gpu,utilization,42.366666667,86.65,98.666666667,92.0,40.766666667,84.0,85.0,86.933333333,95.0,93.416666667,2.7333333333,41.7,81.316666667,81.316666667
m330_gpu6,gpu,utilization,10.516666667,47.95,1.6666666667,94.0,38.9,89.0,76.0,72.133333333,91.0,3.45,6.4666666667,95.266666667,29.75,29.75
