name,machine_type,trace,-10,-9,-8,-7,-6,-5,-4,-3,-2,-1,0,1,2,3
m322_gpu1,gpu,utilization,91.283333333,85.866666667,86.866666667,88.75,91.3,91.233333333,91.0,85.633333333,84.0,88.9,90.816666667,89.4,89.0,89.0
m322_gpu2,gpu,utilization,82.9,73.333333333,72.3,55.25,76.6,85.0,79.283333333,56.533333333,75.85,74.016666667,80.166666667,70.0,71.166666667,79.65
m322_gpu4,gpu,utilization,83.416666667,84.2,86.433333333,60.0,60.966666667,42.533333333,71.933333333,87.666666667,63.366666667,65.8,81.883333333,89.8,60.166666667,76.1
m322_gpu7,gpu,utilization,87.0,58.4,51.583333333,77.0,78.1,79.833333333,75.283333333,80.9,75.95,67.466666667,82.333333333,70.0,81.0,74.65
