name,machine_type,trace,-10,-9,-8,-7,-6,-5,-4,-3,-2,-1,0,1,2,3
m235_gpu1,gpu,utilization,63.966666667,50.983333333,68.783333333,68.0,67.35,66.2,69.716666667,64.55,66.783333333,66.0,66.183333333,67.4,70.0,69.8
m235_gpu3,gpu,utilization,21.883333333,11.683333333,25.0,24.633333333,23.433333333,25.0,25.0,25.0,23.483333333,19.0,24.183333333,25.0,24.5,20.333333333
m235_gpu5,gpu,utilization,39.7,28.466666667,41.433333333,42.633333333,41.433333333,43.2,43.633333333,42.183333333,43.0,43.0,43.0,43.133333333,43.9,42.866666667
m235_gpu7,gpu,utilization,38.883333333,28.466666667,40.783333333,40.183333333,41.216666667,42.0,42.0,42.183333333,41.05,35.333333333,42.183333333,43.0,42.9,41.933333333
