name,machine_type,trace,-10,-9,-8,-7,-6,-5,-4,-3,-2,-1,0,1,2,3
m35_gpu0,gpu,utilization,25.333333333,25.0,39.666666667,45.733333333,38.133333333,42.533333333,56.933333333,48.5,27.866666667,45.833333333,78.25,78.083333333,77.0,56.7
m35_gpu1,gpu,utilization,24.666666667,22.0,42.083333333,48.6,41.55,40.0,46.933333333,48.65,36.066666667,46.5,74.5,77.233333333,77.666666667,56.7
m35_gpu2,gpu,utilization,25.866666667,10.0,36.033333333,55.866666667,43.616666667,36.266666667,44.733333333,48.233333333,37.266666667,42.1,61.916666667,76.066666667,81.333333333,57.4
m35_gpu3,gpu,utilization,28.266666667,18.5,42.266666667,58.6,49.616666667,43.333333333,46.333333333,46.166666667,38.2,50.166666667,75.0,79.316666667,77.0,56.7
m35_gpu4,gpu,utilization,23.866666667,35.5,54.133333333,45.266666667,11.1,39.466666667,75.0,49.616666667,21.066666667,45.333333333,74.666666667,76.333333333,55.666666667,27.3
m35_gpu5,gpu,utilization,28.666666667,19.5,44.416666667,41.733333333,12.9,50.666666667,81.0,50.55,25.0,49.9,76.166666667,82.766666667,72.333333333,34.3
m35_gpu6,gpu,utilization,24.533333333,14.5,32.333333333,45.533333333,36.583333333,35.6,50.333333333,47.983333333,26.933333333,42.533333333,71.583333333,75.6,83.666666667,59.5
m35_gpu7,gpu,utilization,17.333333333,21.5,40.133333333,40.866666667,21.383333333,54.866666667,78.333333333,46.516666667,22.0,51.666666667,81.25,83.0,74.0,39.2
