name,machine_type,trace,-10,-9,-8,-7,-6,-5,-4,-3,-2,-1,0,1,2,3
m14_gpu0,gpu,utilization,41.9,24.066666667,29.4,86.7,68.2,5.95,15.75,15.3,41.4,13.766666667,47.2,9.3333333333,61.866666667,100.0
m14_gpu1,gpu,utilization,98.6,97.466666667,100.0,97.6,92.533333333,95.7,99.75,70.95,0.0,0.0,17.6,73.333333333,12.266666667,84.333333333
m14_gpu2,gpu,utilization,98.6,93.066666667,67.0,49.6,100.0,97.733333333,91.25,63.783333333,23.333333333,76.666666667,20.0,83.333333333,0.0,0.0
m14_gpu3,gpu,utilization,100.0,63.333333333,35.0,96.7,89.266666667,92.55,99.25,71.666666667,23.333333333,76.666666667,20.0,83.333333333,13.2,90.75
m14_gpu4,gpu,utilization,5.85,36.666666667,97.9,95.8,98.666666667,94.716666667,70.5,0.0,23.1,75.9,20.0,83.333333333,13.333333333,91.666666667
m14_gpu5,gpu,utilization,91.2,91.133333333,100.0,98.8,95.2,94.983333333,75.0,0.0,21.7,71.3,20.0,83.333333333,11.866666667,81.583333333
m14_gpu6,gpu,utilization,98.95,87.833333333,46.8,0.0,22.666666667,71.966666667,29.25,0.0,23.333333333,98.366666667,94.4,100.0,93.333333333,54.166666667
m14_gpu7,gpu,utilization,65.0,0.0,35.0,70.0,26.666666667,96.6,66.0,0.0,23.333333333,98.833333333,95.2,80.0,13.333333333,91.666666667
