name,machine_type,trace,-10,-9,-8,-7,-6,-5,-4,-3,-2,-1,0,1,2,3
m376_gpu3,gpu,utilization,94.425,95.0,91.066666667,71.0,81.816666667,91.5,94.9,90.083333333,93.933333333,3.1333333333,39.383333333,39.383333333,94.725,94.725
m376_gpu4,gpu,utilization,0.0,0.0,0.0,0.0,0.0,0.0,0.0,0.0,0.0,0.0,0.0,0.0,0.0,0.0
m376_gpu5,gpu,utilization,0.0,0.0,0.0,0.0,0.0,0.0,0.0,0.0,0.0,0.0,0.0,0.0,0.0,0.0
m376_gpu7,gpu,utilization,5.225,83.0,1.3833333333,83.0,83.0,83.0,83.0,83.0,10.233333333,80.533333333,40.808333333,40.808333333,81.791666667,81.791666667
