name,machine_type,trace,-10,-9,-8,-7,-6,-5,-4,-3,-2,-1,0,1,2,3
m356_gpu1,gpu,utilization,67.05,72.6,67.7,67.0,68.7,69.0,69.816666667,43.05,60.5,68.466666667,67.466666667,69.35,68.366666667,71.2
m356_gpu3,gpu,utilization,48.95,46.2,46.0,48.55,48.15,49.666666667,47.55,27.4,44.15,47.066666667,46.766666667,48.566666667,49.0,46.6
m356_gpu4,gpu,utilization,59.05,56.2,58.65,59.0,62.4,59.666666667,58.183333333,36.766666667,51.583333333,56.266666667,56.0,58.35,57.366666667,59.4
m356_gpu7,gpu,utilization,55.05,57.8,59.766666667,59.15,59.0,54.833333333,54.816666667,37.033333333,50.233333333,55.733333333,56.0,57.566666667,58.0,62.0
