name,machine_type,trace,-10,-9,-8,-7,-6,-5,-4,-3,-2,-1,0,1,2,3
m103_gpu0,gpu,utilization,54.133333333,28.35,27.2,50.866666667,22.5,0.0,11.0,12.1,16.8,30.4,12.4,19.133333333,46.6,51.966666667
m103_gpu1,gpu,utilization,47.266666667,23.25,19.6,36.4,18.5,13.933333333,32.5,24.75,0.0,7.9333333333,37.3,51.533333333,39.266666667,42.75
