name,machine_type,trace,-10,-9,-8,-7,-6,-5,-4,-3,-2,-1,0,1,2,3
m397_gpu0,gpu,utilization,99.1,99.866666667,98.633333333,75.983333333,17.966666667,98.0,98.433333333,97.8,90.833333333,99.0,74.25,21.666666667,100.0,76.666666667
m397_gpu2,gpu,utilization,100.0,99.733333333,97.633333333,75.2,17.966666667,98.0,98.433333333,98.2,92.466666667,99.0,74.25,21.666666667,100.0,76.666666667
m397_gpu5,gpu,utilization,99.9,99.0,98.45,75.2,17.966666667,98.0,98.433333333,98.4,93.283333333,99.0,74.25,21.666666667,100.0,76.666666667
m397_gpu6,gpu,utilization,99.9,97.933333333,92.1,75.983333333,18.15,99.0,94.883333333,84.0,99.816666667,99.216666667,75.0,19.5,92.333333333,76.666666667
