name,machine_type,trace,-10,-9,-8,-7,-6,-5,-4,-3,-2,-1,0,1,2,3
m215_gpu1,gpu,utilization,19.233333333,20.7,16.8,0.2,6.0,5.8,5.4,78.6,8.25,0.45,8.85,6.1666666667,10.933333333,10.866666667
m215_gpu2,gpu,utilization,17.666666667,4.5,42.0,0.2,6.0,8.5,75.6,0.3,8.25,0.3,6.0,6.2,11.866666667,10.9
m215_gpu4,gpu,utilization,0.0,0.0,0.0,0.2,6.0,5.8,0.0,0.0,0.0,0.3,6.15,8.9333333333,6.9333333333,8.5333333333
m215_gpu6,gpu,utilization,60.616666667,33.0,14.0,0.2,6.0,5.8,0.0,0.43333333333,13.583333333,19.3,6.15,8.7,0.4,7.0
