name,machine_type,trace,-10,-9,-8,-7,-6,-5,-4,-3,-2,-1,0,1,2,3
m252_gpu0,gpu,utilization,4.8333333333,0.3,17.4,15.75,15.75,21.0,69.75,69.75,48.0,48.983333333,56.933333333,23.933333333,23.933333333,17.083333333
m252_gpu1,gpu,utilization,7.7333333333,0.35,20.3,49.35,49.35,25.0,76.566666667,76.566666667,34.0,48.75,32.766666667,61.2,61.2,92.566666667
m252_gpu2,gpu,utilization,7.7333333333,1.55,90.766666667,61.175,61.175,61.0,29.4,29.4,17.0,61.25,56.0,49.8,49.8,35.15
m252_gpu3,gpu,utilization,6.7666666667,0.0,0.0,0.0,0.0,0.0,48.05,48.05,93.0,93.0,93.966666667,93.0,93.0,93.983333333
m252_gpu4,gpu,utilization,4.8333333333,0.33333333333,21.233333333,75.9,75.9,22.0,28.233333333,28.233333333,21.0,38.7,33.866666667,55.9,55.9,26.45
m252_gpu5,gpu,utilization,4.8333333333,0.0,0.0,48.825,48.825,0.0,89.616666667,89.616666667,84.0,92.85,92.033333333,93.0,93.0,93.0
m252_gpu6,gpu,utilization,5.8,1.1,63.8,49.35,49.35,94.0,61.766666667,61.766666667,34.0,93.0,93.433333333,35.6,35.6,92.833333333
m252_gpu7,gpu,utilization,7.7333333333,1.5666666667,90.866666667,34.125,34.125,69.0,93.516666667,93.516666667,15.0,58.266666667,45.866666667,46.133333333,46.133333333,93.266666667
