name,machine_type,trace,-10,-9,-8,-7,-6,-5,-4,-3,-2,-1,0,1,2,3
m117_gpu2,gpu,utilization,0.0,0.0,0.0,0.0,0.0,0.0,10.266666667,64.166666667,0.0,7.8833333333,35.833333333,0.0,0.0,0.0
m117_gpu3,gpu,utilization,3.8,0.7,7.55,18.1,18.066666667,7.1,22.533333333,0.0,3.4666666667,21.233333333,3.3333333333,16.0,0.0,3.4833333333
m117_gpu5,gpu,utilization,0.0,0.0,0.0,0.0,0.0,0.0,13.333333333,83.333333333,0.0,18.333333333,83.333333333,0.0,0.0,0.0
m117_gpu6,gpu,utilization,0.0,0.0,0.0,0.0,0.0,0.0,12.0,75.0,0.0,6.4166666667,29.166666667,0.0,0.0,0.0
m52_gpu0,gpu,utilization,0.0,0.0,0.0,0.9,8.4,0.0,0.0,0.0,0.0,0.0,0.0,19.4,77.6,0.0
m52_gpu3,gpu,utilization,0.0,0.0,0.0,6.0,56.0,0.0,0.0,9.8333333333,51.133333333,0.0,0.0,0.0,0.0,0.0
m52_gpu5,gpu,utilization,12.1,29.7,0.0,0.0,0.6,12.3,42.266666667,37.5,4.7333333333,9.2333333333,33.166666667,19.0,32.8,14.416666667
m52_gpu6,gpu,utilization,0.0,0.0,0.0,4.7,43.866666667,0.0,0.0,6.1666666667,32.066666667,0.0,0.0,4.2,16.8,0.0
