name,machine_type,trace,-10,-9,-8,-7,-6,-5,-4,-3,-2,-1,0,1,2,3
m196_gpu0,gpu,utilization,25.8,61.1,92.15,87.833333333,88.916666667,85.3,88.666666667,92.65,91.6,85.533333333,94.333333333,95.216666667,86.033333333,85.166666667
m196_gpu4,gpu,utilization,89.2,91.25,95.466666667,93.833333333,88.5,88.533333333,56.666666667,50.4,30.1,57.95,85.333333333,36.016666667,61.033333333,88.733333333
m196_gpu5,gpu,utilization,24.3,59.8,87.066666667,88.433333333,94.5,86.866666667,39.666666667,44.35,31.4,37.766666667,21.333333333,24.716666667,65.566666667,86.266666667
m196_gpu6,gpu,utilization,28.5,22.75,69.533333333,91.633333333,89.666666667,84.833333333,67.0,81.1,30.7,58.666666667,28.666666667,25.6,75.0,95.733333333
