name,machine_type,trace,-10,-9,-8,-7,-6,-5,-4,-3,-2,-1,0,1,2,3
m225_gpu0,gpu,utilization,56.1,42.433333333,56.65,39.2,14.7,50.5,46.333333333,39.066666667,60.283333333,68.333333333,60.1,55.25,48.866666667,43.816666667
m225_gpu1,gpu,utilization,0.0,0.0,0.0,0.0,0.0,0.0,0.0,0.0,0.0,0.0,0.0,0.0,0.0,0.0
