name,machine_type,trace,-10,-9,-8,-7,-6,-5,-4,-3,-2,-1,0,1,2,3
m399_gpu2,gpu,utilization,36.3,59.4,39.166666667,96.4,56.666666667,43.65,97.433333333,98.866666667,100.0,51.666666667,49.5,51.15,50.133333333,96.916666667
m399_gpu3,gpu,utilization,36.3,59.4,40.833333333,98.8,56.666666667,44.55,99.0,99.0,99.45,51.666666667,49.0,50.633333333,44.266666667,90.583333333
m399_gpu5,gpu,utilization,36.666666667,60.0,41.25,96.6,52.7,43.65,97.866666667,99.433333333,98.2,49.6,50.0,51.666666667,47.466666667,95.416666667
m399_gpu6,gpu,utilization,36.666666667,60.0,35.833333333,91.6,56.666666667,43.65,97.866666667,99.433333333,100.0,51.666666667,49.5,51.15,42.133333333,91.25
