name,machine_type,trace,-10,-9,-8,-7,-6,-5,-4,-3,-2,-1,0,1,2,3
m39_gpu0,gpu,utilization,59.4,37.95,57.75,0.0,44.8,82.95,84.0,60.0,10.15,53.833333333,95.0,97.2,99.0,66.0
m39_gpu1,gpu,utilization,57.0,36.8,56.0,0.0,22.866666667,63.5,89.0,64.5,14.5,53.833333333,95.516666667,97.65,99.0,69.6
m39_gpu2,gpu,utilization,58.2,37.95,57.75,0.0,28.466666667,62.933333333,82.0,58.0,8.2166666667,55.533333333,96.45,97.2,99.0,61.8
m39_gpu3,gpu,utilization,59.4,37.95,57.75,0.0,34.533333333,62.4,74.5,50.5,0.96666666667,53.266666667,94.0,96.75,99.0,55.8
m39_gpu4,gpu,utilization,57.6,36.416666667,55.416666667,0.0,22.4,61.05,87.0,63.0,13.05,54.966666667,95.45,96.75,99.0,66.6
m39_gpu5,gpu,utilization,59.4,37.95,57.75,0.0,28.466666667,60.516666667,79.5,56.0,6.2833333333,55.533333333,95.933333333,96.75,99.0,58.8
m39_gpu6,gpu,utilization,57.6,38.333333333,58.333333333,0.0,2.8,11.316666667,58.0,79.0,28.516666667,54.4,81.016666667,84.6,99.0,90.6
m39_gpu7,gpu,utilization,58.2,38.333333333,58.333333333,0.0,4.2,10.45,55.5,76.5,26.1,54.966666667,77.883333333,81.45,99.0,86.4
