name,machine_type,trace,-10,-9,-8,-7,-6,-5,-4,-3,-2,-1,0,1,2,3
m302_gpu0,gpu,utilization,0.0,0.0,70.2,14.85,43.866666667,14.0,69.0,19.933333333,0.0,43.2,9.9,0.0,0.0,71.666666667
m302_gpu1,gpu,utilization,78.2,16.866666667,0.0,74.316666667,90.216666667,93.0,23.5,0.0,0.0,62.4,88.616666667,13.65,66.666666667,63.333333333
m302_gpu2,gpu,utilization,89.45,81.65,10.666666667,0.0,65.8,21.0,0.0,59.533333333,76.816666667,83.4,15.583333333,75.65,14.833333333,3.3333333333
m302_gpu3,gpu,utilization,0.0,0.0,0.0,0.0,60.316666667,19.25,0.0,72.066666667,16.866666667,63.2,14.483333333,0.0,0.0,52.5
