name,machine_type,trace,-10,-9,-8,-7,-6,-5,-4,-3,-2,-1,0,1,2,3
m393_gpu0,gpu,utilization,72.5,33.583333333,0.0,3.1,43.2,36.4,0.0,0.0,0.0,0.0,49.95,31.6,1.1,9.0
m393_gpu1,gpu,utilization,52.5,6.2,0.0,2.5833333333,50.983333333,50.266666667,5.0,0.0,0.0,3.7,2.3,3.8,28.8,24.0
m393_gpu2,gpu,utilization,6.0,0.0,0.0,31.0,54.316666667,22.866666667,0.0,0.0,0.0,27.133333333,16.866666667,1.9,38.466666667,79.4
m393_gpu3,gpu,utilization,6.0,44.95,46.5,1.55,7.65,5.6,0.0,0.0,0.0,36.383333333,26.316666667,4.7333333333,9.0666666667,60.6
m393_gpu4,gpu,utilization,46.0,25.616666667,26.5,1.55,28.833333333,24.733333333,0.0,0.0,0.0,17.266666667,68.083333333,50.566666667,43.1,27.8
m393_gpu5,gpu,utilization,13.5,44.95,54.0,8.2833333333,31.45,27.533333333,0.0,0.0,0.0,6.7833333333,11.0,5.9333333333,6.1666666667,9.2
m393_gpu6,gpu,utilization,54.0,52.666666667,65.0,19.466666667,29.316666667,53.0,22.083333333,0.0,0.0,57.966666667,42.816666667,7.2,61.366666667,94.0
m393_gpu7,gpu,utilization,47.0,30.45,31.5,1.55,16.433333333,13.533333333,0.0,0.0,0.0,36.383333333,54.683333333,21.6,36.933333333,60.8
