name,machine_type,trace,-10,-9,-8,-7,-6,-5,-4,-3,-2,-1,0,1,2,3
m14_gpu0,gpu,utilization,35.1,30.4,92.666666667,59.083333333,0.68333333333,19.333333333,40.6,0.0,0.0,27.55,90.683333333,71.666666667,0.0,18.666666667
m14_gpu1,gpu,utilization,61.1,31.666666667,66.666666667,29.45,63.55,33.333333333,70.0,0.0,0.0,0.0,0.0,25.783333333,69.766666667,21.7
m14_gpu2,gpu,utilization,65.0,31.666666667,66.666666667,29.133333333,62.866666667,33.333333333,100.0,100.0,68.333333333,29.133333333,65.933333333,25.783333333,69.766666667,23.333333333
m14_gpu3,gpu,utilization,64.35,31.666666667,66.666666667,0.0,0.0,32.333333333,67.9,17.85,34.85,31.666666667,71.666666667,26.916666667,72.833333333,23.333333333
m14_gpu4,gpu,utilization,64.35,31.35,66.0,31.666666667,68.333333333,33.0,69.3,35.0,68.333333333,29.133333333,65.933333333,28.333333333,76.666666667,23.333333333
m14_gpu5,gpu,utilization,64.35,31.666666667,66.666666667,0.0,0.0,33.0,69.3,35.0,68.333333333,0.0,0.0,28.05,75.9,23.333333333
m14_gpu6,gpu,utilization,39.5,98.633333333,100.0,100.0,68.333333333,25.666666667,53.9,28.7,72.816666667,36.533333333,15.45,53.7,60.333333333,68.933333333
m14_gpu7,gpu,utilization,5.2,17.416666667,36.666666667,31.666666667,68.333333333,33.333333333,70.0,22.05,62.366666667,70.5,65.216666667,0.0,10.033333333,56.3
