name,machine_type,trace,-10,-9,-8,-7,-6,-5,-4,-3,-2,-1,0,1,2,3
m23_gpu1,gpu,utilization,89.733333333,89.233333333,90.0,89.783333333,89.0,86.066666667,75.55,90.0,90.0,90.0,90.0,90.0,89.4,86.466666667
m23_gpu5,gpu,utilization,89.0,89.0,89.0,89.0,89.0,83.866666667,65.2,89.0,88.8,88.0,88.2,89.166666667,86.85,71.333333333
m194_gpu2,gpu,utilization,0.0,0.0,0.0,0.0,0.0,0.0,0.0,0.0,0.0,0.0,0.0,0.0,0.0,0.0
m194_gpu3,gpu,utilization,0.0,0.0,0.0,0.0,0.0,0.0,0.0,0.0,0.0,0.0,0.0,0.0,0.0,0.0
m29_gpu0,gpu,utilization,98.733333333,98.0,98.233333333,98.783333333,98.233333333,99.0,99.0,99.0,98.8,98.15,99.0,99.0,99.0,99.0
m29_gpu7,gpu,utilization,98.733333333,98.0,98.233333333,98.783333333,98.233333333,98.816666667,98.0,98.166666667,98.8,98.0,98.0,98.166666667,98.85,98.0
m21_gpu5,gpu,utilization,76.2,77.733333333,69.0,18.2,83.766666667,83.733333333,85.65,77.666666667,79.0,87.55,63.8,52.333333333,78.25,66.766666667
m21_gpu7,gpu,utilization,45.466666667,71.366666667,89.233333333,89.783333333,83.4,68.483333333,82.5,74.0,76.4,84.65,77.0,76.333333333,74.5,83.816666667
