name,machine_type,trace,-10,-9,-8,-7,-6,-5,-4,-3,-2,-1,0,1,2,3
m210_gpu0,gpu,utilization,6.0666666667,90.866666667,92.133333333,92.0,93.766666667,10.966666667,83.916666667,6.3333333333,95.7,86.866666667,8.6,88.666666667,94.05,89.0
m210_gpu1,gpu,utilization,5.6666666667,80.233333333,83.933333333,84.916666667,86.766666667,10.15,84.8,6.4,85.066666667,82.4,8.2,89.6,95.05,95.0
m210_gpu2,gpu,utilization,5.8666666667,89.9,93.0,93.916666667,94.883333333,11.083333333,86.566666667,6.5333333333,95.7,93.4,9.3,90.533333333,94.15,89.0
m210_gpu3,gpu,utilization,6.3333333333,93.766666667,96.066666667,96.0,96.0,11.2,83.916666667,6.3333333333,90.866666667,92.133333333,9.2,88.666666667,96.9,95.0
