name,machine_type,trace,-10,-9,-8,-7,-6,-5,-4,-3,-2,-1,0,1,2,3
m288_gpu0,gpu,utilization,1.5,1.45,0.0,52.7,93.0,40.3,0.0,58.9,65.866666667,20.4,1.6666666667,0.0,0.0,56.733333333
m288_gpu3,gpu,utilization,1.5,1.45,0.0,52.133333333,92.55,40.866666667,0.41666666667,58.9,93.0,37.1,2.3333333333,0.0,0.0,56.733333333
m288_gpu4,gpu,utilization,46.0,1.45,0.0,52.7,93.0,40.3,0.0,59.533333333,94.0,35.5,1.3333333333,0.0,0.0,57.35
m288_gpu7,gpu,utilization,1.0,0.96666666667,0.0,53.833333333,94.45,41.3,0.41666666667,59.533333333,94.0,43.3,5.3333333333,0.0,0.0,57.966666667
m22_gpu4,gpu,utilization,0.0,0.0,0.0,53.266666667,69.8,21.666666667,0.0,58.9,35.65,60.45,93.0,35.65,0.0,0.0
m22_gpu5,gpu,utilization,1.0,0.0,0.0,52.7,45.15,2.6,0.0,58.9,35.65,60.45,93.0,35.65,0.0,0.0
m22_gpu6,gpu,utilization,47.0,0.0,0.0,53.266666667,64.85,17.766666667,0.0,0.0,0.0,61.1,94.666666667,36.416666667,0.0,0.0
m22_gpu7,gpu,utilization,0.5,0.0,0.0,53.266666667,45.6,2.6,0.0,59.533333333,36.033333333,39.65,83.0,36.033333333,0.0,0.0
