name,machine_type,trace,-10,-9,-8,-7,-6,-5,-4,-3,-2,-1,0,1,2,3
m134_gpu0,gpu,utilization,98.65,69.5,33.4,97.0,94.9,98.433333333,97.283333333,98.0,98.283333333,66.0,31.35,99.0,99.0,98.683333333
m134_gpu1,gpu,utilization,99.0,71.7,36.5,98.333333333,99.0,99.0,99.0,98.733333333,98.283333333,66.0,31.35,99.0,99.0,99.0
m134_gpu2,gpu,utilization,99.0,70.2,33.4,98.666666667,98.0,98.283333333,98.716666667,98.266666667,98.716666667,98.333333333,99.0,99.0,99.0,99.0
m134_gpu3,gpu,utilization,0.0,0.0,0.0,0.0,0.0,0.0,0.0,0.0,0.0,0.0,0.0,0.0,0.0,0.0
m35_gpu1,gpu,utilization,93.0,92.7,62.866666667,30.666666667,92.633333333,67.366666667,0.0,24.533333333,66.5,32.333333333,91.733333333,89.283333333,90.95,92.683333333
m35_gpu2,gpu,utilization,76.4,92.0,92.316666667,92.666666667,79.333333333,52.85,39.416666667,24.8,66.65,31.0,89.833333333,85.55,92.0,91.683333333
m35_gpu5,gpu,utilization,0.0,0.0,0.0,0.0,0.0,0.0,0.0,0.0,0.0,0.0,0.0,0.0,0.0,0.0
m35_gpu6,gpu,utilization,0.0,0.0,0.0,0.0,0.0,0.0,0.0,0.0,0.0,0.0,0.0,0.0,0.0,0.0
