name,machine_type,trace,-10,-9,-8,-7,-6,-5,-4,-3,-2,-1,0,1,2,3
m329_gpu0,gpu,utilization,14.2,64.216666667,39.7,70.7,50.15,9.35,59.983333333,83.666666667,8.5333333333,57.266666667,94.4,62.716666667,0.0,9.8666666667
m329_gpu1,gpu,utilization,72.0,0.36666666667,2.0,6.0,50.7,81.666666667,0.0,13.166666667,68.466666667,0.0,0.0,11.666666667,100.0,86.666666667
m329_gpu2,gpu,utilization,46.8,75.5,95.35,67.5,45.9,18.333333333,81.666666667,6.8333333333,42.2,50.666666667,55.666666667,53.0,0.0,9.8666666667
m329_gpu3,gpu,utilization,0.0,0.36666666667,2.0,6.1,42.55,32.666666667,8.8,40.0,4.4,28.866666667,7.8666666667,40.633333333,15.0,96.0
