name,machine_type,trace,-10,-9,-8,-7,-6,-5,-4,-3,-2,-1,0,1,2,3
m260_gpu4,gpu,utilization,21.866666667,82.6,58.8,26.916666667,84.366666667,82.65,53.3,0.0,0.0,0.0,0.0,28.7,82.383333333,47.033333333
m260_gpu5,gpu,utilization,23.2,86.1,58.8,1.5833333333,30.966666667,84.55,52.0,0.0,0.0,0.0,0.0,26.6,77.533333333,45.333333333
