name,machine_type,trace,-10,-9,-8,-7,-6,-5,-4,-3,-2,-1,0,1,2,3
m63_gpu0,gpu,utilization,22.5,82.95,95.833333333,99.333333333,37.0,89.583333333,97.65,99.733333333,94.7,98.416666667,95.6,99.416666667,94.7,91.45
m63_gpu1,gpu,utilization,50.0,88.183333333,16.5,86.666666667,15.4,86.666666667,89.583333333,98.533333333,94.7,95.766666667,95.15,99.416666667,94.7,87.2
m63_gpu2,gpu,utilization,61.666666667,91.566666667,29.166666667,88.666666667,46.9,89.583333333,96.65,99.6,93.816666667,92.116666667,96.25,99.65,95.583333333,68.65
m63_gpu3,gpu,utilization,50.0,89.0,16.666666667,86.666666667,13.6,86.5,97.533333333,99.733333333,93.816666667,93.0,93.85,99.3,94.7,74.45
m63_gpu4,gpu,utilization,58.333333333,90.833333333,55.0,92.8,21.7,88.166666667,95.0,99.333333333,94.7,90.466666667,95.1,99.533333333,96.466666667,57.75
m63_gpu5,gpu,utilization,55.0,90.1,16.666666667,86.666666667,24.4,88.416666667,89.7,98.533333333,94.7,97.533333333,95.45,99.416666667,94.7,91.45
m63_gpu6,gpu,utilization,54.166666667,89.916666667,16.666666667,86.666666667,55.9,92.25,95.116666667,99.333333333,94.7,90.466666667,95.1,99.533333333,96.466666667,56.9
m63_gpu7,gpu,utilization,44.166666667,87.716666667,16.666666667,86.666666667,83.8,93.916666667,98.533333333,99.866666667,94.7,94.883333333,95.0,99.416666667,95.583333333,83.1
