name,machine_type,trace,-10,-9,-8,-7,-6,-5,-4,-3,-2,-1,0,1,2,3
m193_gpu4,gpu,utilization,0.0,0.0,0.0,0.0,0.0,0.0,0.0,0.0,0.0,0.0,0.0,0.0,0.0,0.0
m117_gpu2,gpu,utilization,95.766666667,89.25,73.4,82.5,99.4,92.166666667,73.9,81.1,99.0,88.5,93.816666667,99.4,90.933333333,71.3
m322_gpu3,gpu,utilization,60.733333333,62.5,38.2,70.166666667,74.15,15.166666667,54.95,50.1,56.25,16.0,29.55,64.9,73.133333333,66.6
m293_gpu4,gpu,utilization,85.933333333,88.5,87.8,91.166666667,91.25,87.333333333,89.0,89.0,89.083333333,89.9,88.883333333,88.6,93.6,90.7
