name,machine_type,trace,-10,-9,-8,-7,-6,-5,-4,-3,-2,-1,0,1,2,3
m385_gpu0,gpu,utilization,0.0,75.0,26.666666667,75.9,99.766666667,100.0,23.333333333,0.0,75.0,30.483333333,72.516666667,30.233333333,81.8,20.0
m385_gpu1,gpu,utilization,0.0,75.0,26.666666667,76.666666667,100.0,100.0,23.333333333,0.0,46.5,30.466666667,76.766666667,25.633333333,80.6,20.0
m385_gpu2,gpu,utilization,1.1666666667,75.0,26.666666667,76.666666667,100.0,100.0,23.333333333,0.0,47.25,25.016666667,74.5,26.4,80.8,20.0
m385_gpu3,gpu,utilization,1.1666666667,75.0,26.666666667,76.666666667,100.0,100.0,23.333333333,0.0,54.0,27.566666667,74.5,26.4,80.8,20.0
m385_gpu4,gpu,utilization,0.0,75.0,26.666666667,76.666666667,100.0,100.0,23.333333333,0.0,45.75,30.183333333,76.766666667,27.166666667,81.0,20.0
m385_gpu5,gpu,utilization,1.1666666667,75.0,26.666666667,76.666666667,100.0,100.0,23.333333333,0.0,56.25,26.983333333,73.933333333,27.166666667,81.0,20.0
m385_gpu6,gpu,utilization,1.6333333333,75.0,26.666666667,75.9,99.766666667,100.0,23.333333333,0.0,74.25,30.916666667,72.8,29.466666667,81.6,20.0
m385_gpu7,gpu,utilization,0.0,75.0,26.666666667,76.666666667,100.0,100.0,23.333333333,0.0,37.5,27.066666667,76.766666667,24.866666667,80.4,20.0
