name,machine_type,trace,-10,-9,-8,-7,-6,-5,-4,-3,-2,-1,0,1,2,3
m140_gpu1,gpu,utilization,5.7166666667,54.1,88.333333333,10.95,74.0,75.15,64.3,81.666666667,15.0,100.0,85.0,16.316666667,87.133333333,85.433333333
m140_gpu5,gpu,utilization,3.7333333333,38.8,88.333333333,15.0,83.333333333,18.333333333,85.3,19.966666667,98.65,76.883333333,11.9,14.666666667,61.333333333,0.0
m409_gpu2,gpu,utilization,96.15,66.0,61.9,99.15,83.333333333,15.95,78.15,23.05,0.85,0.0,15.0,81.85,0.76666666667,23.333333333
m409_gpu4,gpu,utilization,11.083333333,94.9,83.033333333,13.8,88.166666667,56.35,12.0,65.7,14.15,67.783333333,0.0,14.85,85.433333333,93.933333333
m129_gpu2,gpu,utilization,88.333333333,7.6,67.133333333,9.45,68.333333333,85.283333333,49.05,89.0,86.9,61.25,15.0,100.0,76.666666667,23.333333333
m129_gpu3,gpu,utilization,68.266666667,89.3,49.466666667,15.0,99.0,91.433333333,77.15,68.15,85.15,0.81666666667,12.75,69.416666667,15.866666667,74.066666667
m349_gpu5,gpu,utilization,0.0,0.1,0.88333333333,15.0,83.333333333,18.333333333,97.6,68.6,15.0,81.666666667,12.15,81.0,62.1,0.0
m349_gpu6,gpu,utilization,0.0,10.0,88.333333333,15.0,83.666666667,19.966666667,85.0,0.0,12.6,68.6,0.0,15.033333333,62.866666667,23.333333333
