name,machine_type,trace,-10,-9,-8,-7,-6,-5,-4,-3,-2,-1,0,1,2,3
m91_gpu0,gpu,utilization,96.866666667,95.233333333,96.8,95.6,98.866666667,97.766666667,96.45,79.2,13.65,92.2,98.6,96.0,94.833333333,90.2
m91_gpu1,gpu,utilization,97.866666667,96.233333333,97.5,93.45,96.4,98.883333333,97.85,77.6,12.9,86.3,88.933333333,95.0,95.166666667,96.4
m91_gpu4,gpu,utilization,96.0,96.0,95.9,95.45,96.666666667,88.933333333,96.45,79.2,14.25,95.6,97.933333333,91.45,92.0,83.866666667
m91_gpu7,gpu,utilization,97.866666667,96.233333333,97.8,96.0,96.4,98.766666667,97.0,77.6,12.0,80.9,87.333333333,96.0,95.666666667,94.533333333
