name,machine_type,trace,-10,-9,-8,-7,-6,-5,-4,-3,-2,-1,0,1,2,3
m14_gpu0,gpu,utilization,84.5,90.4,90.9,74.266666667,69.366666667,85.4,79.183333333,76.966666667,72.25,84.533333333,81.3,95.333333333,87.033333333,81.966666667
m14_gpu7,gpu,utilization,74.0,75.4,91.033333333,74.6,44.633333333,17.6,71.633333333,70.933333333,72.25,68.6,79.6,83.333333333,63.3,71.2
