name,machine_type,trace,-10,-9,-8,-7,-6,-5,-4,-3,-2,-1,0,1,2,3
m384_gpu0,gpu,utilization,98.166666667,99.0,99.0,90.666666667,47.0,44.0,76.95,99.0,87.4,20.4,94.6,86.0,99.0,98.916666667
m384_gpu1,gpu,utilization,98.166666667,98.45,96.3,81.666666667,16.5,79.2,18.15,99.15,97.066666667,79.9,89.883333333,44.133333333,97.0,96.916666667
m384_gpu2,gpu,utilization,97.666666667,96.0,96.3,85.166666667,33.833333333,84.4,42.466666667,98.3,95.866666667,71.7,86.55,25.933333333,96.883333333,96.0
m384_gpu3,gpu,utilization,98.0,97.633333333,96.3,82.666666667,21.5,81.4,27.133333333,99.15,100.0,99.7,89.65,42.4,96.883333333,96.083333333
m384_gpu4,gpu,utilization,97.666666667,96.183333333,97.15,85.0,33.333333333,80.0,17.966666667,98.3,99.6,96.9,95.883333333,95.133333333,96.0,96.166666667
m384_gpu5,gpu,utilization,98.5,96.0,96.45,91.5,61.5,79.2,18.15,99.15,94.8,64.6,97.116666667,97.866666667,97.0,97.0
m384_gpu6,gpu,utilization,98.0,97.633333333,96.45,82.5,16.5,79.2,18.333333333,100.0,92.8,51.2,93.683333333,65.8,97.0,97.0
m384_gpu7,gpu,utilization,97.666666667,96.0,96.3,88.166666667,48.833333333,80.0,24.683333333,99.15,96.4,75.4,97.116666667,97.866666667,97.0,97.0
