name,machine_type,trace,-10,-9,-8,-7,-6,-5,-4,-3,-2,-1,0,1,2,3
m164_gpu0,gpu,utilization,92.0,92.0,92.0,92.0,92.0,92.0,92.0,92.0,92.0,92.0,78.233333333,91.533333333,92.0,91.016666667
m164_gpu1,gpu,utilization,92.0,92.0,92.0,92.0,92.0,92.0,92.0,92.0,92.0,64.0,91.5,92.0,92.95,92.016666667
m164_gpu2,gpu,utilization,92.0,92.0,92.0,92.0,92.0,92.0,92.0,92.0,92.0,92.0,92.0,92.0,92.0,1.5333333333
m164_gpu3,gpu,utilization,92.516666667,92.516666667,92.0,92.0,92.0,92.0,91.033333333,91.933333333,91.05,91.933333333,92.0,92.0,92.0,92.0
m164_gpu4,gpu,utilization,92.0,92.0,92.0,92.0,87.25,91.833333333,92.0,92.0,78.7,91.066666667,92.0,92.0,91.05,91.0
m164_gpu5,gpu,utilization,92.0,92.0,92.0,92.0,92.0,91.033333333,91.966666667,92.0,92.0,92.0,92.0,92.0,92.0,91.016666667
m164_gpu6,gpu,utilization,93.0,93.0,93.0,57.6,91.2,57.233333333,91.766666667,93.0,93.0,93.0,93.0,93.0,93.0,87.1
m164_gpu7,gpu,utilization,93.0,93.0,93.0,93.0,93.0,93.0,93.0,93.0,93.0,93.0,93.0,93.0,92.05,1.5333333333
