name,machine_type,trace,-10,-9,-8,-7,-6,-5,-4,-3,-2,-1,0,1,2,3
m241_gpu0,gpu,utilization,44.8,0.0,0.0,0.0,0.0,1.4,41.3,1.3333333333,37.333333333,0.0,0.0,0.0,0.0,0.0
m241_gpu1,gpu,utilization,0.0,0.0,0.0,0.0,0.0,0.0,0.0,0.0,0.0,0.0,0.0,0.96666666667,28.516666667,1.6
m363_gpu0,gpu,utilization,95.0,93.666666667,76.083333333,44.5,53.2,97.2,74.066666667,78.666666667,95.4,60.8,95.0,91.833333333,0.55,33.166666667
m363_gpu1,gpu,utilization,94.0,94.166666667,93.416666667,63.416666667,49.4,96.5,80.683333333,6.1333333333,94.533333333,61.75,95.0,91.833333333,0.51666666667,31.266666667
m96_gpu0,gpu,utilization,87.866666667,85.583333333,81.333333333,84.833333333,83.0,82.966666667,81.983333333,81.166666667,85.8,83.0,83.133333333,86.866666667,82.95,80.233333333
m96_gpu1,gpu,utilization,94.0,93.916666667,92.916666667,92.083333333,93.0,93.0,93.0,93.0,92.733333333,89.15,92.066666667,94.033333333,94.95,92.033333333
m238_gpu0,gpu,utilization,3.2,44.0,0.0,0.0,0.0,0.8,24.0,24.0,24.0,23.35,11.433333333,24.0,24.0,24.0
m238_gpu1,gpu,utilization,3.2666666667,44.916666667,0.0,4.0833333333,45.733333333,0.0,0.81666666667,47.366666667,0.0,0.0,1.6333333333,47.366666667,0.0,0.0
