name,machine_type,trace,-10,-9,-8,-7,-6,-5,-4,-3,-2,-1,0,1,2,3
m244_gpu0,gpu,utilization,36.666666667,66.666666667,78.816666667,90.183333333,100.0,35.0,0.0,63.066666667,96.2,100.0,30.0,0.0,75.0,76.5
m244_gpu1,gpu,utilization,100.0,33.333333333,20.5,9.5,65.0,100.0,100.0,70.616666667,18.683333333,71.666666667,100.0,100.0,77.5,15.166666667
m244_gpu2,gpu,utilization,34.2,84.666666667,54.216666667,69.216666667,30.1,0.0,7.5166666667,33.933333333,13.616666667,0.0,0.0,0.75,48.25,14.65
m244_gpu3,gpu,utilization,25.333333333,80.0,67.883333333,83.066666667,33.95,0.0,32.116666667,42.7,12.983333333,0.0,0.0,2.25,57.75,16.466666667
