name,machine_type,trace,-10,-9,-8,-7,-6,-5,-4,-3,-2,-1,0,1,2,3
m263_gpu0,gpu,utilization,70.2,99.116666667,99.85,99.133333333,100.0,99.6,97.116666667,98.166666667,99.866666667,99.016666667,99.016666667,100.0,100.0,99.033333333
m263_gpu1,gpu,utilization,62.1,99.116666667,98.05,88.333333333,97.3,100.0,99.766666667,97.916666667,97.2,100.0,100.0,97.583333333,97.583333333,100.0
m263_gpu2,gpu,utilization,67.5,99.116666667,98.05,88.333333333,97.3,100.0,99.766666667,97.833333333,96.266666667,99.491666667,99.491666667,96.608333333,96.608333333,98.55
m263_gpu3,gpu,utilization,80.1,99.116666667,98.8,93.066666667,100.0,99.6,97.35,99.916666667,98.933333333,96.475,96.475,99.958333333,99.958333333,99.033333333
m263_gpu4,gpu,utilization,64.9,100.0,99.85,98.733333333,97.3,99.733333333,98.0,97.916666667,97.066666667,99.016666667,99.016666667,100.0,100.0,100.0
m263_gpu5,gpu,utilization,92.7,99.116666667,98.65,91.8,97.3,99.6,97.233333333,99.083333333,100.0,96.95,96.95,99.95,99.95,98.55
m263_gpu6,gpu,utilization,62.1,99.116666667,98.05,88.333333333,97.3,100.0,99.766666667,97.916666667,97.2,99.491666667,99.491666667,97.091666667,97.091666667,100.0
m263_gpu7,gpu,utilization,89.1,99.116666667,99.85,99.133333333,100.0,99.6,97.116666667,97.916666667,97.066666667,99.016666667,99.016666667,98.066666667,98.066666667,100.0
