name,machine_type,trace,-10,-9,-8,-7,-6,-5,-4,-3,-2,-1,0,1,2,3
m237_gpu0,gpu,utilization,0.0,0.0,0.0,0.0,0.0,58.933333333,5.6666666667,52.25,5.5,0.0,0.0,0.0,0.0,0.0
m237_gpu3,gpu,utilization,0.0,0.0,0.0,0.0,0.0,38.133333333,3.6666666667,69.35,7.3,0.0,0.0,0.0,0.0,0.0
m237_gpu5,gpu,utilization,0.0,0.0,0.0,0.0,0.0,45.066666667,4.3333333333,66.5,7.0,0.0,0.0,0.0,0.0,0.0
m237_gpu7,gpu,utilization,0.0,0.0,0.0,0.0,0.0,58.066666667,5.5833333333,62.7,6.6,0.0,0.0,0.0,0.0,0.0
