name,machine_type,trace,-10,-9,-8,-7,-6,-5,-4,-3,-2,-1,0,1,2,3
m184_gpu0,gpu,utilization,99.05,95.583333333,94.0,100.0,99.783333333,99.233333333,80.0,0.0,0.0,0.0,9.9,99.133333333,100.0,99.8
m184_gpu1,gpu,utilization,98.633333333,99.716666667,99.25,100.0,99.783333333,99.233333333,80.0,0.0,0.0,0.0,9.9,99.133333333,100.0,99.8
m184_gpu2,gpu,utilization,100.0,99.716666667,99.0,98.566666667,97.433333333,99.233333333,80.0,0.0,0.0,0.0,9.9,99.133333333,100.0,100.0
m184_gpu3,gpu,utilization,100.0,97.733333333,93.5,98.433333333,99.783333333,99.233333333,80.0,0.0,0.0,0.0,9.9,99.133333333,100.0,99.8
m184_gpu4,gpu,utilization,97.366666667,96.85,99.25,99.566666667,98.216666667,99.233333333,80.0,0.0,0.0,0.0,9.9,98.733333333,97.3,99.8
m184_gpu5,gpu,utilization,97.366666667,91.183333333,84.25,100.0,99.783333333,98.766666667,78.4,0.0,0.0,0.0,9.9,99.0,99.1,99.8
m184_gpu6,gpu,utilization,100.0,96.883333333,91.25,98.433333333,99.783333333,99.233333333,80.0,0.0,0.0,0.0,9.9,99.0,99.1,99.8
m184_gpu7,gpu,utilization,97.366666667,96.566666667,98.25,99.216666667,99.566666667,98.0,78.4,0.0,0.0,0.0,9.9,99.133333333,100.0,100.0
