name,machine_type,trace,-10,-9,-8,-7,-6,-5,-4,-3,-2,-1,0,1,2,3
m14_gpu0,gpu,utilization,78.0,31.0,97.2,98.25,99.283333333,99.1,97.0,86.233333333,71.033333333,66.283333333,35.0,99.266666667,98.833333333,98.85
m14_gpu1,gpu,utilization,99.233333333,99.25,97.4,99.0,70.95,30.0,99.1,81.416666667,60.366666667,75.3,48.95,99.366666667,98.75,97.383333333
m14_gpu2,gpu,utilization,99.0,98.5,97.6,99.5,98.0,97.4,97.2,82.433333333,57.633333333,76.566666667,50.85,98.1,100.0,98.85
m14_gpu3,gpu,utilization,99.233333333,99.25,97.2,98.0,98.566666667,100.0,99.1,85.95,70.35,66.283333333,35.0,99.266666667,98.416666667,98.233333333
m14_gpu4,gpu,utilization,99.0,99.25,99.4,97.25,98.0,98.6,99.1,79.716666667,56.266666667,82.266666667,62.9,98.733333333,99.166666667,97.616666667
m14_gpu5,gpu,utilization,99.233333333,99.25,97.2,98.0,93.75,58.1,29.1,88.783333333,77.183333333,72.616666667,48.0,99.266666667,97.583333333,97.0
m14_gpu6,gpu,utilization,99.0,98.5,80.8,36.5,73.35,36.8,97.9,83.566666667,60.366666667,74.983333333,47.95,98.733333333,100.0,99.233333333
m14_gpu7,gpu,utilization,98.533333333,96.75,88.0,66.25,69.516666667,29.1,96.7,80.983333333,29.383333333,13.616666667,27.95,36.666666667,58.333333333,37.183333333
