name,machine_type,trace,-10,-9,-8,-7,-6,-5,-4,-3,-2,-1,0,1,2,3
m268_gpu0,gpu,utilization,7.2,9.1666666667,56.75,16.833333333,11.0,10.116666667,63.883333333,77.666666667,77.3,32.0,24.666666667,12.25,42.8,73.866666667
m268_gpu1,gpu,utilization,6.6,10.083333333,55.916666667,16.716666667,11.9,11.116666667,58.7,72.5,82.5,25.666666667,26.5,12.85,60.4,80.35
m268_gpu2,gpu,utilization,6.7,7.3333333333,55.666666667,16.716666667,11.0,11.0,61.35,74.666666667,81.95,27.166666667,26.0,12.7,59.6,79.35
m268_gpu3,gpu,utilization,6.4,20.166666667,22.916666667,11.516666667,10.9,11.0,37.5,44.333333333,69.65,20.666666667,48.333333333,18.6,72.8,64.316666667
m268_gpu4,gpu,utilization,5.8,10.083333333,44.0,15.2,11.0,11.0,56.933333333,65.5,75.35,18.666666667,33.666666667,15.2,69.4,79.916666667
m268_gpu5,gpu,utilization,4.1,10.083333333,34.833333333,17.566666667,12.3,12.0,46.45,62.666666667,82.85,28.5,39.5,15.95,53.4,72.166666667
m268_gpu6,gpu,utilization,8.6,6.4166666667,77.583333333,19.516666667,10.1,15.3,73.416666667,34.333333333,60.7,20.333333333,65.166666667,25.0,36.8,38.733333333
m268_gpu7,gpu,utilization,8.8,7.3333333333,66.666666667,20.766666667,11.3,25.133333333,72.933333333,27.333333333,53.55,19.166666667,11.833333333,7.75,31.0,35.366666667
