name,machine_type,trace,-10,-9,-8,-7,-6,-5,-4,-3,-2,-1,0,1,2,3
m109_gpu0,gpu,utilization,98.0,98.083333333,95.8,69.666666667,96.65,52.05,51.233333333,11.025,11.025,89.0,58.516666667,75.4,82.0,99.7
m109_gpu1,gpu,utilization,97.05,98.0,96.6,84.583333333,89.05,51.45,39.633333333,27.3,27.3,79.0,83.916666667,97.533333333,98.0,98.0
m109_gpu2,gpu,utilization,98.0,98.083333333,98.8,97.166666667,95.2,23.75,36.733333333,15.225,15.225,93.0,97.916666667,97.033333333,98.0,98.0
m109_gpu3,gpu,utilization,94.2,98.083333333,98.8,97.0,93.3,23.55,32.866666667,18.375,18.375,95.0,97.95,97.033333333,98.0,98.0
m109_gpu4,gpu,utilization,92.15,94.166666667,86.3,97.166666667,85.6,40.6,50.266666667,1.05,1.05,93.0,63.5,92.966666667,97.0,97.983333333
m109_gpu5,gpu,utilization,98.0,97.916666667,97.0,96.666666667,90.95,50.15,14.5,0.0,0.0,94.0,95.966666667,97.933333333,94.0,89.083333333
m109_gpu6,gpu,utilization,97.05,97.833333333,93.6,72.166666667,70.45,4.8,37.7,11.025,11.025,95.0,94.016666667,98.833333333,90.0,98.85
m109_gpu7,gpu,utilization,98.0,97.083333333,88.0,97.083333333,94.3,25.4,50.266666667,27.3,27.3,99.0,93.1,92.033333333,98.0,85.216666667
