name,machine_type,trace,-10,-9,-8,-7,-6,-5,-4,-3,-2,-1,0,1,2,3
m375_gpu0,gpu,utilization,95.666666667,17.6,0.0,85.8,92.7,87.416666667,93.183333333,90.533333333,97.066666667,89.166666667,96.5,95.35,89.7,94.1
m375_gpu1,gpu,utilization,87.833333333,16.133333333,0.0,79.733333333,99.2,94.5,97.533333333,86.733333333,87.65,94.183333333,89.05,84.466666667,98.133333333,94.9
m375_gpu3,gpu,utilization,92.333333333,17.05,0.0,81.466666667,99.4,87.166666667,97.483333333,90.333333333,90.766666667,91.883333333,97.1,98.0,89.166666667,90.55
m375_gpu7,gpu,utilization,90.0,16.133333333,0.0,84.066666667,90.7,94.583333333,88.816666667,88.0,98.6,100.0,90.65,89.0,92.533333333,98.95
