name,machine_type,trace,-10,-9,-8,-7,-6,-5,-4,-3,-2,-1,0,1,2,3
m54_gpu1,gpu,utilization,30.666666667,61.333333333,92.0,30.666666667,0.0,64.4,27.6,69.0,23.0,69.0,24.533333333,67.466666667,27.6,0.0
m54_gpu4,gpu,utilization,30.666666667,61.333333333,92.683333333,31.0,0.0,64.4,27.6,6.75,2.25,69.0,24.533333333,67.466666667,27.6,0.0
m54_gpu6,gpu,utilization,31.333333333,62.0,30.816666667,0.66666666667,0.0,65.8,28.2,6.75,72.0,93.0,24.8,68.2,27.9,0.0
m54_gpu7,gpu,utilization,31.0,62.0,93.0,31.0,0.0,65.1,27.9,69.75,57.0,81.0,24.8,68.2,27.9,0.0
