name,machine_type,trace,-10,-9,-8,-7,-6,-5,-4,-3,-2,-1,0,1,2,3
m30_gpu1,gpu,utilization,90.0,40.5,0.0,44.466666667,92.933333333,92.133333333,90.466666667,94.5,96.066666667,90.266666667,90.1,90.1,89.333333333,91.533333333
m30_gpu4,gpu,utilization,88.133333333,40.5,0.0,47.366666667,98.933333333,96.733333333,90.666666667,91.0,91.1,90.133333333,92.0,92.483333333,93.466666667,93.066666667
m30_gpu5,gpu,utilization,90.933333333,40.5,0.0,43.5,88.133333333,88.333333333,91.0,90.0,89.483333333,86.8,87.616666667,89.55,87.533333333,87.466666667
m30_gpu7,gpu,utilization,94.266666667,44.1,0.0,44.466666667,89.666666667,89.8,92.066666667,93.0,92.1,89.0,90.033333333,95.35,99.533333333,94.333333333
