name,machine_type,trace,-10,-9,-8,-7,-6,-5,-4,-3,-2,-1,0,1,2,3
m190_gpu2,gpu,utilization,88.4,20.533333333,76.8,20.8,79.2,96.0,95.0,98.0,26.4,0.0,70.95,23.1,65.266666667,95.75
m190_gpu4,gpu,utilization,91.2,21.466666667,78.4,21.233333333,79.2,91.5,95.75,98.75,26.4,0.0,69.516666667,22.633333333,70.4,97.5
m190_gpu6,gpu,utilization,88.2,20.533333333,76.0,20.583333333,78.4,98.75,99.0,98.25,26.133333333,0.0,64.5,21.0,64.533333333,94.0
m190_gpu7,gpu,utilization,93.4,21.466666667,78.4,21.233333333,76.8,98.25,99.0,93.75,24.533333333,0.0,65.216666667,21.233333333,70.4,98.25
