name,machine_type,trace,-10,-9,-8,-7,-6,-5,-4,-3,-2,-1,0,1,2,3
m14_gpu0,gpu,utilization,98.933333333,93.933333333,6.65,42.5,74.7,10.266666667,86.833333333,79.466666667,99.75,97.0,88.916666667,5.9333333333,89.3,97.816666667
m14_gpu4,gpu,utilization,98.966666667,94.733333333,1.9,42.6,75.6,10.033333333,82.15,56.066666667,97.333333333,80.666666667,90.75,6.5333333333,98.0,97.783333333
m14_gpu5,gpu,utilization,98.9,93.633333333,23.75,8.4,75.6,10.733333333,81.5,8.4666666667,99.0,98.25,83.833333333,21.133333333,93.166666667,97.75
m14_gpu7,gpu,utilization,98.933333333,94.733333333,27.55,8.3,83.9,92.233333333,83.85,13.2,100.0,99.666666667,88.5,11.933333333,95.133333333,98.683333333
