name,machine_type,trace,-10,-9,-8,-7,-6,-5,-4,-3,-2,-1,0,1,2,3
m125_gpu0,gpu,utilization,86.566666667,0.0,14.7,91.116666667,36.4,0.0,0.93333333333,18.2,98.0,93.1,0.0,0.0,98.0,89.833333333
m125_gpu1,gpu,utilization,86.566666667,0.0,14.7,86.566666667,0.0,0.0,0.0,4.9,98.0,93.1,0.0,0.0,98.0,89.833333333
m125_gpu2,gpu,utilization,92.116666667,82.15,14.55,97.0,97.0,96.9,95.933333333,95.0,95.0,94.85,44.466666667,44.466666667,95.966666667,95.0
m125_gpu6,gpu,utilization,86.566666667,0.0,14.7,87.966666667,11.2,0.0,0.0,4.9,98.0,93.1,0.0,0.0,98.0,89.833333333
