name,machine_type,trace,-10,-9,-8,-7,-6,-5,-4,-3,-2,-1,0,1,2,3
m354_gpu0,gpu,utilization,0.0,34.85,71.333333333,89.333333333,80.516666667,69.1,4.5333333333,11.2,1.2,80.266666667,90.666666667,60.6,34.733333333,1.1
m354_gpu1,gpu,utilization,0.0,80.75,94.133333333,94.0,94.0,94.0,6.2666666667,10.266666667,1.1,87.733333333,94.933333333,94.05,94.933333333,3.1666666667
m354_gpu2,gpu,utilization,0.0,19.55,41.2,85.666666667,59.55,48.7,3.2,11.2,1.2,42.933333333,91.733333333,95.0,94.066666667,3.1333333333
m354_gpu3,gpu,utilization,0.0,80.75,55.133333333,22.333333333,85.016666667,94.0,6.2666666667,10.266666667,49.7,52.133333333,91.2,68.35,39.0,1.2333333333
m354_gpu4,gpu,utilization,0.0,79.9,36.8,29.666666667,74.166666667,92.6,6.2666666667,11.2,69.6,77.866666667,36.0,80.5,58.733333333,1.9
m354_gpu5,gpu,utilization,0.0,45.05,79.0,92.166666667,71.916666667,35.7,2.1333333333,38.266666667,88.7,6.2666666667,88.666666667,43.7,47.533333333,1.6
m354_gpu6,gpu,utilization,0.0,80.75,95.0,95.0,67.616666667,91.9,6.3333333333,9.3333333333,1.0,66.266666667,93.4,95.0,41.8,1.2666666667
m354_gpu7,gpu,utilization,0.0,80.75,95.0,47.5,62.733333333,66.9,4.4666666667,11.2,86.7,70.733333333,37.266666667,92.0,47.4,1.4666666667
