name,machine_type,trace,-10,-9,-8,-7,-6,-5,-4,-3,-2,-1,0,1,2,3
m22_gpu0,gpu,utilization,0.0,0.0,59.8,91.333333333,96.2,95.583333333,94.683333333,92.466666667,92.95,94.0,94.65,86.8,90.333333333,94.0
m22_gpu1,gpu,utilization,0.0,0.0,54.6,90.666666667,92.05,92.366666667,90.266666667,90.9,94.6,89.7,85.7,86.366666667,92.333333333,95.666666667
m22_gpu3,gpu,utilization,0.0,0.0,61.75,98.333333333,99.35,92.85,93.416666667,91.833333333,89.35,85.5,89.85,90.266666667,85.666666667,90.0
m22_gpu6,gpu,utilization,0.0,0.0,59.15,88.333333333,95.45,94.533333333,89.266666667,94.333333333,93.45,89.6,92.9,30.083333333,58.0,86.333333333
