name,machine_type,trace,-10,-9,-8,-7,-6,-5,-4,-3,-2,-1,0,1,2,3
m55_gpu0,gpu,utilization,100.0,100.0,100.0,100.0,100.0,100.0,99.916666667,98.3,93.466666667,90.0,10.0,93.333333333,0.0,8.3333333333
m55_gpu1,gpu,utilization,90.0,8.25,99.066666667,99.933333333,99.1,100.0,100.0,100.0,100.0,99.9,99.1,93.333333333,0.0,8.3333333333
m55_gpu2,gpu,utilization,100.0,100.0,100.0,100.0,99.8,98.233333333,100.0,100.0,100.0,96.6,69.3,99.066666667,95.0,8.3333333333
m55_gpu3,gpu,utilization,99.5,95.416666667,100.0,99.6,94.6,98.25,86.25,99.883333333,99.066666667,100.0,100.0,93.333333333,0.0,8.3333333333
m55_gpu4,gpu,utilization,100.0,98.75,86.0,100.0,100.0,98.25,86.25,100.0,100.0,99.9,98.1,84.0,0.0,8.3333333333
m55_gpu5,gpu,utilization,90.0,8.3333333333,100.0,100.0,100.0,100.0,96.583333333,63.783333333,93.333333333,10.0,100.0,100.0,95.0,8.3333333333
m55_gpu6,gpu,utilization,89.1,8.3333333333,100.0,100.0,100.0,100.0,100.0,100.0,100.0,100.0,100.0,100.0,95.0,8.3333333333
m55_gpu7,gpu,utilization,85.5,7.4166666667,89.466666667,96.266666667,100.0,100.0,100.0,100.0,93.333333333,10.0,99.6,89.6,0.0,7.6666666667
