name,machine_type,trace,-10,-9,-8,-7,-6,-5,-4,-3,-2,-1,0,1,2,3
m128_gpu3,gpu,utilization,0.83333333333,72.05,85.5,85.0,89.5,98.25,92.816666667,84.2,98.016666667,92.933333333,88.6,89.766666667,90.883333333,85.9
m128_gpu4,gpu,utilization,0.0,19.6,77.333333333,43.8,28.0,8.6666666667,80.316666667,54.466666667,5.7166666667,45.05,85.0,61.85,23.55,70.0
m128_gpu5,gpu,utilization,0.0,65.333333333,86.666666667,63.733333333,39.3,38.833333333,80.516666667,43.533333333,4.3166666667,6.1833333333,34.2,83.166666667,65.15,79.0
m128_gpu6,gpu,utilization,16.333333333,71.05,23.666666667,39.6,86.3,96.5,11.316666667,32.933333333,4.4333333333,73.316666667,71.1,84.9,57.85,93.1
