name,machine_type,trace,-10,-9,-8,-7,-6,-5,-4,-3,-2,-1,0,1,2,3
m31_gpu0,gpu,utilization,69.0,68.166666667,68.833333333,62.466666667,68.65,69.2,68.233333333,68.733333333,69.0,69.0,69.816666667,69.216666667,69.0,69.0
m31_gpu1,gpu,utilization,19.0,19.0,9.8333333333,16.983333333,17.3,3.4,14.566666667,13.133333333,17.133333333,17.4,18.633333333,8.8166666667,1.4,0.0
m31_gpu2,gpu,utilization,0.0,60.0,77.0,78.0,11.7,61.6,75.466666667,20.0,52.9,77.0,79.0,78.216666667,18.2,57.333333333
m31_gpu3,gpu,utilization,0.0,0.0,0.0,0.0,0.0,0.0,0.0,0.0,0.0,0.0,0.0,0.0,0.0,0.0
