name,machine_type,trace,-10,-9,-8,-7,-6,-5,-4,-3,-2,-1,0,1,2,3
m347_gpu0,gpu,utilization,99.0,99.0,23.1,77.55,99.0,93.4,95.266666667,98.45,99.0,99.0,99.0,99.0,99.0,99.0
m162_gpu7,gpu,utilization,98.166666667,98.816666667,23.1,0.0,77.55,99.0,99.0,99.0,99.0,99.0,99.0,99.0,99.0,98.133333333
m194_gpu5,gpu,utilization,99.0,99.0,23.1,77.55,21.45,79.2,99.0,99.0,99.0,99.0,99.0,99.0,99.0,98.133333333
m40_gpu2,gpu,utilization,99.0,99.0,23.1,0.0,77.55,99.0,99.0,99.0,99.0,99.0,91.35,90.8,97.533333333,99.0
m17_gpu1,gpu,utilization,98.166666667,98.816666667,23.1,0.0,77.55,99.0,99.0,99.0,99.0,99.0,99.0,99.0,90.016666667,97.533333333
m320_gpu4,gpu,utilization,99.0,26.316666667,2.3333333333,77.55,99.0,99.0,99.0,99.0,99.0,99.0,99.0,99.0,99.0,99.0
m125_gpu0,gpu,utilization,99.0,18.15,0.0,77.55,99.0,99.0,32.85,84.15,99.0,99.0,99.0,99.0,93.283333333,97.2
m33_gpu1,gpu,utilization,97.833333333,99.0,23.1,77.55,21.45,79.2,99.0,99.0,99.0,99.0,99.0,99.0,95.733333333,98.466666667
