name,machine_type,trace,-10,-9,-8,-7,-6,-5,-4,-3,-2,-1,0,1,2,3
m134_gpu0,gpu,utilization,97.383333333,98.8,92.416666667,95.016666667,99.4,97.733333333,98.2,97.766666667,97.0,97.0,98.95,99.35,98.35,96.733333333
m134_gpu1,gpu,utilization,99.616666667,98.8,88.666666667,91.866666667,98.0,97.366666667,97.6,97.383333333,97.6,97.35,97.65,98.65,98.35,98.0
m134_gpu2,gpu,utilization,99.233333333,100.0,90.666666667,92.633333333,98.6,97.733333333,97.0,97.0,98.8,98.05,97.0,98.3,98.35,92.3
m134_gpu3,gpu,utilization,99.616666667,98.8,82.25,87.65,98.0,97.366666667,98.8,98.15,98.8,98.05,98.95,99.35,98.35,98.633333333
m134_gpu4,gpu,utilization,97.766666667,98.8,97.083333333,98.083333333,98.8,96.733333333,98.4,98.15,97.0,97.0,98.95,99.35,99.0,99.0
m134_gpu5,gpu,utilization,97.383333333,98.8,91.25,94.25,99.4,97.1,96.6,97.0,97.0,97.0,97.0,97.65,98.0,98.633333333
m134_gpu6,gpu,utilization,99.616666667,100.0,91.25,94.25,98.8,97.366666667,97.6,99.233333333,98.8,97.35,97.0,98.3,98.35,98.0
m134_gpu7,gpu,utilization,37.95,58.2,77.75,84.966666667,98.6,99.633333333,100.0,38.333333333,60.0,98.05,74.9,85.75,98.0,95.466666667
