name,machine_type,trace,-10,-9,-8,-7,-6,-5,-4,-3,-2,-1,0,1,2,3
m164_gpu0,gpu,utilization,90.166666667,90.0,90.0,90.866666667,90.1,90.0,90.883333333,91.0,90.116666667,90.0,90.0,15.8,80.2,90.0
m164_gpu1,gpu,utilization,90.0,90.816666667,90.166666667,90.0,90.9,91.0,90.116666667,90.866666667,90.116666667,90.0,90.85,16.8,80.316666667,90.85
m164_gpu2,gpu,utilization,91.0,91.0,90.166666667,90.0,90.9,91.0,90.116666667,90.866666667,91.0,90.116666667,90.85,16.8,80.316666667,90.0
m164_gpu3,gpu,utilization,90.833333333,90.183333333,90.0,90.0,90.0,90.916666667,90.116666667,90.0,90.883333333,90.116666667,90.85,15.916666667,80.2,90.0
m164_gpu4,gpu,utilization,90.833333333,90.183333333,90.0,90.866666667,91.0,90.083333333,90.0,90.0,90.0,90.0,90.85,36.233333333,83.766666667,90.15
m164_gpu5,gpu,utilization,90.166666667,90.0,90.0,90.866666667,90.1,90.916666667,90.116666667,90.0,90.0,90.883333333,90.15,15.8,80.2,90.0
m164_gpu6,gpu,utilization,91.166666667,91.816666667,92.0,92.0,91.1,91.0,91.883333333,92.0,91.116666667,91.0,91.0,15.916666667,81.966666667,92.0
m164_gpu7,gpu,utilization,91.166666667,91.0,91.833333333,91.133333333,91.0,91.0,91.0,91.0,91.883333333,91.116666667,91.0,14.15,81.733333333,91.15
