name,machine_type,trace,-10,-9,-8,-7,-6,-5,-4,-3,-2,-1,0,1,2,3
m8_gpu0,gpu,utilization,73.8,75.0,74.133333333,73.0,47.8,11.2,13.0,50.066666667,74.1,73.5,65.3,62.533333333,45.25,40.566666667
m8_gpu1,gpu,utilization,75.8,74.0,74.0,74.483333333,47.466666667,24.666666667,51.6,74.133333333,73.45,73.5,62.366666667,56.133333333,39.05,38.3
m8_gpu2,gpu,utilization,74.4,74.6,73.133333333,72.0,50.533333333,34.233333333,42.6,53.3,72.9,74.5,67.75,66.533333333,49.7,42.533333333
m8_gpu3,gpu,utilization,74.2,73.0,73.0,73.0,47.333333333,17.133333333,39.2,74.0,74.0,73.5,63.816666667,59.133333333,41.6,39.0
m318_gpu0,gpu,utilization,0.0,0.0,0.0,0.0,0.0,0.0,0.0,0.0,0.0,0.0,0.0,0.0,0.0,0.0
m318_gpu1,gpu,utilization,0.0,0.0,0.0,0.0,0.0,0.0,0.0,0.0,0.0,0.0,0.0,0.0,0.0,0.0
m318_gpu2,gpu,utilization,0.0,0.0,0.0,0.0,0.0,0.0,0.0,0.0,0.0,0.0,0.0,0.0,0.0,0.0
m318_gpu3,gpu,utilization,0.0,0.0,0.0,0.0,0.0,0.0,0.0,0.0,0.0,0.0,0.0,0.0,0.0,0.0
