name,machine_type,trace,-10,-9,-8,-7,-6,-5,-4,-3,-2,-1,0,1,2,3
m319_gpu3,gpu,utilization,97.15,92.333333333,85.7,89.6,90.133333333,71.233333333,95.25,95.733333333,95.0,95.0,94.633333333,94.366666667,95.416666667,88.35
m319_gpu7,gpu,utilization,70.833333333,73.733333333,58.5,57.2,96.716666667,92.4,95.75,90.666666667,89.7,95.666666667,95.733333333,97.366666667,94.25,77.3
