name,machine_type,trace,-10,-9,-8,-7,-6,-5,-4,-3,-2,-1,0,1,2,3
m227_gpu0,gpu,utilization,85.0,86.4,88.633333333,87.0,86.333333333,88.633333333,86.85,48.166666667,32.583333333,85.0,86.1,87.0,85.95,86.95
m227_gpu1,gpu,utilization,85.666666667,86.05,87.266666667,86.666666667,87.333333333,84.533333333,83.15,48.166666667,32.583333333,85.0,85.0,85.0,85.316666667,86.0
m227_gpu2,gpu,utilization,85.666666667,86.05,87.266666667,82.0,77.666666667,86.1,86.85,48.166666667,33.733333333,87.166666667,86.0,86.666666667,87.366666667,86.0
m227_gpu3,gpu,utilization,85.666666667,85.0,85.0,85.0,83.666666667,82.466666667,82.316666667,44.2,32.2,85.25,86.633333333,85.666666667,85.633333333,86.65
m227_gpu4,gpu,utilization,85.666666667,85.0,85.0,85.0,85.0,85.0,84.616666667,47.6,32.583333333,85.0,85.366666667,85.666666667,85.0,86.05
m227_gpu5,gpu,utilization,87.0,85.0,85.0,85.0,85.666666667,86.633333333,86.383333333,86.566666667,85.616666667,85.416666667,85.633333333,85.0,86.266666667,88.65
m227_gpu6,gpu,utilization,86.666666667,87.3,86.366666667,87.0,87.0,87.0,87.0,86.566666667,82.55,81.166666667,86.633333333,86.333333333,87.633333333,89.35
m227_gpu7,gpu,utilization,89.666666667,88.05,89.266666667,87.666666667,87.333333333,87.633333333,87.0,49.3,33.35,84.5,79.166666667,80.0,87.683333333,87.0
