name,machine_type,trace,-10,-9,-8,-7,-6,-5,-4,-3,-2,-1,0,1,2,3
m136_gpu0,gpu,utilization,77.5,68.75,56.166666667,59.716666667,66.6,48.0,71.333333333,75.433333333,58.9,14.4,46.2,76.033333333,84.8,82.25
m136_gpu1,gpu,utilization,63.75,74.5,62.766666667,53.916666667,54.6,54.2,73.166666667,73.866666667,73.0,62.0,63.133333333,48.9,49.6,69.0
m371_gpu0,gpu,utilization,95.25,98.75,96.866666667,53.533333333,82.4,95.2,95.166666667,96.566666667,95.466666667,94.266666667,93.266666667,93.0,94.6,94.25
m371_gpu1,gpu,utilization,98.75,98.25,98.783333333,98.183333333,98.8,19.8,53.333333333,64.0,90.833333333,82.866666667,93.133333333,98.233333333,96.4,95.25
m157_gpu0,gpu,utilization,81.25,55.75,70.5,79.45,70.4,13.6,50.833333333,62.566666667,69.9,19.2,59.4,71.033333333,80.0,81.5
m157_gpu1,gpu,utilization,57.5,47.25,55.75,60.633333333,50.6,43.2,58.666666667,68.266666667,57.733333333,55.466666667,65.533333333,48.3,56.4,76.5
m326_gpu0,gpu,utilization,84.0,54.75,52.266666667,58.9,85.6,64.8,51.333333333,82.9,85.866666667,90.6,59.266666667,47.766666667,66.4,53.75
m326_gpu1,gpu,utilization,0.0,0.0,0.0,0.0,0.0,0.0,0.0,0.0,0.0,0.0,0.0,61.333333333,36.8,6.5
