name,machine_type,trace,-10,-9,-8,-7,-6,-5,-4,-3,-2,-1,0,1,2,3
m234_gpu0,gpu,utilization,94.65,95.0,30.083333333,0.0,60.9,85.0,90.5,94.0,89.9,84.416666667,87.783333333,91.433333333,92.0,86.866666667
m234_gpu3,gpu,utilization,90.0,90.0,52.416666667,12.25,59.5,48.333333333,70.3,94.666666667,91.9,44.133333333,71.783333333,87.983333333,91.866666667,91.066666667
m234_gpu4,gpu,utilization,59.15,72.0,19.316666667,0.0,66.5,64.333333333,77.6,97.666666667,35.083333333,36.533333333,34.65,38.033333333,78.666666667,93.466666667
m234_gpu7,gpu,utilization,62.95,72.766666667,28.5,0.0,63.0,61.333333333,76.9,81.0,80.466666667,57.916666667,54.833333333,78.783333333,89.933333333,71.2
