name,machine_type,trace,-10,-9,-8,-7,-6,-5,-4,-3,-2,-1,0,1,2,3
m147_gpu0,gpu,utilization,87.066666667,11.083333333,34.35,11.533333333,100.0,98.883333333,36.35,93.333333333,0.0,0.0,13.066666667,81.666666667,16.666666667,83.333333333
m147_gpu1,gpu,utilization,13.333333333,91.666666667,100.0,96.666666667,2.4,47.2,3.75,70.0,5.0,95.916666667,57.533333333,83.333333333,8.0,40.0
m147_gpu2,gpu,utilization,92.6,98.666666667,69.55,3.7666666667,78.6,69.816666667,5.0,93.333333333,0.0,0.16666666667,1.7333333333,0.0,7.5,37.5
m147_gpu3,gpu,utilization,82.866666667,43.0,1.95,96.366666667,38.95,0.0,0.0,6.6666666667,97.0,41.833333333,53.733333333,0.0,0.0,0.0
m147_gpu4,gpu,utilization,63.466666667,58.0,52.3,97.1,40.15,98.333333333,0.0,0.0,0.0,7.5,80.4,15.0,12.666666667,63.333333333
m147_gpu5,gpu,utilization,95.733333333,44.083333333,24.75,98.3,85.55,57.033333333,4.95,99.066666667,95.0,0.0,13.333333333,89.333333333,30.333333333,1.6666666667
m147_gpu6,gpu,utilization,6.2666666667,90.75,12.55,97.866666667,77.9,0.0,3.75,70.0,0.0,8.3333333333,86.666666667,0.0,6.1666666667,30.833333333
m147_gpu7,gpu,utilization,98.666666667,64.25,90.45,45.233333333,0.0,0.0,5.0,93.333333333,0.0,8.1666666667,95.2,64.166666667,0.0,0.0
