name,machine_type,trace,-10,-9,-8,-7,-6,-5,-4,-3,-2,-1,0,1,2,3
m288_gpu2,gpu,utilization,69.0,66.6,72.4,71.7,64.1,69.2,68.6,10.2,35.833333333,8.6,0.0,0.0,0.0,9.5333333333
m288_gpu6,gpu,utilization,62.5,58.8,69.2,69.7,67.466666667,65.4,53.8,7.65,9.1666666667,2.2,0.0,0.0,0.0,0.0
