name,machine_type,trace,-10,-9,-8,-7,-6,-5,-4,-3,-2,-1,0,1,2,3
m253_gpu0,gpu,utilization,49.6,93.0,93.55,40.733333333,0.0,0.0,0.0,0.0,0.0,0.0,0.0,0.0,0.0,0.0
m253_gpu1,gpu,utilization,0.0,0.0,0.0,0.0,0.0,0.0,0.0,0.0,0.0,0.0,0.0,0.0,0.0,0.0
m253_gpu2,gpu,utilization,0.0,0.0,0.0,0.0,0.0,1.5,45.366666667,88.733333333,93.0,93.0,93.483333333,94.0,94.0,57.966666667
m253_gpu3,gpu,utilization,95.0,68.5,71.15,95.0,50.566666667,4.5,49.083333333,95.0,95.466666667,95.5,95.0,95.0,53.833333333,0.0
m253_gpu4,gpu,utilization,94.533333333,95.0,42.75,53.266666667,70.75,24.5,49.083333333,95.0,95.0,95.0,95.0,95.0,53.833333333,0.0
m253_gpu5,gpu,utilization,0.0,0.0,10.45,17.866666667,15.966666667,9.0,14.883333333,29.266666667,17.6,0.0,0.0,0.0,0.0,0.0
m253_gpu6,gpu,utilization,14.933333333,37.5,49.2,22.1,0.0,0.0,0.0,0.0,0.0,0.0,0.0,0.0,0.0,0.0
m253_gpu7,gpu,utilization,0.0,0.0,0.0,0.0,0.0,0.0,27.383333333,54.4,54.6,26.5,0.0,0.0,0.0,0.0
