name,machine_type,trace,-10,-9,-8,-7,-6,-5,-4,-3,-2,-1,0,1,2,3
m270_gpu1,gpu,utilization,98.216666667,98.833333333,94.583333333,98.166666667,95.083333333,95.633333333,98.3,99.0,96.066666667,92.133333333,93.866666667,51.666666667,78.3,98.283333333
m270_gpu3,gpu,utilization,97.05,96.5,98.65,99.0,90.383333333,96.983333333,92.866666667,97.266666667,90.933333333,95.883333333,90.4,69.0,87.3,99.0
m270_gpu6,gpu,utilization,96.783333333,98.666666667,86.633333333,96.666666667,85.683333333,95.883333333,99.0,99.0,98.266666667,97.283333333,98.433333333,53.666666667,78.6,99.0
m270_gpu7,gpu,utilization,99.0,89.833333333,91.533333333,82.833333333,62.2,91.3,97.466666667,98.566666667,98.266666667,98.716666667,96.85,60.0,81.9,98.283333333
