name,machine_type,trace,-10,-9,-8,-7,-6,-5,-4,-3,-2,-1,0,1,2,3
m349_gpu0,gpu,utilization,99.466666667,99.0,99.0,99.55,99.466666667,99.0,99.583333333,100.0,86.583333333,90.033333333,100.0,99.433333333,99.6,100.0
m349_gpu1,gpu,utilization,99.533333333,100.0,99.433333333,99.55,99.466666667,99.0,99.583333333,100.0,86.583333333,90.033333333,100.0,99.433333333,99.6,100.0
m349_gpu2,gpu,utilization,100.0,100.0,99.433333333,98.45,98.533333333,99.0,99.583333333,99.366666667,41.25,56.666666667,98.8,98.566666667,99.6,98.15
m349_gpu3,gpu,utilization,100.0,98.933333333,98.566666667,98.45,98.533333333,99.0,99.583333333,99.366666667,41.25,56.666666667,98.8,98.566666667,99.6,98.15
m349_gpu4,gpu,utilization,100.0,98.933333333,98.566666667,97.9,98.066666667,99.0,99.583333333,100.0,90.666666667,91.933333333,99.2,99.433333333,99.6,100.0
m349_gpu5,gpu,utilization,100.0,98.933333333,98.566666667,99.55,99.466666667,99.0,97.833333333,98.9,92.416666667,93.233333333,98.0,98.566666667,99.6,100.0
m349_gpu6,gpu,utilization,98.466666667,99.066666667,99.433333333,98.45,98.533333333,99.0,99.583333333,100.0,61.5,71.4,98.8,98.566666667,99.6,100.0
m349_gpu7,gpu,utilization,98.533333333,98.466666667,98.566666667,44.55,52.8,99.0,97.833333333,98.266666667,41.25,0.0,60.0,99.433333333,98.4,97.383333333
