name,machine_type,trace,-10,-9,-8,-7,-6,-5,-4,-3,-2,-1,0,1,2,3
m172_gpu1,gpu,utilization,58.8,0.0,0.0,19.933333333,30.333333333,41.2,63.333333333,0.0,0.0,0.0,0.0,0.0,19.833333333,68.0
m172_gpu2,gpu,utilization,59.4,0.0,39.6,76.0,49.4,63.8,77.833333333,88.1,76.2,100.0,71.666666667,0.0,23.1,79.2
m172_gpu3,gpu,utilization,59.4,0.0,0.0,37.95,56.533333333,36.2,56.366666667,0.0,0.0,0.0,0.0,0.0,23.333333333,99.8
m172_gpu4,gpu,utilization,13.0,48.2,60.0,7.6666666667,54.233333333,59.4,0.0,4.2,8.4,0.0,28.333333333,100.0,79.7,10.4
