name,machine_type,trace,-10,-9,-8,-7,-6,-5,-4,-3,-2,-1,0,1,2,3
m355_gpu0,gpu,utilization,31.9,60.9,60.266666667,52.733333333,55.416666667,60.0,58.766666667,22.0,4.0,1.5333333333,2.2666666667,4.0,4.0,4.0
m355_gpu1,gpu,utilization,75.466666667,54.683333333,57.0,58.666666667,58.083333333,61.616666667,60.766666667,82.0,92.366666667,35.266666667,52.133333333,92.0,92.0,92.566666667
