name,machine_type,trace,-10,-9,-8,-7,-6,-5,-4,-3,-2,-1,0,1,2,3
m53_gpu0,gpu,utilization,98.35,75.833333333,11.666666667,100.0,99.066666667,92.0,81.266666667,16.666666667,97.866666667,86.25,98.0,94.166666667,100.0,86.666666667
m53_gpu1,gpu,utilization,90.733333333,95.0,100.0,99.733333333,96.466666667,90.0,11.666666667,100.0,100.0,98.65,92.0,80.833333333,14.25,82.333333333
m53_gpu2,gpu,utilization,100.0,99.833333333,99.116666667,93.333333333,11.666666667,99.9,99.116666667,100.0,100.0,98.8,76.666666667,16.666666667,85.0,0.0
m53_gpu3,gpu,utilization,76.766666667,16.666666667,88.333333333,6.4,96.466666667,90.0,10.85,94.0,99.133333333,99.55,80.833333333,0.0,14.25,94.6
m25_gpu0,gpu,utilization,75.95,0.0,10.733333333,92.2,83.916666667,8.6,87.633333333,99.833333333,99.133333333,100.0,98.666666667,92.5,94.4,78.866666667
m25_gpu2,gpu,utilization,91.45,90.0,83.916666667,6.6666666667,100.0,100.0,88.333333333,16.333333333,98.266666667,100.0,100.0,97.833333333,88.05,81.466666667
m25_gpu3,gpu,utilization,17.233333333,95.0,99.416666667,95.333333333,99.766666667,97.5,93.816666667,100.0,100.0,100.0,100.0,100.0,99.4,96.4
m25_gpu7,gpu,utilization,18.333333333,92.5,59.433333333,89.8,51.416666667,90.0,11.666666667,100.0,95.733333333,68.3,75.0,100.0,98.8,79.733333333
