name,machine_type,trace,-10,-9,-8,-7,-6,-5,-4,-3,-2,-1,0,1,2,3
m22_gpu0,gpu,utilization,0.0,0.0,0.0,0.0,0.28333333333,0.76666666667,0.0,0.86666666667,3.0,0.0,0.0,1.1333333333,4.25,10.4
m22_gpu1,gpu,utilization,0.0,0.0,0.0,0.0,1.4166666667,3.8333333333,0.0,1.0833333333,3.75,0.0,0.0,1.1333333333,3.0,7.8
m22_gpu2,gpu,utilization,0.0,0.0,0.0,0.0,1.4166666667,3.8333333333,0.0,1.3,4.5,0.0,0.0,1.1333333333,3.0,0.4
m22_gpu3,gpu,utilization,0.0,0.0,0.0,0.0,0.28333333333,0.76666666667,0.0,0.43333333333,1.5,0.0,0.0,0.0,0.0,0.6
m22_gpu4,gpu,utilization,0.0,0.0,0.0,0.0,0.0,0.0,0.0,0.86666666667,3.0,0.0,0.0,0.0,0.75,4.8
m22_gpu5,gpu,utilization,0.0,0.0,0.0,0.0,0.56666666667,1.5333333333,0.0,0.86666666667,3.0,0.0,0.0,0.85,2.5,8.0
m22_gpu6,gpu,utilization,19.266666667,47.6,0.0,0.0,1.4166666667,3.8333333333,0.0,1.3,4.5,0.0,0.0,0.0,0.75,2.8
m22_gpu7,gpu,utilization,0.0,0.0,0.0,0.0,0.56666666667,1.5333333333,0.0,0.86666666667,3.0,0.0,0.0,1.1333333333,3.0,7.6
