name,machine_type,trace,-10,-9,-8,-7,-6,-5,-4,-3,-2,-1,0,1,2,3
m116_gpu0,gpu,utilization,66.6,11.25,75.0,74.7,72.733333333,71.666666667,74.816666667,74.4,76.833333333,75.083333333,71.0,71.8,75.0,75.15
m116_gpu2,gpu,utilization,0.0,11.1,74.15,74.85,74.266666667,75.666666667,74.366666667,75.733333333,74.333333333,75.816666667,75.0,75.0,75.15,75.7
m116_gpu5,gpu,utilization,76.8,75.0,74.85,74.15,74.333333333,71.0,75.816666667,75.0,75.166666667,75.816666667,75.433333333,76.4,74.3,75.7
m116_gpu6,gpu,utilization,0.0,0.0,11.4,76.0,75.866666667,74.5,72.55,75.133333333,76.166666667,76.633333333,75.216666667,76.2,76.85,75.85
