name,machine_type,trace,-10,-9,-8,-7,-6,-5,-4,-3,-2,-1,0,1,2,3
m168_gpu2,gpu,utilization,97.766666667,24.616666667,1.8666666667,0.0,0.0,0.0,0.0,0.0,0.13333333333,0.91666666667,0.0,0.26666666667,3.9333333333,0.0
m168_gpu3,gpu,utilization,97.35,0.0,0.0,0.0,0.0,0.0,0.0,0.0,0.0,0.0,0.0,0.26666666667,3.9333333333,0.0
m168_gpu4,gpu,utilization,0.0,0.0,0.0,0.0,0.0,11.55,90.75,0.0,0.0,0.0,0.0,0.0,0.0,0.0
m168_gpu5,gpu,utilization,0.0,0.0,0.0,0.0,0.0,0.0,0.0,0.0,0.0,0.0,0.0,0.0,0.0,0.0
