name,machine_type,trace,-10,-9,-8,-7,-6,-5,-4,-3,-2,-1,0,1,2,3
m278_gpu0,gpu,utilization,91.3,93.25,89.366666667,91.65,92.5,88.216666667,89.233333333,89.783333333,89.183333333,89.85,90.4,93.2,83.833333333,94.05
m278_gpu4,gpu,utilization,91.0,93.1,60.6,89.566666667,80.25,62.633333333,76.7,61.85,82.633333333,81.6,86.0,86.6,76.166666667,86.0
m278_gpu6,gpu,utilization,88.9,81.1,94.283333333,98.916666667,94.5,81.95,39.433333333,44.866666667,94.083333333,91.05,96.8,76.8,3.6666666667,18.85
m278_gpu7,gpu,utilization,0.0,0.0,0.0,0.0,0.0,0.0,0.0,0.0,0.0,0.0,0.0,0.0,0.0,0.0
