name,machine_type,trace,-10,-9,-8,-7,-6,-5,-4,-3,-2,-1,0,1,2,3
m325_gpu1,gpu,utilization,0.0,0.0,0.0,0.4,21.8,31.8,0.0,0.0,0.0,0.0,0.0,0.0,27.6,69.0
m325_gpu3,gpu,utilization,92.133333333,91.866666667,93.0,91.0,89.6,92.0,92.383333333,92.6,92.4,93.0,93.0,92.4,90.4,89.75
m325_gpu6,gpu,utilization,0.0,1.3,14.6,19.2,0.0,0.0,0.0,4.0,6.0,4.0333333333,7.5166666667,0.0,3.6,9.0
m325_gpu7,gpu,utilization,0.86666666667,1.1333333333,0.0,39.6,61.0,2.4,0.0,16.0,36.8,20.266666667,0.0,0.0,0.0,0.0
