name,machine_type,trace,-10,-9,-8,-7,-6,-5,-4,-3,-2,-1,0,1,2,3
m389_gpu0,gpu,utilization,77.866666667,80.3,78.466666667,81.0,66.5,70.2,86.8,81.5,78.083333333,77.033333333,71.733333333,75.833333333,80.566666667,83.133333333
m389_gpu1,gpu,utilization,1.8666666667,1.0,1.0,40.0,72.783333333,28.866666667,4.6,50.166666667,34.333333333,1.0,25.933333333,19.333333333,1.0,1.0
m326_gpu0,gpu,utilization,79.266666667,81.0,81.566666667,77.8,71.916666667,76.966666667,81.6,79.083333333,78.75,86.8,85.766666667,82.166666667,79.033333333,81.866666667
m326_gpu1,gpu,utilization,41.8,33.4,1.0,1.0,43.55,72.533333333,30.2,47.083333333,33.916666667,10.633333333,8.3666666667,1.5833333333,23.533333333,43.733333333
