name,machine_type,trace,-10,-9,-8,-7,-6,-5,-4,-3,-2,-1,0,1,2,3
m211_gpu4,gpu,utilization,61.25,42.5,81.9,89.2,89.833333333,15.0,8.8,72.333333333,90.266666667,90.0,64.916666667,13.75,65.266666667,50.133333333
m331_gpu7,gpu,utilization,71.866666667,88.0,88.85,88.2,62.166666667,9.5,70.4,88.0,88.0,88.0,87.283333333,21.75,64.533333333,88.0
m245_gpu6,gpu,utilization,73.5,21.666666667,77.7,55.6,82.833333333,15.0,9.6,70.266666667,89.466666667,88.566666667,75.816666667,17.75,66.0,90.0
m391_gpu3,gpu,utilization,74.316666667,91.0,91.0,89.4,79.0,12.833333333,8.8,71.566666667,89.266666667,90.433333333,32.95,2.5,66.0,68.0
m273_gpu7,gpu,utilization,73.5,18.333333333,77.1,90.0,90.0,15.0,72.8,90.233333333,90.0,90.0,75.666666667,17.5,66.0,90.0
m401_gpu1,gpu,utilization,74.316666667,91.0,21.3,74.6,88.5,14.666666667,72.8,91.0,91.0,91.0,90.283333333,22.5,66.733333333,91.0
m401_gpu6,gpu,utilization,19.6,79.833333333,17.05,73.6,78.5,12.666666667,72.0,89.233333333,90.466666667,91.0,91.0,22.75,66.733333333,91.0
m222_gpu4,gpu,utilization,3.2666666667,75.666666667,25.4,74.8,31.666666667,3.3333333333,72.0,90.0,90.0,90.0,90.0,22.5,8.0666666667,68.933333333
