name,machine_type,trace,-10,-9,-8,-7,-6,-5,-4,-3,-2,-1,0,1,2,3
m368_gpu3,gpu,utilization,30.0,6.6,10.833333333,1.7333333333,1.8,13.916666667,21.183333333,15.933333333,45.916666667,5.8333333333,0.0,0.0,41.516666667,29.15
m368_gpu4,gpu,utilization,19.166666667,4.2166666667,29.166666667,20.266666667,1.8,0.0,42.4,40.2,39.0,4.55,13.6,18.65,33.133333333,36.7
m114_gpu0,gpu,utilization,16.5,37.316666667,40.5,14.866666667,11.0,36.666666667,4.55,9.5333333333,8.35,0.93333333333,0.0,23.85,3.15,0.0
m114_gpu4,gpu,utilization,40.833333333,8.0666666667,8.3333333333,1.3333333333,0.0,13.75,15.0,2.0,0.0,13.25,16.7,1.9833333333,0.0,27.2
m352_gpu2,gpu,utilization,30.5,39.983333333,25.333333333,13.333333333,40.8,39.416666667,4.55,34.666666667,4.6666666667,0.0,36.55,25.333333333,14.166666667,14.7
m352_gpu4,gpu,utilization,38.0,38.0,6.3333333333,0.0,40.5,39.5,4.55,14.733333333,19.65,2.3333333333,25.5,3.5,0.0,40.8
m368_gpu0,gpu,utilization,4.6666666667,32.666666667,6.6666666667,0.0,36.9,40.083333333,4.6666666667,0.0,0.0,36.216666667,6.15,0.0,0.0,0.0
m368_gpu1,gpu,utilization,4.6666666667,23.683333333,4.8333333333,17.333333333,2.0,7.3333333333,0.93333333333,0.0,0.0,14.133333333,13.45,29.783333333,3.7333333333,0.0
