name,machine_type,trace,-10,-9,-8,-7,-6,-5,-4,-3,-2,-1,0,1,2,3
m274_gpu0,gpu,utilization,0.0,16.866666667,92.0,92.0,76.666666667,12.266666667,82.8,0.0,12.133333333,91.183333333,92.0,75.133333333,19.933333333,92.0
m274_gpu1,gpu,utilization,0.0,16.683333333,91.183333333,92.15,77.5,12.266666667,82.8,0.0,12.266666667,92.0,92.0,75.133333333,19.933333333,92.0
m274_gpu2,gpu,utilization,0.0,16.683333333,91.183333333,92.0,76.666666667,12.266666667,82.8,0.0,12.266666667,92.0,91.6,73.5,19.933333333,92.0
m274_gpu3,gpu,utilization,0.0,16.866666667,91.816666667,91.15,76.666666667,12.266666667,82.8,0.0,12.266666667,91.816666667,91.2,75.133333333,19.933333333,92.0
m274_gpu4,gpu,utilization,0.0,16.683333333,91.183333333,92.0,76.666666667,12.4,83.7,0.0,12.4,92.816666667,92.0,75.133333333,19.933333333,92.0
m274_gpu5,gpu,utilization,0.0,16.683333333,91.366666667,92.85,76.666666667,12.4,83.7,0.0,12.266666667,91.633333333,89.2,70.233333333,19.933333333,91.45
m274_gpu6,gpu,utilization,0.0,17.05,93.0,93.0,77.5,12.4,83.7,0.0,12.4,93.0,93.0,75.95,19.933333333,92.183333333
m274_gpu7,gpu,utilization,0.0,17.05,93.0,93.15,78.333333333,12.4,83.7,0.0,12.4,93.0,93.0,75.95,20.15,92.816666667
