name,machine_type,trace,-10,-9,-8,-7,-6,-5,-4,-3,-2,-1,0,1,2,3
m170_gpu0,gpu,utilization,67.85,68.066666667,77.5,77.083333333,70.466666667,80.45,76.35,83.491666667,83.491666667,82.033333333,69.433333333,61.133333333,0.0,81.2
m170_gpu1,gpu,utilization,70.8,70.133333333,75.7,84.25,71.933333333,65.3,82.766666667,83.983333333,83.983333333,83.966666667,85.933333333,84.033333333,52.0,84.866666667
m170_gpu2,gpu,utilization,66.866666667,73.6,68.3,70.75,83.133333333,84.0,80.816666667,74.508333333,74.508333333,82.733333333,83.966666667,84.0,0.0,80.233333333
m170_gpu3,gpu,utilization,82.6,72.8,84.35,84.083333333,68.133333333,77.45,65.283333333,75.641666667,75.641666667,83.033333333,83.0,81.033333333,82.0,82.966666667
