name,machine_type,trace,-10,-9,-8,-7,-6,-5,-4,-3,-2,-1,0,1,2,3
m357_gpu3,gpu,utilization,28.666666667,4.2666666667,28.466666667,42.15,12.1,43.866666667,78.05,34.566666667,39.166666667,94.0,76.6,28.033333333,52.25,72.9
m357_gpu4,gpu,utilization,22.95,4.8,0.0,24.166666667,27.5,21.0,23.25,40.733333333,66.5,15.4,22.233333333,22.233333333,52.25,94.433333333
m357_gpu5,gpu,utilization,21.3,50.733333333,95.0,75.183333333,29.7,0.0,11.6,39.6,74.583333333,52.25,17.883333333,17.883333333,52.25,94.433333333
m357_gpu6,gpu,utilization,21.166666667,8.5333333333,43.4,93.966666667,52.25,22.4,69.75,64.4,55.333333333,94.55,50.983333333,2.4166666667,18.7,68.0
m117_gpu2,gpu,utilization,33.35,36.8,1.8666666667,33.0,35.2,44.333333333,94.516666667,92.266666667,92.083333333,94.55,48.566666667,0.0,0.0,53.266666667
m117_gpu3,gpu,utilization,0.0,0.0,43.866666667,94.483333333,52.25,43.866666667,94.0,94.0,85.25,82.45,48.566666667,0.0,0.0,30.6
m117_gpu5,gpu,utilization,32.866666667,36.266666667,21.0,57.083333333,38.5,43.866666667,65.483333333,28.066666667,50.666666667,94.55,77.566666667,29.0,0.0,53.833333333
m117_gpu6,gpu,utilization,0.0,0.0,44.333333333,95.0,52.25,44.333333333,95.483333333,95.566666667,95.0,93.65,47.533333333,0.0,0.0,54.4
