name,machine_type,trace,-10,-9,-8,-7,-6,-5,-4,-3,-2,-1,0,1,2,3
m63_gpu0,gpu,utilization,97.0,97.0,97.0,95.95,89.166666667,98.0,97.85,97.0,97.2,98.0,97.816666667,97.2,98.0,97.766666667
m63_gpu2,gpu,utilization,97.0,97.0,97.0,95.133333333,82.983333333,98.0,97.85,97.2,98.2,92.0,74.133333333,97.2,97.766666667,96.766666667
m63_gpu5,gpu,utilization,97.0,97.0,96.833333333,94.483333333,84.633333333,97.116666667,98.0,97.8,97.2,98.0,97.816666667,97.2,97.766666667,97.0
m63_gpu7,gpu,utilization,97.0,96.883333333,96.166666667,95.95,89.166666667,98.0,96.8,91.6,98.0,75.133333333,17.783333333,97.2,98.0,98.0
