name,machine_type,trace,-10,-9,-8,-7,-6,-5,-4,-3,-2,-1,0,1,2,3
m25_gpu0,gpu,utilization,0.0,89.6,6.4,93.1,99.866666667,100.0,46.8,85.8,59.5,97.9,43.933333333,99.033333333,100.0,4.6166666667
m25_gpu1,gpu,utilization,90.0,100.0,7.6,95.05,100.0,97.1,99.85,100.0,85.75,37.5,1.1666666667,0.0,98.333333333,4.6166666667
m25_gpu2,gpu,utilization,90.0,6.6666666667,21.466666667,72.4,98.333333333,100.0,5.0,68.4,44.45,97.15,38.133333333,98.933333333,27.233333333,4.3666666667
m25_gpu3,gpu,utilization,90.0,100.0,100.0,100.0,60.8,1.9333333333,47.5,2.5,0.0,0.0,0.0,0.0,98.333333333,4.6166666667
m25_gpu4,gpu,utilization,90.0,72.933333333,4.7333333333,0.0,93.333333333,81.633333333,99.05,5.0,76.0,44.85,1.4333333333,98.333333333,100.0,4.6166666667
m25_gpu5,gpu,utilization,79.2,99.2,100.0,100.0,100.0,83.566666667,89.65,80.5,99.0,100.0,100.0,2.65,98.35,5.6
m25_gpu6,gpu,utilization,10.0,83.066666667,71.266666667,88.05,99.266666667,62.3,78.1,98.95,39.2,96.8,100.0,100.0,100.0,4.6166666667
m25_gpu7,gpu,utilization,90.0,55.2,3.4666666667,95.0,47.733333333,30.466666667,96.5,100.0,100.0,71.5,2.3333333333,0.98333333333,34.433333333,3.5333333333
