name,machine_type,trace,-10,-9,-8,-7,-6,-5,-4,-3,-2,-1,0,1,2,3
m330_gpu0,gpu,utilization,93.5,94.633333333,88.666666667,92.666666667,89.433333333,88.566666667,89.15,87.3,89.2,91.25,89.216666667,90.0,91.0,94.766666667
m330_gpu2,gpu,utilization,54.7,27.0,53.666666667,48.666666667,83.683333333,89.6,74.483333333,68.2,81.2,62.0,79.783333333,71.833333333,34.2,33.533333333
m330_gpu4,gpu,utilization,14.65,38.95,95.0,84.0,85.4,90.316666667,84.683333333,93.7,89.1,81.75,83.533333333,73.0,70.8,32.733333333
m330_gpu7,gpu,utilization,10.45,21.933333333,52.666666667,39.0,20.116666667,45.283333333,78.233333333,49.8,38.0,26.0,56.25,59.5,13.8,17.1
