name,machine_type,trace,-10,-9,-8,-7,-6,-5,-4,-3,-2,-1,0,1,2,3
m16_gpu0,gpu,utilization,100.0,99.416666667,78.6,52.966666667,82.0,100.0,100.0,33.333333333,70.0,100.0,99.3,99.0,99.0,55.45
m16_gpu1,gpu,utilization,100.0,99.416666667,69.0,46.466666667,50.333333333,85.116666667,100.0,33.333333333,70.0,100.0,99.3,99.0,99.683333333,61.65
m16_gpu2,gpu,utilization,99.533333333,99.416666667,68.4,47.366666667,47.0,83.216666667,100.0,33.333333333,70.0,100.0,100.0,99.3,99.0,61.3
m16_gpu3,gpu,utilization,100.0,99.416666667,65.4,44.9,82.0,100.0,100.0,33.333333333,70.0,100.0,99.3,99.0,99.0,60.65
m16_gpu4,gpu,utilization,100.0,99.416666667,78.6,52.333333333,43.0,81.633333333,100.0,33.333333333,70.0,100.0,100.0,99.3,99.0,66.5
m16_gpu5,gpu,utilization,100.0,99.416666667,70.8,47.566666667,47.666666667,83.85,100.0,33.333333333,70.0,100.0,99.3,99.0,99.0,58.7
m16_gpu6,gpu,utilization,100.0,99.416666667,80.4,52.8,81.333333333,100.0,100.0,33.333333333,70.0,100.0,99.3,99.0,99.0,55.45
m16_gpu7,gpu,utilization,100.0,99.416666667,76.8,51.233333333,81.666666667,100.0,100.0,33.333333333,70.0,100.0,99.3,99.0,99.0,52.2
