name,machine_type,trace,-10,-9,-8,-7,-6,-5,-4,-3,-2,-1,0,1,2,3
m60_gpu0,gpu,utilization,2.2666666667,67.833333333,66.35,64.4,0.0,0.5,13.233333333,58.933333333,0.0,0.0,0.0,0.0,8.8,66.333333333
m60_gpu1,gpu,utilization,64.0,58.666666667,7.4666666667,64.0,60.8,5.25,63.233333333,65.0,58.5,0.0,0.0,0.0,0.0,11.0
