name,machine_type,trace,-10,-9,-8,-7,-6,-5,-4,-3,-2,-1,0,1,2,3
m368_gpu2,gpu,utilization,69.141666667,75.533333333,88.783333333,89.0,89.0,90.966666667,66.3,93.5,87.666666667,7.25,77.133333333,92.4,86.816666667,87.833333333
m368_gpu3,gpu,utilization,88.983333333,94.883333333,95.0,91.0,91.95,91.016666667,85.3,89.75,7.5,83.416666667,67.6,84.4,51.783333333,88.25
m368_gpu5,gpu,utilization,46.708333333,87.516666667,1.4833333333,88.0,90.85,94.933333333,85.5,93.55,7.8333333333,80.666666667,83.666666667,89.8,94.533333333,88.583333333
m368_gpu7,gpu,utilization,48.291666667,90.083333333,95.9,88.0,88.95,90.966666667,89.1,91.85,89.25,91.75,87.666666667,89.55,49.366666667,88.0
m211_gpu0,gpu,utilization,0.0,0.0,0.0,0.0,0.0,0.0,0.0,0.0,0.0,0.0,0.0,0.0,0.0,0.0
m211_gpu1,gpu,utilization,0.0,0.0,0.0,0.0,0.0,0.0,0.0,0.0,0.0,0.0,0.0,0.0,0.0,0.0
m211_gpu4,gpu,utilization,0.0,0.0,0.0,0.0,0.0,0.0,0.0,0.0,0.0,0.0,0.0,0.0,0.0,0.0
m211_gpu6,gpu,utilization,0.0,0.0,0.0,0.0,0.0,0.0,0.0,0.0,0.0,0.0,0.0,0.0,0.0,0.0
