name,machine_type,trace,-10,-9,-8,-7,-6,-5,-4,-3,-2,-1,0,1,2,3
m155_gpu0,gpu,utilization,99.7,99.3,99.716666667,99.0,98.683333333,98.35,98.633333333,98.416666667,98.616666667,98.766666667,98.533333333,96.633333333,98.283333333,99.316666667
m155_gpu1,gpu,utilization,97.6,99.0,98.716666667,98.316666667,98.683333333,98.35,98.633333333,97.583333333,98.15,100.0,98.533333333,96.633333333,98.283333333,99.316666667
m155_gpu2,gpu,utilization,100.0,100.0,99.716666667,99.0,99.0,99.0,99.366666667,100.0,99.233333333,98.766666667,100.0,99.366666667,98.283333333,98.683333333
m155_gpu3,gpu,utilization,99.7,98.4,97.566666667,99.0,98.683333333,98.35,99.366666667,98.75,97.383333333,98.766666667,98.533333333,96.633333333,98.283333333,99.316666667
m155_gpu4,gpu,utilization,97.3,98.6,99.433333333,98.316666667,98.683333333,98.35,98.633333333,97.583333333,98.15,100.0,100.0,99.05,97.566666667,99.316666667
m155_gpu5,gpu,utilization,97.3,98.6,99.716666667,99.0,98.683333333,98.35,98.633333333,97.583333333,97.383333333,98.766666667,63.333333333,31.033333333,98.283333333,99.316666667
m155_gpu6,gpu,utilization,100.0,100.0,99.716666667,99.0,99.316666667,99.65,99.366666667,100.0,99.233333333,98.766666667,63.333333333,31.35,99.0,98.683333333
m155_gpu7,gpu,utilization,100.0,99.4,98.566666667,99.683333333,67.65,34.65,62.7,41.666666667,99.233333333,60.433333333,0.0,30.716666667,97.566666667,99.316666667
