name,machine_type,trace,-10,-9,-8,-7,-6,-5,-4,-3,-2,-1,0,1,2,3
m26_gpu0,gpu,utilization,77.0,6.6,59.35,13.166666667,63.8,85.5,4.75,94.9,90.266666667,61.6,24.866666667,67.75,96.716666667,83.7
m26_gpu1,gpu,utilization,61.416666667,6.4,58.516666667,21.0,68.333333333,81.0,4.4,88.233333333,93.133333333,60.5,7.7333333333,88.833333333,94.15,67.55
m219_gpu0,gpu,utilization,60.5,8.0,70.666666667,7.9166666667,92.733333333,79.1,87.85,65.933333333,66.133333333,92.1,53.2,8.1666666667,86.566666667,10.95
m219_gpu1,gpu,utilization,56.833333333,7.3,64.483333333,5.3333333333,64.133333333,65.3,68.5,77.566666667,63.133333333,40.1,63.6,9.8333333333,84.8,9.0
