name,machine_type,trace,-10,-9,-8,-7,-6,-5,-4,-3,-2,-1,0,1,2,3
m164_gpu0,gpu,utilization,96.0,100.0,100.0,98.9,99.0,99.5,99.466666667,99.566666667,98.133333333,98.3,53.333333333,0.0,48.333333333,100.0
m164_gpu1,gpu,utilization,96.2,99.583333333,100.0,98.9,99.0,99.5,99.0,99.0,98.133333333,98.3,53.333333333,0.0,48.333333333,100.0
m164_gpu2,gpu,utilization,98.0,100.0,100.0,99.45,99.5,100.0,100.0,99.566666667,98.133333333,98.3,53.333333333,0.0,48.333333333,99.466666667
m164_gpu3,gpu,utilization,97.2,100.0,100.0,100.0,100.0,99.5,98.533333333,98.433333333,99.433333333,100.0,53.333333333,0.0,48.333333333,100.0
m164_gpu4,gpu,utilization,96.0,100.0,100.0,100.0,100.0,100.0,100.0,99.566666667,98.133333333,98.3,53.333333333,0.0,48.333333333,99.466666667
m164_gpu5,gpu,utilization,97.2,100.0,100.0,99.45,99.5,99.5,99.466666667,99.566666667,98.133333333,98.3,53.333333333,0.0,48.333333333,100.0
m164_gpu6,gpu,utilization,97.6,100.0,100.0,98.9,99.0,100.0,100.0,99.566666667,98.133333333,98.3,53.333333333,0.0,48.333333333,99.466666667
m164_gpu7,gpu,utilization,96.0,100.0,100.0,99.45,99.5,100.0,100.0,100.0,100.0,100.0,53.333333333,0.0,48.333333333,99.466666667
