name,machine_type,trace,-10,-9,-8,-7,-6,-5,-4,-3,-2,-1,0,1,2,3
m194_gpu0,gpu,utilization,97.4,98.066666667,98.55,97.0,98.5,98.5,97.5,98.0,98.0,98.516666667,98.5,89.216666667,90.183333333,99.033333333
m194_gpu4,gpu,utilization,94.733333333,95.133333333,98.516666667,98.0,98.5,98.5,97.5,97.483333333,97.466666667,97.516666667,98.5,99.516666667,100.0,98.55
m194_gpu5,gpu,utilization,95.266666667,95.616666667,98.516666667,98.0,98.5,98.5,97.5,97.966666667,97.933333333,97.516666667,98.5,99.516666667,99.516666667,98.516666667
m194_gpu7,gpu,utilization,99.466666667,99.516666667,98.55,97.933333333,99.5,98.5,98.0,92.716666667,87.6,93.65,97.5,89.766666667,91.216666667,99.516666667
m243_gpu0,gpu,utilization,45.733333333,51.15,99.483333333,73.4,71.0,49.5,49.0,50.633333333,52.8,97.966666667,48.5,51.666666667,99.516666667,98.516666667
m243_gpu2,gpu,utilization,46.2,51.15,99.0,52.8,48.0,48.0,49.5,51.15,52.8,98.483333333,49.0,41.333333333,87.733333333,97.45
m243_gpu3,gpu,utilization,45.733333333,51.15,99.0,52.8,49.0,49.0,49.5,51.15,52.8,97.966666667,48.5,51.666666667,99.033333333,98.0
m243_gpu6,gpu,utilization,45.266666667,51.666666667,100.0,83.2,81.5,49.5,49.5,51.15,53.333333333,98.45,48.5,36.166666667,83.533333333,98.483333333
