name,machine_type,trace,-10,-9,-8,-7,-6,-5,-4,-3,-2,-1,0,1,2,3
m335_gpu0,gpu,utilization,12.0,18.2,28.0,11.2,41.933333333,66.2,33.833333333,42.3,66.383333333,65.0,36.266666667,6.0,0.0,0.0
m335_gpu1,gpu,utilization,16.8,18.2,10.733333333,52.2,33.35,0.0,0.0,0.0,0.0,0.0,0.0,0.0,0.0,0.0
m335_gpu2,gpu,utilization,14.4,9.1,5.3666666667,0.0,0.0,0.0,0.0,0.0,0.0,0.0,0.0,0.0,0.0,0.0
m335_gpu3,gpu,utilization,12.4,0.0,0.0,0.0,0.0,0.0,0.0,0.0,0.0,0.0,0.0,0.0,0.0,0.0
m335_gpu4,gpu,utilization,12.8,0.0,0.0,0.0,0.0,0.0,0.0,0.0,0.0,0.0,0.0,0.0,0.0,0.0
m335_gpu5,gpu,utilization,12.8,0.0,0.0,0.0,0.0,0.0,0.0,0.0,0.0,0.0,0.0,0.0,0.0,0.0
m335_gpu6,gpu,utilization,16.4,0.0,0.0,0.0,0.0,0.0,0.0,0.0,0.0,0.0,0.0,0.0,0.0,0.0
m335_gpu7,gpu,utilization,70.0,32.2,0.0,0.0,0.0,0.0,0.0,0.0,0.0,0.0,0.0,0.0,0.0,0.0
