name,machine_type,trace,-10,-9,-8,-7,-6,-5,-4,-3,-2,-1,0,1,2,3
m175_gpu0,gpu,utilization,4.9,66.5,98.0,97.3,99.7,100.0,79.833333333,96.05,0.0,85.783333333,85.783333333,72.766666667,50.325,50.325
m175_gpu1,gpu,utilization,5.0,95.0,72.0,97.0,100.0,99.083333333,99.916666667,100.0,0.0,76.633333333,76.633333333,98.333333333,28.975,28.975
m175_gpu2,gpu,utilization,5.0,83.6,99.2,82.0,98.0,100.0,63.333333333,78.05,0.0,95.425,95.425,54.083333333,41.683333333,41.683333333
m175_gpu5,gpu,utilization,4.9,58.9,40.533333333,93.9,100.0,72.5,83.75,80.25,0.0,81.241666667,81.241666667,78.666666667,50.833333333,50.833333333
