name,machine_type,trace,-10,-9,-8,-7,-6,-5,-4,-3,-2,-1,0,1,2,3
m137_gpu0,gpu,utilization,56.666666667,80.0,41.466666667,53.566666667,98.0,81.0,37.683333333,41.0,63.7,79.4,41.0,50.933333333,51.233333333,86.816666667
m137_gpu1,gpu,utilization,57.333333333,79.666666667,40.783333333,53.566666667,98.0,81.0,38.0,39.666666667,59.5,80.9,41.5,41.933333333,52.533333333,86.366666667
