name,machine_type,trace,-10,-9,-8,-7,-6,-5,-4,-3,-2,-1,0,1,2,3
m99_gpu0,gpu,utilization,0.0,0.0,0.0,0.0,22.0,25.6,11.9,3.0,2.4,19.1,31.466666667,30.333333333,11.083333333,62.1
m99_gpu1,gpu,utilization,0.0,0.0,0.0,0.0,20.666666667,28.533333333,16.6,7.0,5.0,14.1,28.25,27.133333333,12.1,65.1
m99_gpu2,gpu,utilization,0.0,0.0,0.0,0.0,20.0,29.383333333,17.95,7.3333333333,5.7,15.1,27.2,25.133333333,12.966666667,63.6
m99_gpu3,gpu,utilization,0.0,0.0,0.0,0.0,17.333333333,29.7,31.35,17.0,11.4,3.6,19.816666667,12.866666667,19.9,70.5
m99_gpu4,gpu,utilization,0.0,0.0,0.0,0.0,6.0,20.1,28.95,10.0,0.0,2.8,14.933333333,5.3333333333,21.5,72.0
m99_gpu5,gpu,utilization,0.0,0.0,0.0,0.0,18.666666667,31.7,26.85,12.333333333,7.7,3.1,20.816666667,18.266666667,14.716666667,67.5
m99_gpu6,gpu,utilization,0.0,0.0,0.0,0.0,6.6666666667,20.483333333,28.95,10.0,0.0,2.8,14.25,5.0666666667,22.216666667,72.3
m99_gpu7,gpu,utilization,0.0,0.0,0.0,0.0,12.0,24.783333333,31.6,11.0,21.0,9.0,7.5166666667,2.9333333333,23.65,61.7
