name,machine_type,trace,-10,-9,-8,-7,-6,-5,-4,-3,-2,-1,0,1,2,3
m320_gpu0,gpu,utilization,3.45,32.6,85.5,0.0,0.0,0.0,0.0,0.36666666667,13.533333333,85.55,0.9,17.1,49.6,49.6
m320_gpu6,gpu,utilization,14.55,84.066666667,0.0,11.316666667,84.066666667,11.316666667,88.916666667,3.2,92.8,0.0,4.7,94.15,97.0,97.0
