name,machine_type,trace,-10,-9,-8,-7,-6,-5,-4,-3,-2,-1,0,1,2,3
m58_gpu0,gpu,utilization,2.6,1.3333333333,0.0,0.0,0.0,0.0,0.0,0.0,0.0,0.0,0.0,19.266666667,15.3,0.0
m58_gpu1,gpu,utilization,2.6,1.3333333333,0.0,0.0,0.0,0.0,0.0,0.0,0.0,0.0,0.0,0.0,0.0,1.0666666667
m58_gpu2,gpu,utilization,0.0,0.0,0.0,0.0,0.0,0.0,0.0,0.0,0.0,0.0,0.0,0.0,0.0,0.0
m58_gpu7,gpu,utilization,0.0,0.0,0.0,0.0,0.0,0.0,0.0,0.0,0.0,0.0,0.0,0.0,0.0,0.0
