name,machine_type,trace,-10,-9,-8,-7,-6,-5,-4,-3,-2,-1,0,1,2,3
m49_gpu1,gpu,utilization,95.0,95.0,95.0,95.0,95.0,79.166666667,17.416666667,95.0,95.0,95.0,95.0,95.0,95.0,95.0
m49_gpu2,gpu,utilization,95.0,95.0,95.0,95.0,95.0,79.166666667,17.416666667,95.0,95.0,95.0,95.0,95.0,94.783333333,94.166666667
m49_gpu4,gpu,utilization,95.0,95.0,95.0,95.0,95.0,79.166666667,17.416666667,95.0,95.0,95.0,95.0,95.0,94.783333333,94.0
m49_gpu7,gpu,utilization,95.0,95.316666667,95.733333333,95.233333333,95.8,79.166666667,17.416666667,95.0,95.0,95.0,95.0,95.0,95.0,95.0
m196_gpu0,gpu,utilization,95.0,95.0,95.0,95.0,95.0,79.166666667,17.416666667,95.0,95.0,95.0,95.0,95.0,95.0,95.0
m196_gpu4,gpu,utilization,94.716666667,94.316666667,95.0,94.766666667,94.0,78.333333333,17.416666667,95.0,95.0,95.0,95.0,95.0,95.0,95.0
m196_gpu5,gpu,utilization,95.0,95.0,95.0,95.0,95.0,79.166666667,17.416666667,95.0,95.0,95.0,95.0,95.0,95.0,95.0
m196_gpu6,gpu,utilization,95.283333333,95.683333333,82.466666667,58.966666667,95.0,79.166666667,17.6,95.783333333,95.0,95.0,95.0,90.333333333,79.333333333,95.0
