name,machine_type,trace,-10,-9,-8,-7,-6,-5,-4,-3,-2,-1,0,1,2,3
m297_gpu1,gpu,utilization,44.4,9.75,64.65,98.0,98.0,91.833333333,95.15,85.0,54.0,40.0,76.0,99.0,91.85,92.933333333
m297_gpu3,gpu,utilization,43.4,27.25,71.15,91.2,94.8,98.0,98.65,98.333333333,59.333333333,37.333333333,74.233333333,96.2,97.2,99.0
m297_gpu4,gpu,utilization,61.2,24.333333333,66.566666667,98.0,98.6,95.3,84.55,84.666666667,53.0,36.0,67.45,82.2,90.0,99.0
m297_gpu7,gpu,utilization,61.2,17.333333333,62.583333333,99.0,99.0,98.383333333,98.65,91.666666667,47.333333333,35.666666667,76.383333333,99.0,99.0,99.0
