name,machine_type,trace,-10,-9,-8,-7,-6,-5,-4,-3,-2,-1,0,1,2,3
m346_gpu0,gpu,utilization,43.466666667,40.3,41.65,41.1,62.7,78.0,78.0,72.666666667,38.2,42.066666667,67.266666667,14.6,13.533333333,76.3
m346_gpu1,gpu,utilization,60.8,39.7,38.466666667,38.4,17.25,82.166666667,89.6,73.533333333,38.4,43.066666667,56.133333333,28.0,5.4666666667,81.333333333
m346_gpu2,gpu,utilization,55.466666667,39.15,40.0,36.6,17.25,80.183333333,74.35,71.533333333,36.2,40.066666667,64.4,0.0,5.5333333333,82.383333333
m346_gpu7,gpu,utilization,63.0,36.7,35.466666667,35.8,17.8,80.4,89.483333333,72.4,36.4,41.533333333,61.8,42.0,5.2,77.333333333
