name,machine_type,trace,-10,-9,-8,-7,-6,-5,-4,-3,-2,-1,0,1,2,3
m50_gpu1,gpu,utilization,46.6,63.5,42.6,55.133333333,46.6,47.7,57.533333333,56.35,47.166666667,63.666666667,48.333333333,47.7,43.1,44.4
m50_gpu2,gpu,utilization,41.2,5.25,31.866666667,38.416666667,43.333333333,44.0,42.266666667,42.883333333,39.466666667,6.3166666667,34.683333333,40.7,41.0,38.6
m50_gpu5,gpu,utilization,44.4,5.5,34.666666667,53.783333333,49.066666667,45.3,40.666666667,40.0,41.766666667,6.6666666667,35.566666667,57.85,47.116666667,40.8
m50_gpu6,gpu,utilization,42.3,6.25,36.6,55.783333333,54.533333333,27.0,47.4,35.1,40.95,7.55,35.683333333,42.55,42.183333333,53.2
