name,machine_type,trace,-10,-9,-8,-7,-6,-5,-4,-3,-2,-1,0,1,2,3
m114_gpu0,gpu,utilization,93.0,43.583333333,92.166666667,92.1,35.3,85.7,94.75,95.0,91.533333333,94.533333333,95.0,76.95,34.433333333,92.983333333
m114_gpu1,gpu,utilization,93.0,90.333333333,93.866666667,87.35,94.2,9.5,8.25,26.666666667,85.333333333,81.633333333,89.333333333,14.95,82.533333333,92.866666667
m114_gpu2,gpu,utilization,93.833333333,38.083333333,91.0,93.0,9.3,83.7,95.75,95.116666667,91.533333333,94.533333333,95.0,81.7,36.533333333,92.033333333
m114_gpu3,gpu,utilization,93.0,91.25,93.9,90.2,94.5,9.5,0.0,26.5,86.333333333,82.633333333,89.4,23.5,43.2,92.183333333
m114_gpu4,gpu,utilization,93.75,42.666666667,92.133333333,92.1,73.1,89.9,95.666666667,95.116666667,91.533333333,93.65,94.933333333,82.65,33.666666667,92.966666667
m114_gpu5,gpu,utilization,94.0,90.333333333,93.866666667,71.2,92.5,22.1,17.666666667,25.066666667,85.8,85.283333333,89.6,70.05,85.433333333,92.883333333
m114_gpu6,gpu,utilization,93.333333333,39.916666667,91.066666667,92.05,9.2,72.9,70.0,91.083333333,85.333333333,94.6,96.0,4.8,29.0,74.25
m114_gpu7,gpu,utilization,87.083333333,7.9166666667,91.833333333,94.05,94.9,9.5,0.0,25.616666667,85.333333333,72.8,87.733333333,4.45,84.1,93.883333333
