name,machine_type,trace,-10,-9,-8,-7,-6,-5,-4,-3,-2,-1,0,1,2,3
m138_gpu2,gpu,utilization,56.583333333,38.333333333,99.2,98.383333333,97.8,97.1,66.0,31.0,66.6,33.5,98.866666667,70.4,25.866666667,74.366666667
m138_gpu3,gpu,utilization,56.583333333,38.333333333,99.2,98.383333333,97.8,97.1,66.0,30.0,66.0,37.0,98.866666667,70.4,25.6,73.6
m138_gpu5,gpu,utilization,56.583333333,34.5,93.2,98.383333333,98.2,97.733333333,66.0,29.666666667,65.3,36.7,98.433333333,71.133333333,25.866666667,74.366666667
m138_gpu6,gpu,utilization,56.583333333,38.333333333,98.8,97.383333333,97.6,98.1,66.666666667,25.666666667,71.6,71.3,99.433333333,71.866666667,26.133333333,75.133333333
