name,machine_type,trace,-10,-9,-8,-7,-6,-5,-4,-3,-2,-1,0,1,2,3
m23_gpu0,gpu,utilization,60.666666667,70.95,81.533333333,77.066666667,71.5,75.916666667,74.4,66.5,75.883333333,63.916666667,63.916666667,57.85,49.566666667,82.766666667
m23_gpu2,gpu,utilization,63.833333333,77.55,74.416666667,67.733333333,53.8,56.25,3.8666666667,2.0,3.2,62.308333333,62.308333333,39.15,48.35,69.5
m23_gpu3,gpu,utilization,27.166666667,78.15,79.116666667,78.533333333,69.6,69.166666667,4.9333333333,4.0,5.1333333333,79.625,79.625,62.966666667,61.233333333,74.533333333
m23_gpu6,gpu,utilization,66.0,80.25,77.05,83.533333333,72.3,52.416666667,2.1333333333,4.0,4.6666666667,62.3,62.3,15.983333333,74.05,76.033333333
