name,machine_type,trace,-10,-9,-8,-7,-6,-5,-4,-3,-2,-1,0,1,2,3
m11_gpu0,gpu,utilization,2.6666666667,55.0,68.7,72.75,72.75,23.433333333,50.833333333,14.0,25.666666667,18.9,63.0,63.6,69.433333333,72.8
m11_gpu1,gpu,utilization,3.2,22.0,29.3,46.25,42.25,35.083333333,42.983333333,10.5,35.933333333,44.4,44.633333333,62.6,34.8,28.2
m11_gpu2,gpu,utilization,0.0,39.6,39.3,32.25,45.5,21.8,52.383333333,14.233333333,7.3333333333,10.0,48.383333333,41.0,45.433333333,47.2
m11_gpu3,gpu,utilization,2.6666666667,45.466666667,49.4,30.5,50.75,20.616666667,59.0,16.333333333,5.1333333333,8.5333333333,56.366666667,51.0,55.433333333,58.8
m11_gpu4,gpu,utilization,0.0,31.533333333,36.0,42.0,42.0,19.066666667,29.333333333,7.7,45.466666667,57.4,38.033333333,50.0,43.266666667,40.8
m11_gpu5,gpu,utilization,3.6666666667,36.2,35.0,34.25,43.5,20.933333333,23.8,6.0666666667,7.3333333333,10.0,45.933333333,52.4,46.633333333,45.0
m11_gpu6,gpu,utilization,2.6666666667,49.866666667,51.9,59.25,64.75,22.7,61.633333333,17.033333333,13.933333333,11.333333333,58.816666667,53.2,60.5,64.0
m11_gpu7,gpu,utilization,0.0,50.6,57.8,63.5,58.0,20.533333333,55.916666667,15.4,20.533333333,12.666666667,61.083333333,57.0,63.733333333,67.8
