name,machine_type,trace,-10,-9,-8,-7,-6,-5,-4,-3,-2,-1,0,1,2,3
m356_gpu1,gpu,utilization,72.0,72.0,72.0,72.0,72.383333333,72.6,72.433333333,73.0,72.583333333,72.466666667,73.0,72.533333333,72.45,73.466666667
m356_gpu3,gpu,utilization,75.0,75.0,74.65,74.0,74.383333333,74.6,74.433333333,75.0,74.583333333,74.466666667,75.0,74.533333333,73.55,73.466666667
m356_gpu4,gpu,utilization,74.7,75.65,75.35,75.65,75.383333333,76.0,75.566666667,75.0,75.416666667,75.533333333,75.5,75.533333333,75.45,76.0
m356_gpu7,gpu,utilization,73.0,73.35,74.0,74.0,74.0,74.0,74.0,73.566666667,73.0,73.466666667,73.5,72.533333333,72.0,72.933333333
