name,machine_type,trace,-10,-9,-8,-7,-6,-5,-4,-3,-2,-1,0,1,2,3
m250_gpu0,gpu,utilization,82.2,77.1,43.333333333,84.65,66.45,41.65,57.75,8.8,12.833333333,27.983333333,83.833333333,52.8,44.55,99.0
m250_gpu1,gpu,utilization,72.4,76.8,49.666666667,99.0,69.25,46.583333333,57.75,3.6,5.25,25.3,79.75,52.8,44.55,99.0
m250_gpu2,gpu,utilization,76.6,76.8,38.333333333,75.766666667,67.5,43.5,57.75,5.6,8.1666666667,26.45,81.5,52.8,44.55,74.266666667
m250_gpu3,gpu,utilization,92.0,78.3,53.0,99.0,88.5,80.5,66.5,12.6,0.0,5.3666666667,49.416666667,52.8,44.55,99.0
m250_gpu4,gpu,utilization,87.8,76.8,44.0,87.383333333,91.3,85.433333333,61.916666667,6.0,0.0,32.583333333,90.833333333,52.8,44.55,99.0
m250_gpu5,gpu,utilization,92.7,83.4,64.333333333,89.183333333,64.85,74.333333333,68.166666667,15.0,0.0,9.5833333333,55.833333333,52.8,44.55,99.0
m250_gpu6,gpu,utilization,60.5,70.8,36.333333333,95.516666667,68.75,58.3,68.583333333,15.6,0.0,16.866666667,66.916666667,52.8,44.55,99.0
m250_gpu7,gpu,utilization,89.2,77.1,49.0,96.266666667,89.55,82.35,63.583333333,8.4,0.0,32.2,90.25,52.8,44.55,99.0
