name,machine_type,trace,-10,-9,-8,-7,-6,-5,-4,-3,-2,-1,0,1,2,3
m162_gpu2,gpu,utilization,67.75,69.566666667,67.0,66.733333333,67.0,69.3,68.5,68.716666667,71.8,71.5,70.25,67.75,72.483333333,67.6
m162_gpu3,gpu,utilization,52.5,50.216666667,55.25,49.666666667,50.066666667,55.6,55.5,53.566666667,50.2,54.25,50.75,47.5,54.833333333,50.6
m162_gpu4,gpu,utilization,61.25,61.216666667,61.75,59.066666667,62.6,60.933333333,63.0,64.0,57.0,55.5,58.25,59.0,60.566666667,61.8
m162_gpu6,gpu,utilization,60.5,61.0,62.5,58.6,63.133333333,59.633333333,61.75,63.716666667,58.4,56.0,59.0,59.25,59.0,61.4
