name,machine_type,trace,-10,-9,-8,-7,-6,-5,-4,-3,-2,-1,0,1,2,3
m258_gpu0,gpu,utilization,39.5,66.6,79.75,22.95,35.933333333,69.783333333,18.2,64.233333333,79.7,21.066666667,33.0,34.733333333,8.2666666667,19.066666667
m258_gpu1,gpu,utilization,43.966666667,68.2,78.5,22.383333333,5.8666666667,49.566666667,15.4,61.1,81.833333333,22.133333333,5.8666666667,27.8,9.3333333333,51.333333333
m258_gpu2,gpu,utilization,42.5,67.2,83.5,24.366666667,10.266666667,58.433333333,17.733333333,65.016666667,83.766666667,22.4,10.266666667,27.2,8.5333333333,55.0
m258_gpu3,gpu,utilization,43.433333333,68.8,71.25,19.55,5.1333333333,37.816666667,11.666666667,63.45,78.7,20.8,5.1333333333,16.533333333,5.3333333333,39.6
m258_gpu4,gpu,utilization,42.966666667,68.0,79.25,22.666666667,6.6,35.516666667,10.733333333,59.533333333,84.433333333,23.2,7.3333333333,26.866666667,8.8,52.066666667
m258_gpu5,gpu,utilization,43.033333333,69.8,72.25,19.833333333,13.933333333,64.866666667,19.366666667,63.45,81.766666667,21.866666667,4.4,22.866666667,7.7333333333,24.2
m258_gpu6,gpu,utilization,41.933333333,67.6,79.0,22.666666667,16.866666667,24.433333333,5.8333333333,61.883333333,70.566666667,18.133333333,5.1333333333,18.0,18.333333333,22.866666667
m258_gpu7,gpu,utilization,39.966666667,66.6,80.5,23.233333333,7.3333333333,56.583333333,17.5,65.016666667,83.766666667,22.4,7.3333333333,26.133333333,8.5333333333,18.333333333
