name,machine_type,trace,-10,-9,-8,-7,-6,-5,-4,-3,-2,-1,0,1,2,3
m355_gpu0,gpu,utilization,0.0,0.0,0.0,0.0,0.0,0.0,0.0,0.0,0.0,0.0,0.0,0.0,0.0,0.0
m355_gpu1,gpu,utilization,16.533333333,43.716666667,61.0,53.116666667,59.0,54.5,59.05,61.833333333,53.833333333,58.8,60.866666667,60.133333333,60.0,60.85
