name,machine_type,trace,-10,-9,-8,-7,-6,-5,-4,-3,-2,-1,0,1,2,3
m134_gpu0,gpu,utilization,7.15,42.116666667,44.866666667,69.933333333,38.933333333,34.833333333,3.25,39.15,44.7,65.85,37.1,0.0,6.3,44.833333333
m134_gpu1,gpu,utilization,30.8,41.0,39.933333333,25.4,37.066666667,35.083333333,5.9166666667,38.15,44.0,68.666666667,45.283333333,1.6666666667,6.15,34.5
m134_gpu3,gpu,utilization,13.7,30.516666667,42.866666667,54.533333333,40.733333333,33.916666667,3.1666666667,38.05,40.7,54.25,36.216666667,0.0,6.3,37.5
m134_gpu5,gpu,utilization,43.4,40.233333333,43.666666667,66.066666667,39.0,35.833333333,4.0,37.15,42.7,63.85,37.55,15.833333333,6.0,33.333333333
