name,machine_type,trace,-10,-9,-8,-7,-6,-5,-4,-3,-2,-1,0,1,2,3
m190_gpu0,gpu,utilization,0.0,26.95,36.2,23.833333333,12.2,16.0,31.933333333,18.366666667,11.6,24.5,12.5,0.0,23.25,33.8
m190_gpu1,gpu,utilization,0.0,23.65,32.866666667,23.416666667,9.2,13.75,24.466666667,11.6,21.266666667,34.5,31.5,17.733333333,19.633333333,35.866666667
m190_gpu2,gpu,utilization,0.0,15.4,26.4,23.833333333,12.8,16.45,41.0,26.583333333,20.3,33.5,12.5,0.0,16.016666667,49.666666667
m190_gpu3,gpu,utilization,0.0,12.1,23.6,24.416666667,10.2,14.2,30.866666667,17.4,21.266666667,34.5,12.5,0.0,16.016666667,27.8
m190_gpu4,gpu,utilization,0.0,16.5,27.333333333,24.416666667,15.0,17.8,52.2,36.733333333,16.433333333,29.5,28.5,14.933333333,15.5,38.533333333
m190_gpu5,gpu,utilization,0.0,4.4,17.066666667,23.833333333,14.6,17.25,57.6,42.05,19.816666667,33.0,12.5,0.0,15.5,39.066666667
m190_gpu6,gpu,utilization,0.0,14.3,24.4,21.833333333,13.2,15.7,52.4,38.183333333,20.3,32.5,11.5,0.0,17.05,54.333333333
m190_gpu7,gpu,utilization,0.0,17.6,27.733333333,22.833333333,14.8,17.7,46.4,31.9,17.4,30.0,12.0,0.0,14.983333333,26.333333333
