name,machine_type,trace,-10,-9,-8,-7,-6,-5,-4,-3,-2,-1,0,1,2,3
m150_gpu0,gpu,utilization,96.266666667,93.333333333,9.9,89.1,14.25,77.583333333,14.85,98.7,87.3,8.3333333333,99.883333333,90.75,9.9,90.75
m150_gpu1,gpu,utilization,97.133333333,92.4,9.9,89.1,12.45,67.783333333,14.85,98.25,84.6,8.25,98.883333333,89.833333333,10.0,91.666666667
m150_gpu3,gpu,utilization,97.066666667,91.466666667,9.9,89.1,13.8,75.133333333,14.85,98.85,88.2,8.3333333333,99.883333333,90.75,9.9,90.75
m150_gpu6,gpu,utilization,97.2,93.333333333,10.0,100.0,85.0,0.0,14.85,98.85,88.2,8.3333333333,99.883333333,90.75,9.9,90.75
