name,machine_type,trace,-10,-9,-8,-7,-6,-5,-4,-3,-2,-1,0,1,2,3
m263_gpu1,gpu,utilization,5.5333333333,74.7,0.0,0.9,7.95,7.3,71.8,56.533333333,0.0,0.0,0.0,0.0,0.0,0.0
m263_gpu3,gpu,utilization,25.6,34.0,31.8,4.3,31.666666667,12.6,0.0,0.0,0.0,0.0,6.2,31.8,33.0,29.25
m263_gpu4,gpu,utilization,0.0,0.0,0.0,0.0,0.0,0.0,0.0,0.0,0.0,0.0,0.0,0.0,0.0,0.0
m263_gpu5,gpu,utilization,31.733333333,0.0,1.3333333333,18.0,1.4,10.8,0.0,5.3666666667,38.333333333,8.4333333333,36.8,0.0,0.0,0.0
