name,machine_type,trace,-10,-9,-8,-7,-6,-5,-4,-3,-2,-1,0,1,2,3
m385_gpu0,gpu,utilization,49.0,58.2,94.266666667,91.916666667,96.466666667,98.233333333,96.183333333,77.133333333,36.0,20.583333333,95.55,97.6,96.366666667,88.8
m385_gpu1,gpu,utilization,18.6,60.2,90.283333333,96.366666667,95.666666667,89.4,94.65,74.366666667,10.75,54.916666667,97.45,92.4,84.75,97.6
m385_gpu2,gpu,utilization,42.4,18.4,92.366666667,94.55,97.233333333,98.466666667,99.566666667,75.133333333,3.0,30.633333333,98.183333333,96.2,87.383333333,98.2
m385_gpu3,gpu,utilization,29.6,13.0,67.75,82.933333333,96.0,95.766666667,95.65,75.133333333,10.5,54.35,98.45,95.8,95.366666667,97.4
m385_gpu4,gpu,utilization,8.4,32.8,89.983333333,84.116666667,97.533333333,96.0,96.433333333,76.066666667,11.5,48.083333333,98.816666667,91.2,70.416666667,99.0
m385_gpu5,gpu,utilization,12.8,31.8,94.816666667,93.266666667,92.1,98.766666667,97.783333333,74.366666667,11.75,56.533333333,92.283333333,97.8,97.0,97.4
m385_gpu6,gpu,utilization,32.2,26.0,94.733333333,96.533333333,90.7,93.933333333,97.216666667,75.133333333,0.0,21.45,98.266666667,95.6,98.0,98.2
m385_gpu7,gpu,utilization,42.6,22.2,92.466666667,96.066666667,86.266666667,96.533333333,95.216666667,73.6,13.25,62.1,95.55,97.8,97.183333333,98.0
