name,machine_type,trace,-10,-9,-8,-7,-6,-5,-4,-3,-2,-1,0,1,2,3
m132_gpu0,gpu,utilization,92.433333333,91.283333333,91.683333333,91.0,90.366666667,90.266666667,91.866666667,60.816666667,25.5,89.75,89.466666667,91.216666667,92.0,91.533333333
m132_gpu1,gpu,utilization,91.0,91.283333333,91.683333333,90.666666667,90.633333333,92.316666667,93.0,63.55,26.35,93.0,92.766666667,92.0,92.0,91.533333333
m132_gpu2,gpu,utilization,90.716666667,89.716666667,89.316666667,89.666666667,89.633333333,90.366666667,90.133333333,63.55,26.35,92.75,91.3,89.433333333,91.466666667,92.766666667
m132_gpu3,gpu,utilization,90.716666667,90.0,90.0,90.333333333,90.683333333,90.633333333,92.283333333,63.55,25.783333333,89.5,86.166666667,90.0,90.233333333,90.766666667
