name,machine_type,trace,-10,-9,-8,-7,-6,-5,-4,-3,-2,-1,0,1,2,3
m133_gpu0,gpu,utilization,91.566666667,93.0,62.0,0.0,0.0,0.0,0.0,21.7,72.85,20.583333333,95.0,95.0,94.8,75.2
m133_gpu2,gpu,utilization,90.716666667,90.0,89.0,60.9,0.0,0.0,0.0,20.533333333,87.35,86.3,90.666666667,89.0,88.8,70.4
m133_gpu4,gpu,utilization,89.416666667,93.0,90.0,58.8,0.0,0.0,0.0,21.0,70.5,15.6,75.166666667,91.0,90.6,71.2
m133_gpu5,gpu,utilization,81.816666667,51.0,34.0,0.0,0.0,0.0,0.0,21.233333333,71.283333333,17.983333333,83.0,83.0,83.8,69.6
