name,machine_type,trace,-10,-9,-8,-7,-6,-5,-4,-3,-2,-1,0,1,2,3
m330_gpu1,gpu,utilization,60.333333333,19.333333333,0.0,33.0,23.833333333,0.0,34.0,24.0,34.533333333,20.533333333,0.0,33.25,59.333333333,26.433333333
m330_gpu2,gpu,utilization,42.666666667,21.0,0.0,33.6,24.266666667,0.0,31.166666667,22.0,35.766666667,21.266666667,0.0,36.166666667,59.666666667,25.133333333
m330_gpu5,gpu,utilization,37.0,18.333333333,0.0,30.6,22.1,0.0,30.6,21.6,39.466666667,23.466666667,0.0,34.416666667,57.25,24.266666667
m330_gpu6,gpu,utilization,38.666666667,19.0,0.0,32.4,23.4,0.0,30.6,21.6,35.15,20.9,0.0,33.25,58.166666667,25.566666667
