name,machine_type,trace,-10,-9,-8,-7,-6,-5,-4,-3,-2,-1,0,1,2,3
m232_gpu0,gpu,utilization,52.133333333,35.266666667,38.5,80.166666667,36.4,54.25,37.2,53.666666667,92.0,92.583333333,92.433333333,36.8,56.733333333,92.0
m232_gpu1,gpu,utilization,52.133333333,35.266666667,53.666666667,92.0,92.0,92.0,36.8,53.666666667,39.866666667,53.666666667,92.0,36.8,56.733333333,92.0
m232_gpu2,gpu,utilization,52.133333333,35.266666667,53.666666667,92.0,92.0,92.0,36.8,54.25,40.3,53.666666667,92.0,92.0,92.0,92.0
m232_gpu3,gpu,utilization,52.133333333,35.266666667,54.25,92.433333333,91.4,91.583333333,36.8,53.666666667,39.866666667,53.666666667,92.0,36.8,56.733333333,92.0
m232_gpu4,gpu,utilization,92.0,35.266666667,53.666666667,92.0,92.0,92.583333333,37.2,53.666666667,39.866666667,53.666666667,92.0,36.8,56.733333333,92.0
m232_gpu5,gpu,utilization,52.133333333,92.0,92.0,92.566666667,91.8,91.583333333,36.8,53.666666667,39.866666667,53.666666667,92.0,36.8,56.733333333,92.0
m232_gpu6,gpu,utilization,93.0,35.65,54.25,93.0,92.4,92.583333333,37.2,54.25,40.3,54.25,93.0,37.2,57.35,93.0
m232_gpu7,gpu,utilization,52.7,35.65,54.25,93.0,93.0,93.0,37.2,54.25,40.3,54.25,93.0,37.2,57.35,93.0
