name,machine_type,trace,-10,-9,-8,-7,-6,-5,-4,-3,-2,-1,0,1,2,3
m152_gpu0,gpu,utilization,92.266666667,92.083333333,63.5,63.9,77.75,77.233333333,76.133333333,68.65,69.3,86.1,66.5,75.566666667,74.866666667,75.2
m218_gpu1,gpu,utilization,83.8,76.666666667,79.8,73.35,76.666666667,66.4,71.933333333,80.35,81.233333333,77.933333333,77.0,77.0,77.0,68.2
