name,machine_type,trace,-10,-9,-8,-7,-6,-5,-4,-3,-2,-1,0,1,2,3
m254_gpu1,gpu,utilization,83.0,82.0,86.916666667,87.966666667,98.0,75.383333333,86.0,96.633333333,97.0,93.066666667,91.066666667,92.0,85.233333333,89.75
m254_gpu3,gpu,utilization,77.725,97.0,38.983333333,88.266666667,72.0,18.9,96.0,85.366666667,39.0,80.3,84.866666667,88.0,89.933333333,91.9
m254_gpu5,gpu,utilization,84.95,87.0,19.15,75.033333333,81.0,56.416666667,70.0,91.266666667,48.0,93.233333333,16.666666667,90.0,88.066666667,86.1
m254_gpu7,gpu,utilization,83.8,96.0,73.383333333,93.3,62.0,37.416666667,38.0,97.933333333,96.0,92.066666667,78.466666667,97.0,90.233333333,75.75
