name,machine_type,trace,-10,-9,-8,-7,-6,-5,-4,-3,-2,-1,0,1,2,3
m49_gpu0,gpu,utilization,19.6,45.9,92.866666667,97.066666667,97.9,96.2,96.883333333,65.55,89.6,97.833333333,75.133333333,36.516666667,81.9,34.933333333
m49_gpu3,gpu,utilization,19.6,83.3,66.2,93.733333333,97.8,68.3,94.15,92.9,95.2,90.166666667,96.35,98.0,97.233333333,37.516666667
m49_gpu5,gpu,utilization,19.6,82.45,80.216666667,96.666666667,97.1,53.8,91.4,97.85,98.0,81.333333333,93.516666667,83.116666667,93.8,97.283333333
m49_gpu6,gpu,utilization,19.4,73.1,87.766666667,96.4,97.9,49.4,90.816666667,34.1,83.0,68.833333333,91.583333333,67.783333333,89.366666667,98.0
