name,machine_type,trace,-10,-9,-8,-7,-6,-5,-4,-3,-2,-1,0,1,2,3
m40_gpu0,gpu,utilization,99.333333333,91.133333333,93.8,98.0,98.0,97.333333333,97.0,97.0,97.0,97.6,98.55,99.516666667,98.55,98.033333333
m40_gpu1,gpu,utilization,100.0,98.1,97.65,98.0,98.716666667,97.666666667,99.05,100.0,98.8,98.6,98.45,97.483333333,98.45,99.483333333
m40_gpu2,gpu,utilization,98.333333333,75.833333333,87.05,98.633333333,98.0,99.333333333,97.95,97.0,98.8,98.8,98.0,97.483333333,97.0,97.0
m40_gpu3,gpu,utilization,98.0,95.1,97.25,98.316666667,98.716666667,99.666666667,100.0,100.0,100.0,99.4,98.45,97.483333333,97.0,97.0
m40_gpu4,gpu,utilization,98.0,90.666666667,94.15,98.0,98.0,97.333333333,99.05,98.733333333,98.0,98.0,98.0,97.483333333,96.516666667,46.4
m40_gpu5,gpu,utilization,97.666666667,76.1,87.4,98.633333333,98.716666667,97.666666667,97.0,97.0,97.0,97.6,98.0,97.483333333,98.45,98.45
m40_gpu6,gpu,utilization,98.333333333,98.0,99.3,98.633333333,98.0,98.0,97.316666667,97.0,98.8,98.8,98.55,97.966666667,98.45,98.45
m40_gpu7,gpu,utilization,0.0,53.2,93.75,99.0,98.283333333,99.333333333,97.95,97.0,48.4,65.8,98.45,97.483333333,50.116666667,0.0
