name,machine_type,trace,-10,-9,-8,-7,-6,-5,-4,-3,-2,-1,0,1,2,3
m255_gpu0,gpu,utilization,53.033333333,79.75,62.733333333,69.0,64.016666667,51.366666667,64.2,56.1,77.5,88.816666667,68.65,68.316666667,64.5,63.5
m255_gpu1,gpu,utilization,0.0,0.0,0.0,0.0,0.0,0.0,0.0,0.0,0.0,0.0,0.0,0.0,0.0,0.0
