name,machine_type,trace,-10,-9,-8,-7,-6,-5,-4,-3,-2,-1,0,1,2,3
m143_gpu2,gpu,utilization,68.4,71.75,44.4,37.1,5.0,22.7,37.9,40.3,25.2,7.2,40.75,84.133333333,87.0,83.333333333
m143_gpu3,gpu,utilization,74.8,75.5,59.316666667,18.1,35.666666667,30.0,37.6,30.283333333,51.8,18.4,67.0,61.533333333,53.1,35.333333333
m82_gpu1,gpu,utilization,96.0,100.0,100.0,99.7,99.333333333,99.633333333,99.316666667,100.0,100.0,100.0,75.0,26.4,99.3,100.0
m82_gpu6,gpu,utilization,96.0,100.0,100.0,99.4,98.666666667,99.633333333,99.316666667,100.0,100.0,100.0,100.0,99.733333333,99.3,100.0
m114_gpu2,gpu,utilization,98.8,98.5,99.716666667,99.0,99.333333333,99.633333333,67.65,28.333333333,70.0,26.666666667,100.0,100.0,100.0,100.0
m114_gpu3,gpu,utilization,99.2,100.0,99.716666667,98.7,98.666666667,99.266666667,66.966666667,28.333333333,100.0,100.0,100.0,100.0,70.0,33.333333333
m397_gpu2,gpu,utilization,55.0,50.75,71.833333333,34.8,37.0,48.466666667,34.85,0.0,25.2,84.0,71.0,42.933333333,77.5,58.666666667
m397_gpu5,gpu,utilization,30.2,65.5,85.0,70.0,36.666666667,25.333333333,15.2,39.216666667,30.5,62.0,57.75,47.133333333,56.3,42.666666667
