name,machine_type,trace,-10,-9,-8,-7,-6,-5,-4,-3,-2,-1,0,1,2,3
m236_gpu2,gpu,utilization,92.416666667,93.0,93.0,91.8,88.733333333,90.7,94.55,63.0,33.25,91.85,87.916666667,94.333333333,96.2,94.8
m236_gpu3,gpu,utilization,34.333333333,52.316666667,88.0,73.3,42.066666667,72.8,46.9,48.3,33.25,70.15,41.25,69.0,46.6,31.55
m236_gpu4,gpu,utilization,68.416666667,49.05,42.0,31.1,96.866666667,90.4,72.2,56.6,60.45,29.05,87.983333333,96.0,92.4,64.95
m236_gpu7,gpu,utilization,80.916666667,78.666666667,73.333333333,53.9,86.733333333,81.3,93.55,62.3,23.45,75.75,87.4,49.583333333,17.4,24.25
