name,machine_type,trace,-10,-9,-8,-7,-6,-5,-4,-3,-2,-1,0,1,2,3
m102_gpu1,gpu,utilization,78.233333333,72.933333333,71.75,73.35,83.083333333,80.35,82.0,81.533333333,82.8,76.45,71.316666667,80.733333333,85.0,80.333333333
m102_gpu6,gpu,utilization,30.033333333,72.433333333,66.333333333,67.6,78.25,80.7,38.5,37.6,81.4,79.45,68.033333333,68.4,71.35,79.066666667
