name,machine_type,trace,-10,-9,-8,-7,-6,-5,-4,-3,-2,-1,0,1,2,3
m65_gpu0,gpu,utilization,95.0,95.0,41.166666667,57.0,94.4,94.6,95.0,94.383333333,94.616666667,80.2,73.533333333,27.5,58.583333333,95.0
m65_gpu4,gpu,utilization,95.0,95.0,94.433333333,94.6,95.0,93.8,93.633333333,94.616666667,95.0,82.666666667,79.433333333,30.066666667,58.583333333,94.333333333
m65_gpu5,gpu,utilization,95.0,95.0,41.166666667,57.0,95.0,94.4,94.0,94.616666667,95.0,72.183333333,61.166666667,23.1,57.966666667,94.0
m65_gpu6,gpu,utilization,95.0,95.0,41.166666667,57.0,95.0,95.0,95.0,95.0,95.0,95.0,60.8,15.033333333,58.583333333,95.0
m376_gpu0,gpu,utilization,64.333333333,28.8,48.2,32.8,20.4,55.0,74.066666667,52.95,66.983333333,32.583333333,0.0,45.6,70.766666667,44.666666667
m376_gpu3,gpu,utilization,94.0,94.0,40.733333333,56.4,94.0,94.0,94.0,94.0,94.0,51.45,12.333333333,1.8333333333,57.966666667,94.0
m376_gpu6,gpu,utilization,94.416666667,94.6,41.166666667,57.0,95.0,38.0,60.166666667,95.0,95.0,49.366666667,12.133333333,2.5666666667,58.583333333,95.0
m376_gpu7,gpu,utilization,95.0,95.0,41.166666667,57.0,95.0,95.0,95.0,95.0,95.0,40.733333333,8.2666666667,63.466666667,95.0,95.0
