name,machine_type,trace,-10,-9,-8,-7,-6,-5,-4,-3,-2,-1,0,1,2,3
m100_gpu0,gpu,utilization,98.516666667,68.55,67.133333333,96.133333333,96.45,98.466666667,95.133333333,46.2,9.9,10.583333333,12.133333333,16.0,60.266666667,46.75
m100_gpu1,gpu,utilization,50.116666667,51.15,97.6,68.266666667,63.416666667,96.533333333,95.516666667,44.333333333,0.0,36.25,37.8,1.35,52.8,44.55
m100_gpu2,gpu,utilization,0.0,0.0,44.8,54.4,46.883333333,97.933333333,92.716666667,91.866666667,50.116666667,8.2166666667,43.35,76.8,90.933333333,97.55
m100_gpu3,gpu,utilization,0.0,0.0,0.0,0.0,0.0,0.0,14.5,65.733333333,97.0,61.233333333,39.016666667,77.1,44.8,53.9
m100_gpu4,gpu,utilization,51.15,0.0,44.8,96.0,96.966666667,98.466666667,97.066666667,44.333333333,1.9333333333,4.0,8.1333333333,7.6,54.666666667,44.55
m100_gpu5,gpu,utilization,51.666666667,19.633333333,65.066666667,96.0,97.45,98.533333333,96.55,44.333333333,0.0,0.0,3.1,2.7,52.8,44.55
m100_gpu6,gpu,utilization,51.15,0.51666666667,45.333333333,95.566666667,96.45,98.466666667,97.55,44.8,0.0,0.0,35.133333333,30.6,35.733333333,30.15
m100_gpu7,gpu,utilization,97.55,46.4,44.333333333,95.0,96.45,98.466666667,97.55,44.8,0.0,0.0,30.483333333,26.55,40.533333333,34.2
