name,machine_type,trace,-10,-9,-8,-7,-6,-5,-4,-3,-2,-1,0,1,2,3
m156_gpu1,gpu,utilization,32.0,32.0,32.25,35.066666667,37.0,37.0,36.75,32.416666667,36.416666667,32.0,32.2,34.7,32.0,33.2
m156_gpu2,gpu,utilization,58.85,37.1,42.166666667,76.6,64.75,60.666666667,45.7,40.083333333,45.2,74.5,46.6,43.1,61.666666667,55.7
m156_gpu4,gpu,utilization,71.5,43.1,45.583333333,51.6,43.166666667,77.916666667,75.25,44.666666667,69.8,38.5,43.8,44.7,76.6,55.6
m156_gpu6,gpu,utilization,32.0,32.1,33.583333333,29.1,32.333333333,35.666666667,32.45,40.083333333,30.233333333,32.0,32.333333333,37.0,36.666666667,32.7
