name,machine_type,trace,-10,-9,-8,-7,-6,-5,-4,-3,-2,-1,0,1,2,3
m379_gpu0,gpu,utilization,80.883333333,75.683333333,86.0,89.666666667,86.0,88.8,86.8,78.333333333,79.5,84.566666667,86.8,88.0,84.2,83.8
m379_gpu1,gpu,utilization,26.016666667,1.0,36.333333333,18.666666667,5.0,36.133333333,21.8,19.133333333,15.4,10.066666667,36.8,19.783333333,50.4,32.2
m272_gpu0,gpu,utilization,75.75,83.9,88.333333333,77.333333333,85.333333333,88.2,86.6,87.0,86.45,85.433333333,76.6,72.233333333,83.766666667,84.0
m272_gpu1,gpu,utilization,9.8833333333,4.6833333333,1.0,3.6666666667,27.666666667,14.933333333,51.4,37.4,32.35,25.7,47.2,82.933333333,45.466666667,26.8
