name,machine_type,trace,-10,-9,-8,-7,-6,-5,-4,-3,-2,-1,0,1,2,3
m333_gpu1,gpu,utilization,100.0,100.0,100.0,100.0,100.0,100.0,100.0,100.0,100.0,100.0,100.0,100.0,100.0,100.0
m333_gpu3,gpu,utilization,89.2,88.45,90.516666667,91.0,91.0,91.0,91.0,91.0,91.0,91.0,91.0,91.0,91.0,90.533333333
