name,machine_type,trace,-10,-9,-8,-7,-6,-5,-4,-3,-2,-1,0,1,2,3
m82_gpu0,gpu,utilization,33.5,38.266666667,49.2,46.533333333,35.083333333,35.883333333,22.45,29.583333333,44.4,26.2,43.766666667,19.15,31.8,20.75
m82_gpu1,gpu,utilization,42.5,43.3,42.8,43.933333333,24.6,30.883333333,17.3,24.683333333,43.4,21.95,42.666666667,12.55,23.8,20.0
m82_gpu2,gpu,utilization,48.25,44.633333333,50.0,45.016666667,28.733333333,31.516666667,16.45,24.683333333,43.4,21.95,42.85,13.85,26.2,19.5
m82_gpu3,gpu,utilization,18.5,22.966666667,19.0,42.566666667,42.083333333,46.733333333,48.35,38.45,36.0,37.05,44.283333333,48.65,37.8,31.5
m82_gpu4,gpu,utilization,34.0,39.8,49.2,46.316666667,33.65,33.433333333,22.45,29.216666667,42.8,26.2,49.816666667,47.35,33.0,22.25
m82_gpu5,gpu,utilization,10.75,12.533333333,15.4,32.783333333,36.116666667,49.9,45.45,45.25,36.4,46.4,28.75,42.2,47.0,33.0
m82_gpu6,gpu,utilization,14.5,18.766666667,21.8,34.616666667,31.2,49.266666667,45.85,40.783333333,26.8,42.55,26.85,44.75,46.2,28.0
m82_gpu7,gpu,utilization,11.5,9.8,22.0,30.75,25.716666667,47.983333333,40.35,46.716666667,42.6,44.8,23.566666667,37.1,48.4,37.75
