name,machine_type,trace,-10,-9,-8,-7,-6,-5,-4,-3,-2,-1,0,1,2,3
m390_gpu0,gpu,utilization,58.133333333,61.533333333,45.383333333,51.333333333,22.6,8.2833333333,54.5,25.2,6.7166666667,25.9,16.45,2.45,38.666666667,52.266666667
m390_gpu2,gpu,utilization,59.65,73.366666667,43.9,55.333333333,26.15,40.1,61.0,25.5,14.733333333,35.9,22.55,3.85,42.0,57.983333333
m390_gpu3,gpu,utilization,59.366666667,54.533333333,54.15,48.333333333,19.2,10.433333333,56.75,38.4,16.833333333,23.1,53.0,23.45,32.0,46.566666667
m390_gpu7,gpu,utilization,59.65,71.316666667,41.616666667,53.333333333,23.433333333,37.816666667,59.0,22.8,12.45,35.3,20.6,2.8,45.333333333,60.116666667
m288_gpu0,gpu,utilization,43.983333333,22.8,46.233333333,23.666666667,11.3,10.133333333,24.75,59.4,58.383333333,57.9,48.3,14.7,4.6666666667,17.033333333
m288_gpu3,gpu,utilization,59.266666667,23.833333333,53.15,29.666666667,7.5666666667,8.4333333333,48.0,56.1,45.4,51.8,56.65,20.6,13.666666667,11.4
m288_gpu4,gpu,utilization,42.933333333,20.116666667,48.966666667,26.666666667,10.433333333,9.5666666667,40.5,65.7,56.95,58.0,51.25,16.1,4.6666666667,15.6
m288_gpu7,gpu,utilization,48.816666667,30.116666667,45.35,23.666666667,20.466666667,13.533333333,32.25,61.7,67.416666667,69.5,45.65,11.2,4.6666666667,11.3
