name,machine_type,trace,-10,-9,-8,-7,-6,-5,-4,-3,-2,-1,0,1,2,3
m297_gpu0,gpu,utilization,61.2,92.0,71.066666667,17.233333333,79.15,11.266666667,17.416666667,83.0,30.166666667,64.65,59.166666667,73.333333333,91.616666667,64.366666667
m297_gpu1,gpu,utilization,94.0,78.333333333,0.0,0.0,9.5333333333,45.066666667,11.0,50.0,15.833333333,94.85,94.0,81.466666667,7.5833333333,68.383333333
m297_gpu2,gpu,utilization,48.4,78.333333333,0.0,13.2,61.183333333,11.266666667,7.5166666667,34.166666667,15.666666667,88.0,51.0,43.866666667,91.5,68.383333333
m297_gpu3,gpu,utilization,94.2,79.166666667,0.0,0.0,3.1166666667,14.733333333,17.233333333,94.166666667,90.833333333,73.6,94.0,81.466666667,10.966666667,94.0
m297_gpu4,gpu,utilization,42.6,37.5,0.0,14.116666667,64.9,19.0,75.216666667,87.0,59.0,94.15,88.833333333,50.266666667,8.2833333333,73.8
m297_gpu5,gpu,utilization,83.4,30.833333333,12.666666667,77.583333333,13.566666667,64.133333333,10.45,55.333333333,45.5,41.3,65.666666667,81.466666667,10.966666667,94.0
m297_gpu6,gpu,utilization,53.4,79.166666667,0.0,0.0,1.8333333333,18.4,66.033333333,45.0,88.833333333,52.3,32.5,92.733333333,77.066666667,68.6
m297_gpu7,gpu,utilization,61.6,53.333333333,0.0,0.0,4.2166666667,19.933333333,3.4833333333,19.333333333,27.333333333,64.4,91.666666667,65.0,4.6666666667,41.4
