name,machine_type,trace,-10,-9,-8,-7,-6,-5,-4,-3,-2,-1,0,1,2,3
m265_gpu0,gpu,utilization,0.0,0.0,0.0,0.0,63.333333333,100.0,100.0,36.666666667,0.0,0.0,52.8,33.733333333,7.3333333333,3.4833333333
m265_gpu1,gpu,utilization,0.0,0.0,0.0,0.0,0.0,0.0,58.333333333,36.666666667,0.0,31.8,47.0,16.483333333,0.0,20.5
m265_gpu2,gpu,utilization,17.666666667,0.0,0.0,0.0,0.0,0.0,57.75,36.3,60.0,100.0,100.0,38.333333333,66.666666667,35.766666667
m265_gpu3,gpu,utilization,15.0,0.0,0.0,0.0,0.0,0.0,58.333333333,99.366666667,39.6,12.0,21.8,8.8166666667,66.666666667,100.0
m265_gpu4,gpu,utilization,33.333333333,0.0,0.0,0.0,0.0,0.0,0.0,63.333333333,40.0,21.0,74.0,100.0,100.0,100.0
m265_gpu5,gpu,utilization,0.0,0.0,0.0,0.0,0.0,0.0,0.0,46.233333333,29.2,30.0,80.0,100.0,91.333333333,27.55
m265_gpu6,gpu,utilization,0.0,0.0,0.0,0.0,0.0,0.0,28.583333333,81.3,40.0,60.0,40.6,0.38333333333,66.666666667,31.666666667
m265_gpu7,gpu,utilization,0.0,0.0,0.0,0.0,0.0,0.0,0.0,60.8,38.4,60.0,49.0,67.416666667,100.0,87.7
