name,machine_type,trace,-10,-9,-8,-7,-6,-5,-4,-3,-2,-1,0,1,2,3
m14_gpu0,gpu,utilization,92.0,92.0,92.0,92.0,92.0,92.0,92.0,92.0,92.0,92.0,92.0,92.0,92.0,62.866666667
m14_gpu1,gpu,utilization,92.0,92.0,92.0,92.0,92.0,92.0,92.0,92.0,92.0,92.0,92.0,92.0,92.0,62.866666667
m14_gpu2,gpu,utilization,92.0,92.0,92.0,92.0,92.0,92.0,92.0,92.0,92.0,92.0,92.0,92.0,92.0,62.866666667
m14_gpu3,gpu,utilization,92.0,92.0,92.0,92.0,92.0,92.0,92.0,92.0,92.0,92.0,92.0,92.0,92.0,62.866666667
m14_gpu4,gpu,utilization,92.0,92.0,92.0,92.0,92.0,92.0,92.0,92.0,92.0,92.0,92.0,92.0,92.0,62.866666667
m14_gpu5,gpu,utilization,92.0,92.0,92.0,92.0,92.0,92.0,92.0,92.0,92.0,92.0,92.0,92.0,92.0,62.866666667
m14_gpu6,gpu,utilization,93.0,93.0,93.0,93.0,93.0,93.0,93.0,77.5,18.6,93.0,93.0,93.0,65.1,0.0
m14_gpu7,gpu,utilization,93.0,93.0,93.0,93.0,93.0,93.0,93.0,92.5,90.6,93.0,93.0,93.0,65.1,0.0
