name,machine_type,trace,-10,-9,-8,-7,-6,-5,-4,-3,-2,-1,0,1,2,3
m119_gpu0,gpu,utilization,89.833333333,82.483333333,97.4,94.55,96.25,92.9,96.716666667,92.4,95.4,86.216666667,86.833333333,85.65,84.283333333,93.866666667
m119_gpu1,gpu,utilization,17.0,67.15,13.75,70.416666667,2.95,12.05,3.3833333333,23.4,48.433333333,2.7833333333,2.0,2.0,2.0,13.333333333
m10_gpu0,gpu,utilization,95.666666667,86.566666667,91.7,62.966666667,94.15,92.75,80.366666667,84.8,96.216666667,94.4,85.5,89.166666667,97.883333333,97.0
m10_gpu1,gpu,utilization,1.0,4.85,24.7,47.333333333,80.15,69.15,2.1833333333,3.2,3.35,1.65,3.8333333333,2.7666666667,1.1166666667,1.8666666667
