name,machine_type,trace,-10,-9,-8,-7,-6,-5,-4,-3,-2,-1,0,1,2,3
m81_gpu2,gpu,utilization,54.833333333,0.0,0.0,44.333333333,94.5,51.7,0.0,37.6,53.266666667,0.93333333333,2.4333333333,45.933333333,47.5,45.433333333
m81_gpu3,gpu,utilization,54.833333333,0.0,0.0,44.333333333,95.0,52.25,0.0,37.6,53.266666667,0.93333333333,2.4333333333,45.933333333,47.5,45.433333333
m321_gpu0,gpu,utilization,0.0,0.0,0.0,0.0,0.0,0.0,0.0,0.0,0.0,0.0,0.0,0.0,0.0,0.0
m321_gpu7,gpu,utilization,0.0,0.0,0.0,0.0,0.0,0.0,0.0,0.0,0.0,0.0,0.0,0.0,0.0,0.0
