name,machine_type,trace,-10,-9,-8,-7,-6,-5,-4,-3,-2,-1,0,1,2,3
m1_gpu0,gpu,utilization,39.2,2.8,74.1,76.133333333,76.966666667,39.95,73.15,3.75,0.0,0.0,0.0,0.0,0.0,77.683333333
m1_gpu1,gpu,utilization,5.1333333333,73.733333333,41.95,72.666666667,5.4,0.15,0.0,0.0,0.0,0.0,0.0,0.0,0.0,75.716666667
m1_gpu2,gpu,utilization,24.666666667,1.4,74.1,78.0,2.6,0.0,0.0,0.0,0.0,0.0,0.0,0.0,0.0,74.733333333
m1_gpu3,gpu,utilization,70.933333333,24.666666667,72.3,74.066666667,74.0,74.0,56.9,2.8,0.0,0.0,0.0,0.0,0.0,72.766666667
m1_gpu4,gpu,utilization,25.333333333,69.933333333,73.0,68.333333333,72.833333333,44.5,2.15,0.0,0.0,0.0,0.0,0.0,0.0,76.7
m1_gpu5,gpu,utilization,43.666666667,2.9333333333,74.1,54.666666667,1.7666666667,0.0,0.0,0.0,0.0,0.0,0.0,0.0,0.0,75.716666667
m1_gpu6,gpu,utilization,29.866666667,2.1333333333,66.5,70.933333333,71.966666667,3.6,0.0,0.0,0.0,0.0,0.0,0.0,0.0,74.733333333
m1_gpu7,gpu,utilization,46.666666667,3.3333333333,71.25,5.0,0.0,0.0,0.0,0.0,0.0,0.0,0.0,0.0,0.0,73.75
