name,machine_type,trace,-10,-9,-8,-7,-6,-5,-4,-3,-2,-1,0,1,2,3
m394_gpu0,gpu,utilization,85.95,81.333333333,79.5,10.666666667,81.166666667,90.9,98.533333333,91.8,88.95,82.866666667,95.233333333,95.4,83.0,73.0
m394_gpu4,gpu,utilization,76.15,94.8,88.333333333,11.866666667,86.2,61.0,29.4,91.8,96.433333333,75.0,59.083333333,44.066666667,90.533333333,90.833333333
m394_gpu6,gpu,utilization,43.65,42.666666667,75.966666667,12.0,87.433333333,62.2,14.866666667,81.1,67.033333333,89.866666667,80.6,21.933333333,60.133333333,97.166666667
m394_gpu7,gpu,utilization,93.95,88.8,93.883333333,89.933333333,69.533333333,68.3,88.733333333,82.4,57.25,48.266666667,71.683333333,42.6,69.333333333,90.0
