name,machine_type,trace,-10,-9,-8,-7,-6,-5,-4,-3,-2,-1,0,1,2,3
m319_gpu4,gpu,utilization,71.483333333,60.6,78.1,85.4,86.083333333,80.6,80.0,89.066666667,56.7,30.0,90.366666667,91.366666667,91.583333333,90.55
m319_gpu5,gpu,utilization,83.266666667,90.066666667,92.766666667,82.8,52.416666667,83.566666667,89.75,73.133333333,32.2,1.6666666667,5.0,36.9,74.5,67.55
