name,machine_type,trace,-10,-9,-8,-7,-6,-5,-4,-3,-2,-1,0,1,2,3
m190_gpu1,gpu,utilization,58.333333333,100.0,100.0,100.0,100.0,46.666666667,56.666666667,100.0,100.0,43.333333333,61.666666667,36.666666667,51.8,28.0
m190_gpu2,gpu,utilization,65.166666667,77.6,69.666666667,71.233333333,90.0,46.666666667,5.6666666667,62.5,100.0,45.6,1.5333333333,55.733333333,71.966666667,20.666666667
m190_gpu5,gpu,utilization,58.333333333,100.0,100.0,100.0,100.0,46.666666667,56.666666667,100.0,100.0,43.333333333,61.666666667,36.666666667,54.266666667,29.333333333
m190_gpu6,gpu,utilization,100.0,74.5,79.0,100.0,81.916666667,47.133333333,12.133333333,58.333333333,100.0,98.3,39.033333333,28.333333333,30.05,23.333333333
