name,machine_type,trace,-10,-9,-8,-7,-6,-5,-4,-3,-2,-1,0,1,2,3
m172_gpu0,gpu,utilization,94.1,98.65,99.666666667,100.0,99.416666667,99.0,99.65,86.333333333,93.2,98.75,99.7,90.466666667,94.7,98.683333333
m172_gpu2,gpu,utilization,91.9,98.3,99.666666667,98.766666667,98.583333333,99.0,99.65,92.483333333,96.333333333,99.0,99.7,100.0,98.6,98.683333333
m172_gpu5,gpu,utilization,98.3,98.65,99.666666667,91.983333333,93.416666667,98.616666667,99.65,96.583333333,97.933333333,99.0,99.7,99.266666667,98.3,98.683333333
m172_gpu7,gpu,utilization,91.4,98.65,99.666666667,100.0,99.416666667,99.0,99.65,84.966666667,92.666666667,98.75,99.7,100.0,98.6,98.683333333
