name,machine_type,trace,-10,-9,-8,-7,-6,-5,-4,-3,-2,-1,0,1,2,3
m146_gpu1,gpu,utilization,0.0,0.0,26.133333333,63.333333333,10.2,36.55,68.0,10.95,0.0,0.0,0.0,52.9,55.8,65.25
m146_gpu5,gpu,utilization,0.0,0.0,54.133333333,59.766666667,9.0,20.4,59.833333333,10.05,0.0,0.0,0.0,49.066666667,35.4,7.75
m245_gpu5,gpu,utilization,0.0,0.0,0.0,0.0,0.0,0.0,0.0,0.0,0.0,0.0,0.0,0.0,0.0,0.0
m245_gpu6,gpu,utilization,0.0,0.0,0.0,0.0,0.0,0.0,0.0,0.0,0.0,0.0,0.0,0.0,0.0,0.0
