name,machine_type,trace,-10,-9,-8,-7,-6,-5,-4,-3,-2,-1,0,1,2,3
m1_gpu2,gpu,utilization,88.9,90.7,90.566666667,92.9,94.7,93.683333333,93.266666667,93.3,92.5,95.666666667,90.5,88.8,93.566666667,93.933333333
m1_gpu3,gpu,utilization,67.8,96.4,80.066666667,59.1,48.6,46.1,84.866666667,83.0,66.25,82.866666667,81.8,68.4,33.383333333,90.533333333
m1_gpu5,gpu,utilization,71.6,94.0,92.583333333,78.5,40.2,27.95,76.866666667,93.0,92.0,67.133333333,31.6,85.4,75.866666667,77.8
m1_gpu7,gpu,utilization,38.6,33.0,78.316666667,69.6,78.8,78.95,53.866666667,83.366666667,64.75,72.4,32.5,62.7,44.283333333,70.933333333
