name,machine_type,trace,-10,-9,-8,-7,-6,-5,-4,-3,-2,-1,0,1,2,3
m354_gpu0,gpu,utilization,54.0,53.266666667,26.483333333,51.416666667,45.783333333,44.333333333,48.2,43.95,45.7,30.0,20.333333333,40.666666667,13.333333333,48.333333333
m354_gpu1,gpu,utilization,33.6,18.7,47.3,15.833333333,47.466666667,44.0,45.9,50.866666667,63.7,32.666666667,20.333333333,68.666666667,69.0,26.0
m354_gpu2,gpu,utilization,34.3,12.75,46.416666667,49.366666667,45.15,48.666666667,59.25,45.533333333,49.8,60.0,77.666666667,40.666666667,13.333333333,26.666666667
m354_gpu3,gpu,utilization,91.7,90.433333333,89.85,91.683333333,90.366666667,90.0,90.95,89.633333333,89.2,86.0,87.0,84.666666667,84.333333333,87.0
m354_gpu4,gpu,utilization,22.2,55.866666667,7.1666666667,18.683333333,40.316666667,0.0,10.85,25.616666667,9.8,26.666666667,53.333333333,0.0,0.0,0.33333333333
m354_gpu5,gpu,utilization,7.8,32.516666667,37.666666667,9.6333333333,16.383333333,18.666666667,1.4,2.7333333333,0.0,10.666666667,21.333333333,0.0,0.0,12.0
m354_gpu6,gpu,utilization,23.1,61.133333333,15.05,0.0,0.0,0.0,14.35,28.016666667,0.0,27.0,54.0,0.0,0.0,5.6666666667
m354_gpu7,gpu,utilization,0.0,19.266666667,63.466666667,35.533333333,12.666666667,44.0,48.5,47.7,54.6,54.0,52.0,22.666666667,59.0,49.0
