name,machine_type,trace,-10,-9,-8,-7,-6,-5,-4,-3,-2,-1,0,1,2,3
m330_gpu1,gpu,utilization,87.666666667,91.9,91.333333333,93.6,86.8,90.583333333,91.0,97.933333333,89.283333333,88.0,90.55,98.95,96.466666667,94.3
m330_gpu2,gpu,utilization,88.5,47.8,79.833333333,75.0,97.3,93.583333333,89.466666667,34.4,65.75,71.0,78.65,9.3333333333,68.9,96.7
m330_gpu6,gpu,utilization,86.166666667,95.716666667,84.5,82.0,91.9,87.5,87.883333333,71.533333333,82.25,53.966666667,71.25,8.75,80.383333333,94.4
m330_gpu7,gpu,utilization,89.0,86.55,85.166666667,83.266666667,79.4,87.25,88.883333333,11.866666667,74.2,94.6,99.4,11.666666667,88.333333333,80.45
