name,machine_type,trace,-10,-9,-8,-7,-6,-5,-4,-3,-2,-1,0,1,2,3
m19_gpu0,gpu,utilization,9.0,89.233333333,4.6,0.0,0.0,0.0,82.8,4.6,13.766666667,0.0,4.6,87.4,0.0,9.2
m19_gpu1,gpu,utilization,93.0,93.0,4.65,0.0,0.0,0.0,82.8,4.6,91.45,0.0,4.6,87.4,0.0,9.2
m19_gpu2,gpu,utilization,92.0,92.0,4.6,0.0,0.0,0.0,82.8,4.6,91.45,0.0,4.6,87.4,0.0,9.2
m19_gpu3,gpu,utilization,92.0,92.0,4.6,0.0,0.0,0.0,82.8,4.6,90.466666667,0.0,4.6,87.4,0.0,9.3
m19_gpu4,gpu,utilization,92.0,92.0,4.6,0.0,0.0,0.0,82.8,92.0,92.983333333,0.0,92.0,87.4,0.0,9.2
m19_gpu5,gpu,utilization,92.0,92.0,4.6,0.0,0.0,0.0,82.8,4.6,90.466666667,0.0,87.7,5.7,0.0,5.1
m19_gpu6,gpu,utilization,93.0,93.0,4.65,0.0,0.0,0.0,83.7,93.95,25.166666667,0.0,4.65,88.35,0.0,9.3
m19_gpu7,gpu,utilization,49.0,91.533333333,4.65,0.0,0.0,0.0,83.7,4.65,91.45,0.0,4.6,87.4,0.0,9.3
