name,machine_type,trace,-10,-9,-8,-7,-6,-5,-4,-3,-2,-1,0,1,2,3
m350_gpu0,gpu,utilization,0.0,0.0,0.0,0.0,0.0,0.0,0.0,0.0,0.0,0.0,0.0,0.0,0.0,0.0
m350_gpu1,gpu,utilization,72.133333333,24.666666667,95.433333333,69.916666667,7.5333333333,68.633333333,0.4,25.333333333,60.8,18.15,56.05,0.33333333333,3.6666666667,0.73333333333
m350_gpu2,gpu,utilization,0.0,0.0,0.0,0.0,0.0,0.0,0.0,0.0,0.0,0.0,0.0,0.0,0.0,0.0
m350_gpu3,gpu,utilization,99.466666667,92.416666667,96.533333333,93.0,93.2,92.8,1.6666666667,100.0,99.466666667,92.1,89.3,6.9166666667,76.083333333,3.0666666667
m350_gpu4,gpu,utilization,0.0,0.0,0.0,0.0,0.0,0.0,0.0,0.0,0.0,0.0,0.0,0.0,0.0,0.0
m350_gpu5,gpu,utilization,94.933333333,55.75,89.65,33.0,23.6,44.466666667,1.1666666667,70.2,72.466666667,23.0,21.85,0.0,0.0,0.43333333333
m350_gpu6,gpu,utilization,66.266666667,8.25,96.2,68.75,4.6,66.7,0.51666666667,31.9,56.733333333,40.3,61.75,0.25,2.75,0.76666666667
m350_gpu7,gpu,utilization,0.0,0.0,0.0,0.0,0.0,0.0,0.0,0.0,0.0,0.0,0.0,0.0,0.0,0.0
