name,machine_type,trace,-10,-9,-8,-7,-6,-5,-4,-3,-2,-1,0,1,2,3
m284_gpu0,gpu,utilization,100.0,100.0,100.0,100.0,100.0,100.0,100.0,100.0,100.0,100.0,66.666666667,22.8,53.316666667,39.1
m284_gpu1,gpu,utilization,100.0,100.0,100.0,100.0,100.0,100.0,100.0,100.0,100.0,100.0,79.333333333,38.633333333,35.566666667,48.2
m284_gpu2,gpu,utilization,100.0,100.0,100.0,100.0,100.0,100.0,100.0,100.0,100.0,100.0,75.0,29.116666667,39.266666667,59.4
m284_gpu3,gpu,utilization,100.0,100.0,100.0,100.0,100.0,100.0,100.0,100.0,100.0,100.0,75.0,24.683333333,27.166666667,53.8
m284_gpu4,gpu,utilization,100.0,100.0,100.0,100.0,100.0,100.0,100.0,100.0,100.0,100.0,73.666666667,24.166666667,33.533333333,57.3
m284_gpu5,gpu,utilization,100.0,100.0,100.0,100.0,100.0,100.0,100.0,100.0,100.0,100.0,72.0,22.333333333,38.216666667,60.1
m284_gpu6,gpu,utilization,100.0,100.0,100.0,100.0,100.0,100.0,100.0,100.0,100.0,100.0,66.666666667,16.15,47.2,57.3
m284_gpu7,gpu,utilization,100.0,100.0,100.0,100.0,100.0,100.0,100.0,100.0,100.0,100.0,66.666666667,13.933333333,56.983333333,89.5
