name,machine_type,trace,-10,-9,-8,-7,-6,-5,-4,-3,-2,-1,0,1,2,3
m212_gpu6,gpu,utilization,85.6,75.6,81.833333333,90.0,77.1,77.1,83.033333333,88.616666667,88.616666667,81.0,87.766666667,88.916666667,87.1,80.35
m212_gpu7,gpu,utilization,68.483333333,4.0,9.3333333333,68.45,68.866666667,68.866666667,73.583333333,62.433333333,62.433333333,72.0,68.133333333,82.666666667,8.0,66.7
