name,machine_type,trace,-10,-9,-8,-7,-6,-5,-4,-3,-2,-1,0,1,2,3
m23_gpu0,gpu,utilization,85.55,99.316666667,99.716666667,100.0,99.283333333,56.633333333,79.0,99.316666667,79.366666667,87.733333333,99.333333333,78.5,66.9,89.233333333
m23_gpu1,gpu,utilization,83.566666667,99.316666667,99.716666667,100.0,100.0,63.783333333,82.333333333,99.316666667,69.866666667,81.983333333,100.0,68.566666667,55.4,86.066666667
m23_gpu2,gpu,utilization,86.683333333,99.316666667,99.716666667,100.0,99.283333333,65.516666667,83.333333333,99.316666667,81.266666667,88.883333333,99.333333333,68.933333333,78.8,96.516666667
m23_gpu3,gpu,utilization,83.283333333,99.316666667,99.716666667,100.0,99.283333333,63.466666667,82.333333333,99.316666667,61.0,76.616666667,99.333333333,78.5,72.5,91.766666667
m23_gpu4,gpu,utilization,85.55,99.316666667,99.716666667,100.0,99.283333333,68.25,84.666666667,99.316666667,79.366666667,87.733333333,99.333333333,77.133333333,69.8,90.816666667
m23_gpu5,gpu,utilization,85.55,99.316666667,99.716666667,100.0,99.283333333,60.733333333,81.0,99.316666667,81.9,89.266666667,99.333333333,79.866666667,76.6,93.35
m23_gpu6,gpu,utilization,86.966666667,99.316666667,99.716666667,100.0,99.283333333,70.3,85.666666667,99.316666667,78.733333333,87.35,100.0,82.916666667,51.9,81.633333333
m23_gpu7,gpu,utilization,88.95,99.316666667,99.716666667,100.0,99.283333333,71.666666667,86.333333333,99.316666667,85.7,91.566666667,100.0,69.933333333,50.4,83.533333333
