name,machine_type,trace,-10,-9,-8,-7,-6,-5,-4,-3,-2,-1,0,1,2,3
m204_gpu0,gpu,utilization,0.0,0.0,0.0,0.0,0.0,0.0,0.0,0.0,2.9333333333,44.8,100.0,100.0,100.0,100.0
m204_gpu4,gpu,utilization,0.0,0.0,0.0,0.0,0.0,0.0,0.0,0.0,5.8666666667,49.6,100.0,100.0,99.633333333,99.366666667
m204_gpu5,gpu,utilization,0.0,0.0,0.0,0.0,0.0,0.0,0.0,0.0,0.0,16.0,62.0,100.0,100.0,99.633333333
m204_gpu7,gpu,utilization,0.0,0.0,0.0,0.0,0.0,0.0,0.0,0.0,0.0,10.4,52.766666667,99.4,100.0,100.0
