name,machine_type,trace,-10,-9,-8,-7,-6,-5,-4,-3,-2,-1,0,1,2,3
m280_gpu0,gpu,utilization,69.066666667,87.616666667,7.95,8.0833333333,97.25,99.8,94.7,10.8,83.3,98.0,98.866666667,97.3,97.883333333,96.3
m280_gpu1,gpu,utilization,66.266666667,86.566666667,0.11666666667,9.0833333333,98.0,96.7,85.4,10.8,84.15,98.183333333,98.866666667,96.45,97.766666667,98.0
m280_gpu2,gpu,utilization,94.266666667,92.633333333,50.716666667,45.333333333,93.5,97.7,87.3,10.4,79.9,97.266666667,98.866666667,98.15,98.883333333,96.45
m280_gpu3,gpu,utilization,98.933333333,86.683333333,0.88333333333,8.0,96.25,98.3,92.7,10.4,79.9,87.466666667,95.533333333,97.85,98.883333333,98.15
m280_gpu4,gpu,utilization,97.066666667,88.433333333,14.133333333,7.5,90.666666667,95.8,78.3,5.2,82.45,97.816666667,98.866666667,99.0,98.116666667,89.5
m280_gpu5,gpu,utilization,91.466666667,92.633333333,46.05,9.0833333333,98.0,97.3,91.7,2.4,83.3,98.0,98.866666667,93.9,98.3,96.45
m280_gpu6,gpu,utilization,98.0,88.316666667,13.25,8.25,99.0,98.9,97.9,9.8,82.45,91.283333333,97.8,93.9,97.416666667,98.0
m280_gpu7,gpu,utilization,98.933333333,88.666666667,15.9,8.1666666667,98.0,98.1,99.0,3.0,79.9,93.183333333,98.2,96.45,97.766666667,98.85
