name,machine_type,trace,-10,-9,-8,-7,-6,-5,-4,-3,-2,-1,0,1,2,3
m190_gpu0,gpu,utilization,49.2,24.85,43.783333333,29.2,42.583333333,31.633333333,45.4,24.7,63.0,51.8,28.433333333,32.75,34.933333333,37.666666667
m190_gpu1,gpu,utilization,50.566666667,25.2,44.4,28.4,41.416666667,24.7,46.2,18.5,35.416666667,59.433333333,45.066666667,60.833333333,55.666666667,63.0
m190_gpu2,gpu,utilization,51.933333333,24.85,43.783333333,33.2,48.416666667,30.766666667,53.0,21.016666667,36.333333333,49.066666667,47.266666667,62.333333333,57.783333333,71.666666667
m190_gpu3,gpu,utilization,49.2,25.9,45.633333333,30.0,43.75,24.7,48.6,34.85,55.916666667,59.4,35.433333333,42.583333333,28.766666667,34.666666667
m190_gpu4,gpu,utilization,38.266666667,25.2,44.4,28.4,41.416666667,21.233333333,40.2,23.933333333,47.75,59.4,37.6,48.0,41.283333333,54.666666667
m190_gpu5,gpu,utilization,50.566666667,24.15,42.55,27.2,39.666666667,30.333333333,52.4,33.283333333,60.416666667,59.9,53.966666667,69.416666667,57.816666667,69.666666667
m190_gpu6,gpu,utilization,49.883333333,24.85,43.783333333,26.0,37.916666667,27.3,55.8,39.633333333,53.5,62.033333333,48.9,54.75,43.883333333,57.666666667
m190_gpu7,gpu,utilization,50.566666667,24.85,43.783333333,28.8,42.0,25.566666667,50.2,35.85,53.583333333,57.166666667,50.7,62.583333333,43.966666667,59.666666667
