name,machine_type,trace,-10,-9,-8,-7,-6,-5,-4,-3,-2,-1,0,1,2,3
m380_gpu0,gpu,utilization,98.133333333,99.183333333,98.65,82.166666667,49.0,93.9,83.416666667,19.5,42.0,23.416666667,58.9,96.5,89.1,98.133333333
m380_gpu1,gpu,utilization,98.133333333,99.0,98.55,94.666666667,89.0,93.9,83.416666667,20.333333333,48.5,33.2,50.95,94.65,88.2,98.6
m380_gpu2,gpu,utilization,97.866666667,97.55,97.45,85.166666667,94.0,87.8,81.316666667,12.666666667,41.333333333,40.433333333,38.15,90.3,92.6,97.933333333
m380_gpu3,gpu,utilization,96.6,75.683333333,57.25,88.5,95.2,91.25,73.433333333,13.166666667,20.333333333,52.0,58.9,96.05,86.3,98.0
m380_gpu4,gpu,utilization,96.666666667,90.016666667,98.55,96.5,96.8,87.25,69.066666667,14.5,46.166666667,23.416666667,58.9,97.25,92.0,82.733333333
m380_gpu5,gpu,utilization,92.2,78.583333333,98.1,94.0,98.6,97.0,80.683333333,9.8333333333,24.5,52.0,58.45,95.45,96.2,80.2
m380_gpu6,gpu,utilization,88.6,99.183333333,99.7,97.666666667,96.0,95.1,75.15,11.0,17.5,9.5333333333,58.6,94.95,89.9,97.933333333
m380_gpu7,gpu,utilization,98.133333333,99.0,98.55,94.833333333,89.8,93.9,83.416666667,20.333333333,51.833333333,49.166666667,49.55,96.65,90.0,98.866666667
