name,machine_type,trace,-10,-9,-8,-7,-6,-5,-4,-3,-2,-1,0,1,2,3
m58_gpu0,gpu,utilization,67.066666667,61.733333333,98.0,98.383333333,99.0,99.0,99.0,76.6,31.85,48.8,98.333333333,99.0,99.0,99.0
m58_gpu1,gpu,utilization,54.533333333,46.866666667,99.0,98.616666667,98.0,98.0,98.0,71.05,28.35,60.05,98.666666667,98.0,98.266666667,99.0
m58_gpu2,gpu,utilization,69.483333333,64.566666667,98.4,99.0,98.616666667,98.35,98.616666667,65.1,16.25,58.0,99.0,99.0,99.0,99.0
m58_gpu3,gpu,utilization,69.0,64.433333333,99.0,98.616666667,98.383333333,98.65,98.0,74.2,30.7,53.216666667,99.0,98.683333333,98.266666667,99.0
m58_gpu4,gpu,utilization,70.0,65.0,98.6,98.0,98.383333333,99.0,99.0,64.35,2.1,35.45,99.0,99.0,99.0,98.7
m58_gpu5,gpu,utilization,70.0,65.0,99.0,99.0,99.0,99.0,98.616666667,71.75,29.65,60.05,98.666666667,98.316666667,99.0,99.0
m58_gpu6,gpu,utilization,68.55,63.3,99.0,99.0,99.0,99.0,99.0,74.15,19.25,33.4,99.0,99.0,99.0,99.0
m58_gpu7,gpu,utilization,63.683333333,58.2,99.0,98.616666667,98.383333333,99.0,98.616666667,67.2,8.6,35.45,99.0,99.0,99.0,99.0
