name,machine_type,trace,-10,-9,-8,-7,-6,-5,-4,-3,-2,-1,0,1,2,3
m126_gpu0,gpu,utilization,33.333333333,61.666666667,45.4,55.866666667,94.25,38.333333333,0.0,0.0,50.0,23.75,68.333333333,100.0,100.0,100.0
m126_gpu1,gpu,utilization,100.0,38.333333333,0.0,0.0,61.666666667,38.333333333,0.0,0.0,64.666666667,30.716666667,0.0,63.333333333,98.8,44.1
m126_gpu2,gpu,utilization,100.0,38.333333333,57.6,36.8,61.666666667,100.0,35.0,0.0,64.666666667,99.05,100.0,100.0,98.8,44.1
m126_gpu3,gpu,utilization,33.333333333,0.0,0.0,0.0,61.666666667,100.0,35.0,0.0,66.0,31.35,68.333333333,100.0,100.0,45.0
m126_gpu4,gpu,utilization,33.333333333,61.666666667,40.0,32.066666667,81.6,38.333333333,0.0,0.0,27.333333333,12.983333333,68.333333333,100.0,100.0,45.0
m126_gpu5,gpu,utilization,33.333333333,61.666666667,40.0,0.0,61.666666667,38.333333333,0.0,0.0,58.0,27.55,68.333333333,100.0,100.0,45.0
m126_gpu6,gpu,utilization,33.333333333,61.666666667,40.0,0.0,61.666666667,100.0,35.0,0.0,46.666666667,22.166666667,68.333333333,36.666666667,0.0,0.0
m126_gpu7,gpu,utilization,33.333333333,61.666666667,40.0,0.0,61.666666667,38.333333333,0.0,0.0,56.0,26.6,68.333333333,100.0,100.0,45.0
