name,machine_type,trace,-10,-9,-8,-7,-6,-5,-4,-3,-2,-1,0,1,2,3
m2_gpu0,gpu,utilization,77.883333333,97.0,94.333333333,80.95,77.366666667,95.25,90.666666667,80.8,71.933333333,93.333333333,97.0,97.0,88.95,82.816666667
m2_gpu1,gpu,utilization,0.0,0.0,0.0,0.0,0.0,0.0,0.0,0.0,0.0,0.0,0.0,0.0,0.0,0.0
m2_gpu2,gpu,utilization,94.0,92.083333333,89.666666667,90.65,87.066666667,87.25,97.0,91.6,83.25,94.533333333,90.4,77.85,85.75,90.533333333
m2_gpu3,gpu,utilization,99.383333333,75.083333333,56.333333333,99.0,66.733333333,42.15,100.0,100.0,80.45,22.733333333,0.0,31.666666667,100.0,100.0
