name,machine_type,trace,-10,-9,-8,-7,-6,-5,-4,-3,-2,-1,0,1,2,3
m412_gpu0,gpu,utilization,0.0,0.0,8.0,0.13333333333,41.0,0.68333333333,0.0,0.0,0.0,0.0,0.0,0.0,0.0,11.0
m412_gpu1,gpu,utilization,0.0,0.0,23.0,16.116666667,0.0,0.0,0.0,0.0,0.0,0.0,0.0,0.95,0.083333333333,59.583333333
m412_gpu2,gpu,utilization,0.0,0.0,39.0,0.65,0.0,0.0,0.0,0.0,0.0,0.0,0.0,0.0,0.0,21.083333333
m412_gpu3,gpu,utilization,0.0,0.0,6.0,0.1,0.0,0.0,0.0,0.0,0.0,0.0,0.0,0.0,0.0,43.083333333
m412_gpu4,gpu,utilization,0.0,0.0,20.0,0.33333333333,0.0,0.0,0.0,0.0,0.0,0.0,0.0,0.0,0.91666666667,3.75
m412_gpu5,gpu,utilization,36.383333333,2.8,21.0,0.35,0.0,0.0,0.0,0.0,0.0,0.0,0.0,0.0,0.0,43.083333333
m412_gpu6,gpu,utilization,0.0,0.0,16.0,97.616666667,0.0,0.0,0.0,0.0,0.0,0.0,91.666666667,5.0,0.0,17.416666667
m412_gpu7,gpu,utilization,0.0,0.0,14.0,0.23333333333,0.0,0.0,0.0,0.0,0.0,0.0,0.0,0.0,0.0,34.833333333
