name,machine_type,trace,-10,-9,-8,-7,-6,-5,-4,-3,-2,-1,0,1,2,3
m186_gpu0,gpu,utilization,98.85,11.55,87.083333333,97.7,9.8,11.7,1.3,0.0,0.0,0.0,0.0,0.0,0.0,0.0
m186_gpu1,gpu,utilization,98.85,11.55,89.833333333,98.9,9.9,15.3,1.7,0.0,0.0,0.0,0.0,0.0,0.0,0.0
m186_gpu2,gpu,utilization,98.15,11.433333333,89.833333333,9.8,0.0,0.0,0.0,0.0,0.0,0.0,0.0,0.0,0.0,0.0
m186_gpu3,gpu,utilization,98.85,11.55,89.833333333,9.8,0.0,0.0,0.0,0.0,0.0,0.0,0.0,0.0,0.0,0.0
m186_gpu4,gpu,utilization,99.0,11.55,89.833333333,9.8,0.0,28.8,3.2,0.0,0.0,0.0,0.0,0.0,0.0,0.0
m186_gpu5,gpu,utilization,99.0,11.55,90.75,98.1,9.8,36.0,4.0,0.0,0.0,0.0,0.0,0.0,0.0,0.0
m186_gpu6,gpu,utilization,99.0,11.55,90.75,9.9,0.0,0.0,0.0,0.0,0.0,0.0,0.0,0.0,0.0,0.0
m186_gpu7,gpu,utilization,98.85,11.55,90.75,99.0,9.9,18.0,2.0,0.0,0.0,0.0,0.0,0.0,0.0,0.0
