name,machine_type,trace,-10,-9,-8,-7,-6,-5,-4,-3,-2,-1,0,1,2,3
m23_gpu0,gpu,utilization,42.333333333,2.8333333333,0.0,18.633333333,65.1,56.65,6.4166666667,4.8,12.0,8.0,0.0,7.6,11.083333333,2.3
m23_gpu1,gpu,utilization,25.0,2.2666666667,38.75,67.866666667,26.766666667,8.8,2.0833333333,24.2,40.733333333,14.0,0.0,4.8,7.0,0.0
m23_gpu2,gpu,utilization,7.9166666667,2.8333333333,2.5,8.6,12.0,6.6,5.0,12.0,12.0,8.0,5.8666666667,17.2,11.083333333,0.0
m23_gpu3,gpu,utilization,50.916666667,36.333333333,48.916666667,31.8,37.333333333,21.15,27.25,12.6,10.15,8.0,0.0,16.4,23.916666667,0.0
m23_gpu4,gpu,utilization,28.916666667,2.8333333333,39.166666667,94.0,78.4,31.9,4.5833333333,10.6,10.766666667,11.666666667,6.9666666667,37.2,54.25,20.316666667
m23_gpu5,gpu,utilization,11.583333333,2.2666666667,0.0,22.966666667,36.533333333,8.25,0.0,4.4,42.433333333,62.0,0.0,37.2,79.25,41.983333333
m23_gpu6,gpu,utilization,2.5,20.3,22.75,0.0,6.9333333333,8.8,0.0,26.8,57.8,28.666666667,0.0,3.6,5.25,28.75
m23_gpu7,gpu,utilization,57.333333333,3.4,0.0,5.2,47.533333333,51.7,11.25,53.8,64.866666667,12.0,0.0,37.6,59.0,6.1666666667
