name,machine_type,trace,-10,-9,-8,-7,-6,-5,-4,-3,-2,-1,0,1,2,3
m294_gpu0,gpu,utilization,52.5,43.65,54.966666667,0.0,47.85,99.0,97.9,98.6,100.0,100.0,46.666666667,56.666666667,46.666666667,53.9
m294_gpu2,gpu,utilization,58.333333333,44.55,56.1,0.0,47.85,99.5,98.9,99.066666667,100.0,99.483333333,46.2,54.966666667,45.266666667,29.7
m294_gpu3,gpu,utilization,58.333333333,44.1,55.533333333,0.0,47.366666667,99.0,98.9,99.066666667,99.5,99.0,46.2,52.133333333,42.933333333,20.9
m294_gpu5,gpu,utilization,48.416666667,40.05,50.433333333,0.0,47.85,99.0,97.9,98.6,100.0,99.483333333,46.2,56.666666667,46.666666667,47.85
