name,machine_type,trace,-10,-9,-8,-7,-6,-5,-4,-3,-2,-1,0,1,2,3
m415_gpu0,gpu,utilization,78.0,90.0,90.0,90.0,90.0,88.3,89.666666667,90.0,90.0,90.0,90.0,90.0,90.0,90.0
m415_gpu1,gpu,utilization,78.0,90.0,90.0,90.0,90.0,89.15,89.0,89.783333333,90.0,90.0,90.0,90.0,90.0,90.0
m415_gpu2,gpu,utilization,77.133333333,89.0,89.0,89.0,89.0,89.85,90.0,89.216666667,89.0,89.716666667,88.633333333,88.666666667,34.116666667,54.266666667
m415_gpu7,gpu,utilization,78.866666667,91.0,91.0,91.0,91.0,89.3,90.666666667,91.0,91.0,91.0,91.0,91.0,90.383333333,90.616666667
