name,machine_type,trace,-10,-9,-8,-7,-6,-5,-4,-3,-2,-1,0,1,2,3
m111_gpu0,gpu,utilization,0.0,0.0,0.0,0.0,0.0,0.0,0.0,0.0,0.0,0.0,0.0,0.0,0.0,0.0
m111_gpu1,gpu,utilization,0.0,0.0,0.0,0.0,0.0,0.0,0.0,0.0,0.0,0.0,0.0,0.0,0.0,0.0
m111_gpu2,gpu,utilization,96.466666667,94.0,92.55,94.0,93.466666667,91.966666667,90.516666667,90.45,88.583333333,93.0,96.383333333,93.0,93.0,94.066666667
m111_gpu3,gpu,utilization,97.2,80.5,45.3,27.266666667,61.533333333,81.733333333,70.133333333,76.8,79.366666667,63.0,74.016666667,82.95,63.533333333,74.533333333
m111_gpu4,gpu,utilization,48.533333333,42.5,79.833333333,32.5,47.466666667,82.283333333,39.266666667,38.7,44.433333333,0.0,0.0,50.6,89.933333333,41.066666667
m111_gpu5,gpu,utilization,97.6,62.5,42.95,78.666666667,93.866666667,72.366666667,65.116666667,83.3,92.933333333,47.5,49.083333333,89.5,68.983333333,66.266666667
m111_gpu6,gpu,utilization,88.333333333,78.5,79.433333333,89.733333333,91.733333333,88.283333333,81.033333333,82.7,86.0,81.5,84.233333333,49.75,55.266666667,91.466666667
m111_gpu7,gpu,utilization,2.3333333333,5.0,5.0,5.5666666667,6.0,2.9,2.9,5.55,5.4833333333,6.0,6.0,4.9,5.0333333333,6.0
