name,machine_type,trace,-10,-9,-8,-7,-6,-5,-4,-3,-2,-1,0,1,2,3
m153_gpu0,gpu,utilization,0.0,0.0,0.0,0.0,0.0,0.0,0.0,0.0,0.0,0.0,0.0,0.0,0.0,0.0
m153_gpu1,gpu,utilization,0.0,0.0,0.0,0.0,0.0,0.0,0.0,0.0,0.0,0.0,0.0,0.0,0.0,0.0
m73_gpu0,gpu,utilization,85.3,84.116666667,86.5,87.0,87.9,87.1,84.4,85.633333333,87.633333333,88.0,88.0,86.466666667,83.8,83.7
m73_gpu1,gpu,utilization,82.0,86.416666667,82.0,81.0,84.6,86.8,86.133333333,83.55,83.816666667,83.183333333,83.0,81.466666667,85.4,83.5
