name,machine_type,trace,-10,-9,-8,-7,-6,-5,-4,-3,-2,-1,0,1,2,3
m148_gpu0,gpu,utilization,51.466666667,58.366666667,59.466666667,29.3,55.816666667,48.35,70.1,63.8,49.45,13.466666667,26.0,62.333333333,76.983333333,77.183333333
m148_gpu3,gpu,utilization,56.3,57.733333333,55.6,33.7,64.866666667,50.283333333,69.5,69.2,44.65,24.133333333,39.333333333,58.333333333,74.716666667,72.866666667
m148_gpu5,gpu,utilization,56.3,57.033333333,58.2,45.4,52.05,29.9,75.35,72.0,55.85,37.766666667,43.666666667,59.0,72.133333333,74.433333333
m148_gpu6,gpu,utilization,52.233333333,55.566666667,47.2,21.1,58.183333333,49.666666667,67.9,47.4,27.3,0.0,20.333333333,64.0,70.85,69.883333333
m172_gpu0,gpu,utilization,96.7,99.233333333,100.0,99.4,98.316666667,99.316666667,99.65,98.6,98.7,99.616666667,98.666666667,98.666666667,93.766666667,83.666666667
m172_gpu2,gpu,utilization,99.533333333,98.466666667,97.866666667,93.5,97.633333333,99.316666667,94.05,89.0,98.7,93.1,87.333333333,98.666666667,96.6,90.833333333
m172_gpu5,gpu,utilization,89.566666667,98.466666667,100.0,99.4,98.316666667,99.316666667,97.55,95.0,98.7,97.316666667,95.0,99.333333333,95.466666667,87.966666667
m172_gpu7,gpu,utilization,81.9,98.466666667,99.466666667,98.0,98.316666667,99.316666667,98.25,96.6,99.35,95.016666667,90.666666667,98.666666667,94.616666667,85.816666667
