name,machine_type,trace,-10,-9,-8,-7,-6,-5,-4,-3,-2,-1,0,1,2,3
m143_gpu2,gpu,utilization,48.4,48.833333333,50.766666667,51.0,53.6,51.5,50.183333333,53.4,49.5,51.55,50.3,53.533333333,51.45,49.266666667
m143_gpu3,gpu,utilization,50.0,50.833333333,51.0,48.3,50.6,50.166666667,48.366666667,52.25,54.8,49.9,49.0,51.65,50.3,50.0
m143_gpu4,gpu,utilization,49.2,48.166666667,51.533333333,49.3,52.466666667,48.833333333,52.083333333,50.45,48.2,49.7,55.1,50.7,50.0,50.0
m143_gpu5,gpu,utilization,55.2,54.333333333,52.233333333,52.9,52.133333333,51.166666667,57.533333333,52.2,53.7,50.6,50.85,51.883333333,55.4,52.533333333
