name,machine_type,trace,-10,-9,-8,-7,-6,-5,-4,-3,-2,-1,0,1,2,3
m50_gpu0,gpu,utilization,66.666666667,100.0,100.0,99.3,99.733333333,100.0,100.0,100.0,100.0,60.0,77.2,97.333333333,100.0,100.0
m50_gpu1,gpu,utilization,67.666666667,100.0,31.666666667,0.0,73.333333333,23.333333333,80.0,43.6,82.0,65.6,11.4,83.333333333,41.35,4.1333333333
m50_gpu2,gpu,utilization,66.666666667,100.0,100.0,79.7,39.466666667,6.5333333333,0.0,78.333333333,100.0,100.0,100.0,100.0,94.9,12.533333333
m50_gpu3,gpu,utilization,100.0,100.0,31.666666667,18.2,80.266666667,100.0,21.6,78.766666667,25.0,80.0,100.0,100.0,62.6,94.133333333
m50_gpu4,gpu,utilization,67.0,100.0,100.0,34.2,53.666666667,93.233333333,20.0,78.333333333,25.0,0.0,27.2,89.0,100.0,100.0
m50_gpu5,gpu,utilization,34.666666667,86.4,31.666666667,70.0,100.0,23.333333333,80.0,100.0,100.0,20.0,0.0,77.5,98.95,99.133333333
m50_gpu6,gpu,utilization,53.666666667,93.766666667,31.666666667,0.0,73.333333333,100.0,20.0,0.0,75.0,100.0,20.0,83.333333333,24.35,88.133333333
m50_gpu7,gpu,utilization,66.666666667,100.0,31.666666667,0.0,30.066666667,14.166666667,1.2,78.333333333,96.25,19.0,80.0,100.0,87.25,11.333333333
