name,machine_type,trace,-10,-9,-8,-7,-6,-5,-4,-3,-2,-1,0,1,2,3
m298_gpu0,gpu,utilization,0.36666666667,0.0,36.666666667,20.833333333,5.0,1.9333333333,37.033333333,88.65,16.333333333,2.55,3.0,0.35,0.0,0.0
m298_gpu1,gpu,utilization,0.0,0.0,65.333333333,31.033333333,2.15,3.0,77.416666667,98.816666667,16.5,4.25,3.2666666667,0.35,0.0,0.0
m298_gpu3,gpu,utilization,2.5333333333,1.3333333333,34.666666667,22.616666667,6.1333333333,1.1666666667,40.733333333,89.566666667,16.333333333,2.55,3.8666666667,0.46666666667,0.0,0.0
m298_gpu6,gpu,utilization,1.9,1.0,33.333333333,21.3,5.1333333333,0.93333333333,39.95,89.383333333,16.333333333,2.55,3.0,0.35,0.0,0.0
