name,machine_type,trace,-10,-9,-8,-7,-6,-5,-4,-3,-2,-1,0,1,2,3
m264_gpu0,gpu,utilization,74.5,73.1,72.083333333,72.95,73.0,73.0,67.2,72.7,69.2,72.8,72.066666667,71.05,71.95,73.9
m264_gpu1,gpu,utilization,0.0,0.0,0.0,0.0,0.0,0.0,0.0,0.0,0.0,0.0,0.0,0.0,0.0,0.0
