name,machine_type,trace,-10,-9,-8,-7,-6,-5,-4,-3,-2,-1,0,1,2,3
m49_gpu0,gpu,utilization,1.6333333333,15.216666667,85.666666667,84.15,11.433333333,98.0,98.133333333,99.0,85.8,0.0,6.9333333333,48.8,25.7,12.1
m49_gpu1,gpu,utilization,2.45,8.0666666667,53.166666667,84.15,11.433333333,98.0,98.133333333,99.0,85.8,0.0,1.7333333333,11.8,3.9,12.6
m49_gpu2,gpu,utilization,94.083333333,90.183333333,91.0,90.55,88.35,89.8,83.066666667,89.2,85.466666667,94.466666667,91.8,95.8,88.4,91.8
m49_gpu3,gpu,utilization,92.266666667,77.266666667,37.5,96.85,77.95,67.733333333,54.066666667,65.266666667,93.0,82.6,24.6,87.4,86.6,59.5
m49_gpu4,gpu,utilization,93.0,77.6,19.166666667,64.9,41.133333333,82.666666667,97.866666667,84.666666667,79.533333333,24.533333333,71.4,99.333333333,87.9,29.6
m49_gpu5,gpu,utilization,77.933333333,91.366666667,86.5,55.65,67.45,87.2,94.466666667,91.266666667,83.266666667,25.333333333,64.266666667,89.466666667,75.1,93.6
m49_gpu6,gpu,utilization,3.2666666667,8.0666666667,53.166666667,84.15,11.433333333,97.866666667,97.266666667,99.0,86.2,2.6,2.4,16.0,2.9,11.6
m49_gpu7,gpu,utilization,6.5333333333,10.633333333,64.833333333,84.15,11.316666667,97.0,97.266666667,99.0,86.333333333,3.4666666667,3.3333333333,22.333333333,4.7,2.2
