name,machine_type,trace,-10,-9,-8,-7,-6,-5,-4,-3,-2,-1,0,1,2,3
m215_gpu0,gpu,utilization,0.0,0.0,0.0,3.6166666667,3.2666666667,0.0,0.0,18.2,39.0,41.9,56.666666667,45.0,9.0,22.933333333
m215_gpu1,gpu,utilization,0.0,0.0,0.0,0.0,0.0,0.0,0.0,18.2,39.0,39.0,57.666666667,44.5,5.05,23.4
m215_gpu2,gpu,utilization,0.0,0.0,0.0,0.0,0.0,0.0,0.0,21.0,44.516666667,41.1,56.666666667,43.5,4.6,21.8
m215_gpu3,gpu,utilization,0.0,0.0,0.0,0.0,0.0,0.0,0.0,16.8,39.866666667,28.05,52.533333333,50.0,0.0,12.266666667
m215_gpu4,gpu,utilization,0.0,0.0,0.0,1.55,1.4,0.0,0.0,19.133333333,24.566666667,25.366666667,70.666666667,61.5,10.35,25.066666667
m215_gpu5,gpu,utilization,0.0,0.0,0.0,0.0,0.0,0.0,0.0,11.666666667,34.183333333,44.966666667,71.2,50.0,21.45,36.866666667
m215_gpu6,gpu,utilization,0.0,0.0,0.0,0.0,0.0,0.0,0.0,21.466666667,46.0,39.716666667,55.4,43.5,7.1,25.066666667
m215_gpu7,gpu,utilization,0.0,0.0,0.0,0.0,0.0,0.0,0.0,10.733333333,33.633333333,45.483333333,71.2,50.0,23.1,39.866666667
