name,machine_type,trace,-10,-9,-8,-7,-6,-5,-4,-3,-2,-1,0,1,2,3
m208_gpu0,gpu,utilization,36.75,77.4,92.366666667,96.2,98.533333333,92.6,93.45,48.566666667,38.3,11.05,72.6,86.533333333,94.0,98.716666667
m208_gpu1,gpu,utilization,7.45,78.4,98.533333333,99.0,99.0,99.0,98.183333333,49.433333333,38.3,11.05,71.866666667,95.066666667,97.75,99.0
m208_gpu2,gpu,utilization,11.05,81.0,98.766666667,99.0,99.0,99.0,97.366666667,51.566666667,36.7,10.2,71.866666667,98.733333333,98.25,96.566666667
m208_gpu3,gpu,utilization,24.1,83.6,99.0,99.0,99.0,99.0,99.0,48.866666667,36.533333333,10.483333333,62.333333333,95.266666667,99.0,86.816666667
m208_gpu4,gpu,utilization,39.15,87.0,99.0,99.0,99.0,99.0,92.466666667,36.166666667,21.766666667,6.2333333333,72.6,99.0,99.0,99.0
m208_gpu5,gpu,utilization,7.7,79.6,99.0,99.0,99.0,99.0,99.0,23.8,0.7,0.0,72.6,98.266666667,91.25,95.45
m208_gpu6,gpu,utilization,40.25,87.4,99.0,99.0,99.0,99.0,99.0,52.0,41.3,11.9,59.4,94.2,98.25,91.55
m208_gpu7,gpu,utilization,40.25,87.4,96.7,98.2,99.0,99.0,94.1,20.15,19.166666667,7.0833333333,63.8,95.8,99.0,99.0
