name,machine_type,trace,-10,-9,-8,-7,-6,-5,-4,-3,-2,-1,0,1,2,3
m204_gpu0,gpu,utilization,0.0,0.0,0.0,0.0,0.0,0.0,0.0,0.0,0.0,0.0,0.0,0.0,0.0,0.0
m204_gpu5,gpu,utilization,0.0,0.0,0.0,0.0,0.0,0.0,0.0,0.0,0.0,0.0,0.0,0.0,0.0,0.0
m156_gpu0,gpu,utilization,3.6666666667,9.8,4.6666666667,64.4,31.25,2.3833333333,0.0,0.0,0.0,0.0,43.716666667,17.283333333,0.0,0.0
m156_gpu5,gpu,utilization,30.333333333,64.4,30.666666667,6.3,71.25,45.783333333,8.25,9.8,4.2,30.1,28.383333333,6.5166666667,8.8,9.75
