name,machine_type,trace,-10,-9,-8,-7,-6,-5,-4,-3,-2,-1,0,1,2,3
m171_gpu0,gpu,utilization,48.45,6.0666666667,88.966666667,88.966666667,3.0833333333,51.0,89.25,63.066666667,63.066666667,0.0,59.983333333,14.791666667,14.791666667,49.0
m171_gpu1,gpu,utilization,52.25,5.6666666667,90.591666667,90.591666667,4.2,78.0,79.25,48.566666667,48.566666667,0.0,92.433333333,5.3666666667,5.3666666667,91.0
m171_gpu2,gpu,utilization,54.15,5.9333333333,91.033333333,91.033333333,2.0833333333,19.9,93.916666667,57.866666667,57.866666667,0.0,91.45,2.025,2.025,90.0
m171_gpu3,gpu,utilization,57.95,5.5333333333,69.783333333,69.783333333,3.45,75.85,92.083333333,55.8,55.8,0.0,80.633333333,1.3666666667,1.3666666667,83.0
m171_gpu4,gpu,utilization,33.25,3.0,67.875,67.875,2.9,44.0,83.0,45.95,45.95,0.0,91.45,3.925,3.925,84.0
m171_gpu5,gpu,utilization,33.25,5.6666666667,83.475,83.475,2.8333333333,46.25,89.416666667,45.433333333,45.433333333,0.0,63.916666667,5.3583333333,5.3583333333,86.0
m171_gpu6,gpu,utilization,57.95,5.4,72.358333333,72.358333333,3.0333333333,60.4,86.916666667,41.566666667,41.566666667,0.0,53.1,7.55,7.55,90.0
m171_gpu7,gpu,utilization,31.35,5.7333333333,79.391666667,79.391666667,2.7166666667,47.5,94.833333333,44.95,44.95,0.0,59.983333333,7.1916666667,7.1916666667,85.0
