name,machine_type,trace,-10,-9,-8,-7,-6,-5,-4,-3,-2,-1,0,1,2,3
m58_gpu3,gpu,utilization,77.716666667,50.0,55.633333333,44.9,63.55,82.733333333,61.25,65.033333333,72.466666667,66.683333333,62.2,67.966666667,45.4,54.6
m58_gpu5,gpu,utilization,77.45,52.0,63.966666667,43.9,54.9,77.15,68.3,60.766666667,72.033333333,64.2,56.2,71.566666667,53.4,53.6
m58_gpu6,gpu,utilization,75.483333333,50.0,53.0,47.1,61.4,80.833333333,62.55,63.95,72.633333333,63.133333333,57.6,66.233333333,46.3,54.2
m58_gpu7,gpu,utilization,72.433333333,42.333333333,61.833333333,53.4,62.7,83.516666667,66.85,70.183333333,80.9,61.65,52.6,65.766666667,50.466666667,59.6
