name,machine_type,trace,-10,-9,-8,-7,-6,-5,-4,-3,-2,-1,0,1,2,3
m156_gpu0,gpu,utilization,26.55,21.2,31.0,8.75,25.3,33.0,8.8,11.733333333,4.0,0.0,0.0,0.0,19.583333333,31.133333333
m156_gpu5,gpu,utilization,26.566666667,8.5,27.4,9.25,32.2,23.2,4.8,8.8,3.0,0.0,0.0,0.0,20.366666667,22.933333333
m300_gpu3,gpu,utilization,17.2,33.1,35.533333333,26.0,5.3666666667,25.85,8.8,14.666666667,5.0,28.0,7.5833333333,0.0,15.666666667,27.666666667
m300_gpu7,gpu,utilization,17.2,19.8,28.266666667,24.5,5.1333333333,31.333333333,10.666666667,11.733333333,4.0,27.2,7.3666666667,0.0,17.233333333,20.466666667
