name,machine_type,trace,-10,-9,-8,-7,-6,-5,-4,-3,-2,-1,0,1,2,3
m29_gpu1,gpu,utilization,93.0,93.0,93.0,91.4,91.5,93.533333333,93.45,44.95,26.5,60.466666667,55.0,66.5,94.0,83.65
m29_gpu3,gpu,utilization,92.5,93.0,92.483333333,92.533333333,93.0,92.466666667,91.45,43.983333333,46.0,92.466666667,73.4,71.5,92.0,92.0
m29_gpu4,gpu,utilization,93.0,92.5,92.516666667,93.0,92.5,92.0,92.55,44.95,17.5,61.133333333,52.266666667,50.5,93.0,93.0
m29_gpu5,gpu,utilization,93.0,93.0,93.0,92.466666667,92.5,92.466666667,92.55,44.95,30.5,75.466666667,53.266666667,51.0,93.0,91.65
m185_gpu1,gpu,utilization,9.5,11.5,19.9,7.9333333333,0.0,0.0,0.0,0.0,23.0,33.866666667,11.6,22.5,26.0,4.95
m185_gpu2,gpu,utilization,92.5,89.0,89.616666667,43.4,46.5,93.0,85.85,86.716666667,46.5,43.4,93.0,93.0,92.5,92.45
m185_gpu5,gpu,utilization,93.0,93.0,93.0,43.4,46.5,93.0,69.9,72.7,93.0,93.0,93.0,93.0,93.0,93.0
m185_gpu7,gpu,utilization,66.0,65.5,93.516666667,94.0,93.5,93.533333333,94.0,94.0,93.5,93.466666667,94.0,94.0,93.5,93.45
