name,machine_type,trace,-10,-9,-8,-7,-6,-5,-4,-3,-2,-1,0,1,2,3
m117_gpu2,gpu,utilization,46.8,69.183333333,73.3,77.0,77.1,76.0,76.0,46.4,41.416666667,63.95,59.4,56.666666667,57.6,47.2
m117_gpu3,gpu,utilization,46.1,58.716666667,72.3,78.0,76.1,74.4,72.833333333,62.133333333,54.833333333,65.1,56.4,55.633333333,57.333333333,36.2
m117_gpu5,gpu,utilization,39.416666667,68.616666667,77.5,77.666666667,75.733333333,70.2,69.916666667,62.75,55.833333333,65.483333333,51.6,43.666666667,53.666666667,55.6
m117_gpu6,gpu,utilization,46.0,64.633333333,72.7,75.666666667,75.1,68.0,66.333333333,60.6,53.083333333,63.95,52.2,45.8,51.566666667,37.6
