name,machine_type,trace,-10,-9,-8,-7,-6,-5,-4,-3,-2,-1,0,1,2,3
m386_gpu0,gpu,utilization,99.65,99.0,99.383333333,100.0,98.85,97.366666667,97.666666667,97.9,100.0,100.0,99.733333333,81.966666667,44.5,100.0
m386_gpu1,gpu,utilization,99.65,99.0,98.233333333,98.15,98.85,97.0,98.0,100.0,100.0,99.433333333,98.266666667,86.166666667,58.0,100.0
m386_gpu2,gpu,utilization,99.65,99.0,98.233333333,98.15,100.0,100.0,99.0,97.9,100.0,100.0,99.733333333,76.6,26.75,98.466666667
m386_gpu3,gpu,utilization,99.65,99.0,98.233333333,98.15,99.233333333,98.0,97.666666667,97.9,100.0,99.433333333,98.533333333,83.2,46.0,100.0
m386_gpu4,gpu,utilization,99.65,99.0,99.0,99.383333333,98.85,97.366666667,98.666666667,100.0,100.0,99.433333333,98.266666667,99.233333333,100.0,100.0
m386_gpu5,gpu,utilization,99.65,99.0,99.383333333,100.0,98.85,97.366666667,98.666666667,100.0,100.0,99.433333333,98.533333333,94.633333333,82.75,100.0
m386_gpu6,gpu,utilization,99.65,99.333333333,100.0,100.0,98.85,97.366666667,98.666666667,100.0,100.0,99.433333333,98.266666667,92.233333333,77.5,100.0
m386_gpu7,gpu,utilization,97.7,99.0,98.233333333,98.15,61.666666667,36.666666667,100.0,70.0,28.333333333,99.15,97.533333333,75.9,25.0,100.0
