name,machine_type,trace,-10,-9,-8,-7,-6,-5,-4,-3,-2,-1,0,1,2,3
m30_gpu1,gpu,utilization,67.25,84.3,92.0,92.0,58.316666667,11.433333333,30.75,80.1,91.2,13.65,73.6,92.783333333,92.25,92.0
m30_gpu2,gpu,utilization,92.25,92.766666667,92.233333333,21.466666667,72.066666667,21.466666667,34.5,10.733333333,73.6,67.35,86.2,92.0,92.0,92.0
m30_gpu5,gpu,utilization,90.75,91.0,62.633333333,12.6,39.95,60.966666667,84.25,21.233333333,72.8,76.55,87.6,91.783333333,91.25,71.8
m30_gpu6,gpu,utilization,92.75,93.0,93.0,21.7,41.516666667,12.366666667,69.75,21.7,74.4,13.95,74.4,59.316666667,82.25,93.0
m92_gpu1,gpu,utilization,23.0,70.533333333,92.0,92.0,92.0,92.766666667,92.25,92.0,92.8,92.15,92.0,92.783333333,92.25,92.0
m92_gpu2,gpu,utilization,23.0,70.533333333,21.466666667,43.7,77.366666667,89.9,84.5,37.533333333,48.0,55.7,57.6,52.516666667,82.5,93.0
m92_gpu6,gpu,utilization,19.5,45.233333333,52.866666667,83.2,30.333333333,61.3,82.0,75.566666667,89.0,87.05,43.6,80.0,49.5,80.6
m92_gpu7,gpu,utilization,23.25,71.3,93.0,58.5,76.2,66.366666667,55.75,83.9,68.2,75.6,85.2,91.7,93.0,92.2
