name,machine_type,trace,-10,-9,-8,-7,-6,-5,-4,-3,-2,-1,0,1,2,3
m248_gpu0,gpu,utilization,100.0,76.483333333,11.616666667,0.0,9.8666666667,25.9,33.333333333,99.65,99.3,100.0,100.0,100.0,100.0,100.0
m248_gpu1,gpu,utilization,100.0,71.666666667,0.0,0.0,9.8666666667,25.9,12.0,58.05,99.3,100.0,100.0,100.0,100.0,100.0
m261_gpu0,gpu,utilization,59.516666667,82.8,68.333333333,26.666666667,100.0,70.0,0.0,0.0,30.0,87.666666667,74.4,99.366666667,99.633333333,99.0
m261_gpu1,gpu,utilization,44.733333333,56.283333333,68.333333333,26.666666667,100.0,70.0,0.0,0.0,30.0,88.666666667,76.45,99.366666667,99.633333333,99.0
m276_gpu0,gpu,utilization,100.0,100.0,68.333333333,26.666666667,99.733333333,69.3,0.0,35.0,100.0,100.0,100.0,100.0,79.466666667,66.4
m276_gpu1,gpu,utilization,100.0,100.0,68.333333333,26.666666667,99.733333333,69.3,0.0,35.0,100.0,100.0,100.0,100.0,86.8,78.4
m135_gpu0,gpu,utilization,100.0,100.0,68.333333333,0.0,26.666666667,70.0,0.0,19.6,51.8,61.333333333,76.25,52.5,86.433333333,59.0
m135_gpu1,gpu,utilization,100.0,100.0,68.333333333,0.0,26.666666667,70.0,0.0,13.65,39.9,61.333333333,79.416666667,58.833333333,87.166666667,60.2
