name,machine_type,trace,-10,-9,-8,-7,-6,-5,-4,-3,-2,-1,0,1,2,3
m185_gpu0,gpu,utilization,54.1,36.5,50.1,75.1,55.566666667,74.3,74.8,22.583333333,42.4,93.633333333,63.0,33.4,92.4,64.666666667
m185_gpu2,gpu,utilization,84.1,66.5,73.133333333,95.7,67.3,45.7,85.633333333,38.5,38.4,84.266666667,42.666666667,11.716666667,29.3,33.0
m185_gpu3,gpu,utilization,92.7,76.5,80.6,96.3,62.0,38.366666667,88.3,43.75,38.8,88.2,48.666666667,14.25,37.3,16.0
m185_gpu7,gpu,utilization,60.8,42.5,57.05,73.6,34.2,59.266666667,75.1,22.75,38.4,96.733333333,65.333333333,31.033333333,93.966666667,70.666666667
