name,machine_type,trace,-10,-9,-8,-7,-6,-5,-4,-3,-2,-1,0,1,2,3
m54_gpu0,gpu,utilization,6.1333333333,84.9,18.55,0.4,3.5,21.95,84.2,42.8,48.5,70.533333333,26.066666667,73.866666667,16.8,30.666666667
m54_gpu1,gpu,utilization,6.1333333333,83.4,5.3,0.8,11.666666667,49.533333333,75.133333333,1.2,27.75,71.3,26.066666667,92.0,68.6,40.333333333
m54_gpu2,gpu,utilization,3.0,40.5,0.0,0.66666666667,19.5,92.0,75.133333333,0.0,17.0,52.133333333,26.066666667,92.0,64.4,30.666666667
m54_gpu3,gpu,utilization,0.4,5.4,0.0,0.66666666667,11.666666667,53.616666667,75.133333333,0.0,0.0,0.0,26.066666667,92.0,76.4,57.333333333
m54_gpu4,gpu,utilization,6.1333333333,82.8,1.05,8.0666666667,17.166666667,93.0,75.95,0.0,0.0,0.0,26.35,78.333333333,26.6,31.0
m54_gpu5,gpu,utilization,6.1333333333,82.8,0.0,0.26666666667,17.0,92.183333333,75.95,0.0,0.0,21.466666667,92.0,92.0,64.4,31.0
m54_gpu6,gpu,utilization,19.266666667,83.7,0.0,1.3333333333,23.833333333,93.0,75.95,0.0,0.0,0.0,26.35,93.0,65.1,31.0
m54_gpu7,gpu,utilization,52.933333333,37.0,24.733333333,0.4,15.0,72.433333333,49.816666667,0.0,0.0,0.0,16.716666667,48.866666667,15.3,27.333333333
