name,machine_type,trace,-10,-9,-8,-7,-6,-5,-4,-3,-2,-1,0,1,2,3
m329_gpu0,gpu,utilization,2.4,13.933333333,72.3,96.366666667,96.0,35.2,57.35,94.75,93.666666667,92.6,94.95,97.333333333,55.566666667,12.4
m329_gpu1,gpu,utilization,19.2,63.4,94.783333333,96.366666667,96.0,35.2,58.583333333,96.166666667,97.0,95.8,95.65,96.666666667,36.2,0.4
m329_gpu2,gpu,utilization,15.7,51.15,88.716666667,96.0,96.0,35.2,59.2,96.583333333,96.416666667,96.0,96.0,96.666666667,36.2,0.4
m329_gpu3,gpu,utilization,3.3,11.883333333,71.35,96.366666667,96.0,35.2,57.35,95.333333333,93.5,92.2,94.95,97.333333333,65.066666667,18.4
