name,machine_type,trace,-10,-9,-8,-7,-6,-5,-4,-3,-2,-1,0,1,2,3
m39_gpu0,gpu,utilization,54.2,82.8,55.35,72.9,0.0,0.5,4.25,0.0,0.0,19.5,68.033333333,44.833333333,68.15,10.266666667
m39_gpu1,gpu,utilization,53.333333333,20.5,40.85,6.2,58.9,1.0,16.75,44.916666667,18.85,65.25,9.9666666667,35.266666667,16.033333333,71.25
m39_gpu5,gpu,utilization,36.333333333,7.3,60.8,0.0,0.0,8.6,73.1,10.266666667,43.866666667,15.25,62.083333333,56.433333333,19.583333333,16.133333333
m39_gpu7,gpu,utilization,27.966666667,57.3,48.45,0.0,3.9,70.2,13.05,71.05,0.0,0.0,11.483333333,43.2,14.9,37.983333333
