name,machine_type,trace,-10,-9,-8,-7,-6,-5,-4,-3,-2,-1,0,1,2,3
m275_gpu0,gpu,utilization,12.8,22.95,35.45,41.6,56.25,13.7,15.866666667,25.3,48.266666667,30.966666667,74.0,52.5,46.533333333,32.666666667
m275_gpu1,gpu,utilization,15.1,42.5,52.95,42.1,65.0,19.383333333,26.6,21.466666667,43.666666667,34.783333333,70.0,70.1,54.733333333,21.666666667
m275_gpu2,gpu,utilization,13.7,24.533333333,33.45,40.5,57.0,13.7,16.133333333,26.3,51.4,37.116666667,75.0,54.0,44.85,33.333333333
m275_gpu3,gpu,utilization,20.0,45.05,56.85,37.0,68.25,20.666666667,28.333333333,19.916666667,37.533333333,33.466666667,69.666666667,73.1,56.466666667,23.0
m275_gpu4,gpu,utilization,10.9,20.933333333,32.216666667,27.4,54.0,12.566666667,12.933333333,27.283333333,56.066666667,38.116666667,75.666666667,54.6,46.216666667,32.666666667
m275_gpu5,gpu,utilization,24.7,63.25,55.3,25.1,58.25,41.4,39.6,30.55,79.2,70.666666667,66.333333333,82.0,55.05,30.666666667
m275_gpu6,gpu,utilization,25.3,64.683333333,54.733333333,22.8,56.25,44.95,46.933333333,31.4,74.2,51.9,65.333333333,79.5,51.583333333,32.666666667
m275_gpu7,gpu,utilization,14.3,29.933333333,44.05,42.5,58.25,14.116666667,19.066666667,24.6,48.066666667,38.266666667,71.333333333,54.2,47.85,18.666666667
