name,machine_type,trace,-10,-9,-8,-7,-6,-5,-4,-3,-2,-1,0,1,2,3
m364_gpu1,gpu,utilization,33.933333333,24.016666667,45.2,64.033333333,37.333333333,56.5,39.75,38.166666667,28.533333333,35.9,54.333333333,38.45,23.45,38.733333333
m364_gpu2,gpu,utilization,34.1,35.266666667,28.8,55.366666667,55.566666667,14.75,23.75,48.2,36.666666667,25.1,41.0,34.966666667,9.8,16.466666667
m364_gpu4,gpu,utilization,29.766666667,37.35,34.2,56.766666667,56.333333333,14.25,23.5,47.483333333,36.4,27.9,44.333333333,31.133333333,7.35,16.466666667
m364_gpu6,gpu,utilization,33.3,38.9,47.2,59.733333333,32.333333333,6.5,19.0,23.566666667,44.266666667,33.1,30.333333333,37.1,13.65,8.8666666667
