name,machine_type,trace,-10,-9,-8,-7,-6,-5,-4,-3,-2,-1,0,1,2,3
m99_gpu0,gpu,utilization,100.0,99.616666667,98.566666667,98.933333333,99.0,98.55,99.0,42.9,58.333333333,99.45,99.566666667,100.0,100.0,98.866666667
m99_gpu1,gpu,utilization,99.65,99.383333333,99.133333333,97.533333333,98.5,99.45,99.0,42.9,57.75,99.0,99.566666667,100.0,99.416666667,95.6
m99_gpu2,gpu,utilization,99.65,99.383333333,100.0,100.0,99.0,98.55,99.0,46.3,60.25,99.0,99.566666667,100.0,100.0,99.433333333
m99_gpu3,gpu,utilization,100.0,100.0,97.833333333,94.533333333,97.0,99.45,99.0,42.9,58.333333333,99.45,99.566666667,100.0,99.416666667,93.9
m99_gpu4,gpu,utilization,99.0,99.0,98.566666667,98.933333333,99.0,98.55,99.0,43.466666667,58.75,99.45,99.566666667,100.0,100.0,100.0
m99_gpu5,gpu,utilization,100.0,100.0,95.666666667,94.666666667,99.0,98.55,99.0,42.9,58.333333333,99.45,99.566666667,100.0,100.0,98.866666667
m99_gpu6,gpu,utilization,99.65,99.383333333,99.133333333,97.533333333,98.5,99.45,99.0,42.9,57.75,99.0,99.566666667,100.0,99.416666667,98.433333333
m99_gpu7,gpu,utilization,100.0,100.0,99.133333333,97.533333333,98.5,99.45,99.0,42.9,58.333333333,99.45,99.566666667,100.0,99.416666667,97.866666667
