name,machine_type,trace,-10,-9,-8,-7,-6,-5,-4,-3,-2,-1,0,1,2,3
m243_gpu2,gpu,utilization,7.1833333333,24.8,66.683333333,30.466666667,39.666666667,50.333333333,12.1,16.6,25.4,10.25,15.55,23.466666667,0.0,0.0
m243_gpu3,gpu,utilization,7.3666666667,26.266666667,69.683333333,31.883333333,32.0,38.0,12.8,17.8,27.9,10.25,16.816666667,19.8,0.0,0.0
m243_gpu4,gpu,utilization,7.3666666667,24.166666667,65.5,35.766666667,37.666666667,55.333333333,11.7,20.3,32.4,17.75,37.75,19.066666667,0.0,0.0
m243_gpu6,gpu,utilization,10.0,21.9,49.383333333,16.833333333,23.0,36.0,12.7,21.1,21.2,10.0,10.433333333,8.8,0.0,0.0
