name,machine_type,trace,-10,-9,-8,-7,-6,-5,-4,-3,-2,-1,0,1,2,3
m0_gpu0,gpu,utilization,51.433333333,85.533333333,100.0,100.0,72.233333333,94.333333333,100.0,100.0,99.266666667,99.0,68.933333333,48.333333333,80.75,100.0
m0_gpu1,gpu,utilization,54.566666667,86.466666667,99.2,99.833333333,99.183333333,99.833333333,100.0,100.0,100.0,99.283333333,66.2,43.0,78.65,100.0
m0_gpu2,gpu,utilization,53.783333333,86.233333333,100.0,100.0,68.15,56.0,90.25,100.0,99.266666667,99.0,68.25,46.0,79.7,100.0
m0_gpu3,gpu,utilization,58.483333333,87.633333333,100.0,100.0,64.066666667,92.666666667,100.0,100.0,100.0,99.283333333,66.883333333,47.333333333,80.75,100.0
m0_gpu4,gpu,utilization,58.483333333,87.633333333,99.2,99.833333333,62.433333333,92.333333333,100.0,100.0,100.0,99.283333333,79.866666667,54.333333333,81.1,100.0
m0_gpu5,gpu,utilization,54.566666667,86.466666667,99.2,99.833333333,64.066666667,92.666666667,100.0,100.0,100.0,99.283333333,67.566666667,47.666666667,80.75,100.0
m0_gpu6,gpu,utilization,52.016666667,86.933333333,99.2,99.833333333,64.066666667,92.666666667,87.466666667,96.0,100.0,99.283333333,77.133333333,51.0,80.05,100.0
m0_gpu7,gpu,utilization,47.566666667,84.833333333,99.2,99.833333333,64.066666667,75.166666667,81.35,95.5,100.0,99.283333333,73.716666667,50.666666667,80.75,100.0
