name,machine_type,trace,-10,-9,-8,-7,-6,-5,-4,-3,-2,-1,0,1,2,3
m318_gpu0,gpu,utilization,1.9666666667,6.1,54.866666667,96.066666667,97.0,41.0,61.8,97.0,97.55,98.0,37.566666667,0.0,58.583333333,96.266666667
m318_gpu1,gpu,utilization,2.45,4.0,52.0,95.6,96.466666667,46.416666667,64.833333333,96.0,96.55,97.0,37.183333333,0.0,57.966666667,95.266666667
m318_gpu2,gpu,utilization,6.9,5.35,51.133333333,96.066666667,97.0,41.583333333,62.166666667,96.416666667,96.55,96.4,36.8,0.0,58.583333333,94.366666667
m318_gpu3,gpu,utilization,6.4166666667,4.35,50.666666667,95.533333333,96.533333333,41.583333333,62.166666667,96.416666667,96.55,96.4,36.8,0.0,58.583333333,96.266666667
