name,machine_type,trace,-10,-9,-8,-7,-6,-5,-4,-3,-2,-1,0,1,2,3
m307_gpu0,gpu,utilization,92.0,62.866666667,0.0,0.0,0.0,0.0,0.0,0.0,0.0,0.0,33.733333333,92.0,92.0,92.0
m307_gpu1,gpu,utilization,92.0,62.866666667,0.0,0.0,0.0,0.0,0.0,0.0,0.0,0.0,33.733333333,92.0,92.0,92.0
m307_gpu2,gpu,utilization,92.0,62.866666667,0.0,0.0,0.0,0.0,0.0,0.0,0.0,0.0,33.733333333,92.0,92.0,92.0
m307_gpu3,gpu,utilization,92.0,62.866666667,0.0,0.0,0.0,0.0,0.0,0.0,0.0,0.0,33.733333333,92.0,92.0,92.0
m307_gpu4,gpu,utilization,92.0,62.866666667,0.0,0.0,0.0,0.0,0.0,0.0,0.0,0.0,33.733333333,92.0,92.0,92.0
m307_gpu5,gpu,utilization,92.0,62.866666667,0.0,0.0,0.0,0.0,0.0,0.0,0.0,0.0,33.733333333,92.0,92.0,92.0
m307_gpu6,gpu,utilization,93.716666667,63.55,0.0,0.0,0.0,0.0,0.0,0.0,0.0,0.0,34.1,93.0,93.35,93.616666667
m307_gpu7,gpu,utilization,93.283333333,64.233333333,0.0,0.0,0.0,0.0,0.0,0.0,0.0,0.0,34.1,93.0,93.0,93.0
