name,machine_type,trace,-10,-9,-8,-7,-6,-5,-4,-3,-2,-1,0,1,2,3
m363_gpu0,gpu,utilization,0.0,0.0,0.0,0.0,1.5,1.2833333333,3.8666666667,3.5,2.2333333333,2.8,3.0,3.0,2.15,1.1666666667
m363_gpu1,gpu,utilization,0.0,0.0,0.0,0.0,1.5,1.2833333333,3.15,3.25,2.2333333333,2.8,3.8166666667,3.1833333333,2.15,2.8333333333
m262_gpu0,gpu,utilization,0.0,0.0,0.0,0.0,0.0,0.0,0.0,0.0,0.0,0.0,0.0,0.0,0.0,0.0
m262_gpu1,gpu,utilization,0.0,0.0,0.0,0.0,0.0,0.0,0.0,0.0,0.0,0.0,0.0,0.0,0.0,0.0
