name,machine_type,trace,-10,-9,-8,-7,-6,-5,-4,-3,-2,-1,0,1,2,3
m240_gpu0,gpu,utilization,66.65,67.0,66.416666667,65.45,65.533333333,66.0,65.466666667,65.55,65.466666667,65.516666667,66.0,65.55,39.0,23.1
m240_gpu1,gpu,utilization,64.35,64.0,50.583333333,54.2,63.933333333,63.583333333,64.0,38.15,42.066666667,64.516666667,65.0,65.0,67.0,67.55
