name,machine_type,trace,-10,-9,-8,-7,-6,-5,-4,-3,-2,-1,0,1,2,3
m183_gpu0,gpu,utilization,97.333333333,98.866666667,95.5,95.566666667,93.65,93.833333333,95.566666667,99.0,98.466666667,95.6,98.833333333,99.2,96.5,96.0
m183_gpu1,gpu,utilization,96.666666667,99.15,96.25,77.766666667,93.366666667,99.833333333,96.866666667,96.75,70.933333333,90.2,95.466666667,94.2,96.5,95.366666667
m183_gpu2,gpu,utilization,97.333333333,97.433333333,98.0,97.216666667,97.0,96.166666667,98.35,97.5,40.266666667,82.2,99.3,95.2,95.666666667,94.366666667
m183_gpu3,gpu,utilization,98.333333333,99.716666667,96.25,82.466666667,93.1,97.0,93.083333333,95.75,77.066666667,83.8,95.433333333,96.4,97.666666667,99.633333333
