name,machine_type,trace,-10,-9,-8,-7,-6,-5,-4,-3,-2,-1,0,1,2,3
m397_gpu0,gpu,utilization,0.0,0.0,25.8,85.433333333,60.2,0.0,0.0,0.0,0.0,0.0,21.25,66.583333333,0.0,17.6
m397_gpu2,gpu,utilization,0.0,0.0,24.3,82.133333333,60.916666667,0.0,0.0,0.0,0.0,0.0,22.0,68.933333333,0.0,17.4
m397_gpu5,gpu,utilization,0.0,0.0,25.8,84.866666667,58.766666667,0.0,0.0,0.0,0.0,0.0,21.5,67.366666667,0.0,16.2
m397_gpu6,gpu,utilization,0.0,0.0,25.5,60.916666667,0.0,0.0,0.0,0.0,0.0,0.0,21.5,67.366666667,0.0,17.2
