name,machine_type,trace,-10,-9,-8,-7,-6,-5,-4,-3,-2,-1,0,1,2,3
m305_gpu0,gpu,utilization,71.6,16.283333333,70.2,24.166666667,80.0,79.333333333,75.133333333,71.4,35.1,74.7,34.95,79.816666667,78.783333333,78.5
m305_gpu1,gpu,utilization,68.716666667,14.633333333,75.466666667,51.666666667,80.0,80.0,79.2,67.9,19.6,75.5,53.65,80.0,79.783333333,79.166666667
m305_gpu2,gpu,utilization,68.216666667,37.25,73.4,54.166666667,75.6,77.666666667,70.066666667,70.8,21.5,75.683333333,48.55,80.0,78.7,75.0
m305_gpu3,gpu,utilization,71.6,16.4,70.933333333,22.833333333,77.45,79.333333333,74.2,65.0,34.1,71.95,21.35,79.816666667,78.133333333,76.0
m305_gpu4,gpu,utilization,68.95,16.4,70.933333333,23.333333333,79.85,78.466666667,75.266666667,71.9,31.2,72.983333333,41.6,79.183333333,80.0,79.5
m305_gpu5,gpu,utilization,68.333333333,38.483333333,71.466666667,26.833333333,80.25,76.266666667,78.266666667,76.4,47.6,74.516666667,40.05,80.183333333,80.783333333,79.5
m305_gpu6,gpu,utilization,68.35,24.066666667,65.733333333,44.833333333,79.15,78.4,68.933333333,73.8,64.3,71.683333333,44.85,75.616666667,66.083333333,71.666666667
m305_gpu7,gpu,utilization,70.483333333,14.516666667,74.866666667,53.5,80.85,79.866666667,79.266666667,74.3,20.6,74.283333333,38.05,78.55,81.0,81.0
