name,machine_type,trace,-10,-9,-8,-7,-6,-5,-4,-3,-2,-1,0,1,2,3
m178_gpu0,gpu,utilization,2.6,72.8,6.5,74.1,0.0,0.0,5.2666666667,69.783333333,0.0,0.0,0.0,8.25,45.833333333,0.0
m178_gpu1,gpu,utilization,74.433333333,5.2,78.0,78.0,71.5,0.0,5.2666666667,69.783333333,0.0,0.0,7.9,67.15,1.3333333333,6.6666666667
