name,machine_type,trace,-10,-9,-8,-7,-6,-5,-4,-3,-2,-1,0,1,2,3
m343_gpu0,gpu,utilization,82.133333333,94.0,94.0,93.15,93.883333333,10.966666667,79.9,93.133333333,93.0,93.0,93.833333333,94.0,18.8,72.066666667
m343_gpu1,gpu,utilization,82.133333333,93.166666667,93.0,93.85,93.116666667,10.85,79.9,93.133333333,93.0,93.866666667,94.0,94.0,18.8,72.066666667
m343_gpu2,gpu,utilization,81.4,93.0,92.183333333,92.85,93.0,10.85,79.05,93.0,93.0,93.0,93.0,92.183333333,18.4,71.3
m343_gpu3,gpu,utilization,81.266666667,93.0,93.0,92.15,92.883333333,10.85,79.05,92.133333333,92.883333333,93.0,93.0,92.183333333,18.4,71.3
m343_gpu4,gpu,utilization,81.266666667,92.166666667,92.816666667,92.15,92.883333333,10.85,79.05,33.2,84.95,93.0,93.0,93.0,18.6,71.3
m343_gpu5,gpu,utilization,81.266666667,93.0,92.183333333,92.85,93.0,10.85,79.05,92.133333333,92.0,92.866666667,91.333333333,92.633333333,18.6,71.3
m343_gpu6,gpu,utilization,82.133333333,94.833333333,94.183333333,94.0,94.0,10.966666667,80.75,94.133333333,94.0,94.0,94.0,94.0,18.8,72.066666667
m343_gpu7,gpu,utilization,82.133333333,94.0,94.0,94.85,94.116666667,10.966666667,79.9,94.0,94.0,94.0,94.0,94.0,18.8,72.066666667
