name,machine_type,trace,-10,-9,-8,-7,-6,-5,-4,-3,-2,-1,0,1,2,3
m109_gpu1,gpu,utilization,1.5,13.433333333,42.3,0.0,1.3333333333,19.5,13.5,0.0,0.0,0.0,1.3,6.2,7.4666666667,18.1
m109_gpu3,gpu,utilization,2.3333333333,18.083333333,44.1,0.0,1.3333333333,19.5,13.5,0.0,0.0,0.0,1.95,9.4,11.7,22.4
m109_gpu6,gpu,utilization,0.0,0.0,0.2,1.7666666667,0.0,0.0,0.0,0.0,0.0,0.0,0.0,0.0,17.033333333,55.966666667
m109_gpu7,gpu,utilization,0.0,0.0,0.0,0.0,0.0,0.0,0.0,0.0,0.0,0.0,0.0,0.0,0.0,0.0
