name,machine_type,trace,-10,-9,-8,-7,-6,-5,-4,-3,-2,-1,0,1,2,3
m288_gpu0,gpu,utilization,0.0,0.0,0.0,0.0,0.0,0.0,0.0,0.0,0.0,0.0,0.0,0.0,0.0,0.0
m288_gpu4,gpu,utilization,0.0,0.0,0.0,0.0,0.0,0.0,0.0,0.0,0.0,0.0,0.0,0.0,0.0,0.0
m236_gpu0,gpu,utilization,0.0,0.0,67.366666667,92.633333333,92.666666667,93.666666667,93.35,93.616666667,94.0,94.0,36.033333333,0.0,0.0,0.0
m236_gpu6,gpu,utilization,99.283333333,99.733333333,100.0,100.0,99.333333333,73.0,86.0,100.0,100.0,100.0,100.0,100.0,100.0,100.0
m235_gpu1,gpu,utilization,59.233333333,48.6,20.483333333,3.1666666667,46.666666667,27.333333333,16.4,45.433333333,74.183333333,81.2,76.3,63.5,22.4,1.9
m235_gpu7,gpu,utilization,33.816666667,15.2,4.7166666667,5.6833333333,4.0,29.0,14.7,0.0,1.85,4.2,2.5333333333,20.833333333,47.6,23.066666667
m390_gpu0,gpu,utilization,0.0,0.0,0.0,0.0,0.0,0.0,0.0,0.0,0.0,0.0,0.0,0.0,0.0,0.0
m390_gpu3,gpu,utilization,0.0,0.0,0.0,0.0,0.0,0.0,0.0,0.0,0.0,0.0,0.0,0.0,0.0,0.0
