name,machine_type,trace,-10,-9,-8,-7,-6,-5,-4,-3,-2,-1,0,1,2,3
m33_gpu0,gpu,utilization,0.5,35.133333333,61.233333333,40.0,12.116666667,17.0,43.733333333,30.8,0.0,0.0,0.0,0.48333333333,0.53333333333,24.733333333
m33_gpu1,gpu,utilization,27.0,0.0,5.8,41.866666667,36.733333333,22.0,23.466666667,0.45,0.53333333333,0.0,15.466666667,27.166666667,11.733333333,29.866666667
m33_gpu2,gpu,utilization,27.5,0.0,0.0,18.2,19.366666667,16.0,28.2,13.75,35.466666667,41.8,0.0,0.48333333333,0.53333333333,21.466666667
m33_gpu3,gpu,utilization,0.5,10.333333333,11.783333333,1.6,0.51666666667,23.0,24.0,17.1,39.866666667,55.95,49.8,19.683333333,7.4666666667,16.8
m33_gpu4,gpu,utilization,0.0,0.51666666667,13.083333333,13.866666667,43.4,65.5,26.0,5.6,5.3333333333,33.3,48.383333333,10.85,0.0,9.8
m33_gpu5,gpu,utilization,44.0,26.866666667,50.066666667,25.6,0.0,8.5,10.466666667,1.65,0.0,0.0,0.0,15.95,17.6,20.066666667
m33_gpu6,gpu,utilization,37.0,0.51666666667,17.433333333,32.666666667,14.5,14.0,19.6,5.5,15.4,46.05,32.033333333,0.48333333333,0.53333333333,21.466666667
m33_gpu7,gpu,utilization,12.5,29.966666667,30.45,0.53333333333,0.0,21.0,45.266666667,55.3,60.2,64.65,65.783333333,45.883333333,18.133333333,20.533333333
