name,machine_type,trace,-10,-9,-8,-7,-6,-5,-4,-3,-2,-1,0,1,2,3
m149_gpu0,gpu,utilization,2.0,2.0,2.0,2.0,2.4,2.6,2.4333333333,2.5333333333,2.0,2.0,2.0,2.0,2.0,2.8666666667
m149_gpu4,gpu,utilization,1.6,1.4,2.0,2.0,1.2,0.8,1.1333333333,0.93333333333,2.0,2.0,2.0,2.0,2.0,2.8666666667
m149_gpu5,gpu,utilization,2.0,2.0,2.0,2.0,1.2,0.8,6.3333333333,7.3333333333,2.0,2.0,2.0,2.0,2.0,1.1333333333
m149_gpu6,gpu,utilization,2.0,1.6,1.4,2.0,2.8,2.8,1.8666666667,1.6,1.0,2.0,2.0,2.0,1.55,2.3
