name,machine_type,trace,-10,-9,-8,-7,-6,-5,-4,-3,-2,-1,0,1,2,3
m114_gpu4,gpu,utilization,61.0,67.4,77.3,56.8,74.166666667,70.433333333,84.0,76.466666667,67.6,74.0,68.166666667,70.5,71.666666667,65.85
m114_gpu5,gpu,utilization,54.55,67.933333333,78.366666667,57.2,84.716666667,80.633333333,85.25,75.0,62.3,74.666666667,56.0,57.466666667,57.5,67.05
