name,machine_type,trace,-10,-9,-8,-7,-6,-5,-4,-3,-2,-1,0,1,2,3
m392_gpu0,gpu,utilization,0.0,0.0,0.0,0.0,0.0,0.0,20.833333333,43.483333333,18.7,14.166666667,36.25,19.5,48.333333333,100.0
m392_gpu2,gpu,utilization,0.0,0.0,0.0,0.0,0.0,0.0,0.0,11.5,53.4,61.916666667,36.85,22.0,48.333333333,100.0
m392_gpu4,gpu,utilization,0.0,0.0,0.0,0.0,0.0,0.0,0.0,37.95,99.433333333,99.583333333,59.85,6.0,48.333333333,100.0
m392_gpu5,gpu,utilization,0.0,0.0,0.0,0.0,0.0,0.0,0.0,22.616666667,76.766666667,83.333333333,65.4,36.0,48.333333333,100.0
