name,machine_type,trace,-10,-9,-8,-7,-6,-5,-4,-3,-2,-1,0,1,2,3
m352_gpu1,gpu,utilization,86.0,88.5,85.933333333,85.283333333,91.066666667,90.433333333,91.45,46.0,42.75,93.333333333,89.85,89.2,87.0,84.9
m352_gpu2,gpu,utilization,60.0,86.0,78.066666667,70.933333333,76.266666667,86.5,74.3,24.5,40.5,88.333333333,88.3,92.4,87.8,85.633333333
m352_gpu3,gpu,utilization,75.5,82.5,74.266666667,48.466666667,64.333333333,93.366666667,54.5,8.0,3.6,35.083333333,76.833333333,77.8,78.4,74.1
m352_gpu6,gpu,utilization,84.0,74.0,56.6,59.516666667,84.866666667,67.733333333,74.15,100.0,98.2,93.5,77.733333333,70.0,92.8,77.466666667
