name,machine_type,trace,-10,-9,-8,-7,-6,-5,-4,-3,-2,-1,0,1,2,3
m184_gpu0,gpu,utilization,99.45,99.0,99.066666667,100.0,99.5,99.0,97.9,97.5,98.483333333,56.1,0.0,45.0,100.0,93.066666667
m184_gpu1,gpu,utilization,98.35,100.0,100.0,100.0,100.0,99.5,99.0,98.5,98.483333333,56.1,0.0,45.0,100.0,83.966666667
m184_gpu2,gpu,utilization,98.35,100.0,100.0,100.0,96.0,95.5,99.55,99.5,99.0,56.1,0.0,45.0,99.066666667,91.933333333
m184_gpu3,gpu,utilization,100.0,100.0,100.0,98.9,98.5,99.0,97.9,98.0,99.0,56.1,0.0,45.0,98.6,90.5
m184_gpu4,gpu,utilization,100.0,98.5,98.6,98.9,99.0,99.5,99.55,98.5,97.966666667,56.1,0.0,45.0,100.0,87.0
m184_gpu5,gpu,utilization,100.0,100.0,100.0,98.9,98.0,98.5,99.55,99.0,98.483333333,56.1,0.0,45.0,99.066666667,84.133333333
m184_gpu6,gpu,utilization,100.0,99.0,99.066666667,100.0,100.0,99.5,99.55,99.0,98.483333333,56.1,0.0,45.0,100.0,87.433333333
m184_gpu7,gpu,utilization,97.8,50.0,52.266666667,98.55,49.5,50.0,100.0,99.5,99.0,56.1,0.0,44.1,91.933333333,85.0
