name,machine_type,trace,-10,-9,-8,-7,-6,-5,-4,-3,-2,-1,0,1,2,3
m182_gpu0,gpu,utilization,89.683333333,78.733333333,75.55,85.583333333,82.2,87.0,72.666666667,77.4,82.2,86.783333333,72.55,81.9,40.5,80.733333333
m182_gpu3,gpu,utilization,80.35,90.066666667,89.9,70.583333333,88.0,88.5,90.066666667,82.2,69.0,84.95,78.65,83.8,50.7,91.8
m182_gpu5,gpu,utilization,93.816666667,83.266666667,87.4,94.666666667,90.733333333,88.666666667,87.266666667,89.2,77.35,10.5,90.45,86.7,36.1,84.933333333
m182_gpu6,gpu,utilization,82.0,79.6,86.2,54.25,80.733333333,91.666666667,88.533333333,78.6,63.75,9.6833333333,83.6,78.3,5.0,46.666666667
