name,machine_type,trace,-10,-9,-8,-7,-6,-5,-4,-3,-2,-1,0,1,2,3
m354_gpu0,gpu,utilization,41.5,17.133333333,22.75,55.066666667,62.2,10.5,18.333333333,40.5,24.25,10.0,10.0,19.866666667,35.9,23.25
m354_gpu1,gpu,utilization,8.9,20.833333333,14.5,26.466666667,43.0,16.25,25.333333333,6.5333333333,6.25,13.733333333,19.5,10.8,23.4,26.25
m354_gpu2,gpu,utilization,23.316666667,10.216666667,11.25,23.2,52.0,17.5,13.733333333,20.5,9.75,23.2,46.25,31.533333333,43.0,30.0
m354_gpu3,gpu,utilization,7.0833333333,11.65,14.0,19.366666667,38.0,37.25,18.733333333,6.3,4.75,13.666666667,25.25,7.1333333333,12.4,14.75
m354_gpu4,gpu,utilization,7.8666666667,11.0,11.0,18.0,40.4,33.25,16.333333333,7.8333333333,5.5,16.666666667,27.5,6.3333333333,10.3,14.25
m354_gpu5,gpu,utilization,38.85,13.65,24.5,55.833333333,62.2,11.0,19.266666667,38.5,23.25,11.466666667,10.0,20.933333333,38.7,24.5
m354_gpu6,gpu,utilization,24.883333333,10.0,10.25,23.833333333,56.0,14.5,15.333333333,27.2,17.0,12.933333333,10.0,22.266666667,43.1,28.0
m354_gpu7,gpu,utilization,51.066666667,22.75,15.5,36.466666667,51.4,12.25,10.0,8.6,5.5,12.133333333,15.0,11.333333333,21.2,18.75
