name,machine_type,trace,-10,-9,-8,-7,-6,-5,-4,-3,-2,-1,0,1,2,3
m133_gpu0,gpu,utilization,85.716666667,20.316666667,8.1666666667,98.0,97.6,94.4,20.2,83.75,98.0,98.0,98.0,98.0,58.9,27.7
m133_gpu1,gpu,utilization,91.75,50.95,47.5,97.083333333,97.6,94.4,76.6,94.8,99.0,98.133333333,97.15,34.283333333,25.15,16.9
m133_gpu2,gpu,utilization,90.75,48.783333333,37.583333333,98.083333333,89.1,98.9,84.4,95.45,96.366666667,97.733333333,98.0,33.516666667,34.35,18.9
m133_gpu3,gpu,utilization,73.083333333,51.0,55.0,98.0,88.1,97.8,82.8,90.05,92.816666667,97.333333333,96.3,96.0,29.7,27.9
m133_gpu4,gpu,utilization,91.75,52.0,55.916666667,98.916666667,98.0,98.0,74.6,94.5,98.183333333,85.866666667,95.9,95.35,59.3,52.1
m133_gpu5,gpu,utilization,90.866666667,45.933333333,8.1666666667,97.75,95.3,97.1,22.4,79.65,97.083333333,83.266666667,82.7,83.883333333,49.15,43.0
m133_gpu6,gpu,utilization,78.2,3.5333333333,8.1666666667,96.583333333,82.7,98.0,24.0,82.8,97.633333333,96.266666667,89.2,95.066666667,58.6,46.6
m133_gpu7,gpu,utilization,90.366666667,28.033333333,54.75,95.416666667,89.5,94.4,53.4,71.9,94.15,97.133333333,98.7,95.466666667,58.45,52.0
