name,machine_type,trace,-10,-9,-8,-7,-6,-5,-4,-3,-2,-1,0,1,2,3
m390_gpu5,gpu,utilization,78.466666667,77.933333333,80.8,79.45,74.2,68.25,77.733333333,73.7,71.333333333,82.0,81.633333333,78.916666667,73.3,70.0
m390_gpu7,gpu,utilization,74.466666667,72.066666667,71.4,78.616666667,68.233333333,74.0,82.866666667,68.1,71.333333333,70.566666667,78.666666667,87.5,84.25,73.5
