name,machine_type,trace,-10,-9,-8,-7,-6,-5,-4,-3,-2,-1,0,1,2,3
m193_gpu0,gpu,utilization,92.0,92.0,92.0,92.0,92.0,92.0,92.0,92.0,92.0,92.0,31.8,71.0,92.0,92.0
m193_gpu1,gpu,utilization,93.0,92.216666667,92.816666667,92.216666667,92.0,92.7,93.0,92.316666667,92.0,92.0,33.95,71.75,92.0,92.0
m193_gpu2,gpu,utilization,92.816666667,93.0,92.183333333,92.0,92.0,92.0,92.716666667,92.316666667,92.0,92.0,33.95,71.75,92.0,92.0
m193_gpu3,gpu,utilization,92.816666667,92.216666667,92.0,92.783333333,92.25,87.1,90.016666667,92.0,92.0,92.0,35.383333333,72.25,92.0,92.7
m193_gpu4,gpu,utilization,92.816666667,92.216666667,92.0,92.0,92.0,92.0,92.0,92.0,92.0,92.0,33.233333333,71.5,92.0,92.0
m193_gpu5,gpu,utilization,92.816666667,92.216666667,92.0,92.0,92.0,92.0,92.716666667,92.316666667,92.0,92.0,33.233333333,71.5,92.0,92.0
m193_gpu6,gpu,utilization,93.0,93.0,92.183333333,92.783333333,93.0,93.0,93.0,93.0,93.0,93.0,32.8,72.0,93.0,93.0
m193_gpu7,gpu,utilization,93.0,93.0,93.0,93.0,93.0,93.0,93.0,93.683333333,93.366666667,93.0,33.516666667,72.25,93.0,93.0
