name,machine_type,trace,-10,-9,-8,-7,-6,-5,-4,-3,-2,-1,0,1,2,3
m375_gpu3,gpu,utilization,0.0,94.05,97.166666667,8.0833333333,86.166666667,84.1,97.933333333,92.35,99.866666667,98.066666667,90.4,6.0,89.833333333,4.9
m375_gpu4,gpu,utilization,0.0,93.1,97.083333333,8.0833333333,78.833333333,94.1,98.733333333,94.25,99.9,97.1,86.55,5.7333333333,90.75,4.95
m375_gpu5,gpu,utilization,0.0,93.1,97.083333333,8.0833333333,90.75,92.7,93.866666667,95.9,94.033333333,97.866666667,87.55,5.8,89.833333333,4.9
m375_gpu6,gpu,utilization,0.0,91.2,96.0,8.0,83.416666667,91.0,97.533333333,99.9,100.0,97.1,88.45,19.866666667,90.166666667,4.85
