name,machine_type,trace,-10,-9,-8,-7,-6,-5,-4,-3,-2,-1,0,1,2,3
m386_gpu0,gpu,utilization,59.416666667,73.6,81.5,66.183333333,61.533333333,77.15,86.6,86.6,57.5,45.8,44.966666667,24.0,69.9,70.9
m386_gpu5,gpu,utilization,66.416666667,90.933333333,94.6,88.55,77.8,77.3,81.0,47.0,29.2,51.0,13.3,1.6,4.0,36.2
