name,machine_type,trace,-10,-9,-8,-7,-6,-5,-4,-3,-2,-1,0,1,2,3
m210_gpu0,gpu,utilization,30.55,27.0,96.816666667,98.0,98.0,98.0,98.0,98.0,36.8,87.8,98.0,98.0,98.0,98.0
m210_gpu1,gpu,utilization,26.75,30.866666667,96.883333333,98.933333333,98.066666667,98.0,98.0,98.0,44.9,89.15,98.0,98.0,98.8,98.183333333
m210_gpu2,gpu,utilization,8.75,0.066666666667,97.35,98.066666667,98.933333333,99.0,99.0,98.066666667,9.8,83.3,98.0,98.85,99.0,98.183333333
m210_gpu3,gpu,utilization,4.9,8.85,97.5,98.066666667,98.933333333,98.066666667,98.95,98.066666667,43.1,89.7,99.0,98.15,98.0,98.816666667
m210_gpu4,gpu,utilization,37.2,7.45,97.466666667,98.066666667,98.0,98.933333333,98.05,98.933333333,14.4,84.9,99.0,98.15,98.0,98.816666667
m210_gpu5,gpu,utilization,39.15,23.216666667,97.733333333,98.066666667,98.933333333,98.066666667,98.95,98.066666667,13.4,83.9,98.0,98.85,98.2,98.0
m210_gpu6,gpu,utilization,31.55,29.966666667,97.85,99.0,99.0,99.0,99.0,98.066666667,48.5,90.6,99.0,99.0,99.0,99.0
m210_gpu7,gpu,utilization,4.95,6.8833333333,97.466666667,98.066666667,98.0,98.0,98.0,98.933333333,14.4,84.05,98.0,98.85,99.0,99.0
