name,machine_type,trace,-10,-9,-8,-7,-6,-5,-4,-3,-2,-1,0,1,2,3
m265_gpu0,gpu,utilization,92.033333333,90.066666667,93.0,91.033333333,91.916666667,92.55,92.55,0.0,87.966666667,90.083333333,87.1,92.5,90.4,88.3
m265_gpu2,gpu,utilization,98.533333333,96.133333333,81.0,99.533333333,86.5,87.866666667,87.866666667,0.0,87.966666667,93.75,90.133333333,94.583333333,62.066666667,87.6
m265_gpu5,gpu,utilization,73.766666667,59.533333333,41.0,99.5,85.583333333,96.133333333,96.133333333,100.0,93.233333333,89.333333333,91.9,22.333333333,68.866666667,91.45
m265_gpu7,gpu,utilization,99.233333333,88.4,92.0,32.266666667,70.916666667,81.15,81.15,0.0,84.1,94.333333333,95.966666667,63.916666667,41.933333333,19.45
