name,machine_type,trace,-10,-9,-8,-7,-6,-5,-4,-3,-2,-1,0,1,2,3
m417_gpu0,gpu,utilization,94.0,94.783333333,95.0,17.416666667,71.3,95.2,96.0,32.0,57.966666667,95.3,36.8,59.533333333,94.65,93.7
m417_gpu1,gpu,utilization,94.8,94.216666667,94.783333333,17.416666667,73.6,94.533333333,94.7,31.666666667,57.35,94.3,36.416666667,59.533333333,94.65,93.7
m176_gpu0,gpu,utilization,95.0,95.0,94.216666667,17.233333333,8.4333333333,72.6,95.0,31.666666667,59.2,33.6,0.0,60.166666667,93.7,94.95
m176_gpu1,gpu,utilization,95.4,94.216666667,94.0,17.233333333,73.6,96.0,95.3,31.666666667,0.0,61.75,36.416666667,61.433333333,96.35,95.35
m312_gpu0,gpu,utilization,95.0,95.0,95.0,17.416666667,72.833333333,95.0,95.0,95.0,94.383333333,90.75,34.116666667,60.8,95.35,33.25
m312_gpu1,gpu,utilization,94.4,94.0,94.783333333,17.416666667,72.833333333,95.0,94.3,94.0,94.0,94.65,36.416666667,60.8,96.0,33.6
m180_gpu0,gpu,utilization,96.6,95.433333333,94.216666667,17.233333333,72.833333333,95.0,94.3,31.333333333,58.583333333,95.0,36.416666667,11.4,68.05,95.0
m180_gpu1,gpu,utilization,94.0,96.35,94.65,17.233333333,72.833333333,94.266666667,95.4,96.0,96.0,95.35,36.416666667,60.8,92.75,94.25
