name,machine_type,trace,-10,-9,-8,-7,-6,-5,-4,-3,-2,-1,0,1,2,3
m309_gpu1,gpu,utilization,70.133333333,76.533333333,72.15,76.0,76.05,76.6,53.366666667,58.916666667,58.916666667,56.0,65.5,50.35,50.35,73.95
m309_gpu2,gpu,utilization,78.766666667,73.4,73.916666667,69.55,42.5,33.383333333,54.566666667,33.841666667,33.841666667,24.0,12.6,63.133333333,63.133333333,70.016666667
m309_gpu3,gpu,utilization,77.0,77.0,79.866666667,74.983333333,74.1,75.683333333,57.6,65.85,65.85,18.0,2.8,65.625,65.625,74.966666667
m309_gpu5,gpu,utilization,73.033333333,71.133333333,71.016666667,72.016666667,70.8,29.433333333,55.366666667,61.425,61.425,37.0,8.5,65.116666667,65.116666667,66.1
