name,machine_type,trace,-10,-9,-8,-7,-6,-5,-4,-3,-2,-1,0,1,2,3
m305_gpu0,gpu,utilization,50.6,92.0,92.0,92.0,88.7,37.266666667,52.133333333,90.25,46.1,59.6,92.0,32.2,64.4,92.0
m305_gpu1,gpu,utilization,50.6,92.0,92.533333333,92.483333333,92.0,39.866666667,52.7,92.416666667,46.35,58.8,92.0,32.2,64.4,92.733333333
m305_gpu2,gpu,utilization,50.6,92.0,92.0,92.0,92.0,39.866666667,52.133333333,92.583333333,47.35,59.2,92.0,32.2,65.1,92.266666667
m305_gpu3,gpu,utilization,50.6,92.0,92.0,92.0,92.0,39.866666667,52.133333333,92.0,45.8,58.4,92.0,32.2,64.4,92.0
m305_gpu4,gpu,utilization,50.6,92.0,92.0,92.0,92.0,39.866666667,52.133333333,92.0,46.35,58.8,92.0,32.2,64.4,92.0
m305_gpu5,gpu,utilization,51.15,91.966666667,91.533333333,92.0,92.0,39.866666667,51.566666667,91.583333333,48.0,60.0,92.616666667,32.55,64.4,92.0
m305_gpu6,gpu,utilization,51.15,93.0,93.0,93.0,93.0,40.3,52.7,93.0,48.45,60.6,93.0,32.55,65.1,93.0
m305_gpu7,gpu,utilization,51.15,93.0,93.0,93.0,93.0,40.3,52.7,93.0,49.0,61.0,93.0,32.55,64.4,92.733333333
