name,machine_type,trace,-10,-9,-8,-7,-6,-5,-4,-3,-2,-1,0,1,2,3
m276_gpu0,gpu,utilization,0.6,23.6,57.083333333,30.6,0.0,0.48333333333,1.0,29.033333333,71.0,68.5,25.2,31.466666667,47.1,53.75
m276_gpu1,gpu,utilization,16.0,42.8,80.7,43.633333333,0.0,35.766666667,40.7,40.116666667,72.5,74.5,85.4,39.2,20.966666667,51.583333333
m337_gpu0,gpu,utilization,51.6,27.0,31.816666667,50.5,4.2666666667,0.0,5.4,6.2,0.0,0.0,41.066666667,35.933333333,41.366666667,63.083333333
m337_gpu1,gpu,utilization,48.8,1.2,0.0,3.4666666667,4.2666666667,0.0,0.0,0.0,0.0,8.5,42.6,30.333333333,38.533333333,77.333333333
m261_gpu0,gpu,utilization,0.0,0.0,0.0,0.0,0.0,11.116666667,12.65,0.0,43.0,43.0,38.933333333,34.066666667,0.0,0.58333333333
m261_gpu1,gpu,utilization,33.6,50.4,27.983333333,41.366666667,0.0,20.3,23.1,0.0,0.0,0.0,2.6666666667,2.3333333333,0.0,0.0
m299_gpu0,gpu,utilization,28.8,26.8,41.316666667,21.666666667,26.666666667,0.0,38.7,78.75,76.0,73.5,30.8,43.2,81.0,78.666666667
m299_gpu1,gpu,utilization,35.4,0.0,0.0,0.0,0.0,0.0,24.3,49.65,54.0,57.5,56.266666667,66.4,60.666666667,67.166666667
