name,machine_type,trace,-10,-9,-8,-7,-6,-5,-4,-3,-2,-1,0,1,2,3
m194_gpu0,gpu,utilization,2.4,0.0,29.75,35.0,26.9,33.466666667,0.56666666667,0.0,34.2,35.6,23.966666667,10.816666667,10.816666667,0.0
m194_gpu4,gpu,utilization,3.0,0.0,29.75,34.133333333,25.0,30.533333333,0.51666666667,0.0,35.15,35.55,21.966666667,9.8333333333,9.8333333333,0.0
m194_gpu5,gpu,utilization,3.6,0.0,30.6,35.133333333,26.0,35.266666667,0.6,0.0,33.25,35.583333333,24.1,14.75,14.75,0.0
m194_gpu7,gpu,utilization,3.6,0.0,29.75,34.133333333,25.9,34.333333333,0.58333333333,0.0,33.25,34.733333333,27.05,14.75,14.75,0.0
