name,machine_type,trace,-10,-9,-8,-7,-6,-5,-4,-3,-2,-1,0,1,2,3
m49_gpu2,gpu,utilization,30.0,65.7,31.4,100.0,100.0,100.0,99.3,98.7,95.966666667,92.6,71.6,51.9,60.0,35.0
m49_gpu3,gpu,utilization,30.0,65.0,30.0,100.0,100.0,98.733333333,96.7,98.7,100.0,99.2,69.766666667,48.65,60.0,35.0
m49_gpu4,gpu,utilization,30.0,65.0,30.0,100.0,100.0,100.0,99.3,98.7,100.0,99.2,62.066666667,35.0,60.0,35.0
m49_gpu5,gpu,utilization,100.0,65.0,30.0,100.0,100.0,98.733333333,97.4,100.0,99.266666667,98.0,92.866666667,89.6,60.0,35.0
m150_gpu0,gpu,utilization,30.0,67.8,5.6,31.666666667,78.7,19.816666667,35.0,75.15,18.366666667,0.0,36.666666667,65.0,0.0,35.0
m150_gpu2,gpu,utilization,29.4,69.65,11.9,31.666666667,70.0,0.0,35.0,100.0,63.333333333,0.0,35.933333333,63.7,0.0,35.0
m150_gpu5,gpu,utilization,0.0,0.0,0.0,0.0,0.0,0.0,0.0,0.0,0.0,0.0,0.0,0.0,0.0,0.0
m150_gpu7,gpu,utilization,29.4,69.3,11.2,31.666666667,70.0,0.0,35.0,100.0,63.333333333,0.0,36.666666667,65.0,0.0,35.0
