name,machine_type,trace,-10,-9,-8,-7,-6,-5,-4,-3,-2,-1,0,1,2,3
m378_gpu0,gpu,utilization,18.9,0.0,58.766666667,76.4,18.5,69.666666667,82.7,25.666666667,68.083333333,52.066666667,64.066666667,14.2,68.0,92.75
m378_gpu1,gpu,utilization,92.166666667,58.4,12.466666667,68.6,98.0,95.8,30.083333333,65.333333333,98.0,95.7,96.566666667,19.4,83.3,86.95
