name,machine_type,trace,-10,-9,-8,-7,-6,-5,-4,-3,-2,-1,0,1,2,3
m236_gpu0,gpu,utilization,0.0,0.0,9.6333333333,22.666666667,0.0,1.1333333333,4.25,5.0,10.333333333,18.7,4.0,4.0,2.9,29.35
m236_gpu1,gpu,utilization,0.0,1.75,7.5666666667,6.0,2.85,7.5833333333,4.25,5.0,14.866666667,33.6,10.5,4.0,32.6,53.3
m236_gpu2,gpu,utilization,0.0,0.0,0.0,0.0,0.0,0.0,0.0,0.0,10.4,50.7,50.7,24.933333333,46.733333333,6.5
m236_gpu3,gpu,utilization,0.0,1.75,20.316666667,36.0,24.383333333,56.316666667,4.25,5.0,19.666666667,43.2,4.0,4.0,2.5333333333,0.0
m236_gpu4,gpu,utilization,0.0,0.0,0.0,0.0,0.0,0.0,0.0,0.0,16.8,66.3,74.35,74.633333333,46.866666667,0.0
m236_gpu5,gpu,utilization,62.866666667,1.75,5.0166666667,0.0,2.5333333333,6.8666666667,4.25,5.0,3.6666666667,1.5,4.65,4.0,24.9,46.3
m236_gpu6,gpu,utilization,61.0,13.0,6.15,30.666666667,60.25,7.5833333333,18.75,47.533333333,9.2666666667,16.2,4.65,4.0,29.666666667,65.6
m236_gpu7,gpu,utilization,53.366666667,18.75,3.4,16.666666667,17.766666667,1.1333333333,4.25,3.6666666667,12.8,34.8,4.0,4.0,2.5333333333,29.05
