name,machine_type,trace,-10,-9,-8,-7,-6,-5,-4,-3,-2,-1,0,1,2,3
m258_gpu0,gpu,utilization,81.666666667,99.6,31.75,3.4,54.133333333,18.666666667,5.8666666667,2.4,0.0,0.0,34.0,18.7,60.0,38.333333333
m258_gpu1,gpu,utilization,96.666666667,99.2,25.0,1.6,0.46666666667,0.0,0.0,0.0,0.0,0.0,0.0,0.0,59.4,37.95
m258_gpu2,gpu,utilization,81.666666667,99.6,25.0,80.0,98.466666667,26.133333333,2.2,0.9,0.0,0.0,0.0,58.9,96.0,37.566666667
m258_gpu3,gpu,utilization,81.666666667,99.6,25.0,80.0,23.333333333,0.0,0.73333333333,0.3,0.0,0.0,0.0,60.166666667,97.4,37.95
m258_gpu4,gpu,utilization,83.0,99.6,31.75,81.8,23.333333333,73.333333333,32.533333333,71.0,32.666666667,5.7333333333,41.333333333,84.6,100.0,100.0
m258_gpu5,gpu,utilization,49.166666667,91.8,25.0,1.6,0.46666666667,73.333333333,32.533333333,2.4,0.0,0.0,0.0,0.0,60.0,38.333333333
m258_gpu6,gpu,utilization,84.833333333,99.4,25.0,0.0,0.0,73.333333333,27.4,0.3,66.666666667,34.066666667,2.6666666667,0.0,59.4,37.95
m258_gpu7,gpu,utilization,70.833333333,75.4,18.25,80.0,23.333333333,73.333333333,27.4,0.3,0.0,0.0,0.0,62.7,99.6,38.333333333
