name,machine_type,trace,-10,-9,-8,-7,-6,-5,-4,-3,-2,-1,0,1,2,3
m15_gpu0,gpu,utilization,22.6,72.2,25.7,35.85,11.8,4.0,4.0,76.066666667,96.0,96.766666667,31.983333333,79.016666667,97.8,62.883333333
m15_gpu1,gpu,utilization,0.0,69.666666667,22.166666667,81.666666667,20.0,0.0,0.0,73.633333333,95.566666667,96.0,99.133333333,96.866666667,94.4,98.9
m15_gpu2,gpu,utilization,3.9,70.4,94.466666667,66.233333333,12.0,0.0,0.0,0.0,74.416666667,95.766666667,26.283333333,77.5,66.6,91.666666667
m15_gpu3,gpu,utilization,69.1,25.866666667,72.066666667,98.9,98.4,21.233333333,76.0,20.583333333,73.633333333,94.0,20.366666667,75.2,96.8,17.783333333
m15_gpu4,gpu,utilization,85.9,94.8,21.933333333,0.0,0.0,0.0,0.0,75.983333333,95.433333333,97.3,25.933333333,77.283333333,94.6,23.766666667
m15_gpu5,gpu,utilization,10.2,69.666666667,22.166666667,48.183333333,11.8,75.983333333,19.4,75.2,94.433333333,96.3,21.016666667,75.983333333,96.2,33.116666667
m15_gpu6,gpu,utilization,14.1,60.866666667,19.366666667,44.916666667,11.0,0.0,0.0,75.2,95.216666667,96.533333333,21.016666667,75.983333333,97.8,25.316666667
m15_gpu7,gpu,utilization,1.2,68.933333333,21.933333333,70.233333333,17.2,0.0,0.0,75.2,94.433333333,96.3,21.016666667,75.2,95.2,66.416666667
