name,machine_type,trace,-10,-9,-8,-7,-6,-5,-4,-3,-2,-1,0,1,2,3
m409_gpu4,gpu,utilization,94.0,96.0,98.55,49.933333333,53.5,45.266666667,39.783333333,84.933333333,36.4,56.366666667,28.183333333,0.0,61.75,93.633333333
m409_gpu5,gpu,utilization,93.166666667,84.0,90.45,48.866666667,28.25,23.333333333,48.566666667,94.566666667,38.0,48.766666667,24.383333333,0.0,64.35,96.266666667
m409_gpu6,gpu,utilization,91.133333333,84.0,90.9,47.266666667,18.016666667,15.4,49.083333333,95.566666667,38.4,50.033333333,25.016666667,0.0,64.35,94.9
m409_gpu7,gpu,utilization,94.033333333,89.0,92.7,48.866666667,50.466666667,43.4,47.533333333,93.7,97.4,86.333333333,25.016666667,0.0,63.7,96.633333333
