name,machine_type,trace,-10,-9,-8,-7,-6,-5,-4,-3,-2,-1,0,1,2,3
m11_gpu0,gpu,utilization,34.583333333,3.1,44.916666667,5.7166666667,31.45,65.333333333,14.2,10.833333333,10.5,1.5,0.0,7.6666666667,2.0,0.0
m11_gpu1,gpu,utilization,47.833333333,4.6,42.166666667,5.3666666667,10.2,52.833333333,12.2,9.1666666667,10.166666667,1.5,0.0,10.733333333,2.8,36.8
m11_gpu2,gpu,utilization,70.0,7.3,32.083333333,4.0833333333,8.5,33.333333333,7.6,9.1666666667,21.833333333,5.3,0.36666666667,8.4333333333,2.2,0.0
m11_gpu3,gpu,utilization,37.916666667,3.6,65.083333333,8.2833333333,36.55,63.833333333,13.6,8.3333333333,10.833333333,1.65,0.0,8.4333333333,2.2,0.0
m11_gpu4,gpu,utilization,25.5,2.2,33.0,4.2,18.7,64.5,14.6,8.3333333333,13.333333333,2.1,0.0,9.2,2.4,1.6
m11_gpu5,gpu,utilization,51.5,5.0,65.083333333,8.2833333333,11.9,52.333333333,12.0,10.833333333,11.333333333,1.65,0.0,13.8,3.6,0.0
m11_gpu6,gpu,utilization,32.416666667,3.0,61.416666667,7.8166666667,30.6,61.0,13.2,8.3333333333,10.833333333,1.65,0.0,8.4333333333,2.2,4.0
m11_gpu7,gpu,utilization,22.333333333,1.9,30.25,3.85,17.0,58.333333333,13.2,8.3333333333,10.0,1.5,0.0,10.733333333,2.8,1.6
