name,machine_type,trace,-10,-9,-8,-7,-6,-5,-4,-3,-2,-1,0,1,2,3
m275_gpu0,gpu,utilization,57.883333333,83.85,100.0,100.0,99.316666667,99.0,99.0,99.683333333,67.5,57.8,51.6,82.216666667,61.733333333,60.933333333
m275_gpu1,gpu,utilization,53.65,84.983333333,100.0,100.0,99.316666667,99.0,99.0,99.683333333,77.9,56.25,46.45,81.583333333,73.916666667,63.266666667
m275_gpu2,gpu,utilization,63.1,84.7,100.0,99.3,99.0,99.0,99.0,99.683333333,70.1,53.35,47.15,81.583333333,80.366666667,64.2
m275_gpu3,gpu,utilization,51.166666667,85.266666667,100.0,99.3,99.0,99.0,99.0,99.683333333,79.85,56.65,46.75,81.9,77.5,62.4
m275_gpu4,gpu,utilization,45.1,79.6,100.0,100.0,99.316666667,99.0,99.0,99.683333333,72.7,56.05,51.1,83.166666667,69.616666667,66.8
m275_gpu5,gpu,utilization,62.1,84.416666667,100.0,99.3,99.0,99.0,99.0,99.683333333,66.85,63.95,54.45,81.9,83.95,61.133333333
m275_gpu6,gpu,utilization,27.05,74.216666667,100.0,100.0,99.316666667,99.0,99.0,99.683333333,75.95,55.2,48.4,82.533333333,74.633333333,66.466666667
m275_gpu7,gpu,utilization,52.883333333,82.433333333,100.0,100.0,99.316666667,99.0,99.0,99.683333333,64.25,58.65,53.0,82.216666667,62.45,48.733333333
