name,machine_type,trace,-10,-9,-8,-7,-6,-5,-4,-3,-2,-1,0,1,2,3
m236_gpu2,gpu,utilization,89.0,80.233333333,74.0,92.016666667,86.383333333,75.833333333,73.166666667,77.0,93.2,78.216666667,74.85,75.0,97.083333333,100.0
m236_gpu3,gpu,utilization,90.333333333,81.516666667,75.0,93.8,84.3,76.1,74.166666667,75.6,94.4,79.4,75.0,77.65,97.433333333,100.0
m236_gpu4,gpu,utilization,80.0,76.55,80.133333333,94.533333333,96.366666667,78.033333333,95.666666667,92.0,94.8,77.216666667,73.85,74.0,96.966666667,96.466666667
m236_gpu7,gpu,utilization,83.333333333,92.916666667,96.933333333,98.35,79.4,76.633333333,74.5,83.6,93.2,90.1,76.25,74.0,73.116666667,74.766666667
