name,machine_type,trace,-10,-9,-8,-7,-6,-5,-4,-3,-2,-1,0,1,2,3
m174_gpu0,gpu,utilization,62.9,63.7,63.8,60.0,61.8,64.0,63.416666667,64.8,66.0,55.333333333,15.833333333,39.333333333,56.4,61.333333333
m174_gpu1,gpu,utilization,64.45,64.0,65.2,64.2,64.266666667,64.383333333,64.0,64.0,24.533333333,43.333333333,20.583333333,41.333333333,36.0,49.233333333
