name,machine_type,trace,-10,-9,-8,-7,-6,-5,-4,-3,-2,-1,0,1,2,3
m77_gpu0,gpu,utilization,73.533333333,56.1,82.733333333,65.6,76.4,68.05,68.3,61.2,57.9,71.916666667,40.133333333,70.133333333,73.5,68.45
m77_gpu2,gpu,utilization,73.0,36.5,85.533333333,75.15,7.5333333333,84.25,71.0,74.133333333,39.3,68.416666667,58.0,2.0,8.25,77.25
m77_gpu3,gpu,utilization,79.733333333,75.2,66.133333333,38.15,8.1333333333,80.2,83.2,77.2,81.8,52.666666667,45.866666667,2.0,8.0,74.35
m77_gpu4,gpu,utilization,81.333333333,66.6,22.266666667,77.95,6.1333333333,78.25,81.8,71.4,74.6,78.75,60.733333333,1.0333333333,8.0833333333,75.2
