name,machine_type,trace,-10,-9,-8,-7,-6,-5,-4,-3,-2,-1,0,1,2,3
m401_gpu0,gpu,utilization,73.083333333,73.083333333,52.433333333,55.8,72.5,77.6,55.083333333,54.8,71.2,52.3,55.95,62.833333333,59.833333333,55.8
m401_gpu2,gpu,utilization,34.516666667,34.516666667,49.266666667,46.15,5.6666666667,58.7,62.25,37.7,6.2,46.2,49.3,9.8333333333,43.666666667,48.8
m401_gpu5,gpu,utilization,23.366666667,23.366666667,54.833333333,46.45,4.75,46.0,51.916666667,66.4,7.7,68.5,55.6,9.5,42.666666667,55.8
m401_gpu6,gpu,utilization,27.416666667,27.416666667,54.95,51.2,5.1666666667,43.3,49.833333333,58.1,6.8,54.1,50.65,9.8333333333,44.5,53.8
