name,machine_type,trace,-10,-9,-8,-7,-6,-5,-4,-3,-2,-1,0,1,2,3
m146_gpu0,gpu,utilization,36.033333333,94.0,94.45,97.5,55.0,0.0,0.0,34.1,62.0,30.0,68.333333333,31.666666667,96.85,59.15
m146_gpu1,gpu,utilization,29.133333333,82.666666667,95.6,86.5,40.15,41.666666667,61.666666667,31.166666667,87.0,89.8,59.45,31.666666667,97.9,96.1
m146_gpu2,gpu,utilization,100.0,100.0,93.25,88.5,50.6,0.0,0.0,36.666666667,66.666666667,23.1,52.616666667,31.666666667,100.0,65.0
m146_gpu7,gpu,utilization,36.416666667,97.083333333,55.0,0.0,0.0,28.333333333,41.933333333,33.366666667,60.666666667,24.3,55.35,31.666666667,65.0,35.0
