name,machine_type,trace,-10,-9,-8,-7,-6,-5,-4,-3,-2,-1,0,1,2,3
m183_gpu0,gpu,utilization,69.3,64.233333333,59.6,15.066666667,83.333333333,5.8666666667,34.383333333,34.5,26.666666667,73.866666667,1.4,27.766666667,86.95,41.9
m183_gpu1,gpu,utilization,36.216666667,5.4833333333,52.3,91.866666667,49.166666667,100.0,83.316666667,23.466666667,52.066666667,14.666666667,68.5,71.95,17.15,52.0
m183_gpu2,gpu,utilization,17.85,88.333333333,0.0,0.53333333333,3.3333333333,5.8666666667,40.8,61.333333333,0.0,14.933333333,39.2,20.116666667,61.933333333,57.3
m183_gpu3,gpu,utilization,62.95,1.7666666667,2.2,26.666666667,47.5,0.36666666667,14.833333333,55.433333333,0.73333333333,0.0,0.0,28.333333333,71.666666667,0.6
