name,machine_type,trace,-10,-9,-8,-7,-6,-5,-4,-3,-2,-1,0,1,2,3
m193_gpu0,gpu,utilization,64.166666667,94.683333333,92.633333333,95.533333333,91.15,92.2,97.5,91.116666667,89.5,97.5,99.3,26.4,67.65,99.716666667
m193_gpu2,gpu,utilization,67.466666667,95.3,97.433333333,100.0,98.05,93.5,92.0,97.733333333,94.0,96.5,99.4,26.666666667,58.083333333,92.166666667
m193_gpu3,gpu,utilization,63.4,96.316666667,99.0,99.633333333,92.2,95.7,98.3,94.416666667,97.5,93.0,97.3,26.666666667,62.866666667,90.566666667
m193_gpu6,gpu,utilization,54.033333333,93.483333333,98.733333333,96.733333333,90.15,87.0,96.1,100.0,97.0,97.5,93.8,24.533333333,62.866666667,87.7
