name,machine_type,trace,-10,-9,-8,-7,-6,-5,-4,-3,-2,-1,0,1,2,3
m15_gpu0,gpu,utilization,34.116666667,0.0,26.4,16.133333333,0.0,0.0,0.0,0.0,54.466666667,90.55,35.65,40.833333333,31.5,45.866666667
m15_gpu1,gpu,utilization,33.733333333,0.0,22.2,13.566666667,0.0,0.0,0.0,0.0,54.466666667,90.55,35.65,42.0,32.4,45.866666667
m15_gpu2,gpu,utilization,32.966666667,0.0,27.0,16.5,0.0,0.0,0.0,0.0,54.466666667,76.25,27.216666667,39.666666667,30.6,46.4
m15_gpu3,gpu,utilization,29.133333333,0.0,21.6,13.2,0.0,0.0,0.0,0.0,54.466666667,90.55,35.65,50.166666667,38.7,46.933333333
m15_gpu4,gpu,utilization,34.5,0.0,24.0,14.666666667,0.0,0.0,0.0,0.0,53.2,89.85,35.65,43.166666667,33.3,46.4
m15_gpu5,gpu,utilization,32.966666667,0.0,19.8,12.1,0.0,0.0,0.0,0.0,54.466666667,90.55,35.65,51.333333333,39.6,46.4
m15_gpu6,gpu,utilization,21.85,0.0,25.8,15.766666667,0.0,0.0,0.0,0.0,55.733333333,80.85,29.516666667,50.75,39.15,44.266666667
m15_gpu7,gpu,utilization,25.683333333,0.0,25.8,15.766666667,0.0,0.0,0.0,0.0,55.1,77.25,27.6,51.916666667,40.05,38.933333333
