name,machine_type,trace,-10,-9,-8,-7,-6,-5,-4,-3,-2,-1,0,1,2,3
m319_gpu0,gpu,utilization,78.8,86.75,87.966666667,59.333333333,77.4,87.583333333,60.033333333,78.55,88.666666667,85.0,85.0,91.5,79.166666667,76.783333333
m319_gpu7,gpu,utilization,81.8,86.25,83.133333333,77.333333333,74.133333333,84.616666667,61.3,65.55,57.266666667,70.4,89.8,78.35,84.933333333,78.2
