name,machine_type,trace,-10,-9,-8,-7,-6,-5,-4,-3,-2,-1,0,1,2,3
m246_gpu0,gpu,utilization,0.0,90.0,100.0,12.55,83.5,18.333333333,85.0,100.0,100.0,38.466666667,43.733333333,94.6,98.233333333,98.0
m246_gpu1,gpu,utilization,37.4,6.7,88.683333333,12.55,29.333333333,88.083333333,27.75,84.416666667,100.0,100.0,100.0,100.0,11.666666667,90.0
m246_gpu2,gpu,utilization,0.2,90.0,70.85,11.35,84.0,18.333333333,85.0,100.0,100.0,100.0,41.066666667,93.2,100.0,78.4
m246_gpu3,gpu,utilization,74.666666667,45.8,58.783333333,8.0,83.5,99.183333333,99.85,100.0,100.0,100.0,13.333333333,90.0,100.0,100.0
m246_gpu4,gpu,utilization,12.133333333,22.9,86.716666667,11.966666667,83.5,98.366666667,94.6,98.9,100.0,100.0,13.333333333,72.0,9.3333333333,0.9
m246_gpu5,gpu,utilization,93.666666667,100.0,100.0,12.55,83.5,100.0,100.0,51.816666667,89.183333333,38.466666667,90.533333333,28.9,2.45,90.0
m246_gpu6,gpu,utilization,1.2,40.6,91.816666667,12.316666667,71.833333333,15.766666667,0.0,81.666666667,68.15,94.8,98.266666667,99.8,100.0,100.0
m246_gpu7,gpu,utilization,93.4,100.0,11.666666667,0.88333333333,83.5,18.333333333,85.0,27.316666667,28.15,90.933333333,13.333333333,90.0,100.0,31.6
