name,machine_type,trace,-10,-9,-8,-7,-6,-5,-4,-3,-2,-1,0,1,2,3
m221_gpu0,gpu,utilization,0.0,36.6,25.416666667,52.5,49.166666667,63.166666667,88.3,81.133333333,74.933333333,53.2,46.0,55.0,55.55,72.433333333
m221_gpu2,gpu,utilization,7.5833333333,5.2,52.5,84.75,40.75,4.6,45.9,37.8,33.066666667,28.933333333,0.0,0.0,30.8,73.566666667
m221_gpu4,gpu,utilization,0.0,25.2,17.5,0.0,19.833333333,43.866666667,38.666666667,14.0,0.53333333333,0.46666666667,0.0,45.333333333,60.25,54.733333333
m221_gpu5,gpu,utilization,0.0,53.4,40.583333333,2.5,5.8333333333,37.75,74.833333333,42.0,0.53333333333,44.733333333,37.35,0.0,23.1,42.0
