name,machine_type,trace,-10,-9,-8,-7,-6,-5,-4,-3,-2,-1,0,1,2,3
m293_gpu0,gpu,utilization,92.933333333,92.933333333,86.0,93.0,86.333333333,92.4,6.3333333333,92.933333333,92.933333333,80.333333333,89.9,86.8,83.583333333,90.4
m293_gpu2,gpu,utilization,93.966666667,93.966666667,48.0,82.0,86.066666667,93.866666667,86.866666667,26.883333333,26.883333333,48.533333333,93.133333333,95.45,68.333333333,94.2
m293_gpu3,gpu,utilization,85.9,85.9,48.0,94.0,38.083333333,42.0,2.2,51.083333333,51.083333333,74.066666667,74.766666667,39.05,44.916666667,98.15
m293_gpu5,gpu,utilization,87.033333333,87.033333333,37.0,85.0,85.883333333,20.533333333,4.6,80.366666667,80.366666667,24.166666667,1.9666666667,59.4,69.333333333,94.95
