name,machine_type,trace,-10,-9,-8,-7,-6,-5,-4,-3,-2,-1,0,1,2,3
m5_gpu0,gpu,utilization,46.666666667,42.066666667,47.1,47.1,97.0,96.5,52.466666667,45.4,69.216666667,81.75,67.516666667,97.0,67.716666667,60.15
m5_gpu1,gpu,utilization,0.0,0.0,0.0,0.0,0.0,0.0,0.0,0.0,0.0,0.0,0.0,0.0,0.0,0.0
