name,machine_type,trace,-10,-9,-8,-7,-6,-5,-4,-3,-2,-1,0,1,2,3
m2_gpu0,gpu,utilization,82.066666667,68.75,80.45,34.908333333,34.908333333,0.0,80.233333333,83.0,0.0,27.066666667,1.4,70.566666667,44.066666667,78.666666667
m2_gpu1,gpu,utilization,68.933333333,62.3,80.45,36.383333333,36.383333333,0.0,79.266666667,82.983333333,0.0,26.1,1.35,59.933333333,42.4,78.583333333
m2_gpu2,gpu,utilization,82.0,67.75,68.45,40.316666667,40.316666667,0.0,13.533333333,71.033333333,0.0,39.633333333,2.05,72.5,43.266666667,79.5
m2_gpu3,gpu,utilization,70.333333333,70.95,80.566666667,57.241666667,57.241666667,1.4,79.266666667,82.0,0.0,26.1,1.35,18.366666667,35.8,78.25
