name,machine_type,trace,-10,-9,-8,-7,-6,-5,-4,-3,-2,-1,0,1,2,3
m258_gpu0,gpu,utilization,28.566666667,45.0,40.0,52.9,31.7,42.8,25.6,53.266666667,97.6,100.0,73.933333333,48.666666667,19.066666667,53.9
m258_gpu1,gpu,utilization,87.666666667,30.8,0.0,63.333333333,44.5,13.6,40.6,24.7,60.0,100.0,100.0,65.333333333,15.166666667,0.0
m258_gpu2,gpu,utilization,100.0,94.3,56.333333333,58.0,68.383333333,30.8,45.6,43.1,68.4,100.0,100.0,83.466666667,86.0,44.55
m258_gpu3,gpu,utilization,100.0,36.666666667,0.0,48.766666667,65.283333333,23.2,60.0,43.333333333,60.0,100.0,100.0,91.466666667,36.4,0.0
m258_gpu4,gpu,utilization,69.666666667,31.166666667,45.0,41.1,11.116666667,18.6,21.4,9.9,62.4,100.0,98.3,60.733333333,18.8,18.7
m258_gpu5,gpu,utilization,94.3,33.366666667,0.0,20.266666667,14.733333333,14.8,38.8,21.666666667,60.0,100.0,100.0,69.6,18.633333333,0.0
m258_gpu6,gpu,utilization,89.666666667,33.433333333,15.0,50.133333333,67.0,26.8,53.4,38.566666667,60.0,100.0,100.0,83.466666667,36.133333333,4.95
m258_gpu7,gpu,utilization,56.666666667,19.433333333,11.333333333,65.766666667,61.316666667,16.4,52.8,38.133333333,60.0,100.0,89.8,39.866666667,16.6,12.15
