name,machine_type,trace,-10,-9,-8,-7,-6,-5,-4,-3,-2,-1,0,1,2,3
m416_gpu1,gpu,utilization,91.833333333,2.5666666667,0.0,92.083333333,92.083333333,1.8166666667,17.666666667,88.916666667,9.5666666667,78.5,40.733333333,7.95,58.866666667,84.066666667
m416_gpu2,gpu,utilization,91.833333333,2.5666666667,0.0,94.508333333,94.508333333,2.2833333333,45.4,85.25,11.2,94.6,71.066666667,0.15,13.8,84.066666667
m416_gpu5,gpu,utilization,91.833333333,1.5833333333,0.0,95.475,95.475,2.6833333333,69.0,88.916666667,11.083333333,95.0,82.333333333,0.6,16.4,84.066666667
m416_gpu7,gpu,utilization,93.766666667,1.6166666667,0.0,96.491666667,96.491666667,3.2,96.0,88.0,11.433333333,97.8,83.2,0.15,13.666666667,83.2
