name,machine_type,trace,-10,-9,-8,-7,-6,-5,-4,-3,-2,-1,0,1,2,3
m147_gpu0,gpu,utilization,68.95,76.35,78.433333333,75.966666667,76.0,78.55,77.166666667,81.083333333,73.4,73.6,48.166666667,36.45,79.55,73.35
m147_gpu2,gpu,utilization,71.85,68.65,69.433333333,88.3,91.6,92.85,53.916666667,36.883333333,92.233333333,87.0,45.9,37.35,77.2,56.016666667
m147_gpu4,gpu,utilization,73.1,74.05,70.5,49.333333333,56.2,62.6,41.666666667,29.6,75.15,71.4,35.7,28.8,65.45,73.716666667
m147_gpu5,gpu,utilization,69.3,72.55,71.466666667,58.033333333,78.2,74.7,42.25,31.516666667,63.666666667,61.0,53.266666667,23.4,57.316666667,77.466666667
