name,machine_type,trace,-10,-9,-8,-7,-6,-5,-4,-3,-2,-1,0,1,2,3
m392_gpu1,gpu,utilization,45.266666667,53.35,39.2,98.766666667,99.2,98.9,56.666666667,0.0,49.5,98.466666667,90.3,91.0,97.0,94.35
m392_gpu2,gpu,utilization,45.266666667,53.35,39.2,98.383333333,98.6,98.45,56.1,0.0,50.0,98.933333333,47.4,52.0,97.5,88.2
m392_gpu4,gpu,utilization,45.266666667,53.35,39.2,98.383333333,98.2,98.35,56.666666667,0.0,49.5,97.933333333,86.0,87.5,97.0,91.6
m392_gpu5,gpu,utilization,44.8,52.8,39.6,99.0,97.8,97.35,56.1,0.0,50.0,98.4,76.65,79.5,98.5,98.55
