name,machine_type,trace,-10,-9,-8,-7,-6,-5,-4,-3,-2,-1,0,1,2,3
m211_gpu0,gpu,utilization,73.85,66.7,57.85,55.0,60.55,35.416666667,55.083333333,61.8,37.816666667,43.583333333,55.1,52.383333333,62.433333333,54.6
m211_gpu2,gpu,utilization,70.6,69.8,58.433333333,55.333333333,62.166666667,33.333333333,18.016666667,49.0,24.15,32.083333333,55.55,56.516666667,66.3,37.6
m211_gpu3,gpu,utilization,74.85,59.3,55.733333333,45.0,50.716666667,24.75,46.016666667,64.25,40.5,43.583333333,52.9,50.966666667,57.75,45.733333333
m211_gpu7,gpu,utilization,70.0,65.1,57.533333333,57.0,60.466666667,40.416666667,46.583333333,55.45,27.1,34.916666667,52.55,54.033333333,63.783333333,56.133333333
