name,machine_type,trace,-10,-9,-8,-7,-6,-5,-4,-3,-2,-1,0,1,2,3
m273_gpu2,gpu,utilization,98.033333333,73.0,71.05,96.2,96.6,98.333333333,96.866666667,97.583333333,97.383333333,98.8,98.333333333,96.866666667,98.0,98.0
m273_gpu3,gpu,utilization,98.45,98.5,96.55,96.0,96.866666667,97.166666667,96.433333333,97.0,97.383333333,97.2,96.416666667,98.3,98.133333333,96.0
m273_gpu6,gpu,utilization,100.0,98.0,96.45,96.55,96.866666667,97.166666667,96.866666667,97.583333333,97.383333333,97.2,96.833333333,98.866666667,99.066666667,97.516666667
m273_gpu7,gpu,utilization,97.516666667,92.5,92.5,98.45,98.133333333,96.583333333,96.866666667,98.833333333,99.233333333,98.0,57.166666667,42.466666667,98.0,97.516666667
