name,machine_type,trace,-10,-9,-8,-7,-6,-5,-4,-3,-2,-1,0,1,2,3
m409_gpu0,gpu,utilization,36.6,49.6,17.666666667,20.883333333,11.733333333,36.0,36.266666667,10.833333333,0.0,23.1,17.5,17.733333333,9.8,0.0
m409_gpu1,gpu,utilization,33.6,36.366666667,9.1666666667,20.35,12.1,26.0,20.0,3.75,0.0,14.3,10.833333333,17.733333333,9.8,0.0
m409_gpu2,gpu,utilization,44.4,58.166666667,19.866666667,23.35,13.2,22.666666667,27.666666667,10.0,0.0,12.1,9.1666666667,18.366666667,10.15,4.1
m409_gpu3,gpu,utilization,31.8,34.0,8.4333333333,20.966666667,12.466666667,28.666666667,20.2,2.9166666667,0.0,13.75,10.416666667,17.733333333,9.8,0.0
m409_gpu4,gpu,utilization,24.0,32.4,10.9,20.116666667,11.733333333,25.333333333,17.733333333,2.5,0.0,13.2,10.0,17.733333333,9.8,0.0
m409_gpu5,gpu,utilization,37.2,47.433333333,14.3,21.583333333,12.833333333,19.333333333,21.4,7.0833333333,0.0,23.65,17.916666667,17.733333333,11.75,15.3
m409_gpu6,gpu,utilization,23.4,33.3,11.0,20.966666667,12.466666667,31.333333333,22.933333333,3.75,0.0,11.55,8.75,17.1,9.45,0.0
m409_gpu7,gpu,utilization,31.8,35.9,9.5333333333,20.966666667,12.466666667,29.333333333,21.2,3.3333333333,0.0,12.65,9.5833333333,17.733333333,9.8,0.0
