name,machine_type,trace,-10,-9,-8,-7,-6,-5,-4,-3,-2,-1,0,1,2,3
m311_gpu0,gpu,utilization,47.333333333,31.333333333,3.6833333333,3.2833333333,4.0,2.8666666667,1.3333333333,2.8,1.0666666667,2.8,0.0,0.3,19.6,61.666666667
m311_gpu1,gpu,utilization,40.666666667,29.133333333,92.316666667,92.716666667,92.266666667,66.65,30.666666667,64.4,24.533333333,64.4,0.0,0.0,18.6,58.666666667
