name,machine_type,trace,-10,-9,-8,-7,-6,-5,-4,-3,-2,-1,0,1,2,3
m36_gpu0,gpu,utilization,8.0,63.333333333,36.383333333,65.033333333,52.516666667,11.8,64.8,26.4,60.9,74.0,39.666666667,13.0,61.666666667,33.25
m36_gpu1,gpu,utilization,5.3333333333,61.333333333,36.066666667,66.466666667,62.033333333,15.0,63.8,26.1,60.9,74.65,45.45,15.4,62.35,30.666666667
m36_gpu2,gpu,utilization,8.0,62.0,36.433333333,66.033333333,56.25,12.6,63.066666667,25.8,60.9,76.6,46.4,16.1,61.983333333,31.816666667
m36_gpu3,gpu,utilization,25.333333333,70.666666667,35.066666667,66.183333333,88.0,26.4,64.533333333,26.4,28.0,36.75,16.55,10.1,63.616666667,34.25
m36_gpu4,gpu,utilization,13.333333333,65.333333333,35.383333333,66.9,89.0,26.7,64.533333333,26.4,18.9,41.3,29.183333333,10.2,62.716666667,33.1
m36_gpu5,gpu,utilization,5.3333333333,61.333333333,36.75,66.033333333,63.083333333,15.6,46.933333333,25.5,62.2,85.65,57.3,20.9,62.25,30.1
m36_gpu6,gpu,utilization,17.333333333,66.0,35.433333333,66.466666667,88.683333333,26.7,65.266666667,26.7,21.7,36.85,21.55,7.4,62.4,33.816666667
m36_gpu7,gpu,utilization,18.666666667,67.666666667,36.066666667,65.75,87.683333333,26.4,63.8,26.1,20.3,42.65,32.233333333,11.4,62.033333333,32.816666667
