name,machine_type,trace,-10,-9,-8,-7,-6,-5,-4,-3,-2,-1,0,1,2,3
m111_gpu0,gpu,utilization,58.583333333,86.8,88.116666667,88.0,88.9,91.6,65.5,85.85,74.866666667,86.25,89.7,91.633333333,89.6,87.366666667
m111_gpu3,gpu,utilization,49.666666667,4.5333333333,1.8833333333,60.933333333,7.9,1.0,71.666666667,11.216666667,28.5,28.466666667,5.05,4.2666666667,1.8,1.8166666667
m323_gpu6,gpu,utilization,89.0,89.0,78.4,66.6,89.3,88.533333333,88.883333333,88.116666667,80.05,60.45,86.05,90.183333333,90.0,88.366666667
m323_gpu7,gpu,utilization,36.75,78.266666667,73.933333333,10.6,18.1,4.4,39.983333333,72.383333333,60.1,78.316666667,13.0,1.8166666667,22.8,71.283333333
