name,machine_type,trace,-10,-9,-8,-7,-6,-5,-4,-3,-2,-1,0,1,2,3
m314_gpu0,gpu,utilization,99.283333333,100.0,99.75,99.3,99.7,99.0,99.0,99.283333333,99.4,98.0,98.6,100.0,100.0,100.0
m314_gpu1,gpu,utilization,99.283333333,100.0,99.75,98.4,97.9,99.683333333,99.0,99.283333333,99.4,98.566666667,99.4,97.683333333,97.0,98.15
m314_gpu2,gpu,utilization,99.283333333,100.0,99.75,98.4,97.6,99.0,99.0,99.283333333,100.0,100.0,100.0,99.05,98.0,100.0
m314_gpu3,gpu,utilization,99.283333333,100.0,99.75,98.4,97.6,99.0,99.0,99.283333333,100.0,100.0,99.4,97.683333333,97.0,98.15
m314_gpu4,gpu,utilization,99.283333333,100.0,99.75,99.3,99.7,99.0,99.0,99.283333333,100.0,100.0,100.0,100.0,99.0,98.15
m314_gpu5,gpu,utilization,99.283333333,99.716666667,99.0,99.3,99.7,99.0,99.0,98.433333333,97.9,99.433333333,98.6,100.0,100.0,100.0
m314_gpu6,gpu,utilization,99.283333333,100.0,99.75,98.4,97.6,99.316666667,99.683333333,99.283333333,100.0,100.0,99.4,98.0,98.666666667,100.0
m314_gpu7,gpu,utilization,99.283333333,100.0,99.75,99.3,99.4,98.316666667,99.0,98.15,97.2,100.0,100.0,68.333333333,0.0,38.333333333
