name,machine_type,trace,-10,-9,-8,-7,-6,-5,-4,-3,-2,-1,0,1,2,3
m278_gpu0,gpu,utilization,47.866666667,49.866666667,55.4,48.933333333,47.133333333,43.666666667,44.666666667,47.6,47.1,52.2,48.916666667,51.266666667,50.3,51.8
m278_gpu2,gpu,utilization,51.333333333,47.333333333,7.4,39.216666667,49.2,46.666666667,43.5,44.733333333,49.5,48.266666667,47.183333333,12.7,42.4,49.9
m278_gpu3,gpu,utilization,48.933333333,46.2,48.7,49.0,48.133333333,43.833333333,51.333333333,47.8,46.1,48.6,44.916666667,49.716666667,47.6,50.6
m278_gpu5,gpu,utilization,48.533333333,47.133333333,48.8,43.7,43.866666667,37.333333333,42.666666667,44.0,45.8,41.666666667,43.45,49.716666667,50.15,53.6
