name,machine_type,trace,-10,-9,-8,-7,-6,-5,-4,-3,-2,-1,0,1,2,3
m330_gpu1,gpu,utilization,73.5,21.466666667,73.6,20.066666667,68.8,15.766666667,68.8,16.033333333,59.2,18.9,58.05,25.8,87.983333333,91.833333333
m330_gpu3,gpu,utilization,60.433333333,14.7,50.4,20.3,69.6,15.766666667,87.4,79.783333333,44.0,82.2,35.833333333,27.3,92.7,90.466666667
m330_gpu5,gpu,utilization,44.1,13.533333333,46.4,11.666666667,40.0,12.65,55.2,18.85,69.6,11.433333333,62.6,91.6,72.483333333,62.066666667
m330_gpu6,gpu,utilization,88.183333333,76.866666667,47.2,88.233333333,91.2,91.933333333,44.8,6.0666666667,22.4,19.133333333,58.766666667,24.3,79.016666667,67.7
