name,machine_type,trace,-10,-9,-8,-7,-6,-5,-4,-3,-2,-1,0,1,2,3
m91_gpu2,gpu,utilization,55.066666667,55.0,55.0,53.133333333,51.233333333,62.266666667,55.0,54.0,61.95,52.4,52.766666667,61.833333333,55.35,51.55
m91_gpu4,gpu,utilization,47.533333333,53.3,54.0,52.133333333,51.116666667,8.5333333333,46.1,53.6,8.0666666667,46.166666667,50.233333333,7.6,45.35,53.816666667
m91_gpu5,gpu,utilization,48.8,52.6,53.916666667,53.066666667,53.883333333,8.9333333333,40.7,44.133333333,6.9,47.05,53.0,7.95,45.35,52.183333333
m91_gpu6,gpu,utilization,52.0,52.0,52.0,48.266666667,50.65,8.5333333333,47.9,49.533333333,7.4833333333,45.283333333,45.7,7.0166666667,45.35,52.183333333
