name,machine_type,trace,-10,-9,-8,-7,-6,-5,-4,-3,-2,-1,0,1,2,3
m246_gpu0,gpu,utilization,3.5,22.1,4.3333333333,44.166666667,53.0,10.6,19.55,2.6833333333,22.4,9.3333333333,60.25,35.533333333,27.666666667,53.35
m246_gpu1,gpu,utilization,4.8,28.9,6.5,57.666666667,46.283333333,8.0,22.1,3.0333333333,42.933333333,22.166666667,60.333333333,28.466666667,6.3333333333,36.15
m246_gpu2,gpu,utilization,3.1,22.1,8.5,54.166666667,53.033333333,10.0,28.05,3.85,35.466666667,22.416666667,65.916666667,16.266666667,6.3333333333,47.65
m246_gpu3,gpu,utilization,19.8,24.65,4.3333333333,45.833333333,45.6,8.6,22.95,3.15,62.533333333,9.25,60.833333333,27.0,10.166666667,47.95
m246_gpu4,gpu,utilization,3.5,18.7,3.6666666667,35.833333333,46.133333333,9.4,28.9,3.9666666667,61.6,9.1666666667,61.75,26.266666667,11.666666667,50.8
m246_gpu5,gpu,utilization,19.4,31.3,5.6666666667,56.666666667,46.85,8.2,22.1,3.0333333333,50.4,14.583333333,59.583333333,31.933333333,7.0,39.55
m246_gpu6,gpu,utilization,19.3,30.6,5.5,49.166666667,42.55,7.6,21.25,2.9166666667,57.866666667,12.5,56.583333333,25.466666667,15.0,44.6
m246_gpu7,gpu,utilization,21.9,25.8,4.5,48.333333333,43.116666667,7.8,26.35,3.6166666667,53.2,12.083333333,58.416666667,21.4,25.0,44.85
