name,machine_type,trace,-10,-9,-8,-7,-6,-5,-4,-3,-2,-1,0,1,2,3
m391_gpu1,gpu,utilization,80.4,80.416666667,82.933333333,80.233333333,80.8,80.183333333,81.7,83.0,80.8,83.6,83.333333333,80.366666667,80.633333333,80.0
m391_gpu5,gpu,utilization,77.7,56.316666667,23.733333333,78.0,78.2,79.0,61.5,22.5,77.2,53.7,28.333333333,77.366666667,77.633333333,77.416666667
