name,machine_type,trace,-10,-9,-8,-7,-6,-5,-4,-3,-2,-1,0,1,2,3
m403_gpu0,gpu,utilization,89.0,83.3,6.9166666667,0.0,79.333333333,84.016666667,88.75,84.333333333,41.783333333,41.783333333,54.083333333,82.066666667,4.2166666667,85.266666667
m403_gpu1,gpu,utilization,2.9,52.25,84.333333333,7.25,79.333333333,50.583333333,2.5,79.333333333,41.791666667,41.791666667,83.583333333,86.933333333,3.0166666667,49.6
m403_gpu2,gpu,utilization,82.366666667,53.55,79.5,83.833333333,84.0,80.066666667,4.0,49.466666667,81.733333333,81.733333333,83.95,87.866666667,77.45,84.8
m403_gpu3,gpu,utilization,1.5,78.85,84.833333333,84.083333333,90.533333333,5.45,0.2,82.133333333,43.266666667,43.266666667,84.566666667,85.033333333,1.4166666667,5.4
