name,machine_type,trace,-10,-9,-8,-7,-6,-5,-4,-3,-2,-1,0,1,2,3
m287_gpu0,gpu,utilization,94.7,95.0,95.0,95.0,95.0,41.05,65.95,95.0,95.0,95.0,44.566666667,60.883333333,95.0,95.0
m287_gpu3,gpu,utilization,28.5,63.333333333,95.0,95.0,95.0,35.2,62.8,94.383333333,94.666666667,94.383333333,69.066666667,77.75,95.0,95.0
m267_gpu6,gpu,utilization,95.0,95.0,95.0,95.0,95.0,95.0,95.0,95.0,95.0,95.0,95.0,95.616666667,95.366666667,95.0
m267_gpu7,gpu,utilization,28.5,63.333333333,95.0,95.0,95.0,95.0,95.0,95.0,95.0,95.0,95.0,95.0,95.0,95.0
m315_gpu0,gpu,utilization,29.1,28.666666667,73.0,70.0,88.3,66.2,81.15,88.516666667,80.666666667,78.15,90.033333333,83.966666667,27.133333333,64.0
m315_gpu3,gpu,utilization,29.7,32.0,70.0,67.0,88.0,64.25,79.45,91.216666667,78.333333333,30.833333333,56.7,80.966666667,47.566666667,76.0
m234_gpu1,gpu,utilization,28.5,63.333333333,95.0,94.333333333,94.7,95.0,95.0,95.0,95.0,95.0,95.0,95.0,95.0,95.0
m234_gpu2,gpu,utilization,28.5,63.333333333,95.0,95.0,95.0,94.35,94.0,94.616666667,94.333333333,94.616666667,94.433333333,94.616666667,95.0,95.0
