name,machine_type,trace,-10,-9,-8,-7,-6,-5,-4,-3,-2,-1,0,1,2,3
m418_gpu1,gpu,utilization,71.7,37.533333333,63.25,74.566666667,43.9,66.466666667,77.466666667,51.4,35.8,59.066666667,57.6,71.0,44.333333333,21.966666667
m418_gpu2,gpu,utilization,70.6,61.2,56.5,46.683333333,47.3,25.533333333,43.066666667,68.6,33.9,50.366666667,64.483333333,66.8,75.433333333,74.166666667
m418_gpu3,gpu,utilization,32.5,22.933333333,16.25,54.416666667,74.3,33.466666667,54.8,25.2,52.566666667,37.166666667,31.35,64.8,74.533333333,30.533333333
m418_gpu7,gpu,utilization,71.8,42.933333333,32.75,48.05,65.466666667,71.466666667,32.133333333,48.0,68.8,75.3,78.35,70.2,68.0,71.066666667
