name,machine_type,trace,-10,-9,-8,-7,-6,-5,-4,-3,-2,-1,0,1,2,3
m307_gpu0,gpu,utilization,0.0,64.8,17.55,75.983333333,93.25,97.366666667,96.7,97.633333333,74.5,90.4,22.4,73.6,84.8,85.333333333
m307_gpu2,gpu,utilization,0.0,80.0,21.666666667,75.983333333,92.5,96.366666667,90.333333333,96.166666667,42.383333333,84.6,23.1,73.6,98.4,96.5
m307_gpu3,gpu,utilization,0.0,57.6,15.6,75.2,93.0,97.366666667,89.033333333,96.616666667,99.0,98.2,22.866666667,75.133333333,82.8,81.5
m307_gpu4,gpu,utilization,0.0,80.0,21.666666667,75.2,88.5,95.2,87.266666667,95.433333333,58.05,88.6,23.1,73.6,98.4,94.833333333
