name,machine_type,trace,-10,-9,-8,-7,-6,-5,-4,-3,-2,-1,0,1,2,3
m54_gpu4,gpu,utilization,87.033333333,79.133333333,83.6,83.0,96.066666667,85.566666667,89.0,78.8,93.8,96.666666667,93.266666667,88.333333333,84.083333333,88.35
m54_gpu5,gpu,utilization,92.433333333,91.8,90.266666667,81.2,94.0,93.766666667,86.0,73.0,80.3,59.333333333,90.4,96.533333333,95.666666667,94.85
