name,machine_type,trace,-10,-9,-8,-7,-6,-5,-4,-3,-2,-1,0,1,2,3
m137_gpu0,gpu,utilization,81.15,72.066666667,24.583333333,53.033333333,63.333333333,68.816666667,82.4,82.0,58.666666667,67.283333333,30.433333333,46.233333333,24.333333333,0.0
m137_gpu1,gpu,utilization,79.45,50.133333333,32.166666667,70.75,50.033333333,8.05,0.0,19.0,39.333333333,20.716666667,53.133333333,34.766666667,58.0,85.05
