name,machine_type,trace,-10,-9,-8,-7,-6,-5,-4,-3,-2,-1,0,1,2,3
m77_gpu0,gpu,utilization,91.533333333,47.7,53.483333333,95.5,48.866666667,90.3,99.8,55.2,90.75,99.85,100.0,51.466666667,93.5,99.866666667
m77_gpu1,gpu,utilization,93.666666667,46.8,20.683333333,91.8,49.733333333,90.45,99.8,49.6,89.7,99.85,100.0,80.933333333,96.9,99.866666667
m77_gpu2,gpu,utilization,93.666666667,46.8,50.716666667,95.2,49.733333333,90.45,99.8,54.4,90.6,99.85,100.0,45.4,92.8,99.866666667
m77_gpu3,gpu,utilization,94.333333333,47.7,39.35,93.9,50.6,90.6,99.8,56.0,90.9,99.85,100.0,49.733333333,93.3,99.866666667
m77_gpu4,gpu,utilization,92.866666667,49.5,51.95,95.3,51.466666667,90.75,99.8,56.8,91.05,99.85,100.0,52.333333333,93.6,99.866666667
m77_gpu5,gpu,utilization,92.333333333,49.5,44.0,94.4,50.6,90.6,99.8,54.4,90.6,99.85,100.0,51.466666667,93.5,99.866666667
m77_gpu6,gpu,utilization,94.333333333,45.9,14.383333333,91.1,51.466666667,90.75,99.8,40.8,88.05,99.85,100.0,61.866666667,94.7,99.866666667
m77_gpu7,gpu,utilization,92.2,49.5,23.683333333,92.1,44.533333333,89.55,99.8,55.2,90.75,99.85,100.0,85.266666667,97.4,99.866666667
