name,machine_type,trace,-10,-9,-8,-7,-6,-5,-4,-3,-2,-1,0,1,2,3
m156_gpu1,gpu,utilization,0.0,0.0,0.0,21.25,21.8,3.15,75.966666667,10.033333333,74.533333333,8.6,0.0,0.0,0.0,73.1
m156_gpu2,gpu,utilization,0.0,0.0,0.0,16.15,71.0,12.6,75.083333333,9.9166666667,73.666666667,8.5,0.0,0.0,0.0,72.25
m156_gpu4,gpu,utilization,0.0,0.0,0.0,20.4,73.6,12.9,0.0,0.0,15.6,79.2,11.466666667,0.0,0.0,57.8
m156_gpu6,gpu,utilization,0.0,0.0,0.0,74.8,81.6,12.0,77.733333333,10.266666667,75.4,87.0,11.6,0.0,0.0,73.95
