name,machine_type,trace,-10,-9,-8,-7,-6,-5,-4,-3,-2,-1,0,1,2,3
m397_gpu0,gpu,utilization,99.966666667,99.0,99.0,99.0,99.0,99.066666667,99.933333333,99.0,99.05,100.0,99.95,99.0,99.0,99.0
m397_gpu1,gpu,utilization,98.0,91.8,6.6,53.666666667,93.1,95.933333333,49.466666667,4.9,98.0,94.25,51.05,15.4,97.95,96.266666667
m397_gpu2,gpu,utilization,58.166666667,58.8,0.0,0.0,1.2666666667,74.8,54.133333333,0.0,3.75,74.916666667,73.45,61.95,0.0,0.0
m397_gpu4,gpu,utilization,98.966666667,94.6,45.933333333,16.3,93.083333333,94.933333333,48.533333333,4.9,98.0,93.666666667,46.25,51.8,98.95,96.416666667
m216_gpu0,gpu,utilization,0.0,0.0,0.0,0.0,0.0,0.0,0.0,0.0,0.0,0.0,0.0,0.0,0.0,0.0
m216_gpu2,gpu,utilization,0.0,0.0,0.0,0.0,0.0,0.0,0.0,0.0,0.0,0.0,0.0,0.0,0.0,0.0
m216_gpu4,gpu,utilization,0.0,0.0,0.0,0.0,0.0,0.0,0.0,0.0,0.0,0.0,0.0,0.0,0.0,0.0
m216_gpu7,gpu,utilization,0.0,0.0,0.0,0.0,0.0,0.0,0.0,0.0,0.0,0.0,0.0,0.0,0.0,0.0
