name,machine_type,trace,-10,-9,-8,-7,-6,-5,-4,-3,-2,-1,0,1,2,3
m339_gpu0,gpu,utilization,1.55,0.0,90.066666667,36.966666667,87.733333333,0.0,3.1,92.916666667,92.066666667,92.8,86.5,58.6,47.6,65.3
m339_gpu1,gpu,utilization,92.4,1.55,91.866666667,25.6,42.4,31.166666667,0.0,3.9166666667,47.2,48.65,28.833333333,93.0,92.0,62.333333333
m339_gpu2,gpu,utilization,0.33333333333,68.833333333,56.366666667,19.866666667,45.8,58.333333333,70.566666667,4.3333333333,54.733333333,90.75,46.666666667,32.233333333,38.8,32.766666667
m339_gpu3,gpu,utilization,60.95,1.0166666667,91.683333333,72.833333333,68.4,67.833333333,0.0,7.5833333333,88.666666667,57.85,89.166666667,48.533333333,89.9,1.3
m339_gpu4,gpu,utilization,0.36666666667,91.45,80.983333333,79.133333333,53.8,46.75,0.0,7.1666666667,85.8,79.7,20.583333333,59.4,43.666666667,91.816666667
m339_gpu5,gpu,utilization,1.55,0.0,93.0,92.966666667,85.866666667,0.0,0.0,7.75,93.066666667,93.75,89.333333333,90.133333333,7.8666666667,34.016666667
m339_gpu6,gpu,utilization,94.8,5.5166666667,61.533333333,91.9,60.2,57.75,0.0,5.9166666667,72.466666667,93.0,87.416666667,25.8,22.433333333,91.783333333
m339_gpu7,gpu,utilization,1.5666666667,0.0,92.833333333,26.333333333,87.733333333,0.0,0.0,7.8333333333,94.0,94.0,94.0,94.0,94.0,94.0
