name,machine_type,trace,-10,-9,-8,-7,-6,-5,-4,-3,-2,-1,0,1,2,3
m300_gpu3,gpu,utilization,62.4,35.566666667,96.65,96.333333333,96.7,96.283333333,97.0,97.0,97.0,97.0,97.0,96.566666667,96.0,96.0
m300_gpu5,gpu,utilization,61.75,34.833333333,95.0,95.666666667,96.7,96.283333333,96.466666667,95.0,95.316666667,95.65,95.0,95.433333333,96.0,48.0
m300_gpu6,gpu,utilization,0.0,0.0,0.0,0.0,0.0,0.0,0.0,0.0,0.0,0.0,0.0,0.0,0.0,0.0
m300_gpu7,gpu,utilization,63.05,35.566666667,96.65,96.0,96.0,96.283333333,96.733333333,96.266666667,97.0,97.0,97.0,97.0,97.0,97.5
