name,machine_type,trace,-10,-9,-8,-7,-6,-5,-4,-3,-2,-1,0,1,2,3
m236_gpu0,gpu,utilization,1.6,0.0,0.0,0.0,0.0,20.7,2.6833333333,0.0,27.2,4.8,0.0,0.0,24.8,6.2
m236_gpu6,gpu,utilization,100.0,100.0,100.0,100.0,99.116666667,99.9,100.0,100.0,100.0,100.0,100.0,100.0,100.0,100.0
