name,machine_type,trace,-10,-9,-8,-7,-6,-5,-4,-3,-2,-1,0,1,2,3
m373_gpu0,gpu,utilization,94.916666667,94.0,46.216666667,46.216666667,68.833333333,93.333333333,95.0,95.0,95.0,95.0,94.0,94.0,94.0,94.933333333
m373_gpu1,gpu,utilization,95.0,94.95,46.216666667,46.216666667,92.433333333,94.933333333,95.0,95.0,95.0,65.0,94.0,94.966666667,94.033333333,94.933333333
m373_gpu2,gpu,utilization,94.0,94.05,46.708333333,46.708333333,92.433333333,94.0,94.0,94.991666667,94.991666667,37.0,94.0,94.0,94.0,94.0
m373_gpu7,gpu,utilization,94.0,94.05,46.708333333,46.708333333,93.416666667,94.066666667,94.966666667,94.491666667,94.491666667,28.0,95.0,94.033333333,94.966666667,94.066666667
m88_gpu0,gpu,utilization,95.0,91.9,16.225,16.225,93.416666667,12.866666667,91.1,94.508333333,94.508333333,94.0,94.0,94.966666667,95.0,95.0
m88_gpu2,gpu,utilization,95.0,90.65,3.9333333333,3.9333333333,93.416666667,13.8,74.7,94.85,94.85,95.0,95.0,95.0,95.0,95.0
m88_gpu6,gpu,utilization,95.083333333,91.65,4.425,4.425,94.4,15.733333333,53.5,95.15,95.15,95.0,95.0,95.0,95.0,95.0
m88_gpu7,gpu,utilization,95.0,90.85,5.9,5.9,94.4,35.333333333,93.833333333,95.008333333,95.008333333,95.0,96.0,95.033333333,95.0,95.0
