name,machine_type,trace,-10,-9,-8,-7,-6,-5,-4,-3,-2,-1,0,1,2,3
m262_gpu0,gpu,utilization,92.0,47.533333333,31.466666667,53.133333333,47.416666667,51.316666667,20.7,38.666666667,59.266666667,79.733333333,39.866666667,54.25,92.433333333,91.433333333
m262_gpu1,gpu,utilization,7.0,3.6166666667,33.066666667,63.066666667,63.416666667,63.616666667,40.566666667,51.333333333,62.1,27.083333333,2.6,3.5,6.0,6.0
