name,machine_type,trace,-10,-9,-8,-7,-6,-5,-4,-3,-2,-1,0,1,2,3
m237_gpu0,gpu,utilization,57.1,59.333333333,64.55,58.65,58.3,60.8,60.733333333,49.566666667,52.583333333,55.716666667,56.5,59.266666667,52.2,50.35
m237_gpu1,gpu,utilization,55.2,34.666666667,22.7,55.3,53.1,36.3,15.333333333,52.283333333,54.583333333,55.45,51.25,57.566666667,55.4,53.75
m237_gpu2,gpu,utilization,49.0,52.0,63.95,56.95,69.8,63.8,42.4,47.866666667,51.966666667,59.35,43.25,53.0,53.2,55.35
m237_gpu3,gpu,utilization,41.6,46.0,60.433333333,48.8,2.0,16.4,52.4,52.766666667,41.433333333,52.416666667,59.5,57.433333333,23.4,64.65
m237_gpu4,gpu,utilization,55.5,35.0,23.616666667,58.95,57.6,41.6,13.533333333,48.0,48.633333333,51.983333333,56.75,56.216666667,56.2,52.55
m237_gpu5,gpu,utilization,38.8,53.333333333,59.05,23.8,3.0,14.1,44.0,55.0,59.75,60.083333333,38.5,52.683333333,66.0,63.9
m237_gpu6,gpu,utilization,56.9,35.333333333,22.316666667,53.25,51.8,39.8,15.333333333,53.416666667,57.633333333,58.433333333,57.25,58.0,56.0,49.2
m237_gpu7,gpu,utilization,35.1,40.666666667,46.033333333,20.2,2.0,14.3,48.866666667,65.566666667,68.583333333,65.483333333,51.5,55.75,48.4,61.8
