name,machine_type,trace,-10,-9,-8,-7,-6,-5,-4,-3,-2,-1,0,1,2,3
m123_gpu0,gpu,utilization,0.0,0.0,0.0,0.0,3.2,8.6,28.05,67.966666667,34.6,97.0,97.333333333,98.333333333,98.366666667,97.85
m123_gpu1,gpu,utilization,0.0,0.0,0.0,0.0,1.0666666667,2.8666666667,28.05,70.5,40.5,98.3,98.0,99.666666667,99.316666667,99.433333333
m123_gpu2,gpu,utilization,0.0,0.0,0.0,0.0,0.0,0.28333333333,28.766666667,67.966666667,35.3,99.35,99.333333333,98.333333333,98.366666667,97.85
m123_gpu3,gpu,utilization,0.0,0.0,0.0,0.0,0.0,0.28333333333,28.483333333,69.816666667,40.5,99.35,99.333333333,98.333333333,98.366666667,97.566666667
m123_gpu4,gpu,utilization,0.0,0.0,0.0,0.0,1.0666666667,3.15,28.766666667,67.65,34.65,98.3,97.333333333,98.333333333,99.316666667,99.15
m123_gpu5,gpu,utilization,0.0,0.0,0.0,0.0,0.26666666667,1.0,28.483333333,66.966666667,34.65,99.35,99.0,97.666666667,98.366666667,97.85
m123_gpu6,gpu,utilization,0.0,0.0,0.0,0.0,0.8,2.4333333333,28.766666667,67.966666667,35.3,98.3,97.333333333,98.333333333,99.316666667,99.433333333
m123_gpu7,gpu,utilization,0.0,0.0,0.0,0.0,0.53333333333,1.7166666667,28.483333333,67.283333333,34.95,63.7,32.333333333,97.666666667,98.366666667,97.0
