name,machine_type,trace,-10,-9,-8,-7,-6,-5,-4,-3,-2,-1,0,1,2,3
m350_gpu1,gpu,utilization,53.533333333,68.7,70.75,69.65,70.5,76.366666667,61.5,71.4,48.983333333,53.2,62.866666667,61.75,67.0,80.75
m350_gpu2,gpu,utilization,57.2,71.85,67.25,80.1,78.75,71.633333333,63.25,69.066666667,56.966666667,35.666666667,55.083333333,66.5,61.75,75.666666667
m350_gpu4,gpu,utilization,55.266666667,70.7,67.5,80.316666667,74.25,76.366666667,62.25,50.4,40.483333333,36.283333333,59.65,69.0,71.25,72.0
m350_gpu5,gpu,utilization,56.0,65.966666667,66.5,79.75,80.75,75.4,58.25,67.666666667,47.716666667,38.15,59.066666667,70.0,72.5,69.083333333
