name,machine_type,trace,-10,-9,-8,-7,-6,-5,-4,-3,-2,-1,0,1,2,3
m212_gpu0,gpu,utilization,18.0,31.6,13.033333333,0.0,0.0,0.0,0.0,0.0,19.833333333,16.916666667,16.016666667,31.0,32.55,16.433333333
m212_gpu1,gpu,utilization,17.8,27.2,13.033333333,0.0,0.0,0.0,0.0,0.0,0.0,0.0,17.05,29.0,30.683333333,17.4
m212_gpu2,gpu,utilization,20.4,35.8,14.183333333,0.0,0.0,0.0,0.0,0.0,18.133333333,15.466666667,16.533333333,33.5,34.483333333,16.433333333
m212_gpu3,gpu,utilization,0.0,15.6,9.9666666667,0.0,0.0,0.0,0.0,0.0,13.6,11.6,16.533333333,33.5,25.7,8.2166666667
m212_gpu4,gpu,utilization,15.0,25.2,13.8,0.0,0.0,0.0,0.0,0.0,0.0,0.0,16.016666667,25.0,9.1833333333,0.0
m212_gpu5,gpu,utilization,9.0,22.8,12.266666667,0.0,0.0,0.0,0.0,0.0,0.0,0.0,19.633333333,33.5,32.1,16.916666667
m212_gpu6,gpu,utilization,0.0,24.6,15.716666667,0.0,0.0,0.0,0.0,0.0,20.966666667,17.883333333,18.6,36.0,38.066666667,19.333333333
m212_gpu7,gpu,utilization,0.0,20.4,13.033333333,0.0,0.0,0.0,0.0,0.0,8.5,7.25,1.55,19.5,21.016666667,3.3833333333
