name,machine_type,trace,-10,-9,-8,-7,-6,-5,-4,-3,-2,-1,0,1,2,3
m356_gpu0,gpu,utilization,65.966666667,43.0,44.133333333,59.733333333,52.0,51.833333333,47.866666667,60.233333333,67.083333333,67.1,49.65,43.2,49.133333333,51.2
m356_gpu5,gpu,utilization,4.8,26.2,30.2,60.233333333,39.2,60.933333333,31.733333333,54.166666667,1.0,2.85,38.65,51.466666667,63.4,41.2
m356_gpu6,gpu,utilization,7.8333333333,50.2,34.133333333,35.833333333,30.95,30.366666667,40.333333333,30.033333333,2.0,3.65,35.35,41.966666667,40.8,38.266666667
m356_gpu7,gpu,utilization,7.7166666667,51.0,51.8,62.2,38.85,36.066666667,39.333333333,56.133333333,2.0833333333,5.2,46.45,36.4,46.8,29.733333333
