name,machine_type,trace,-10,-9,-8,-7,-6,-5,-4,-3,-2,-1,0,1,2,3
m87_gpu0,gpu,utilization,46.8,28.833333333,64.95,14.4,0.0,0.0,0.0,0.0,20.25,29.35,33.666666667,57.233333333,11.733333333,0.0
m87_gpu2,gpu,utilization,98.466666667,99.0,95.6,98.2,96.7,98.3,99.0,99.0,98.25,98.783333333,98.266666667,98.766666667,99.0,99.0
m87_gpu4,gpu,utilization,48.4,31.0,32.25,58.6,57.333333333,64.966666667,68.766666667,66.066666667,67.25,45.283333333,44.133333333,62.866666667,64.733333333,68.25
m87_gpu7,gpu,utilization,0.0,0.0,0.0,0.0,0.0,0.0,0.0,0.0,0.0,0.0,0.0,0.0,0.0,0.0
