name,machine_type,trace,-10,-9,-8,-7,-6,-5,-4,-3,-2,-1,0,1,2,3
m148_gpu0,gpu,utilization,88.666666667,91.0,91.55,90.866666667,90.0,85.6,86.266666667,94.0,98.0,93.666666667,86.066666667,84.0,49.0,35.6
m148_gpu3,gpu,utilization,70.133333333,76.0,88.5,86.833333333,89.0,86.8,85.533333333,93.0,94.2,91.466666667,58.783333333,29.733333333,24.5,26.8
m148_gpu5,gpu,utilization,45.533333333,65.5,83.2,87.9,91.166666667,78.75,78.4,51.5,18.033333333,49.5,91.033333333,86.266666667,47.833333333,35.6
m148_gpu6,gpu,utilization,62.2,57.0,70.4,80.866666667,84.25,78.55,75.266666667,79.5,67.183333333,41.666666667,35.033333333,59.2,51.333333333,18.8
