name,machine_type,trace,-10,-9,-8,-7,-6,-5,-4,-3,-2,-1,0,1,2,3
m12,cpu,memory,20.888564413073805,20.867832425142545,20.85298650781918,20.84134690008807,20.822062355987452,20.827812713524363,20.82731399806209,20.81862900841361,20.796868903900304,20.799659798270692,20.812787149574767,20.818889885899484,20.826187339287053,20.832875977601663
