name,machine_type,trace,-10,-9,-8,-7,-6,-5,-4,-3,-2,-1,0,1,2,3
m117,cpu,memory,0.36110942343048175,0.36881986075933154,0.35654043196465024,0.3586505669746248,0.37829090403904136,0.37346001498256565,0.3614107577194529,0.3690622355910926,0.383838771296502,0.372744021102799,0.3764477144863553,0.39120899291947475,0.3922494530816843,0.3841089222006926
