name,machine_type,trace,-10,-9,-8,-7,-6,-5,-4,-3,-2,-1,0,1,2,3
m102,cpu,memory,26.376264263770206,26.350942895262996,26.3158159352979,26.28770651229144,26.22017684079634,26.151171264827415,26.09696138133755,26.083235136569773,26.057912759113915,26.042546149349175,25.991571161568622,25.896588746881083,25.818851064853114,25.813728861598197
