name,machine_type,trace,-10,-9,-8,-7,-6,-5,-4,-3,-2,-1,0,1,2,3
m1,cpu,memory,33.97776901660361,33.977736506877264,33.97447657485489,33.96910480351329,33.97939938676215,33.95513747112779,33.933038277626444,33.85885991846271,33.715251354134026,33.70252883344305,33.70702857974073,33.73115743340969,33.828695041790844,33.57548863137104
