name,machine_type,trace,-10,-9,-8,-7,-6,-5,-4,-3,-2,-1,0,1,2,3
m277,cpu,memory,11.012415800300948,10.97704724729732,10.96660963242104,10.966700961582204,10.966666194120297,10.965271914160269,10.974307046305057,10.977881021261686,10.956447430996393,10.951224320193491,10.94521115035078,10.922650377038622,10.911545467943494,10.897521346703318
