name,machine_type,trace,-10,-9,-8,-7,-6,-5,-4,-3,-2,-1,0,1,2,3
m401,cpu,memory,0.4376334399330806,0.4076023073175362,0.3896530918790363,0.4013122475697551,0.385245292415959,0.39480298286185056,0.3712532253230014,0.40391788428533354,0.38335865308588213,0.5326559084245039,0.5054532015049985,0.417146696545378,0.3723843583565118,0.3666340703688719
