name,machine_type,trace,-10,-9,-8,-7,-6,-5,-4,-3,-2,-1,0,1,2,3
m164,cpu,memory,41.68685825944068,42.01703774674909,41.998270923240185,41.96276173642387,41.87102481803185,41.72599572404154,41.68816410022436,41.61543312427867,41.57450648327309,41.60169739009327,41.54075886022739,41.50517763864189,41.48503491015337,41.42612735227765
