name,machine_type,trace,-10,-9,-8,-7,-6,-5,-4,-3,-2,-1,0,1,2,3
m309,cpu,memory,39.22264952407002,39.16136450647214,39.11900456399153,38.98763563715066,38.94950815665134,38.86528811393825,38.8634778366881,38.88271890960129,38.900995431389646,38.932345907910225,38.937934385521274,38.95189747767229,38.960677640353126,38.83308777327781
