name,machine_type,trace,-10,-9,-8,-7,-6,-5,-4,-3,-2,-1,0,1,2,3
m199,cpu,memory,8.053378060601249,8.100973279193212,8.117793191467607,8.307484762906684,8.381237761055338,8.613471239148257,8.733830547267075,8.930960789885418,9.020027053945354,9.263263385314772,9.375599803883098,9.479325101261342,9.488971180398293,9.634309230366549
