name,machine_type,trace,-10,-9,-8,-7,-6,-5,-4,-3,-2,-1,0,1,2,3
m194,cpu,memory,18.624157260968442,18.60616647608832,18.58894819624514,18.633907049236875,18.639904356059517,18.63044098559768,18.589018993017305,18.509446525562463,18.52192169936816,18.489902679084636,18.21243190618802,16.760876928345066,12.509390605009377,12.499234561957428
