name,machine_type,trace,-10,-9,-8,-7,-6,-5,-4,-3,-2,-1,0,1,2,3
m134,cpu,memory,3.69511826650007,3.7042385565611844,3.682273283862013,3.6532230840061324,3.6435325833019805,3.608296474590304,3.5541813275928837,3.5249272178894766,3.5479536849863775,3.5637495175976093,3.56145729226743,3.54860806939489,3.507685515861778,3.5001559951978742
