name,machine_type,trace,-10,-9,-8,-7,-6,-5,-4,-3,-2,-1,0,1,2,3
m238,cpu,memory,17.21117099619835,17.200563020645987,17.164245491061415,17.11358283068104,17.09352939009085,17.08785772897641,17.05118118392561,17.060096808245262,17.08090225400285,17.06127198905652,17.094137677156994,17.123187762908845,17.08836975040977,17.050337658523713
m240,cpu,memory,17.931351734173344,17.93272818000937,17.935508128859926,17.955794084308693,17.895912002056445,17.894412535521965,17.86197148356782,17.84326732774028,17.849595334162096,17.85633909567766,17.842703513476053,17.825206593328506,17.819268799987594,17.822496004384757
