name,machine_type,trace,-10,-9,-8,-7,-6,-5,-4,-3,-2,-1,0,1,2,3
m30,cpu,memory,0.44588286658523196,0.4152475258080358,1.772712255689047,9.879384157694988,9.798829962379731,9.692115905439078,9.61270874390413,9.503031192194625,9.446207607915026,9.32222406026712,9.246478379256386,9.148205203202334,9.076553506254436,8.941411289395639
m315,cpu,memory,0.9779594782256691,0.87203990996907,0.9999338119651967,0.9305311935575573,0.648194499071116,0.6289924836392067,0.841551892106961,0.9021037529649081,0.9351413127802303,0.7207187124758178,0.7671130487703895,0.3913867041753771,0.37305093330665423,0.37464346948085175
