name,machine_type,trace,-10,-9,-8,-7,-6,-5,-4,-3,-2,-1,0,1,2,3
m171,cpu,memory,44.01434770224117,44.05910166028804,44.000374109830915,43.984310789788495,44.00140176094515,44.0356693162428,44.0356693162428,44.03349377307937,43.976883210797624,44.01282485231415,43.896767008988874,43.932733283617594,43.924037774189465,43.934782730915146
