name,machine_type,trace,-10,-9,-8,-7,-6,-5,-4,-3,-2,-1,0,1,2,3
m40,cpu,memory,71.59798718492105,71.3914505121325,71.31218023710301,71.30294409777835,71.22654102955377,71.18118929877183,71.08072057719465,71.02396695621613,70.99748164334346,70.93536725670337,70.86015397745201,70.85310913073316,70.80160401142234,70.78793874652672
