name,machine_type,trace,-10,-9,-8,-7,-6,-5,-4,-3,-2,-1,0,1,2,3
m348,cpu,memory,42.66057035977057,42.695865365528505,42.71014001458701,42.72919143733409,42.732010738954145,42.72567254813438,42.73608419214235,42.73536976184905,42.737500176802634,42.728865596136686,42.684924954815756,42.64710923187789,42.63630960641477,42.62018081450179
