name,machine_type,trace,-10,-9,-8,-7,-6,-5,-4,-3,-2,-1,0,1,2,3
m167,cpu,memory,12.707432840688249,12.717352164828437,12.775351224592924,12.780742518005406,12.68206771382748,12.657214507691922,12.666881732831971,12.663027866687004,12.636279176438133,12.657364989140481,12.706239083388043,12.71425938954324,12.722119016981848,12.695553418691844
m372,cpu,memory,21.463003187889967,21.458667739917704,21.46396423137299,21.49778813631346,21.553005278833453,21.51056797472974,21.45245321417404,21.442289566005726,21.45594680259349,21.45060684762109,21.43717465210105,21.434339074071403,21.433747091881816,21.450835775417612
m181,cpu,memory,33.19604657059826,33.03889935336584,33.00571937481835,32.98522539286477,32.96845443142511,32.92241879334009,32.887581900713215,32.86691734565666,32.79878351218899,32.67550659076533,32.562519922040686,32.51548543024157,32.51449652164653,32.511051192117954
m160,cpu,memory,31.667382880814007,31.65738930069351,31.65095094540873,31.65968322562054,31.7122442974654,31.753635145460127,31.69748719688967,31.64540366794527,31.61973838536699,31.6502359425356,31.730540974496275,31.715101885147515,31.655289018607718,31.665739142086508
