name,machine_type,trace,-10,-9,-8,-7,-6,-5,-4,-3,-2,-1,0,1,2,3
m111,cpu,memory,0.7946068932182053,0.817186772818716,0.8055994234734898,0.8134390112839303,0.7768697904554865,0.7456649205582984,0.6967241341607767,0.6980236145927307,0.8505631223149852,0.8239560673886233,0.7338853977288456,0.6319058276026059,0.6244952732856869,0.6854199719042063
