name,machine_type,trace,-10,-9,-8,-7,-6,-5,-4,-3,-2,-1,0,1,2,3
m174,cpu,memory,0.5116644368494179,0.48198011666758944,0.4696708043909722,0.4571889505380935,0.5050272902426433,0.4797366722683618,0.5232359294208212,0.5363555510755994,0.48787121528930827,0.43688214919580676,0.5197428962818733,0.6721872703551312,0.5575907856480498,0.43737352419400466
