name,machine_type,trace,-10,-9,-8,-7,-6,-5,-4,-3,-2,-1,0,1,2,3
m67,cpu,memory,24.03086462704624,24.02112743208492,24.011018764188506,24.005561784956388,24.004857955249292,24.018135594566587,24.034783006908977,24.03661086409558,24.03661086409558,24.03337146313713,24.00949134654461,24.00949134654461,24.004041130865083,24.01508893498091
