name,machine_type,trace,-10,-9,-8,-7,-6,-5,-4,-3,-2,-1,0,1,2,3
m290,cpu,memory,35.78470233644795,35.58482843496398,35.42913262793196,35.14927796037876,34.922293108889036,34.78176462060108,34.52676953919736,34.40260012730698,34.16817896648646,34.019328463388696,33.85445764644816,33.707238219583694,33.5023525123783,33.23733316267399
