name,machine_type,trace,-10,-9,-8,-7,-6,-5,-4,-3,-2,-1,0,1,2,3
m265,cpu,memory,30.877620033314916,30.886646886780472,30.886646886780472,30.852075170377166,30.83210543209776,30.850603555354834,30.840236182045015,30.835877877854717,30.824159838425263,30.775569779994225,30.72254988802449,30.711810585575776,30.692338520210264,30.681239606125228
