name,machine_type,trace,-10,-9,-8,-7,-6,-5,-4,-3,-2,-1,0,1,2,3
m29,cpu,memory,43.968341864180324,43.968341864180324,43.85606681543428,43.780901490584775,43.7768753879436,43.73261985999533,43.6932454457913,43.624253044836664,43.598265001677014,43.58392629479043,43.59078578268762,43.5570650150913,43.552989089694954,43.4654008886532
