name,machine_type,trace,-10,-9,-8,-7,-6,-5,-4,-3,-2,-1,0,1,2,3
m15,cpu,memory,47.55047317685212,47.372007259538876,47.09889077888928,46.97263128538286,46.74368850751379,46.5869464226232,46.48626023759185,46.39616565287708,46.38081226923659,46.36005854188876,46.252310852074515,45.99017885028889,45.752338241339125,45.680649708111346
