name,machine_type,trace,-10,-9,-8,-7,-6,-5,-4,-3,-2,-1,0,1,2,3
m183,cpu,memory,32.38038229771078,32.380716154272804,32.279906360956204,32.27926363029599,32.26922835134755,32.25602610337398,32.28388896957299,32.28712730252013,32.24074440595698,32.17170503899929,32.12930742606917,32.08454172766425,32.03565230757416,31.974129129480144
