name,machine_type,trace,-10,-9,-8,-7,-6,-5,-4,-3,-2,-1,0,1,2,3
m352,cpu,memory,27.355862163545723,27.303054586174014,27.262238897339742,27.196295022431144,27.138105627769438,27.128547230624115,26.976162492085148,26.761735651546253,26.726448420182518,26.561081698354442,26.337487824848147,26.281565138391258,26.22524392100298,26.182210992735207
