name,machine_type,trace,-10,-9,-8,-7,-6,-5,-4,-3,-2,-1,0,1,2,3
m89,cpu,memory,6.098048363899948,5.92581531803361,6.048618583058449,6.13323927444579,6.159261351610585,6.219376443836837,6.289835701620501,6.104560925189564,6.319495437935975,6.359761029632244,6.371732628813446,6.094263352825384,6.224401048503589,6.136630640307563
