name,machine_type,trace,-10,-9,-8,-7,-6,-5,-4,-3,-2,-1,0,1,2,3
m120,cpu,memory,69.44698680154328,66.82162987223386,65.61794138576981,65.07615854866708,63.99279771943228,63.203704216976796,63.60749013532163,70.97714780142934,70.94074720564005,70.89860724993171,70.72310233000279,70.06101374291798,68.77772696899983,68.04001642545688
