name,machine_type,trace,-10,-9,-8,-7,-6,-5,-4,-3,-2,-1,0,1,2,3
m346,cpu,memory,1.1783155423190241,0.9579584183563447,0.9698959404055639,1.0461476227943134,1.0482097523113971,1.0930299772727974,1.224689068659603,1.253452989519776,1.1557970577739822,1.1188212035128706,0.9565334724147911,0.8447083933200314,1.029080098487472,1.1117249313248594
m16,cpu,memory,38.29741410511578,38.30973178374065,38.29451166461247,38.283334860827324,38.262516823887495,38.22377354965657,38.17936910618765,38.10165201958431,37.96993685866832,37.9671009500942,38.01999363502945,38.020567681381024,37.96347060140942,37.977071558606006
m33,cpu,memory,24.646599095703365,24.57738955877695,24.569019538455322,24.59707537739147,24.571550049819727,24.524274918389114,24.726271411215457,25.212382214615108,25.502528058085883,25.512015380193663,25.505670929349154,25.50235996307604,25.4989353679836,25.497732352886125
m321,cpu,memory,43.68757110343198,43.64060687205111,43.643292454848016,43.645912970868196,43.618049076367896,43.58897373930409,43.56042302903755,43.53462296834465,43.49134668090497,43.46727138669782,43.4476925582855,43.434946110557085,43.459891006817024,43.43415288383496
m346,cpu,memory,1.1783155423190241,0.9579584183563447,0.9698959404055639,1.0461476227943134,1.0482097523113971,1.0930299772727974,1.224689068659603,1.253452989519776,1.1557970577739822,1.1188212035128706,0.9565334724147911,0.8447083933200314,1.029080098487472,1.1117249313248594
m16,cpu,memory,38.29741410511578,38.30973178374065,38.29451166461247,38.283334860827324,38.262516823887495,38.22377354965657,38.17936910618765,38.10165201958431,37.96993685866832,37.9671009500942,38.01999363502945,38.020567681381024,37.96347060140942,37.977071558606006
m23,cpu,memory,37.63451750159811,37.50671738893205,37.43778864260463,37.449650244258706,37.44664321193582,37.27708022155649,37.14257751156206,37.125228086755925,37.131589801412254,37.10417638260871,37.078031905084046,36.92482052147494,36.77462919565902,37.11840110669211
m109,cpu,memory,19.831240181964212,19.953020827471462,20.417211814432076,20.617501107458384,20.569121924974382,20.568914632404077,20.555145303825217,20.521230293737396,20.51150009137705,20.507604830257055,20.522405722702235,20.531234294095757,20.49553409418082,20.51202716766693
