name,machine_type,trace,-10,-9,-8,-7,-6,-5,-4,-3,-2,-1,0,1,2,3
m221,cpu,memory,0.3901718643700729,0.3888965886162667,0.3886667073325345,0.3846909701018947,0.37742968212824757,0.3901164637000189,0.3848058223992325,0.37756713638974687,0.3676269414708622,0.3554912641780569,0.36373554199298047,0.3687639931523848,0.3665846135800112,0.37647073290211763
