name,machine_type,trace,-10,-9,-8,-7,-6,-5,-4,-3,-2,-1,0,1,2,3
m325,cpu,memory,0.6406184115463766,0.5343628551923277,0.37819196522813886,0.3590421576832958,0.44705307035076014,0.4519741905748249,0.3801126400117854,0.40016217231089324,0.41789242255181436,0.39752410285573136,0.4044473457071048,0.41478970668768567,0.487530424439597,0.4613146952072509
