name,machine_type,trace,-10,-9,-8,-7,-6,-5,-4,-3,-2,-1,0,1,2,3
m56,cpu,memory,83.7809742825387,83.77512316215365,83.7309453705756,83.71604478340306,83.70776845144093,83.69614485755568,83.69817623274672,83.70748415318369,83.68586016881827,83.69790485773983,83.69778330498232,83.68384999479966,83.68679826958757,83.68452873519075
