name,machine_type,trace,-10,-9,-8,-7,-6,-5,-4,-3,-2,-1,0,1,2,3
m375,cpu,memory,11.943203830918591,11.87891643711602,11.763104414380912,12.094218091031594,12.162888789371259,12.35642723782615,12.355058904125936,12.317664566415429,12.332769972814342,12.2664594317686,12.26326157564327,12.247551872794965,12.245844068004336,12.164739045975105
