name,machine_type,trace,-10,-9,-8,-7,-6,-5,-4,-3,-2,-1,0,1,2,3
m251,cpu,memory,22.28854206356783,22.23308584671596,22.25064223025572,22.169504425191807,22.226421087396016,22.21870184560329,22.201317246693108,22.201317246693108,22.06143917972864,22.146241599880256,22.221146251978876,22.256906176441408,22.242886996279037,22.224479616004217
m104,cpu,memory,31.715746871626276,32.428517052661064,32.49041561299188,32.54828731102153,32.541868845217664,32.863208408382356,32.688791787975816,32.688791787975816,32.42002197951575,32.25516026513169,32.25024676752585,32.350237340334424,32.34714108191022,32.32373241908304
m154,cpu,memory,20.824343553236723,20.84870043780937,20.875763216331766,20.887869244536834,20.87738787351517,20.886562764529263,20.890744600771086,20.890744600771086,20.85782989657561,20.875443878362,20.826542373324898,20.877781013899966,20.84257748303287,20.833299662989642
m98,cpu,memory,21.854971975723675,21.909603850183103,21.88174055545345,21.81263896437373,21.81554652752849,21.856704509508,21.837094941979387,21.837094941979387,21.809235685419363,21.89428697358109,21.865086507088826,21.826986266830986,21.81934365409631,21.837594645973144
m218,cpu,memory,40.24832418610551,40.063720544910744,39.86053284272967,39.66414528796715,39.306453566001366,39.20870305591838,38.98015128696231,38.98015128696231,38.945146800073516,38.773015219560726,38.683352658949566,38.68100542760892,38.50983145741563,38.43731300843986
m249,cpu,memory,30.885077937961114,30.609149067324413,30.67363696290148,30.403517210916725,30.35537119418603,30.055658138205867,29.836350519454147,29.836350519454147,29.76034852712893,29.65729678019236,29.619962981955887,29.535928972556373,29.283275598285158,29.113282160064717
m152,cpu,memory,14.63547446001956,14.694179789821941,14.638491666332486,14.49889285625152,14.522780577144623,14.572264169984937,14.616280748999674,14.616280748999674,14.64678426309318,14.701816244215413,14.691863098795512,14.726172875881884,14.728422781503962,14.77038557076654
m122,cpu,memory,21.51980970188086,21.462692279873792,21.304797348549783,21.41454525303278,21.367288648274318,21.33636594597391,21.276069680316894,21.276069680316894,21.146618465676664,20.98680144738661,21.07746992794082,21.106794677375916,21.227724417434402,21.197261035159833
