name,machine_type,trace,-10,-9,-8,-7,-6,-5,-4,-3,-2,-1,0,1,2,3
m233,cpu,memory,43.02212490749474,43.01328144417056,42.93177606014797,42.80449078388064,44.18300363453213,44.22718864397362,44.15108395574928,44.09399596388738,43.742328380370964,43.49379783930977,43.45053139527157,43.31179829230311,43.26240667811793,43.26220223824109
