name,machine_type,trace,-10,-9,-8,-7,-6,-5,-4,-3,-2,-1,0,1,2,3
m23,cpu,memory,0.8338582011677484,0.9256610066136451,1.0053900724965004,1.1784664113762826,1.2507710916948587,1.269967832066846,1.3849844574205041,1.4779473960750331,1.4952168489230502,1.6005262524728898,1.65418296203291,1.7035563533182347,1.8243218153824925,1.8587653410358507
m40,cpu,memory,47.496888273637595,47.559720622837744,47.55065035807871,47.56503020470459,47.582165395449415,47.68866711318355,47.71367101874238,47.7781640766002,47.84359013748112,47.75051991900122,47.67300520137449,47.37586981027858,47.3053546105069,47.55700858968529
m320,cpu,memory,2.987024725935473,3.0401058741497797,3.014276940110201,3.1167758380656876,3.1904826098973373,3.2024458005656595,3.1556174838436464,3.118414284924434,3.1026303779726847,3.0051794539922745,3.007018239247477,5.5848504438632025,6.065785208741595,25.06064065339348
m321,cpu,memory,31.694150957329853,31.579086339715104,31.460534784203258,31.56903940698261,31.576773797225684,31.53044040105107,31.44747794184591,39.37158735517555,40.86963711043527,39.66237703282141,38.748498981601685,37.38231355454253,36.628112839423956,35.38918982165332
