name,machine_type,trace,-10,-9,-8,-7,-6,-5,-4,-3,-2,-1,0,1,2,3
m319,cpu,memory,4.092104541042774,4.097512278659003,4.085957942567962,4.111285658176162,4.095726736173096,4.1002204255608365,4.099288331159405,4.104696295931053,4.129132767253953,4.1330855492369665,4.109486549400761,3.8947115301470676,3.6752516952078866,3.825675767683853
