name,machine_type,trace,-10,-9,-8,-7,-6,-5,-4,-3,-2,-1,0,1,2,3
m2,cpu,memory,39.39672790363152,32.27062403832655,28.259146165930673,23.738233158473243,16.67717212075742,15.623874754626781,34.316938457577834,50.832622318533744,69.67012004058726,85.86553971630337,85.7709892175989,85.72191326064335,85.62043297849958,85.47919272665696
