name,machine_type,trace,-10,-9,-8,-7,-6,-5,-4,-3,-2,-1,0,1,2,3
m88,cpu,memory,30.252930441194582,30.236232346692354,30.218825175192855,30.202169534145426,30.196943596582642,30.180214811490377,30.179127091018632,30.1631312096341,30.139732181716944,30.1051069323533,30.081715678830342,30.081353644202892,30.070889854775608,30.04017137573984
