name,machine_type,trace,-10,-9,-8,-7,-6,-5,-4,-3,-2,-1,0,1,2,3
m357,cpu,memory,1.9473102708595156,1.927874853234884,1.9222555455225212,1.9400741592781086,1.969650362682399,1.9671455577395456,1.9457885945688291,1.9114061862734402,1.8793894882186903,1.8124099871476977,1.763910715165671,1.6841365841653835,1.626679539217202,1.4431051621765512
