name,machine_type,trace,-10,-9,-8,-7,-6,-5,-4,-3,-2,-1,0,1,2,3
m212,cpu,memory,25.11496880913802,25.103284742694395,25.032368233123368,25.130624839514695,25.13951037770131,25.11962004349148,25.14978810033921,25.11856208037958,25.077088674388214,25.141012278219836,25.095724277783575,25.027372227954277,25.02204301039445,25.063490948477455
