name,machine_type,trace,-10,-9,-8,-7,-6,-5,-4,-3,-2,-1,0,1,2,3
m65,cpu,memory,5.552894320454267,5.538819871606003,5.538455691117029,5.537857414096939,5.530008702210512,5.536251576723621,5.540275836945054,5.549103979961318,5.536366454329858,5.534549778868743,5.524089650429618,5.526363741185537,5.535002272462809,5.544644439415561
