name,machine_type,trace,-10,-9,-8,-7,-6,-5,-4,-3,-2,-1,0,1,2,3
m346,cpu,memory,22.55435410257224,22.490077296673032,22.56727964909758,22.532200340660438,22.49757549449766,22.442629021703397,22.3829267719531,22.53074689996457,22.575193340684486,22.482797923342133,22.588909336956956,22.57806498837782,22.601781831334254,22.608750353832423
