name,machine_type,trace,-10,-9,-8,-7,-6,-5,-4,-3,-2,-1,0,1,2,3
m134,cpu,memory,30.612379106750385,30.60664918703196,30.60659870741904,30.606718191169275,30.61163736858983,30.61160460709957,30.613755869241707,30.60544531252981,30.596293474366966,30.615064587327353,30.60158341864786,30.60658881290759,30.593406883633005,30.589869316578994
