name,machine_type,trace,-10,-9,-8,-7,-6,-5,-4,-3,-2,-1,0,1,2,3
m143,cpu,memory,27.983486022536486,27.879841416441845,27.685187546479785,27.54763386094672,27.54763386094672,27.22741162919743,27.039670477219005,27.039670477219005,26.982548942073617,26.977534813688035,26.81626092708426,26.652003178010318,26.55276023818245,26.552757360880484
