name,machine_type,trace,-10,-9,-8,-7,-6,-5,-4,-3,-2,-1,0,1,2,3
m279,cpu,memory,27.21488599146647,27.562490529375072,27.72393341837263,27.721383692973816,27.720266144092065,27.790570279698215,27.984084040599498,28.089413741896447,28.14792499402843,28.136152853191174,28.118546121140906,28.055755802199936,27.893379780326324,27.735432417605413
