name,machine_type,trace,-10,-9,-8,-7,-6,-5,-4,-3,-2,-1,0,1,2,3
m8,cpu,memory,15.222987642855784,15.132690773134275,15.067893706369263,15.035747584256313,15.021185886367519,14.993712721243186,14.991004445773275,14.967208396506164,14.961310793841559,14.96477631580063,14.866627255946765,14.892771934270138,14.968026181183003,14.941365021837397
