name,machine_type,trace,-10,-9,-8,-7,-6,-5,-4,-3,-2,-1,0,1,2,3
m325,cpu,memory,12.65968268750423,12.606038395830552,12.593992646850374,12.547921085722942,12.480431393581533,12.46591551871909,12.480349213862041,12.374584754783605,12.188097109630535,12.21633670518546,12.381715630370522,12.384672487279447,12.376534783158347,12.317819701072859
