name,machine_type,trace,-10,-9,-8,-7,-6,-5,-4,-3,-2,-1,0,1,2,3
m58,cpu,memory,57.56644260598814,57.51083899906902,57.53689523996426,57.74002084476556,58.4497643160311,59.08902338033492,59.41197730553815,59.664471154017974,59.884745378235266,60.14735208562899,60.53126715591299,60.797390632389174,60.96589199866845,61.149152004592054
