name,machine_type,trace,-10,-9,-8,-7,-6,-5,-4,-3,-2,-1,0,1,2,3
m406,cpu,memory,27.365787643847682,26.01365864331517,22.763703438363738,21.287617997396616,20.459650504124507,20.09456068740198,20.765760754703585,20.843033122107062,17.852340012772796,16.67503471900208,14.28862752150844,12.54134027966527,9.230059484697327,17.22114900541363
m128,cpu,memory,11.578986618486296,11.66168731893063,11.765526257053857,11.711371433576636,11.716597850626655,11.690982190348851,11.660227996802378,11.641634593772816,11.625359185719908,11.563199468323056,11.541554737096073,11.499522920617784,11.479489289197984,11.456529025222792
