name,machine_type,trace,-10,-9,-8,-7,-6,-5,-4,-3,-2,-1,0,1,2,3
m406,cpu,memory,0.3536565046279736,6.13028341545557,8.139388137798656,6.6274135541503085,5.741920717791739,5.081614708246729,4.609626219695877,4.240092914175959,3.9991002349256486,3.626204991349619,3.195412904682679,2.8972570186254116,2.68145780594155,2.352946017998826
