name,machine_type,trace,-10,-9,-8,-7,-6,-5,-4,-3,-2,-1,0,1,2,3
m385,cpu,memory,31.202498797817807,31.15173188440079,31.15173188440079,31.15865406719354,31.190469455137745,31.229284461263973,31.167312020259114,31.180114399330503,31.16193792625336,31.16997680508448,31.13852638017967,31.136818676851792,31.11319905641456,31.098388017694017
