name,machine_type,trace,-10,-9,-8,-7,-6,-5,-4,-3,-2,-1,0,1,2,3
m322,cpu,memory,0.547747609647315,0.4639877592040195,0.5564338309553897,0.5949265533841585,0.4457891776010704,0.5394501269980515,0.5011747039604577,0.379688515611877,0.3999246813206343,0.4903535877017693,0.551780905543416,0.6208467786688765,0.5235588513085151,0.39727866142581764
