name,machine_type,trace,-10,-9,-8,-7,-6,-5,-4,-3,-2,-1,0,1,2,3
m274,cpu,memory,61.3891398872134,61.304782744847344,61.20548452864129,61.074898835577095,61.021173247439904,60.91654445263449,60.76868707113436,60.65031587891792,60.477735507393426,60.36180709343981,60.264366302484035,60.174893922962575,60.09970184488362,59.94673235718693
