name,machine_type,trace,-10,-9,-8,-7,-6,-5,-4,-3,-2,-1,0,1,2,3
m273,cpu,memory,0.37168487110383785,0.6607812943994196,0.6296880209052343,0.6421948322929716,0.6667989569409337,0.6660825844688025,0.6183217190345217,0.5538520076995389,0.5422707410653261,0.5460360945379359,0.5217122923027145,0.5120325436785039,0.5193222134534341,0.5066015226318578
