name,machine_type,trace,-10,-9,-8,-7,-6,-5,-4,-3,-2,-1,0,1,2,3
m168,cpu,memory,10.469485223153848,10.39576243686518,10.312108668002422,10.323753639105526,10.357881242056754,10.26024275073612,10.245578783223525,10.290062174558217,10.269522781598667,10.223743784156982,10.122782046919891,10.102947744380009,10.141762737255506,10.055956165947572
