name,machine_type,trace,-10,-9,-8,-7,-6,-5,-4,-3,-2,-1,0,1,2,3
m67,cpu,memory,38.77647397971023,38.690902313038826,38.56495361736221,38.45096935091884,38.376488774721246,38.263107730850024,38.263107730850024,38.23046898023148,38.36047716850286,38.36047716850286,38.41153895615482,38.37881358360328,38.41943502994605,38.258327320781795
m369,cpu,memory,45.673331366268364,45.69196437062715,45.71210366717588,45.73503122077078,45.68941396991287,45.677568975212864,45.677568975212864,45.70530576300566,45.684755112602154,45.684755112602154,45.6937892350411,45.66309725747085,45.66003217368776,45.60960669947356
