name,machine_type,trace,-10,-9,-8,-7,-6,-5,-4,-3,-2,-1,0,1,2,3
m139,cpu,memory,14.570767221704779,14.589419609424732,14.638168979522758,14.681107714010237,14.660141268863516,14.634352819030548,14.631181502229968,14.602291648923305,14.571438137916775,14.573512369763469,14.56189470785269,14.536757689218497,14.521679819167327,14.467135941493485
m347,cpu,memory,11.194345988618545,11.833213587092388,11.434083343989446,11.158959061202394,11.791925262982373,11.812728206580408,11.380268395371397,10.866633636312725,10.981566315056327,10.919859962015979,11.31897218412237,11.059257229001618,11.382415948065548,11.800035115198993
m268,cpu,memory,23.02172907592691,22.222343842916032,21.90689159858718,21.802202935078196,21.747879979299782,21.70350653118774,21.758010403006423,21.67390040573592,21.591671204222354,21.560190340491435,21.53678997614323,21.53071821212815,21.503530964403172,21.476288972222285
m350,cpu,memory,12.31011510661676,12.286472392045296,12.295905702273389,12.282702293561004,12.26241688553596,12.220272614631863,12.152364073074747,12.114816821908214,12.121576525540961,12.106422116796532,12.083349953601235,12.103664639309603,12.076658396594098,11.969673267520452
