name,machine_type,trace,-10,-9,-8,-7,-6,-5,-4,-3,-2,-1,0,1,2,3
m302,cpu,memory,43.69256996013465,43.70353872284921,43.69866557910684,43.67333336078881,43.68161714077428,43.72608996521351,43.73735761282595,43.736509318125904,43.73116539120843,43.67328137833795,43.60329615902341,43.605388326812054,43.60897641425274,43.61943695037822
