name,machine_type,trace,-10,-9,-8,-7,-6,-5,-4,-3,-2,-1,0,1,2,3
m385,cpu,memory,30.08173960586778,29.998621469482334,29.99746555127501,29.94064095747887,29.9345459232841,29.881098676253313,29.93055949712273,29.91887795399721,29.894809574779597,29.86342376423363,29.724127113279863,29.31578425468884,29.447475437457424,29.912051630791154
