name,machine_type,trace,-10,-9,-8,-7,-6,-5,-4,-3,-2,-1,0,1,2,3
m54,cpu,memory,29.233823904864035,29.203945041472828,29.186035502514127,29.207578165239635,29.22099159238735,29.201698574708786,29.196935328125395,29.20701557698597,29.220177870567568,29.205679297376186,29.168470028296298,29.156129734456528,29.172455848709888,29.171342584611306
