name,machine_type,trace,-10,-9,-8,-7,-6,-5,-4,-3,-2,-1,0,1,2,3
m399,cpu,memory,14.408012888276,15.193891157784517,14.961508615194845,15.305607227587197,11.612337677955827,7.86480716023107,4.4185862788677435,3.465808026314108,3.693777443781911,9.827200853766671,12.332122605047418,12.332122605047418,13.128664155657857,17.78124854431236
m210,cpu,memory,16.59341964465654,14.36214228397565,13.897656246734641,13.154623704063193,11.42275748839039,11.588352059786276,10.58704711248058,8.001235455352118,7.519761865137706,17.34825730300128,18.722040474393495,18.722040474393495,16.81041414915364,13.386513748528714
