name,machine_type,trace,-10,-9,-8,-7,-6,-5,-4,-3,-2,-1,0,1,2,3
m30,cpu,memory,0.4128463037361131,0.4635177494095322,0.4539284591272592,0.44781968202966216,0.41484273485189854,0.4054501359290454,0.3724220282967808,0.3818378096983976,0.37664494848221114,0.47449935097153767,0.5819478770993477,0.574295011043085,0.5176900008183652,0.5161480950693584
