name,machine_type,trace,-10,-9,-8,-7,-6,-5,-4,-3,-2,-1,0,1,2,3
m346,cpu,memory,8.023722870146878,8.005910806039196,7.97787763153495,7.937956555890138,7.9002332592741045,8.01038271387243,7.995129050892869,7.939993559424554,7.92044590184669,7.879179990404653,7.8473337596762915,8.013388585809716,7.939267747508998,7.772434384037188
