name,machine_type,trace,-10,-9,-8,-7,-6,-5,-4,-3,-2,-1,0,1,2,3
m294,cpu,memory,15.822574167342125,15.760354758612234,15.817131649770444,15.844522655906001,15.844522655906001,15.962592035614515,15.946867681241706,15.752214568464371,15.743277201550946,15.743277201550946,15.795326016788541,15.71038897124703,15.803969810499678,15.71536425548812
m231,cpu,memory,0.5180603020100952,0.5177528219176933,0.5159487030970249,0.5448364362864486,0.5448364362864486,0.5737917860721745,0.3797955310472695,0.48593848140605694,0.48160189516674456,0.48160189516674456,0.44092407642089804,0.4585967301371214,0.4429085945032568,0.43939982570213293
m288,cpu,memory,14.497770575571247,14.507763243335065,14.539403620711994,14.540598281601058,14.540598281601058,14.54966433186989,14.567280133695805,14.555641093809978,14.519139906029437,14.519139906029437,14.561131137406255,14.57310901745832,14.551584552342698,14.575823499535483
m50,cpu,memory,21.738553229571565,21.667006138451168,21.702334812428077,21.65590956974583,21.65590956974583,21.64240525582213,21.607701864994446,21.63376015028845,21.597636583783004,21.597636583783004,21.55259784666658,21.591103012801693,21.53700271855062,21.55337577825718
