name,machine_type,trace,-10,-9,-8,-7,-6,-5,-4,-3,-2,-1,0,1,2,3
m193,cpu,memory,9.09184085146089,9.090279120098039,9.067397477074113,9.035628176503517,9.138282663237973,9.353321384756393,9.510641756800926,9.757290139172673,9.495838606052292,8.793612149409084,8.537272887740821,8.287666563225137,8.265877411693936,8.259315939023248
m186,cpu,memory,0.7131854058882683,0.6844183679446512,0.5958800508802394,0.5161464797482463,0.39796622301900936,0.4344754369576778,0.6128670864314556,0.8718707044342434,0.735032330671082,0.8024665968903272,0.5113134453413483,0.4319930446828036,0.45562542368271514,0.4734838905314413
