name,machine_type,trace,-10,-9,-8,-7,-6,-5,-4,-3,-2,-1,0,1,2,3
m381,cpu,memory,53.538502934333124,53.5126090338438,53.5126090338438,53.43090940732971,53.38768415414077,53.383956988030604,53.35085307422452,53.27693659875708,53.04264739062633,52.87942541915173,52.69285782778481,52.7183411316041,52.50930171152219,53.32226864273608
