name,machine_type,trace,-10,-9,-8,-7,-6,-5,-4,-3,-2,-1,0,1,2,3
m403,cpu,memory,1.289860707055508,1.2368094105095442,1.1928068128178149,1.167929123932522,1.173326648341449,1.187937200687372,1.1485680172862902,1.1844408670229176,1.1749357208776239,1.17864289139587,1.1689658204768023,1.1626769015833855,1.1162531750818911,1.1156838272674297
