name,machine_type,trace,-10,-9,-8,-7,-6,-5,-4,-3,-2,-1,0,1,2,3
m418,cpu,memory,0.5344268877872221,0.4857136101675917,0.44706702778295526,0.6986452632552608,0.8072549573982127,1.661506907042884,1.1850403270529202,1.0854239556991507,1.0117868069465459,0.9349418198373131,0.8155501558861632,0.7127816497575706,0.5928760971379569,0.5258897814044032
m418,cpu,memory,0.5344268877872221,0.4857136101675917,0.44706702778295526,0.6986452632552608,0.8072549573982127,1.661506907042884,1.1850403270529202,1.0854239556991507,1.0117868069465459,0.9349418198373131,0.8155501558861632,0.7127816497575706,0.5928760971379569,0.5258897814044032
m270,cpu,memory,0.5279666886308289,0.5102601761500923,0.41024172707915507,0.5053578088551968,0.6214781066698828,0.5433187604487706,0.5397754640429328,0.5696228026726319,0.5632764588663031,0.4969824371304976,0.545284954660687,0.4529379352979289,0.5590143417450903,0.5578809624095036
m418,cpu,memory,0.5344268877872221,0.4857136101675917,0.44706702778295526,0.6986452632552608,0.8072549573982127,1.661506907042884,1.1850403270529202,1.0854239556991507,1.0117868069465459,0.9349418198373131,0.8155501558861632,0.7127816497575706,0.5928760971379569,0.5258897814044032
m418,cpu,memory,0.5344268877872221,0.4857136101675917,0.44706702778295526,0.6986452632552608,0.8072549573982127,1.661506907042884,1.1850403270529202,1.0854239556991507,1.0117868069465459,0.9349418198373131,0.8155501558861632,0.7127816497575706,0.5928760971379569,0.5258897814044032
m418,cpu,memory,0.5344268877872221,0.4857136101675917,0.44706702778295526,0.6986452632552608,0.8072549573982127,1.661506907042884,1.1850403270529202,1.0854239556991507,1.0117868069465459,0.9349418198373131,0.8155501558861632,0.7127816497575706,0.5928760971379569,0.5258897814044032
m418,cpu,memory,0.5344268877872221,0.4857136101675917,0.44706702778295526,0.6986452632552608,0.8072549573982127,1.661506907042884,1.1850403270529202,1.0854239556991507,1.0117868069465459,0.9349418198373131,0.8155501558861632,0.7127816497575706,0.5928760971379569,0.5258897814044032
m418,cpu,memory,0.5344268877872221,0.4857136101675917,0.44706702778295526,0.6986452632552608,0.8072549573982127,1.661506907042884,1.1850403270529202,1.0854239556991507,1.0117868069465459,0.9349418198373131,0.8155501558861632,0.7127816497575706,0.5928760971379569,0.5258897814044032
