name,machine_type,trace,-10,-9,-8,-7,-6,-5,-4,-3,-2,-1,0,1,2,3
m324,cpu,memory,0.3876138672000054,0.4556351535064831,0.4912553947140389,0.49894006252892065,0.4624008514489275,0.4263073697857307,0.4174685757736868,0.3642236106432551,0.39187058307646094,0.4103435179588468,0.39585968461756815,0.39119631007526356,0.38112857999590033,0.38342229446235676
