name,machine_type,trace,-10,-9,-8,-7,-6,-5,-4,-3,-2,-1,0,1,2,3
m50,cpu,memory,36.84968750380485,36.87296820835737,36.849925159482794,36.81622518796505,36.821481363699995,36.780746945395656,36.796327787328735,36.80759469609664,36.87131406259834,39.037845970574836,46.48260788133292,47.4844055779588,47.14918101991087,47.061629920920836
