name,machine_type,trace,-10,-9,-8,-7,-6,-5,-4,-3,-2,-1,0,1,2,3
m393,cpu,memory,29.51341370919902,29.496759885394944,29.455111342575748,29.41593541299066,29.467810290213162,30.0451841411929,30.07537753722759,30.18673356625951,30.160090558309253,30.160090558309253,30.195259668855254,29.969779394532072,30.152214120211006,30.19879905315261
