name,machine_type,trace,-10,-9,-8,-7,-6,-5,-4,-3,-2,-1,0,1,2,3
m11,cpu,memory,42.985900786857286,43.128293463948104,43.293606980298236,43.380366720919454,43.43250494699071,43.51489482310378,43.686258548312715,43.75711064607181,43.8965464164688,43.98240985102481,43.96968263578851,44.02947362758905,43.99183331785143,44.04221462358742
