name,machine_type,trace,-10,-9,-8,-7,-6,-5,-4,-3,-2,-1,0,1,2,3
m0,cpu,memory,10.613284169089102,10.613284169089102,10.346372034175563,10.408047721234386,10.321828143516004,10.316714875040894,10.922062183258271,10.76785236393981,10.578778428084199,10.64152744967281,10.338425998875065,10.406519709768368,11.65078790977096,10.935733771971456
m237,cpu,memory,10.990508395444692,10.990508395444692,10.614923499203835,10.928697595017749,11.057417030271822,11.037563470063429,11.062459098206011,10.904127404871703,11.248059916110899,11.27965525349,11.229442926777025,11.129358514309065,10.982934244987785,10.846259624991543
