name,machine_type,trace,-10,-9,-8,-7,-6,-5,-4,-3,-2,-1,0,1,2,3
m322,cpu,memory,33.21259911775258,33.13019460336574,33.11740645936726,33.08762517247911,32.924257923756464,32.87607815722862,32.860471268140856,32.829094341264735,32.72034242195288,32.68958391245345,32.59166236030472,32.54354205927957,32.30082922025541,32.28120304318903
