name,machine_type,trace,-10,-9,-8,-7,-6,-5,-4,-3,-2,-1,0,1,2,3
m274,cpu,memory,0.5451249236682074,0.5196182726824832,0.5142901151812751,0.5125583579875205,0.5417619507866573,0.557788888746454,0.5584938151031216,0.5566265975613442,0.48391433732918904,0.4528254176471957,0.46198717619827967,0.4573581273573811,0.4334940372043322,0.4398237734319143
m380,cpu,memory,0.4769584598159945,0.49061951097860307,0.47731692369277057,0.4539740164147654,0.45574634608394055,0.4661127729128491,0.46364442641469816,0.46408143558105536,0.4191595964290199,0.4091758633882163,0.41999810279794303,0.41811551440616634,0.4409733439135765,0.4695496343978967
