name,machine_type,trace,-10,-9,-8,-7,-6,-5,-4,-3,-2,-1,0,1,2,3
m260,cpu,memory,4.448766223515722,4.049120097774052,3.5948765237282614,3.5948765237282614,3.3806852812178025,3.440452660780454,3.4268796323425947,3.4268796323425947,3.3930000452493596,3.3823758475622983,3.4593097407090556,3.385112035475498,3.388228140826486,3.335146487948557
