name,machine_type,trace,-10,-9,-8,-7,-6,-5,-4,-3,-2,-1,0,1,2,3
m330,cpu,memory,13.560617296705441,13.601445656458264,13.558461453027801,13.558461453027801,13.58011265818422,13.570081474894087,13.514529860064387,13.492714156525588,13.466763416639504,13.426278970379903,13.46628992385205,13.469904622853555,13.481418777611877,13.469667068638373
