name,machine_type,trace,-10,-9,-8,-7,-6,-5,-4,-3,-2,-1,0,1,2,3
m168,cpu,memory,8.22167382529301,8.210090186152957,8.210090186152957,8.236487557698233,8.236487557698233,8.210254268083737,8.263051699180078,8.27495615748982,8.18748065014425,8.231401629838613,8.269969654421194,8.269969654421194,8.282158511315156,8.241967625385703
