name,machine_type,trace,-10,-9,-8,-7,-6,-5,-4,-3,-2,-1,0,1,2,3
m197,cpu,memory,9.041545310146196,9.05314938059109,9.220546051642058,9.161791229851843,9.100182490605912,9.221806953512068,9.131365099272067,9.047459793642325,9.036828314299022,9.009008438732943,9.008581500123482,9.151209257896273,9.122080500124754,9.016696236181605
