name,machine_type,trace,-10,-9,-8,-7,-6,-5,-4,-3,-2,-1,0,1,2,3
m147,cpu,memory,17.827723710076754,17.712170379504315,17.602789846187616,17.324456336821452,17.28183912814631,17.25347748690661,17.214336614406584,17.208951213739862,17.209246061473344,17.17091575522574,17.16071940458052,17.118236495299914,17.120570340613796,17.102553205705103
