name,machine_type,trace,-10,-9,-8,-7,-6,-5,-4,-3,-2,-1,0,1,2,3
m52,cpu,memory,15.090296399053555,15.164537604549796,15.272566588490875,15.246286296634326,15.26529340003414,15.264431219148886,15.266991462507452,15.272100743269188,15.423638444996072,15.484185661793992,15.565236078121416,15.712088421829248,15.827167275274082,15.946240732286071
