name,machine_type,trace,-10,-9,-8,-7,-6,-5,-4,-3,-2,-1,0,1,2,3
m284,cpu,memory,14.78749166358543,14.766943689262048,14.75884766816028,14.752068921520891,14.767573666956597,14.782370570931217,14.760048613682594,14.751514081727853,14.766016667998302,14.749156789053059,14.749736312878968,14.775797197966735,14.753331476514465,14.795786571939122
