name,machine_type,trace,-10,-9,-8,-7,-6,-5,-4,-3,-2,-1,0,1,2,3
m348,cpu,memory,3.3049238632582534,3.3409237568889423,3.432593991914842,3.459138036388904,3.5610416735696675,3.622475982819721,3.6800057679303917,3.7068667447556325,3.4967096437273213,3.0849470352689377,3.018862640125363,3.0059749144093524,2.998242796288353,2.9962238516097233
