name,machine_type,trace,-10,-9,-8,-7,-6,-5,-4,-3,-2,-1,0,1,2,3
m198,cpu,memory,21.812996061841893,21.83877315848258,21.879396125010885,21.879396125010885,22.428915695648282,22.453319879734178,22.692666250073145,22.67994178750938,22.581267084796806,22.46431493803829,22.293857990181547,22.27729965241907,22.200227225601644,22.189864887069366
