name,machine_type,trace,-10,-9,-8,-7,-6,-5,-4,-3,-2,-1,0,1,2,3
m134,cpu,memory,29.88416269997779,29.882844744238444,29.885710031580054,29.867499941393902,29.870726608398172,29.860629298272695,30.76808107158721,33.10322953824876,32.95488513742388,32.825403720675524,32.607927242922,32.45107077392033,32.23652242984093,32.12658854516707
m35,cpu,memory,16.2211745073953,16.182255515197273,16.063241926131663,16.0923556789627,16.167192713122212,16.160556922959664,16.131389586626202,16.1613101703281,16.114333874344346,16.147514567439142,16.26272070344763,16.29375863928846,16.304858563647223,16.354424279777998
