name,machine_type,trace,-10,-9,-8,-7,-6,-5,-4,-3,-2,-1,0,1,2,3
m346,cpu,memory,11.87516131820652,11.882637659326052,11.887243979942237,11.874485240644816,11.855676330158529,11.862098253683659,11.864753296759595,11.833249591226252,11.825676216883693,11.803454220702145,11.797894705406984,11.810185782239365,11.8040709098047,11.775501169025077
m140,cpu,memory,16.34447547818639,15.150087440638988,13.79855492505961,13.020300950377383,12.740729217013142,12.33145367019856,11.678465951954449,10.500616305399191,9.74982323768586,8.868506830502866,8.106435836983822,7.193020009181925,6.759604895859538,6.085531021563047
