name,machine_type,trace,-10,-9,-8,-7,-6,-5,-4,-3,-2,-1,0,1,2,3
m172,cpu,memory,3.993332392745843,3.9734052593581826,3.9650775272357834,3.982975822001256,3.984580334301298,3.9829418749490038,3.9998795673079983,3.9872394534919264,3.982040926016328,4.000062679751869,4.008699658800446,4.00820433372711,4.011694021529851,4.017357990458382
