name,machine_type,trace,-10,-9,-8,-7,-6,-5,-4,-3,-2,-1,0,1,2,3
m158,cpu,memory,2.606415233987345,2.5563275777400047,2.5174834205695955,2.6819782568650457,2.7370928119863067,2.763188047895084,2.7166587182461712,2.551801960333091,2.5225891425631044,2.506684275350893,2.520757335900957,2.5236431940586925,2.558721063844847,2.5245098930652237
