name,machine_type,trace,-10,-9,-8,-7,-6,-5,-4,-3,-2,-1,0,1,2,3
m399,cpu,memory,0.3579922074787923,0.329025234907476,0.4842110780244941,0.5064370116234217,0.38905428496214167,0.3744360260982798,0.42389911221832044,0.42389911221832044,0.3610198989623298,0.3910746304893091,0.571755362976641,0.5490581197431315,0.36422024117121093,0.43841147247533563
