name,machine_type,trace,-10,-9,-8,-7,-6,-5,-4,-3,-2,-1,0,1,2,3
m212,cpu,memory,23.059410500795316,23.08024625585781,23.101117725431006,23.084682525466697,22.97815443309549,22.88983686061277,22.773542221014228,22.70191390858091,22.63221293415685,22.40724257453166,21.863556199628665,21.544244989829796,21.50813661623594,21.322982234447288
m7,cpu,memory,10.725880970802896,10.776391628299107,10.82550993665635,10.896280737384046,10.917232228132368,10.933678015432152,10.940843822411468,10.993822372094993,11.038794829046164,11.096903923699463,11.120957827438025,10.972458682663033,10.869489951583185,10.822937187066909
