name,machine_type,trace,-10,-9,-8,-7,-6,-5,-4,-3,-2,-1,0,1,2,3
m155,cpu,memory,32.70569150319402,32.77586970654428,32.876267353083904,32.92614260576402,33.042804177082246,33.14946162310664,33.30265299053743,33.30265299053743,33.50098715687493,33.64955467543095,33.74810398483002,33.8008367523505,33.8485755325992,33.92347594312052
