name,machine_type,trace,-10,-9,-8,-7,-6,-5,-4,-3,-2,-1,0,1,2,3
m216,cpu,memory,1.4503398613348395,1.4533592758874279,1.4666302344762892,1.4100014009197253,1.4010886321269596,1.316875910760596,1.2528557442735817,1.2023977637493337,1.11429074698881,1.04564787601067,0.9834666185601453,0.9044337443707314,0.851025799696219,0.8047414682292847
