name,machine_type,trace,-10,-9,-8,-7,-6,-5,-4,-3,-2,-1,0,1,2,3
m37,cpu,memory,76.698462933473,76.49479831793222,76.41819390776729,76.23987210916556,76.11039511538023,76.03079341519184,75.846214088541,75.79760316122344,75.7790531519027,75.64645885006658,75.57584064325272,75.35332017247045,75.15037020680393,75.05986767349125
