name,machine_type,trace,-10,-9,-8,-7,-6,-5,-4,-3,-2,-1,0,1,2,3
m29,cpu,memory,43.552989089694954,43.4654008886532,43.268318221844346,43.22022063636106,43.13395044027566,43.016872165592545,42.960804656198455,42.835974576023496,42.813853321945075,42.72386565360701,42.58282535765924,42.40905691407789,42.22647453737679,41.781284344006345
