name,machine_type,trace,-10,-9,-8,-7,-6,-5,-4,-3,-2,-1,0,1,2,3
m59,cpu,memory,41.90680982263644,41.899118340159,41.88485651402388,41.86286009509877,41.81694668468484,41.73577774433882,41.69833505981547,41.696989391115046,41.71165353599817,41.73080536144031,41.74200881812792,41.736097225184494,41.8781979318438,41.996523340885595
m58,cpu,memory,5.148551920550605,5.077767679793968,4.938514177011981,5.160394138275621,5.2296173669948995,5.196770756485392,5.183774185464586,5.312068777050046,5.325285625791372,5.244130566534397,5.22035326237735,5.207045235911806,5.17321963608975,5.0849285020369175
m348,cpu,memory,6.040400742137954,6.01135960332243,6.359947488065406,6.44122283879943,6.359854404885815,6.310484673339301,6.121790982971763,6.454244901769213,6.756128269493372,6.739183434421533,6.733052875580132,6.646906277976083,6.594459612705463,6.590570207084268
m39,cpu,memory,14.970215381499045,14.994404253415555,15.00990225990717,15.025333886663741,15.01676232837575,15.013799489707466,15.02089314966495,14.994284365896556,14.986514136207296,15.024247276035512,15.057545635637196,15.08572769783556,15.121887660317965,15.126218756967992
m185,cpu,memory,15.670763298541402,15.59708998159193,15.571952407752033,15.503327948033625,15.397297098873969,15.239797475838387,15.170025528028829,15.176026494703857,15.134268135490453,15.08983663648609,15.039106925447774,14.993736719358443,14.956744459421893,14.943829740070294
m381,cpu,memory,28.58308203381756,28.55262140079054,28.608602390471567,28.60917583107536,28.58055227963789,28.588636438115806,28.60423535215541,28.512174864120173,28.80499510866237,29.044031361516275,29.00153982032976,28.967437785613864,28.926721539743024,28.91127204285896
m16,cpu,memory,38.172111541669906,38.18296093877822,38.13969868386453,38.13286514279505,38.29741410511578,38.30973178374065,38.29451166461247,38.283334860827324,38.262516823887495,38.22377354965657,38.17936910618765,38.10165201958431,37.96993685866832,37.9671009500942
m381,cpu,memory,28.58308203381756,28.55262140079054,28.608602390471567,28.60917583107536,28.58055227963789,28.588636438115806,28.60423535215541,28.512174864120173,28.80499510866237,29.044031361516275,29.00153982032976,28.967437785613864,28.926721539743024,28.91127204285896
