name,machine_type,trace,-10,-9,-8,-7,-6,-5,-4,-3,-2,-1,0,1,2,3
m244,cpu,memory,3.2077805546963947,3.2065404150856054,3.1886989488272532,3.220261288901633,3.2025854639488816,3.2314631228627877,3.256158010782976,3.210460542181845,3.1913306873396503,3.210593832445916,3.2130603082127442,3.180480525730363,3.1604908704008494,3.155374815084345
m333,cpu,memory,13.496467812714736,13.53622906938899,13.533509664988491,13.541234268164008,13.487282038223231,13.51507808276639,13.486767349124996,13.493593466695074,13.462678399395648,13.483012257698869,13.457865742361937,13.419361936366851,13.376166045143343,13.367974068141987
m2,cpu,memory,7.314138342407166,7.090563006016019,6.721096843945662,6.448436719676528,6.419716450019749,7.235270268545436,7.009692953709705,6.551975607182885,6.397319065565613,6.4489310696425095,7.274915041453932,7.105128690878923,6.786184741792155,6.6012313356769825
m79,cpu,memory,0.6812072883143481,0.685793311628165,0.7536103546513592,0.7283862927247068,0.7513450255705358,0.7323253459299054,0.5531950239534892,0.7286505012057597,0.7371187489408949,0.6707584611289821,0.5704957586741234,0.47983681999701777,0.5398109843820538,0.5334130763484686
