name,machine_type,trace,-10,-9,-8,-7,-6,-5,-4,-3,-2,-1,0,1,2,3
m293,cpu,memory,29.75200186013029,29.406929206059704,29.1223578814995,29.02544489940983,28.534276959531994,28.534276959531994,28.132607699987176,28.0003272249525,27.75167926914834,27.537281858486896,27.112950739575645,31.53778862708234,31.2589364210004,30.795997209940857
