name,machine_type,trace,-10,-9,-8,-7,-6,-5,-4,-3,-2,-1,0,1,2,3
m182,cpu,memory,0.3953521184605211,0.4250873054247258,0.4037663337618192,0.3984471110404137,0.38378788848271145,0.38653740292286026,0.4135295746095304,0.41353058420178884,0.3833049686885942,0.3621160248092485,0.35979657868806053,0.35312440566677655,0.3432642073145135,0.3355934716986458
