name,machine_type,trace,-10,-9,-8,-7,-6,-5,-4,-3,-2,-1,0,1,2,3
m278,cpu,memory,0.9058449269925513,0.8871316112108105,0.8494476882574763,0.8472734323080789,0.8446844410494132,0.8214373807320474,0.77370791323084,0.7689667127055173,0.7812815146530995,0.7481094283635403,0.7367027306686044,0.7183335805793869,0.7062786822900429,0.6924938187981831
