name,machine_type,trace,-10,-9,-8,-7,-6,-5,-4,-3,-2,-1,0,1,2,3
m369,cpu,memory,34.43829734959298,34.44501337559252,34.432723258491784,34.423808568693104,34.41912613832881,34.43478058051051,34.41683863404541,34.421346709375115,34.42214922486091,34.429222793489494,34.41590532814841,34.41590532814841,34.41809838688759,34.41049655508207
