name,machine_type,trace,-10,-9,-8,-7,-6,-5,-4,-3,-2,-1,0,1,2,3
m231,cpu,memory,1.7227840625456392,1.7551949005607468,1.7155962214907077,1.6838174308020992,1.716739343276118,1.7340693330432204,1.697791401180033,1.7260060350045892,1.7269032105639568,1.7023466245098515,1.6839277526171181,1.6905782070627344,1.7025813770090308,1.6870909170747337
