name,machine_type,trace,-10,-9,-8,-7,-6,-5,-4,-3,-2,-1,0,1,2,3
m7,cpu,memory,17.5826233918835,17.617293290537656,17.65293458148068,17.661750256125305,17.66129513756108,17.65300711977772,17.652386909766175,17.67292069955873,17.690647454123845,17.674667272396782,17.651776013126796,17.645349660071002,17.633827681133578,17.592488145970194
