name,machine_type,trace,-10,-9,-8,-7,-6,-5,-4,-3,-2,-1,0,1,2,3
m267,cpu,memory,0.474237554351477,0.46786993365426255,0.4731635256725905,0.4418481825234375,0.4229228045322776,0.39494193886675255,0.3840427316293204,0.40020298456778775,0.4364175022099194,0.4274019812821209,0.3879786283360878,0.3902995762006784,0.4123541336622464,0.41465057399372723
m196,cpu,memory,0.39260546871521684,0.38907539779002615,0.4483658015154719,0.48019777180523926,0.43978379407822177,0.4343838176054657,0.4011475346580108,0.3610112922896,0.4060212677440941,0.38493487191023956,0.3822177145101308,0.3699048055243713,0.35673210065274774,0.36336354974273594
m397,cpu,memory,31.400566864833017,31.393251400292005,31.393109806747677,31.38875210830516,31.37833284133994,31.365714611487604,31.351769186349284,31.360185648596257,31.361824296676847,31.33914116231248,31.328617102873718,31.303615872069944,31.28684120158311,31.28865995930223
m216,cpu,memory,0.4668997661620892,0.4512472162739327,0.42928419331311285,0.3895493609227403,0.36000230034289527,0.3458116159419759,0.38278874724101186,0.4192356125566924,0.4134589259179356,0.4371562532782006,0.4266796894258482,0.405226478388224,0.40039446368395737,0.4056962528637694
