name,machine_type,trace,-10,-9,-8,-7,-6,-5,-4,-3,-2,-1,0,1,2,3
m238,cpu,memory,23.461267918327113,23.433791201294053,23.382418434879657,23.264935134411004,23.255842677939032,23.285046476129473,23.307902279232895,23.322167298588848,23.331909839794992,23.369323952402027,23.396906678013423,23.369629862870937,23.383417035687575,23.246805900958428
m240,cpu,memory,23.174410301466626,23.183887166636296,23.10838466774121,23.140334950650878,23.109329355729454,23.19295584799725,23.10744618882759,23.11045642922721,23.236572578539644,23.357728888752522,23.40598662392683,23.41312044708245,23.296597923830827,23.312078055518942
m45,cpu,memory,28.74836973950603,28.76370372892141,28.67405560592141,28.563260791006936,28.527285820571212,28.56441148837982,28.672765632963895,28.628931893759052,28.646682979468622,28.63411424880686,28.61588789105202,28.656598719004457,28.684334803440102,28.70095785716804
m269,cpu,memory,21.210504686851266,21.32085759743491,21.451622712683193,21.853565696211643,21.962147304916655,21.970429805874666,21.858202259279054,21.56231888964434,21.535298918143084,21.560641379612598,21.547870526180542,21.594357811541947,21.58558726753379,21.54802842822959
m370,cpu,memory,15.955487421991316,15.986008503220663,16.052737117262087,16.05602494833142,15.974894563867988,16.006344028094574,16.052369267495262,16.094706771337314,16.19675562639015,16.18402323892795,16.051019526144078,16.0370688979433,16.064971870169416,16.0092215045004
m96,cpu,memory,23.347666197674616,23.28418896819609,23.321019780716107,23.235802967731352,23.113019289078608,23.080273744285986,23.11080295258727,23.125914929751445,23.085019646872706,23.04128015459443,22.997935669966342,22.992020340562554,22.984379242236145,23.002635433833746
m3,cpu,memory,45.33656855335484,45.176751030766845,45.185392345017576,45.227014998184536,45.19927613708133,45.06719015494698,45.0512902818968,44.949787471730545,44.85447157510211,44.811283125257674,44.74237669067024,44.70866873942716,44.717422927826085,44.68379019194095
m32,cpu,memory,18.7995605755127,18.758406328821163,18.75367880054989,18.837514119585432,18.878065328907063,18.62691343969487,18.772454888503812,18.818152157807642,18.851684437692338,18.80255344982808,18.712772563956186,18.736086071211837,18.71798525790191,18.770462835876064
