name,machine_type,trace,-10,-9,-8,-7,-6,-5,-4,-3,-2,-1,0,1,2,3
m82,cpu,memory,18.948528308502016,18.90887613433087,18.89713681801053,18.88802182824252,18.897066551267674,18.90570421178251,18.961812711371902,18.99534488886073,18.986707934420654,18.98389231839727,18.9854833149499,18.983168601233267,18.981704230575833,18.981562688141477
