name,machine_type,trace,-10,-9,-8,-7,-6,-5,-4,-3,-2,-1,0,1,2,3
m237,cpu,memory,10.806592244090188,10.799350983652625,10.795620713085079,10.788305210684834,10.778096076300537,10.767391074320043,10.791257473943304,10.835476569948332,10.857758825540763,10.875612421041533,10.883503585814864,10.883369841815329,10.863025423923501,10.855713808341765
