name,machine_type,trace,-10,-9,-8,-7,-6,-5,-4,-3,-2,-1,0,1,2,3
m114,cpu,memory,17.645968254818225,17.646495457368655,17.64409846284837,17.665168566584494,17.68801176980058,17.732841194556435,17.69720987327544,17.672288753183885,17.69982776375758,17.689802991171952,17.66945471163801,17.643832766726952,17.652492915628237,17.64506712927221
m143,cpu,memory,19.568717800340806,19.575430167245145,19.566739706346194,19.47692119118363,19.452446709187335,19.459023994336015,19.461287043445623,19.479583452690886,19.497013239405273,19.497483248575083,19.492330960477926,19.50207946210021,19.527278064461377,19.526823602187015
