name,machine_type,trace,-10,-9,-8,-7,-6,-5,-4,-3,-2,-1,0,1,2,3
m348,cpu,memory,1.5175341116263534,2.3461705018880856,2.6464324090571165,2.704922178332935,2.762305675353958,2.8350078777120618,2.90366386149159,2.9166092468247156,2.6819880118652057,2.446102430034465,2.349175641817035,2.101477978213494,1.9498437352443625,1.9362879327590885
