name,machine_type,trace,-10,-9,-8,-7,-6,-5,-4,-3,-2,-1,0,1,2,3
m302,cpu,memory,5.14431708186714,5.1344600615041,5.093634047300858,5.078561925123226,5.121965473614218,5.338253627060085,5.251061951544074,5.138263654491133,4.904386205997705,4.9026892153641,4.911700264017706,4.937105663164196,4.931183986488999,4.8986392297994215
