name,machine_type,trace,-10,-9,-8,-7,-6,-5,-4,-3,-2,-1,0,1,2,3
m23,cpu,memory,0.411452515946159,0.42316601226724065,0.3892791183413705,0.39284882788712566,0.4013492991551151,0.40225392035800783,0.40225392035800783,0.4481117660388838,0.3835879286218311,0.3835879286218311,0.46775161091429696,0.4609823668296815,0.4192984010159057,0.44283327985589993
m232,cpu,memory,10.726435987209273,10.75211802741142,10.786904191780717,10.80256137118522,10.798173662293854,10.814963350404012,10.814963350404012,10.472641673957346,10.45220260797439,10.45220260797439,10.49526270649109,10.487130428923646,10.457558516295919,10.487915982903617
