name,machine_type,trace,-10,-9,-8,-7,-6,-5,-4,-3,-2,-1,0,1,2,3
m278,cpu,memory,2.985721282966536,2.9124331458887203,2.8204261024125055,2.9340464791258403,3.080376529490437,3.039827432148525,3.142653597837444,2.998597322861327,2.7705785494427393,2.943756439477528,3.2158795448726147,3.218449732716819,3.199316356080596,3.0153256157835098
