name,machine_type,trace,-10,-9,-8,-7,-6,-5,-4,-3,-2,-1,0,1,2,3
m105,cpu,memory,29.75293299480008,29.740467059405262,29.738837749305347,29.83188409185777,29.81647477687432,30.076077781664992,30.029750494078183,30.004623470282407,29.95471459860032,29.74030224489826,29.74030224489826,29.13333436070681,29.13333436070681,29.120101067806136
m402,cpu,memory,31.788326161986287,31.68408272309797,31.64406157280837,31.436784927992637,31.593681226804023,31.662833444846456,31.664005515697013,31.59554551593386,31.58995860380224,31.32373924313087,31.32373924313087,31.4751307313508,31.4751307313508,31.572349818617912
m38,cpu,memory,14.318355300612636,14.277523861768113,14.26252282079055,14.2658199565167,14.239870428126178,14.289812869025337,14.223607109663247,14.23507189616653,14.199289087397654,14.171125752838488,14.171125752838488,14.135938129125861,14.135938129125861,14.129936291688395
m161,cpu,memory,0.42532159098701205,0.3986428432928668,0.4505775759681925,0.5271031194473751,0.4490385601472113,0.5212546624596172,0.5172589355521309,0.44843387242261135,0.4328137572105944,0.4641058295553854,0.4641058295553854,0.4331516508959221,0.4331516508959221,0.4553633241887629
