name,machine_type,trace,-10,-9,-8,-7,-6,-5,-4,-3,-2,-1,0,1,2,3
m101,cpu,memory,33.06976010487251,33.03082995745046,33.01998949512194,33.004196539244795,32.99492970933011,33.01654178128677,33.0052222727887,33.017764886388065,33.06008192110305,33.049977039130276,33.01723823980053,32.988869202758984,33.00083575021651,32.98774387481471
