name,machine_type,trace,-10,-9,-8,-7,-6,-5,-4,-3,-2,-1,0,1,2,3
m110,cpu,memory,25.30071167489807,25.363112580239623,25.342780934161212,25.338379621878303,25.308778518454197,25.30123019500051,25.297367341386913,25.303167931049064,25.28206726355135,25.262821848183734,25.258328108253913,25.253838608558574,25.280678586758317,25.761265954715142
