name,machine_type,trace,-10,-9,-8,-7,-6,-5,-4,-3,-2,-1,0,1,2,3
m142,cpu,memory,75.97087552878594,75.92612304579244,75.752824462273,75.4770137662134,75.41074689525105,75.175959095954,74.64342772862143,74.46789811885051,73.76944273047083,73.3093438951901,72.85207296443237,72.60972705638166,72.1315772817983,71.95507522050693
m224,cpu,memory,74.97295145363826,74.78972741617204,74.39789391823261,74.1947684336219,73.88170830467062,73.7335498897026,73.24278947735705,73.10637641070176,72.59950006727003,72.13354081915323,71.99571773752709,71.83049002138102,71.76748820699855,71.81914356825283
m291,cpu,memory,0.5410461277852845,0.4682477654300332,0.4396902659531098,0.4766206258286085,0.42795612593437476,0.4346053373320173,0.42494719864153946,0.38936405635585636,0.3817983755608914,0.4387967650785693,0.7273131950149557,0.6817938686819038,0.9119925566228163,0.8080675516797876
m176,cpu,memory,72.42089528802772,72.05600427135822,71.94155407848923,71.76094060018302,71.57223281189026,71.5719206416148,71.33988785382786,70.8760779103686,69.93099144432024,69.49936530165377,68.9734068697678,68.54261163218197,68.35729773351237,68.19822307815231
