name,machine_type,trace,-10,-9,-8,-7,-6,-5,-4,-3,-2,-1,0,1,2,3
m207,cpu,memory,30.037094934185806,30.01501088437904,29.97613696928089,29.973673292719564,30.000256837060086,29.976459126774593,29.962971092322565,29.91425104988206,29.912215737330442,29.92128529601471,29.91106557372705,29.875462496004335,29.891222790718203,29.88416588015365
m57,cpu,memory,16.14925763186175,16.024791833259926,15.84900932884145,15.742066475852077,15.589560183230526,15.503466209965145,15.412588141602752,15.350611511473376,15.282034123468723,15.2413982906161,15.12907182902696,14.997029715744976,14.809144370617755,14.564203692141774
m116,cpu,memory,25.92990295738788,25.9674675486526,25.993403446392925,25.992360551257136,25.976459772274573,25.977134929288944,26.028088615570102,26.04393820886499,26.04039352427452,25.98943246680003,26.00767986158482,26.005614312754002,25.98310593662509,25.9721038910754
