name,machine_type,trace,-10,-9,-8,-7,-6,-5,-4,-3,-2,-1,0,1,2,3
m277,cpu,memory,14.33944758986132,14.351905903623953,14.274514557323153,14.304754849594037,14.668311039757892,16.570349740332585,15.39171336635032,15.120819626081282,14.617955377975711,14.48720663710577,14.31841494159289,14.168757506161514,14.214865462508723,14.228412860243507
