name,machine_type,trace,-10,-9,-8,-7,-6,-5,-4,-3,-2,-1,0,1,2,3
m331,cpu,memory,46.06854378414638,46.070637803123006,46.0809996243758,46.08108695238356,46.10624653512268,46.17276587042534,46.18531651018283,46.194447097956264,46.17386075954351,46.15222344872687,46.140651848824014,46.10571373073033,46.10644446321085,46.734540807365484
m190,cpu,memory,85.19702400960087,85.19541312369836,85.19654274298709,85.19965234923225,85.13093470600728,85.0619699157938,84.95450652423679,84.8809472393075,84.92931519084901,84.9652955983307,85.04706751137792,85.07026522848413,85.04560765922035,90.47984038061314
