name,machine_type,trace,-10,-9,-8,-7,-6,-5,-4,-3,-2,-1,0,1,2,3
m8,cpu,memory,49.185539580641034,49.07987718484516,49.0141319173717,49.31242571502234,49.16113403382547,49.30981658813795,49.373419518493144,49.048094846393276,48.57397048250737,48.910376970541044,49.289107688924055,48.967215860963535,48.68972135362317,48.84825047730133
