name,machine_type,trace,-10,-9,-8,-7,-6,-5,-4,-3,-2,-1,0,1,2,3
m390,cpu,memory,31.234347704436995,31.234347704436995,31.23564794205368,31.25010350715246,31.251799954929332,31.247328173356657,31.264930395642345,30.756699576161303,23.70496898806077,20.786043210276073,19.004091583976543,18.469714316965465,18.09521266831686,17.83876565926166
m231,cpu,memory,32.88237955076351,32.88237955076351,32.820014585195125,32.742212339918275,32.72137613054495,32.68864606344808,32.46927450375476,30.208150284556076,27.56732952296272,26.476154244450488,25.36777325479369,25.200543707095264,24.987340831062333,24.915233977880273
