name,machine_type,trace,-10,-9,-8,-7,-6,-5,-4,-3,-2,-1,0,1,2,3
m275,cpu,memory,70.52555081440973,70.52571780014394,70.49581818989115,70.46100253317665,70.47324277830522,70.436543043438,70.45299828229615,70.47434039328841,70.49430372010612,70.4736334856254,70.42326656639925,70.43541786693066,70.4441340721104,70.443741144346
