name,machine_type,trace,-10,-9,-8,-7,-6,-5,-4,-3,-2,-1,0,1,2,3
m125,cpu,memory,28.165800104079587,28.185559647878208,28.213924493902272,28.20074337102942,28.183683444446658,28.169782138569534,28.175462032985873,28.176876353732716,28.170716201651253,28.172783467398443,28.157083544915984,28.157083544915984,28.1835924819522,28.162542038517568
