name,machine_type,trace,-10,-9,-8,-7,-6,-5,-4,-3,-2,-1,0,1,2,3
m238,cpu,memory,8.461831480374057,8.465789638515593,8.467032816257815,8.520324388672758,8.462133554089636,8.515502512766764,8.561616647932427,8.633707378039553,8.628088469065304,8.570935660637586,8.579330177074306,8.563652366250794,8.471728844837243,8.438804700577862
