name,machine_type,trace,-10,-9,-8,-7,-6,-5,-4,-3,-2,-1,0,1,2,3
m134,cpu,memory,3.1070349720835075,3.084176473735897,3.107838786708997,3.1705940425780725,3.215039827008125,3.2488958656562876,3.2376933175903524,3.202531829433721,3.2270438929689704,3.2405840595895903,3.27297582923237,3.2808239353710125,3.1966900608479705,3.0260069936004563
