name,machine_type,trace,-10,-9,-8,-7,-6,-5,-4,-3,-2,-1,0,1,2,3
m194,cpu,memory,25.794007228145993,25.852345888526294,25.82118758548994,25.682563165031556,25.732991162563867,25.70240029376345,25.665287641454984,25.62483868179348,25.625373254212175,25.635698376614116,25.611752358448708,25.66453772569935,25.643394856510763,25.55077627222027
