name,machine_type,trace,-10,-9,-8,-7,-6,-5,-4,-3,-2,-1,0,1,2,3
m407,cpu,memory,37.05466528467329,36.99948272168052,36.96187461879535,36.92812992416159,36.758232309242,35.56037616308875,35.069298403912136,34.840957941886494,34.72125692884602,34.699168084166956,33.35972717702876,34.13499246843494,34.67323329570226,34.659384992756166
