name,machine_type,trace,-10,-9,-8,-7,-6,-5,-4,-3,-2,-1,0,1,2,3
m270,cpu,memory,0.5680980597837929,0.5554636753952701,0.5670075875702312,0.5731282398609482,0.558409956894382,0.4733230644949962,0.533441739969468,0.5165023944301249,0.48086851127139135,0.5565152787801221,0.5607300213894085,0.52989922598154,0.4836513670727983,0.5723013436515603
