name,machine_type,trace,-10,-9,-8,-7,-6,-5,-4,-3,-2,-1,0,1,2,3
m384,cpu,memory,21.559623714550202,21.513939982873087,21.519462912895104,21.52909117358242,21.54614880400249,21.553775168593237,21.50494321424978,21.512067413928236,21.527071383317743,21.517811670939512,21.492914931628338,21.467247378263018,21.401304311649117,21.349549726471558
