name,machine_type,trace,-10,-9,-8,-7,-6,-5,-4,-3,-2,-1,0,1,2,3
m315,cpu,memory,28.0509600163455,27.95978210283041,28.05722551743127,28.14143172827233,26.952142875564082,25.912748331604025,25.898441983006837,26.074712164932883,26.16606094853985,26.34570151113174,26.414138492479122,26.356939243679065,26.389878394088115,26.46272390747481
