name,machine_type,trace,-10,-9,-8,-7,-6,-5,-4,-3,-2,-1,0,1,2,3
m265,cpu,memory,0.38652695377359975,0.6210255752165805,0.6187646216157099,0.36452786009343296,0.3925172945535218,0.44427334425885273,0.5466559764234785,0.3938527412601044,0.37849854932492133,0.5823072369717432,0.5444164259172581,0.46441052069034533,0.46299543075739497,0.569989482003718
m322,cpu,memory,0.7269963291419324,0.6978971647429834,0.5940806266048909,0.6720164392679393,0.8231797385120083,0.7077803184185912,0.5187395345712678,0.6483473368086698,0.651852609933985,0.47792243169451704,0.4643582496919318,0.7911497139303091,0.7837019692171394,0.6237844282620776
m270,cpu,memory,0.4290892664801711,0.4598039854690798,0.4239571945905996,0.42503211926510553,0.4548467727666216,1.121101843916696,1.2550792708807772,2.020099372658823,2.0542264204043477,0.7127064865471595,0.46687431145406666,0.4149730211105828,0.40831893217826726,0.3758359597105943
m263,cpu,memory,13.13721138313965,13.2035662068092,13.223285417270269,13.239962562364006,13.269729513284382,13.100148654481222,13.004277306246877,12.992126535744783,13.076347057377218,13.093316324339412,13.124476368900643,13.171983325118891,13.12120432135471,13.122771062630322
m418,cpu,memory,1.462326182945159,1.3137191393462806,1.2715649239565434,1.2722164309305783,1.1897937434855612,1.2072630300096234,1.1284484034979574,0.9991781668388101,0.9698494492632016,0.948423923015272,0.9477656139858017,0.8293947107678512,0.8555356427750251,0.8112954213160586
m263,cpu,memory,13.13721138313965,13.2035662068092,13.223285417270269,13.239962562364006,13.269729513284382,13.100148654481222,13.004277306246877,12.992126535744783,13.076347057377218,13.093316324339412,13.124476368900643,13.171983325118891,13.12120432135471,13.122771062630322
m211,cpu,memory,0.5135706887370468,0.4652301226742238,0.4230987742633032,0.4148972521523884,0.4397298825255151,0.45381500762167004,0.47616611648236085,0.44889547746660646,0.46753552301868834,0.4067826548483659,0.4090629923782997,0.4039344792569547,0.4059485022916347,0.40901624884733767
m401,cpu,memory,20.739464889450122,20.736170581241044,20.751999679438274,20.728935781482182,20.684266325251063,20.64384204981173,20.523907825767676,20.4945960937385,20.479036553304805,21.24668072930337,21.322081057791305,21.308725557168327,21.621979340244955,21.26282461380096
