name,machine_type,trace,-10,-9,-8,-7,-6,-5,-4,-3,-2,-1,0,1,2,3
m54,cpu,memory,42.457120880559195,42.41336110606153,42.36925019850355,42.24485676215331,42.114795292685514,41.961783453753974,41.45851057765865,40.709669418599034,37.23959533723524,44.47591640704822,77.4670850283923,77.2353226952463,77.16652166137415,77.1520174339058
