name,machine_type,trace,-10,-9,-8,-7,-6,-5,-4,-3,-2,-1,0,1,2,3
m415,cpu,memory,32.294892437669006,32.261040728224536,32.23572531686818,32.252748747147,32.27089917117652,32.312338882447435,32.290577393335234,32.279741120131234,32.29973781418699,32.309523821061866,32.296210544845295,32.26882892780038,32.27180678390269,32.31859383405697
