name,machine_type,trace,-10,-9,-8,-7,-6,-5,-4,-3,-2,-1,0,1,2,3
m33,cpu,memory,8.085846760023204,8.11812178446361,8.145274264726682,8.159795528283546,8.182154978669804,8.08291307315628,8.080920756014425,8.095719817965522,8.134468532000838,8.08022601384915,8.32558294194707,9.129920845119923,9.073457251826193,8.992838418111472
m388,cpu,memory,18.7444105632252,18.732256713631404,18.70591291915248,18.684826863994964,18.69246746365862,18.639467637084206,18.657305521191148,18.71658788607562,18.700467877505503,18.676285517377664,18.765398891010587,18.966697864696663,18.928285328187485,18.778419591047857
m384,cpu,memory,8.966005457121204,8.956418564653672,8.94854447439598,8.85366878622107,8.732022705690898,8.655232336720232,8.645694244808483,8.62494626013893,8.62753684142874,8.54736870943042,8.474970844791306,8.41258023659418,8.297758699885955,8.21896709186577
m121,cpu,memory,33.71657016738507,33.66362771080462,33.60088708128366,33.6362165124453,34.134302218835956,33.99219762592603,33.9261591029263,34.03696051875271,34.08314616168523,34.082481304276136,34.10951754286468,34.14982844314157,34.352340830532306,34.44877905779688
