name,machine_type,trace,-10,-9,-8,-7,-6,-5,-4,-3,-2,-1,0,1,2,3
m13,cpu,memory,64.30067084749749,63.27838150976699,61.74850248547401,60.02247930023532,58.04844671768294,57.46441892985144,56.92260378746224,56.250101184488294,54.898088184656274,54.190656549805404,53.579445427001005,53.171456728316244,52.08998714398764,50.50764602110631
m208,cpu,memory,26.290480028843895,26.19787275310732,26.159139522931827,26.144681283077993,26.070504589720663,26.018905327739535,25.959087431272618,25.856569313507855,25.861912463266698,25.84825012489005,25.845374034415318,25.79770864997537,25.76766123726347,25.72868459869906
m22,cpu,memory,18.103883543875618,18.043567016088236,17.975709837021437,17.900549055848188,17.826542678512816,17.792061344221874,17.736010189260746,17.688669283842874,17.494301251116013,17.310461342016946,17.26757502988911,17.23919741205163,17.18368229352587,17.098612437782887
