name,machine_type,trace,-10,-9,-8,-7,-6,-5,-4,-3,-2,-1,0,1,2,3
m184,cpu,memory,29.706438672262042,29.669524807446408,29.545377707897035,29.36190982826384,29.350925197962923,29.47418962266517,29.670207888398966,29.51388679821772,29.30160001348698,29.250939105932023,29.236723265518453,29.35065826573743,29.539692562404586,29.38298712525489
