name,machine_type,trace,-10,-9,-8,-7,-6,-5,-4,-3,-2,-1,0,1,2,3
m368,cpu,memory,17.818733428633614,17.80956260917468,17.68600702233562,17.68600702233562,17.605419043898603,17.565577194952837,17.574930420212993,17.56229893849213,17.361812045427932,17.358199138493386,17.41603371582318,17.303750287503043,17.226130271414075,17.277111493853692
