name,machine_type,trace,-10,-9,-8,-7,-6,-5,-4,-3,-2,-1,0,1,2,3
m268,cpu,memory,2.763534258118883,2.737513100052997,2.7833090332562196,2.75756289736676,2.7323097392779765,2.732911789349573,2.7844535810097706,3.376379802588009,3.2268945761404066,2.9419612553798733,2.787629264305385,2.745356170913191,2.7357890661434783,2.721564341492191
