name,machine_type,trace,-10,-9,-8,-7,-6,-5,-4,-3,-2,-1,0,1,2,3
m16,cpu,memory,48.655787617573374,48.63506362297689,48.28801138515073,48.30660935646507,48.324441460034485,48.31021143565798,48.231706876936464,48.18886082185981,48.175149467129735,48.169516164182724,48.169365384094675,48.16346721792946,48.10337380654815,47.794567929116724
m105,cpu,memory,25.895074125659107,25.87934674197949,25.879902364133645,25.895795722705866,25.90887921796568,25.915980399228374,25.908927477134384,25.863311840972912,25.852695505324192,25.830392629130742,25.81301953094405,25.808228974600453,25.822381716917583,25.8292232841452
