name,machine_type,trace,-10,-9,-8,-7,-6,-5,-4,-3,-2,-1,0,1,2,3
m227,cpu,memory,27.74580745301169,27.729025916752324,27.753856377791198,27.774179467682174,27.779874102592228,27.7997263750187,27.79354128695114,27.748593589940615,27.758678887330362,27.76230893124829,27.76795737788988,27.763690844488735,27.772650459950345,27.768174992781002
