name,machine_type,trace,-10,-9,-8,-7,-6,-5,-4,-3,-2,-1,0,1,2,3
m49,cpu,memory,0.3791468508899132,0.34622334832796353,0.37374720252422977,0.3587818375734568,0.3360512277265783,0.36239571622209527,0.3329698392386271,0.3631945082519809,0.38894853148867786,0.338827445535551,0.37824069006545163,0.348576047484811,0.3368606960611432,0.3272646794608372
m126,cpu,memory,33.0835044217468,31.84637123723864,30.23247307594969,28.48048148324432,27.805975371370337,26.332014742189806,25.266582027548075,24.833016285574583,23.541773669488624,22.77816225935685,21.507165956523302,20.90912399118007,20.198183183702525,19.692886277108045
