name,machine_type,trace,-10,-9,-8,-7,-6,-5,-4,-3,-2,-1,0,1,2,3
m403,cpu,memory,48.133237626776165,48.1943401910247,48.204345289264225,48.16477145027654,48.15282478686779,48.205944166948996,48.16627514477413,48.17821454055704,48.22837927870873,48.22837927870873,48.24889240246634,48.22383675894896,48.22791863992802,48.206395516795425
