name,machine_type,trace,-10,-9,-8,-7,-6,-5,-4,-3,-2,-1,0,1,2,3
m321,cpu,memory,15.714544451582004,15.70220448579252,15.665550939761657,15.667579841608767,15.654568152069768,15.608011765560343,15.510020552416536,15.460737114752739,15.46023338492891,15.406129153885136,15.455002803362882,15.450447226617092,15.444222612938795,15.456496829728115
