name,machine_type,trace,-10,-9,-8,-7,-6,-5,-4,-3,-2,-1,0,1,2,3
m325,cpu,memory,0.39485780303623197,0.42920799304568225,0.44726286100599205,0.3989426505863245,0.3665658101655503,0.3734874503029375,0.38835853314782104,0.3922775320090758,0.40981987423343375,0.4037449054339877,0.4120173378947757,0.43422752205133947,0.40838319192858036,0.37117744375768125
