name,machine_type,trace,-10,-9,-8,-7,-6,-5,-4,-3,-2,-1,0,1,2,3
m408,cpu,memory,42.30735896097055,42.29013084951521,42.259195091057904,42.274340115471674,42.31879406300983,42.34973083212135,42.351210804633986,42.35609616328708,42.37311724582175,42.36057176032557,42.349443106057315,42.3328854860788,42.299976264388235,42.24353608273272
