name,machine_type,trace,-10,-9,-8,-7,-6,-5,-4,-3,-2,-1,0,1,2,3
m380,cpu,memory,7.5603719663923865,7.254535362374376,6.661734567257722,6.360167160038141,5.807169786742253,5.3634909208402135,5.08797244768323,4.7414847156810715,4.247302726270876,4.196686466681357,10.350592203262789,11.184701423851052,11.191821976359966,11.17083131398476
m267,cpu,memory,30.64528463815747,30.51948778452049,30.463410380614956,30.426234730537033,30.30703598462879,30.17460376977441,30.119081331165276,30.081284689282583,30.06887761174971,30.0508622183659,30.035015250609064,30.064973213303,30.054021647366227,30.0188668230031
m397,cpu,memory,13.338913456609774,13.320618561166077,12.965124192530633,12.75990290105334,12.774664595938061,12.680253503630034,12.655284201413318,12.664470517982805,12.646616707820161,12.54959312621797,12.543498672594595,12.522800169947084,12.484835407120965,12.48507084102961
m112,cpu,memory,5.774669045723417,5.18355414758233,4.791989088544032,4.479795540133487,4.1664699248345745,3.6210693102065297,3.37203395351861,2.695500856799952,2.47460485709168,3.7422505423487054,6.02547670684733,6.952937251314034,6.99754319299712,6.978019260477664
