name,machine_type,trace,-10,-9,-8,-7,-6,-5,-4,-3,-2,-1,0,1,2,3
m79,cpu,memory,44.84737864609218,44.530919569063705,44.572365022321904,44.57566623915867,44.56569334180092,44.54935556750407,44.459469419707936,44.4270440477781,44.413277903958566,44.4470545470749,44.46693337364645,44.44582748037105,44.46236829396481,44.45954027905987
