name,machine_type,trace,-10,-9,-8,-7,-6,-5,-4,-3,-2,-1,0,1,2,3
m42,cpu,memory,10.654052534445697,10.285867876012333,10.956534128647867,11.03679711071634,10.895506377244516,10.771399963691477,10.748147666249144,10.727444557268335,10.674812571035286,10.664452214367055,10.635233010879654,10.604929670297235,10.596023827634227,10.575186066032202
