name,machine_type,trace,-10,-9,-8,-7,-6,-5,-4,-3,-2,-1,0,1,2,3
m215,cpu,memory,38.77410742344817,38.81016829695101,38.82577897196242,38.83158077312014,38.832824575866006,38.858837859778596,38.8690977620739,38.876988435245046,38.896657116876185,38.89508898730237,38.882720980501524,38.88603911542106,38.896307852169194,39.06308324046715
