name,machine_type,trace,-10,-9,-8,-7,-6,-5,-4,-3,-2,-1,0,1,2,3
m265,cpu,memory,18.20088971022904,17.14966773825469,16.638393893674667,15.987954341881988,15.517582732918655,15.02688914409716,13.47936892711346,12.513897690320048,12.513897690320048,12.114596001664838,11.83107982784315,11.734054744554342,11.50305302940221,13.283148309439714
