name,machine_type,trace,-10,-9,-8,-7,-6,-5,-4,-3,-2,-1,0,1,2,3
m393,cpu,memory,17.00172514943192,16.998615442291893,17.00242559584835,17.024640436634208,17.00643559563119,17.050595113880885,17.101887867483708,17.03463017674327,17.053829907938148,17.05257633826646,17.024636448920834,17.101185578647534,17.12694623980095,17.11781671208614
