name,machine_type,trace,-10,-9,-8,-7,-6,-5,-4,-3,-2,-1,0,1,2,3
m91,cpu,memory,2.516677321707075,2.6350727451599085,2.755847974850382,2.8023209953211436,2.850459266800763,2.8463543539121403,2.973755391798878,2.994155387049815,3.064228467226107,3.6820644269480596,3.6820644269480596,3.862775623570397,3.694308861201134,3.6934035838219548
