name,machine_type,trace,-10,-9,-8,-7,-6,-5,-4,-3,-2,-1,0,1,2,3
m347,cpu,memory,7.940617706796689,7.927239262340643,7.937649340869179,7.931976500196475,7.920390854516889,7.910646530661347,7.886262494380932,7.883641764456065,7.91431840960344,7.927925763875213,7.924566904910803,7.929870201576508,7.927881607322667,7.938860180145755
