name,machine_type,trace,-10,-9,-8,-7,-6,-5,-4,-3,-2,-1,0,1,2,3
m110,cpu,memory,69.56099943780548,69.59321371066494,69.62641898689773,69.6528532144097,69.67620418570506,69.61568614512773,69.59699781706671,69.58052268885868,69.54388019715697,69.53526424323536,69.54744855702094,69.55950243248623,69.53984046519068,69.50090966091088
