name,machine_type,trace,-10,-9,-8,-7,-6,-5,-4,-3,-2,-1,0,1,2,3
m30,cpu,memory,21.62701229602882,21.62177338599866,21.521829923468008,21.523492171103637,21.59804987981661,21.58081050045307,21.571454320847398,21.55050110182493,21.530286440787155,21.519268948668994,21.520539353207354,21.52198713962626,21.508988197292172,21.50151155273086
