name,machine_type,trace,-10,-9,-8,-7,-6,-5,-4,-3,-2,-1,0,1,2,3
m254,cpu,memory,0.5497638159105834,0.5492772237705305,0.5472348189156375,0.5069136720363987,0.5581066034587533,0.5553889538885706,0.47457958731963334,0.3967667666897598,0.39050091162012635,0.37900638049662355,0.3740883142446559,0.4219375557628693,0.5384071807522915,0.8155563269417049
