name,machine_type,trace,-10,-9,-8,-7,-6,-5,-4,-3,-2,-1,0,1,2,3
m341,cpu,memory,40.398542970627105,40.371011228458926,40.364406054303714,40.335708450199746,40.278296483600805,40.24017182740053,40.26254229558178,40.25761564853387,40.243904042039865,40.224112141844806,40.2082569964929,40.1898204569628,40.16347047950268,40.16075804125639
