name,machine_type,trace,-10,-9,-8,-7,-6,-5,-4,-3,-2,-1,0,1,2,3
m313,cpu,memory,14.044713762327648,14.046855005022863,14.010147648334154,13.977450796470501,13.953922441969514,13.93052290995662,13.916401010991533,13.90692014956246,13.896668272100207,13.868566345222566,13.864200291814452,13.859663013762711,13.846519018875162,13.811938089426668
