name,machine_type,trace,-10,-9,-8,-7,-6,-5,-4,-3,-2,-1,0,1,2,3
m254,cpu,memory,36.95793498665023,37.0349863564398,37.106944901741954,37.14747957471478,37.23813780774183,37.35114979977613,37.43645397769128,37.53225758382595,37.61686010515418,37.71909205820134,37.83658395829342,37.81779563073821,37.73191528446128,37.63726774797088
