name,machine_type,trace,-10,-9,-8,-7,-6,-5,-4,-3,-2,-1,0,1,2,3
m279,cpu,memory,40.350306730905615,40.90237931168558,40.719903459280886,40.614498659183596,40.095272518405565,40.23454324364558,39.7816036040641,39.90372384139206,40.33744742402636,40.44345215906628,39.90123922180806,39.382558860804494,39.536383309606556,39.80605825656197
