name,machine_type,trace,-10,-9,-8,-7,-6,-5,-4,-3,-2,-1,0,1,2,3
m235,cpu,memory,40.558171949125544,40.565255260828636,40.55261976527152,40.538339361609076,40.52627125107089,40.58255036898824,40.583498313159005,40.58743087887764,40.54985816112782,40.56490897375058,40.57979108750869,40.57858625516786,40.578943443813046,40.605857221022404
