name,machine_type,trace,-10,-9,-8,-7,-6,-5,-4,-3,-2,-1,0,1,2,3
m309,cpu,memory,59.82504832845111,59.833468222637876,59.830013239829306,59.762911731689954,59.71896947377963,59.6887541686048,59.61035354673808,59.5514534584897,59.50681499572252,59.493055131952765,59.4708221685183,59.451021384653416,59.411394475843714,59.38095241845105
