name,machine_type,trace,-10,-9,-8,-7,-6,-5,-4,-3,-2,-1,0,1,2,3
m275,cpu,memory,0.4893760117313053,0.3945364033519417,0.3745707292615735,0.45780297338568365,0.4355332618833632,0.4811568219830232,0.43656780337863094,0.45435918366036543,0.4419788221223755,0.4407047326309546,0.464199859272675,0.4487874272057745,0.43193337852615626,0.4385945597428141
m236,cpu,memory,25.712959991994442,25.519808527971705,25.64359142166642,25.594147410297992,25.544528186383264,25.434835540764073,25.295157422036777,25.35249008678609,25.492566232916932,25.473126575057815,25.427268742002994,25.236160162379175,25.126617944757136,25.21517463617728
