name,machine_type,trace,-10,-9,-8,-7,-6,-5,-4,-3,-2,-1,0,1,2,3
m215,cpu,memory,5.404700724893829,5.348538263966833,5.211730960029672,5.431680302213323,5.330564339129774,5.381408851866561,5.367235464339901,5.454685643856285,5.4232035686298,5.486094802193365,5.530011730949428,5.64176432223244,5.608542564738234,5.536603566727752
