name,machine_type,trace,-10,-9,-8,-7,-6,-5,-4,-3,-2,-1,0,1,2,3
m307,cpu,memory,30.55206040830369,30.54458043212956,30.545410306592572,30.535436517904905,30.5413109595796,30.57172065868287,30.607872140696312,30.578801698831775,30.52089433087313,30.508060806900872,30.518789963074216,30.5194737519945,30.507299281610386,30.51195667376866
