name,machine_type,trace,-10,-9,-8,-7,-6,-5,-4,-3,-2,-1,0,1,2,3
m279,cpu,memory,23.000065852639075,23.27587757793287,23.59014115061779,23.83010581602659,24.11215553611095,24.372457617931463,24.67998776063675,24.94779952036092,25.248669489619466,25.38319162876095,25.39804362780017,25.413760676066655,25.4062720943396,25.430257581087627
