name,machine_type,trace,-10,-9,-8,-7,-6,-5,-4,-3,-2,-1,0,1,2,3
m177,cpu,memory,1.5537344230931354,1.4066184724153021,1.3448407760080168,1.4280470419566702,1.3891345582073844,1.1384487567575294,0.9379613049797408,0.7618019278831065,0.6600141090735583,0.5410666686496182,0.5233102436822832,0.554814467997373,0.533290965093472,0.45291692825072727
m37,cpu,memory,0.5258735706321175,0.4935910290122412,0.5426433144398277,0.5891546309735797,0.5353788429767058,0.42899912115477484,0.42780929974638415,0.4983074910689963,0.47394918507051603,0.5629149688306668,0.554975289466509,0.4942051686431379,0.5076769244082728,0.52987540806205
m411,cpu,memory,0.4870861506108258,0.5380034148151279,0.48685252672184887,0.5537683588934724,0.5815277623382786,0.5980273927189412,0.5606115351711908,0.43385788230346434,0.8663852338997559,1.6095721980561886,0.7421799437509985,0.3680352726536137,0.3667585173433109,0.4365973230184727
m12,cpu,memory,0.4492977515343472,0.47395405540183855,0.5425730102663694,0.5680814937584417,0.4497221506016201,0.4282745287519996,0.4507426968536389,0.4938235173346806,0.5126812147300603,0.5042263666800674,0.4532688024684734,0.5291415545085263,0.5466514353379343,0.5220373492982078
