name,machine_type,trace,-10,-9,-8,-7,-6,-5,-4,-3,-2,-1,0,1,2,3
m132,cpu,memory,47.383444742756936,47.248976506309326,47.0976066489268,47.0962055604363,47.037039110637615,47.02947896285771,47.03029263413403,47.054572159560486,47.069444950823005,47.07444341190323,47.052068057439925,46.995162346497146,46.930480272120505,46.879163164831816
