name,machine_type,trace,-10,-9,-8,-7,-6,-5,-4,-3,-2,-1,0,1,2,3
m268,cpu,memory,28.645877280965998,28.6483038062586,28.63220757328897,28.580484284449224,28.50368364313193,28.455991706116492,28.306077509911397,28.19109214303631,28.01634440783641,28.03932107811172,28.043899774168136,27.961298692732676,27.889212486085217,27.864135133607665
