name,machine_type,trace,-10,-9,-8,-7,-6,-5,-4,-3,-2,-1,0,1,2,3
m87,cpu,memory,7.11982137133908,7.222886542387716,7.391984178390359,7.466299095819971,7.4631649316131945,7.43091394797723,7.40078393966213,7.424809537185372,7.475590433911371,7.4939542963903305,7.2204235594075925,7.181758842335118,7.2697664233897745,7.239186660028477
m256,cpu,memory,7.671195605590592,7.6508741555724455,7.645269095615833,7.697303435942263,7.741817392363616,7.760458914482709,7.7719734605162385,7.753586844636173,7.687329824057225,7.653061977811338,7.495898822492942,7.47801519193482,7.523971761878306,7.522311583817836
m325,cpu,memory,3.53737287398429,3.3839323543505198,3.2103933377420666,3.2046021617790594,3.192865369344716,3.0378012184964964,2.889873205479764,2.9113898967690686,2.8835108850756526,2.8299862916247918,2.7230902705109075,2.5637093716632764,2.566499345057925,2.4962170293753148
m260,cpu,memory,4.523812884267464,4.537631556114263,4.530958840324037,4.515105537581167,4.507502519456468,4.498690214283884,4.343967326593037,4.235822947699252,4.201153654792879,4.187641832057517,4.214627264875818,4.210195197642175,4.2009522436549585,4.215335447070031
