name,machine_type,trace,-10,-9,-8,-7,-6,-5,-4,-3,-2,-1,0,1,2,3
m25,cpu,memory,38.65446214109671,38.65623344794182,38.658672088190094,38.652822381847535,38.655497969806014,38.67639061405016,38.66715174886048,38.698496370450144,38.678516688442286,38.72044362158488,38.701168323921934,38.65322853573618,38.6639569347248,38.698695864017736
