name,machine_type,trace,-10,-9,-8,-7,-6,-5,-4,-3,-2,-1,0,1,2,3
m15,cpu,memory,36.6320604977272,36.62758629316339,36.65586239713721,36.657981051118995,36.677756444686956,36.621430229879465,36.60048044279679,36.57342855509285,36.569457675826925,36.58869082480193,36.57140303483274,36.56396596642425,36.58907168872063,36.63224737091833
