name,machine_type,trace,-10,-9,-8,-7,-6,-5,-4,-3,-2,-1,0,1,2,3
m182,cpu,memory,2.375733971906084,2.389997010293957,2.4211963527426232,2.2916657706647374,2.2239504374740777,2.23659938498579,2.232959850514471,2.2853349996874344,2.258675509718587,2.278133832181272,2.2855565013970662,2.377250726496032,2.2611294064819614,2.2391545175367313
