name,machine_type,trace,-10,-9,-8,-7,-6,-5,-4,-3,-2,-1,0,1,2,3
m158,cpu,memory,19.246464598494317,19.25355093893632,19.262857117848412,19.230307387545498,19.190684313876453,19.178860217474963,19.184790033961857,19.185601484227448,19.170470358913438,19.17179618937396,19.178533543374357,19.155768103029946,19.108822750157326,19.097668813350996
m92,cpu,memory,22.53180357586243,22.486331831300937,22.45212260383592,22.49696060938772,22.474478482960407,22.48001905538661,22.516701677878956,22.662680987594225,22.765184794567606,22.622093160253424,22.432358568038893,22.266934451608353,22.028068817082403,22.349060297406414
m392,cpu,memory,16.796241468269628,16.948449682439755,16.818377460948803,16.774929343117712,16.820793940293015,16.8050810447753,16.791359444010762,16.799639713333494,16.847381421994132,16.902286401065243,16.98956716049851,17.08604710864165,17.03245735944486,16.927516048568194
m97,cpu,memory,3.7699071437108147,3.7540821343111235,3.760154945134092,3.776594977829934,3.7845777492726334,3.7795370442709557,3.7879681701573995,3.806303877857986,3.799170781258963,3.785935760084141,3.7743277395958126,3.7488987505301057,3.7416928000773053,3.7530409422730844
