name,machine_type,trace,-10,-9,-8,-7,-6,-5,-4,-3,-2,-1,0,1,2,3
m150,cpu,memory,20.21460533358803,20.253291215109456,20.297013079260704,20.311537801826706,20.29327536367431,20.300817428996215,20.255993632015855,20.215085439816203,20.213850193257773,20.215155857996002,20.153689140671656,20.1156626932237,20.104745452363662,20.094044463462232
