name,machine_type,trace,-10,-9,-8,-7,-6,-5,-4,-3,-2,-1,0,1,2,3
m161,cpu,memory,1.2567751753776126,1.3621341114347856,1.3286625837991484,1.3001668451439412,0.8672163151381035,1.3800897376913714,1.0681003767690638,1.2648232792363714,1.0486656658438693,0.5895177557093092,0.6719766239772479,1.1277268190772511,1.1121350604333362,1.0705236707758374
