name,machine_type,trace,-10,-9,-8,-7,-6,-5,-4,-3,-2,-1,0,1,2,3
m346,cpu,memory,0.681437331666477,0.697218197196466,0.6657993973801469,0.6215023870665034,0.5857819324600612,0.518904146531358,0.5166062423157107,0.5426438059813172,0.5165230781992827,0.4815825869561544,0.4815825869561544,0.46122465331691426,0.46122465331691426,0.3870086494460951
