name,machine_type,trace,-10,-9,-8,-7,-6,-5,-4,-3,-2,-1,0,1,2,3
m243,cpu,memory,36.92484010795092,36.92273624367986,36.921145752548036,36.9361727403533,36.96759863247289,36.95266220396122,36.94733172379585,36.94627898525858,36.92622434196255,36.898089326112256,36.85457427371901,36.79201032000383,36.65604609015247,36.57696026532298
