name,machine_type,trace,-10,-9,-8,-7,-6,-5,-4,-3,-2,-1,0,1,2,3
m102,cpu,memory,19.009562546517643,18.99057417075703,18.996151315205644,18.996151315205644,18.98551743937267,18.981132531496915,18.978820089334473,18.980296145245234,18.999248530122717,19.003079479757755,19.04130781915594,19.018884045169763,19.04223309889481,19.02797541077423
