name,machine_type,trace,-10,-9,-8,-7,-6,-5,-4,-3,-2,-1,0,1,2,3
m275,cpu,memory,63.43294512308219,63.29296529084889,63.339928110080244,63.213445953153524,63.24437361772141,63.1860355630889,63.04443666735803,63.10936778308306,63.134588898439176,63.06093380503317,62.968046016963,62.883750558650895,62.78385810576247,62.698886229723435
