name,machine_type,trace,-10,-9,-8,-7,-6,-5,-4,-3,-2,-1,0,1,2,3
m76,cpu,memory,23.97039481244296,23.90416615530148,23.93129198394025,23.92398667990098,23.913890524365677,23.89703026357125,23.924520155956184,23.924164774312583,23.889032522099154,23.893104563741986,23.88569961239629,23.896007735112793,23.91058149158068,23.909518326248122
m89,cpu,memory,19.75843492084915,19.749552361362284,19.75199363745599,19.771595633700503,19.722361059553926,19.75083430795601,19.710587191813374,19.714445803356632,19.726553295237284,19.7490436716271,19.730385656784932,19.713945089252558,19.716310241343372,19.714817439144113
