name,machine_type,trace,-10,-9,-8,-7,-6,-5,-4,-3,-2,-1,0,1,2,3
m1,cpu,memory,37.076445854840664,37.02915376247212,37.009567665086415,36.992421216897625,37.0663354189179,37.576857784155834,37.50655454499831,37.39730813294843,37.32902390226235,37.14605096967802,37.0327481183808,37.035729205768945,37.129820866448306,37.127939565270566
