name,machine_type,trace,-10,-9,-8,-7,-6,-5,-4,-3,-2,-1,0,1,2,3
m329,cpu,memory,87.55788815390312,87.93470345164383,87.8596708661835,87.61024594735986,87.09373466985174,87.20219863320789,86.78669160835103,86.77030543242313,86.66054450067232,86.25653193013244,86.39827284190577,86.0119666304537,85.97762164764103,86.26505534115387
