name,machine_type,trace,-10,-9,-8,-7,-6,-5,-4,-3,-2,-1,0,1,2,3
m356,cpu,memory,6.231452318434522,6.208438887408509,5.527754979723804,5.854792566858352,5.7396420966102895,5.655104415471259,5.539203019761734,5.502789741128233,5.083589647999054,4.964567389168296,4.9096134202452175,4.913419661617477,4.292696304191938,4.394345931072505
