name,machine_type,trace,-10,-9,-8,-7,-6,-5,-4,-3,-2,-1,0,1,2,3
m335,cpu,memory,56.78386331519341,54.853742703162204,54.869281748498246,54.23911122360689,52.631220365304074,51.42347094570131,49.38497261505134,48.65051205980233,48.60593487788821,48.10761762630038,46.77694269788008,46.22645783956055,53.479685733204086,56.54169524597328
