name,machine_type,trace,-10,-9,-8,-7,-6,-5,-4,-3,-2,-1,0,1,2,3
m407,cpu,memory,52.47489978054364,52.47489978054364,52.43474566861562,52.4280469064279,52.38395775468015,52.38436340504095,52.412349456153585,52.406545585988596,52.36143655752081,52.28889129438064,52.31225175509363,52.32012243858793,52.329759885818966,52.312406423325264
