name,machine_type,trace,-10,-9,-8,-7,-6,-5,-4,-3,-2,-1,0,1,2,3
m155,cpu,memory,32.54755044379809,32.52686112826218,32.50238588908116,32.49045548394372,32.48643649883899,32.48235461818475,32.47722595235818,32.47437732308061,32.48129738575612,32.425756068638734,32.39059059257943,32.38626767352448,32.38030893258093,32.38572431776293
