name,machine_type,trace,-10,-9,-8,-7,-6,-5,-4,-3,-2,-1,0,1,2,3
m230,cpu,memory,20.137481501219884,20.09310484832348,19.945533733760886,19.46698331766062,19.4368300259151,19.510705562297193,19.930872871273568,19.891603781465342,19.90019124063264,19.806875794627516,19.392326241702694,19.83043673324824,19.754403952964655,19.208337721849826
