name,machine_type,trace,-10,-9,-8,-7,-6,-5,-4,-3,-2,-1,0,1,2,3
m268,cpu,memory,34.16736726445694,34.11361860679403,34.0334609623721,33.98962647835018,33.913557680682,33.86397510450815,33.85831474545782,33.76373182332627,33.63593080203854,33.64862222704566,33.5588843785582,33.39109209116916,33.28525614135876,33.20067179246403
m194,cpu,memory,26.400145112938947,26.418803910795525,26.406019806377568,26.347879225522384,26.124660864531716,26.109076285891994,26.05954646088526,26.07642537110078,26.014537380801706,25.98603664472729,25.95159841999171,25.956646570580126,25.865920747458233,25.82138470528341
m175,cpu,memory,11.90096163066334,11.849110125272581,11.853280231766371,11.840475821546946,11.735245379681498,11.718994857829783,11.59196402023991,11.522960122570943,11.428046360687004,11.35589579258039,11.257437106267727,11.231121037432729,11.183409338463752,11.155390045805738
m350,cpu,memory,40.86827039199938,40.83616177101813,40.79915063257332,40.80468353282526,40.779422335895504,40.754996868359676,40.76624505005627,40.74233870837067,40.684876818689574,40.60469418527862,40.55139888061444,40.57115534456418,40.51352228002436,40.43273894735937
m17,cpu,memory,27.733929041856626,27.481756794339724,26.998555776135245,26.39925829818431,26.34199584906789,26.311274240966227,26.307541420579106,26.21524595351395,26.004203122966008,25.961028953244817,25.65836788165336,25.394963304102166,25.142184905601173,24.927714426613385
m409,cpu,memory,16.674081524323107,16.580157629846124,16.567476577701903,16.62024099554406,16.50338142041919,16.486020108380696,16.479588429855404,16.441253504780956,16.451370174226994,16.416381627062474,16.192879346974816,16.180408741643177,16.176907973767,16.13662458522935
m149,cpu,memory,22.958489134187126,22.920581841114053,22.855248965064767,22.823023713026746,22.740294618155072,22.804771220495766,22.71240212857348,22.66127012528863,22.38670946620536,22.3258804252513,22.207055828926165,22.180711403523066,22.03154384067779,21.988647913628967
m320,cpu,memory,2.0627589836787923,2.076603424982771,2.034202935259918,2.488294037666972,2.511956300287288,2.299917708595761,2.284149412332274,2.290352648224817,1.8077506256655274,1.728728379120092,2.1547945224772103,2.0376489965394233,1.918224092235458,2.138523998265805
