name,machine_type,trace,-10,-9,-8,-7,-6,-5,-4,-3,-2,-1,0,1,2,3
m415,cpu,memory,14.870444178494246,14.819055464409866,14.767555696502127,14.733278650461783,14.646159802299975,14.63109465314155,14.678172563126644,15.57650520809072,16.576102123261073,16.308997436270943,16.070294344697807,16.00630448663451,15.82636344796575,15.782874416793607
