name,machine_type,trace,-10,-9,-8,-7,-6,-5,-4,-3,-2,-1,0,1,2,3
m155,cpu,memory,43.0032042240489,43.00016564173132,42.99843608037328,43.007520428768274,43.001447706914504,43.001549321105145,43.00512505026949,43.00341260128633,43.00242528350965,42.999315929028405,42.99591455489865,42.991896578742576,42.99118124172056,42.99154963669974
