name,machine_type,trace,-10,-9,-8,-7,-6,-5,-4,-3,-2,-1,0,1,2,3
m211,cpu,memory,0.6682523730282985,0.6501554560823468,0.7756611090985983,0.721567238916345,0.8140003880420298,0.7460833786987944,0.8024708876101015,0.6534133190974528,0.6328734465938832,0.6047082064468404,0.6937587716064934,0.5744408448218953,0.6279842038279808,0.41908902681227467
m293,cpu,memory,13.709138450379655,13.692157219898743,13.668667280029204,13.672343058472652,13.65677496185152,13.627537182161866,13.570295909609346,13.527615476009327,13.501827329050252,13.487207202533467,13.477452038253457,13.446191288123266,13.414086605070494,13.378298395113653
