name,machine_type,trace,-10,-9,-8,-7,-6,-5,-4,-3,-2,-1,0,1,2,3
m324,cpu,memory,78.85954098151797,78.66773972930403,78.62585509628633,78.54538634926774,76.75464991685203,77.9984097303447,78.26380328074211,78.21916724096604,76.23878198075708,77.93486729330569,77.97635980496072,77.97803691802555,76.39204798199366,77.61927138453227
