name,machine_type,trace,-10,-9,-8,-7,-6,-5,-4,-3,-2,-1,0,1,2,3
m263,cpu,memory,21.61038573087498,21.632035964941984,21.63977742161154,21.57744976064179,21.476450000805645,21.25370149754784,21.261564052664077,21.439355394102233,21.445683514365097,21.429990003344333,21.433026011233835,21.440904972650184,21.423956982578876,21.435336711871404
