name,machine_type,trace,-10,-9,-8,-7,-6,-5,-4,-3,-2,-1,0,1,2,3
m37,cpu,memory,21.49586009800575,21.47180365084036,21.469039984705887,21.46497818924922,21.450404807894845,21.447901236840902,21.43545189484266,21.423804969142267,21.417461921577228,21.437642680150212,21.439475989111767,21.427027580927742,21.4355626250713,21.431928862494825
