name,machine_type,trace,-10,-9,-8,-7,-6,-5,-4,-3,-2,-1,0,1,2,3
m309,cpu,memory,82.3471453526182,82.20793936317796,82.08010426857741,81.93041965078216,81.87933572872761,81.83318481407268,81.79681410247169,81.7183162561928,81.6885029649991,81.65682498147471,81.61074514185735,81.54142286012478,81.5179467015852,81.37844853916653
