name,machine_type,trace,-10,-9,-8,-7,-6,-5,-4,-3,-2,-1,0,1,2,3
m133,cpu,memory,12.323499255323963,12.254924731938432,12.217374388997355,12.203719975883969,12.186567773091241,12.21351653280297,12.175396799628507,12.124312044670749,12.121452864591868,12.11141741589086,12.110919869805418,12.055747301651069,12.048972239851166,12.464995349977142
