name,machine_type,trace,-10,-9,-8,-7,-6,-5,-4,-3,-2,-1,0,1,2,3
m386,cpu,memory,35.14086068983708,35.34614740207496,35.45280525130022,35.60749854575101,35.73839594715965,35.91890808048462,36.0312176568543,36.158050339200585,36.286958716653054,36.422218158958636,36.542784783688376,36.63620507516997,36.70180902335224,36.778412948076934
