name,machine_type,trace,-10,-9,-8,-7,-6,-5,-4,-3,-2,-1,0,1,2,3
m253,cpu,memory,30.509717778851908,30.49270015428699,30.47010843672792,30.45832553117569,30.433127534562303,30.404404994472245,30.49195573947842,30.36047263107337,30.330653384621797,30.324394898852535,30.30955210948334,30.29539275505056,30.280478235679016,30.265744429800833
