name,machine_type,trace,-10,-9,-8,-7,-6,-5,-4,-3,-2,-1,0,1,2,3
m376,cpu,memory,7.929994152716649,7.918608807574282,9.231517342808903,9.554735500874065,9.549142606415197,9.51350618663083,9.6294585914147,9.69648033071073,9.843318022894056,9.902693016836578,9.915931066750316,9.897869005610799,9.92404955087285,9.930557377005487
