name,machine_type,trace,-10,-9,-8,-7,-6,-5,-4,-3,-2,-1,0,1,2,3
m265,cpu,memory,1.168707120496288,1.199689365476017,0.7696305744166906,0.3877930171068929,0.5750228674899163,0.7243502587807533,0.7243502587807533,1.023095890903855,0.846803952542902,0.809622232361094,0.43076516869303433,0.5396176667454038,0.9382688390702899,0.6088999432474902
