name,machine_type,trace,-10,-9,-8,-7,-6,-5,-4,-3,-2,-1,0,1,2,3
m399,cpu,memory,31.601747010301533,31.548659831110857,31.266212157951642,31.16265028564643,30.885089433511332,30.708742775927657,30.468088267870876,31.71452447761674,31.69875933502765,31.63482891653347,31.308737469577075,31.27019777581832,31.10481298377668,31.05257536395901
