name,machine_type,trace,-10,-9,-8,-7,-6,-5,-4,-3,-2,-1,0,1,2,3
m357,cpu,memory,17.561658107690267,16.98835235849565,16.370335255010122,16.314114919804144,16.24458340332244,16.174625415224963,16.147869636534978,16.611058919209057,17.207591107987508,17.130458567427088,17.026023459907464,16.968156929382104,17.02326967994286,17.111471504056905
m117,cpu,memory,6.205865544564833,6.2378235357592,6.278234837973977,6.287539729672028,6.291930732316965,6.3077963898537615,6.291995812344425,6.280367196431467,6.322868745139252,6.380639428571463,6.4136986311871915,6.380034046697762,6.373923237884242,6.39584112350222
