name,machine_type,trace,-10,-9,-8,-7,-6,-5,-4,-3,-2,-1,0,1,2,3
m143,cpu,memory,25.22183377299517,25.19826018938947,25.16221289599474,25.116583126980302,25.087104865420713,25.08921786512553,25.0600381861131,25.0324479911768,25.04145253230135,25.015621983565335,24.992654172351358,25.01184623080408,25.05589961693116,25.06394470467706
