name,machine_type,trace,-10,-9,-8,-7,-6,-5,-4,-3,-2,-1,0,1,2,3
m91,cpu,memory,0.6743545373666423,0.716870093935126,0.6004807305269806,0.5446422688887455,0.6155696427923495,0.5319683089720757,0.586138717904378,0.5290881675590442,0.7883245693807156,0.7087631441968666,0.5885341348870683,0.6794174783093834,0.6681089117553293,1.194608643318199
