name,machine_type,trace,-10,-9,-8,-7,-6,-5,-4,-3,-2,-1,0,1,2,3
m143,cpu,memory,6.483746206920959,6.457091159165621,6.416378850655367,6.419128491280351,6.44786936849158,6.44786936849158,6.40245149762356,6.430327139844932,6.437520205474494,6.424440192696547,6.409500105089668,6.41681377756372,6.41681377756372,6.3755128336451214
