name,machine_type,trace,-10,-9,-8,-7,-6,-5,-4,-3,-2,-1,0,1,2,3
m297,cpu,memory,58.04885549710964,57.95091516677963,57.94651158294253,57.89456245050662,58.63254800354314,60.79070085419826,60.86119101765688,61.09394415162933,61.02379128935899,60.83392328119521,60.789725903141175,60.638728932773574,60.618069601752936,60.59042933040458
m105,cpu,memory,66.02627364377463,65.97211827758525,65.94032520198205,65.89131758078146,65.82592407884388,65.80307416129222,65.69656209662877,65.76837743369015,65.91194208130456,65.86274667829117,65.71478935029977,65.39393262424902,65.34260700882895,65.25759232724421
