name,machine_type,trace,-10,-9,-8,-7,-6,-5,-4,-3,-2,-1,0,1,2,3
m356,cpu,memory,7.976295393148786,7.991953569576282,8.029598712045434,8.018598799106535,8.003675344387302,8.021303627078403,8.051332879282462,8.042344730639407,8.016943340957072,8.032290364813722,8.046041596677558,7.95791950411548,7.927831633130551,7.918019124790162
m128,cpu,memory,0.3477538963060349,0.3666455038582802,0.3502195169391613,0.33421991336701207,0.3340079647353025,0.43033539064083937,0.4068770000656025,0.40084770213137205,0.38378241151948134,0.41554093489053323,0.4495419365550676,0.45325361823751503,0.449760762941756,0.4298654313127142
