name,machine_type,trace,-10,-9,-8,-7,-6,-5,-4,-3,-2,-1,0,1,2,3
m331,cpu,memory,15.8036363968871,15.803398893213993,15.82473532399571,15.91844814054663,15.965520169856525,15.989700485585596,15.962348196766083,15.657239575512246,15.668661050859736,15.938820574273432,15.91635343953586,15.89051163335589,15.895711372327055,15.864445397622232
