name,machine_type,trace,-10,-9,-8,-7,-6,-5,-4,-3,-2,-1,0,1,2,3
m57,cpu,memory,6.472756554024434,6.484799425702643,6.506664800559663,6.517741643277734,6.480864816153125,6.452479550749882,6.461750015908451,6.454841298321031,6.446368918549699,6.448964346011069,6.452325829756343,6.469486285862617,6.483039930371412,6.479693628179957
