name,machine_type,trace,-10,-9,-8,-7,-6,-5,-4,-3,-2,-1,0,1,2,3
m159,cpu,memory,25.369689992216745,25.361352985149306,25.36966031057537,25.3839340510122,25.382049064237794,25.38100172632061,25.40750495796989,25.408719130184345,25.40553193711296,25.363941445753984,25.34313289823177,25.347058649287842,25.38348751267603,25.400501150663345
