name,machine_type,trace,-10,-9,-8,-7,-6,-5,-4,-3,-2,-1,0,1,2,3
m346,cpu,memory,11.61980421353312,11.624877439618912,11.587936251792332,11.586403015751683,11.550777259778451,11.51297346174288,11.551084853391773,11.580953759235912,11.579059585917781,11.570553473566772,11.583469429779626,11.587194980436164,11.638410854612596,11.617239212404309
