name,machine_type,trace,-10,-9,-8,-7,-6,-5,-4,-3,-2,-1,0,1,2,3
m253,cpu,memory,41.4122912646142,41.69085528618827,41.828548017339045,42.1780676173232,42.23780414104026,42.150130126360196,42.13410501764513,42.05654173986876,42.021587215474966,41.94553618703941,42.756209757146024,43.95753098316621,45.247045501153615,45.05955035849365
