name,machine_type,trace,-10,-9,-8,-7,-6,-5,-4,-3,-2,-1,0,1,2,3
m373,cpu,memory,31.175504961574088,30.732540688760064,30.55668221277969,30.612704896837823,30.43936295080583,30.523808229474344,31.032720617431448,31.014146169953683,31.020545692736498,30.992030115841388,30.92803821394721,30.89895237473121,30.815373466829648,30.792312548395465
