name,machine_type,trace,-10,-9,-8,-7,-6,-5,-4,-3,-2,-1,0,1,2,3
m145,cpu,memory,14.283519619431626,14.297379080255036,14.295157746216432,14.240632385390489,14.153959468861888,14.006629403187452,13.932129552417244,13.89671753826516,13.893331624273127,13.873245219558303,13.938076734370002,13.864735810267177,13.90559752325798,13.90240676651544
