name,machine_type,trace,-10,-9,-8,-7,-6,-5,-4,-3,-2,-1,0,1,2,3
m65,cpu,memory,59.96358688605418,59.83154154148637,59.744400582962584,59.72572103824442,60.88469009428525,63.08369881567525,63.046282986601284,62.99326067164042,62.91050946697466,62.76785182633865,62.62218220517756,62.54068520129695,62.504548811868126,62.44564246548797
m36,cpu,memory,23.452668145968374,23.451385802519802,23.459569606508058,23.445763579078342,23.45095557015677,23.43817436764929,23.442829969065674,23.426532273848153,23.248285940106324,23.018771133782973,22.53932650901919,22.486802624156944,22.57516108461503,22.80122451611504
m36,cpu,memory,23.452668145968374,23.451385802519802,23.459569606508058,23.445763579078342,23.45095557015677,23.43817436764929,23.442829969065674,23.426532273848153,23.248285940106324,23.018771133782973,22.53932650901919,22.486802624156944,22.57516108461503,22.80122451611504
m116,cpu,memory,0.5998317853549691,0.5436316796640959,0.7019732542023298,0.8391429972171643,0.829800296767954,0.8537481694112694,0.7623926708251151,0.6477059129986569,0.5300636360193927,0.5541759313266161,0.5590662088990286,0.47841013437848245,0.5315771978263527,0.5370249400294551
