name,machine_type,trace,-10,-9,-8,-7,-6,-5,-4,-3,-2,-1,0,1,2,3
m193,cpu,memory,15.382368293319553,15.40257205146512,15.377689245110146,15.387956215724895,15.364233719059387,15.368290866274453,15.409551351352128,15.420421268166601,15.415723593023566,15.408635586775157,15.45585680665306,15.424887623185626,15.414829862711503,15.4468350011488
