name,machine_type,trace,-10,-9,-8,-7,-6,-5,-4,-3,-2,-1,0,1,2,3
m412,cpu,memory,55.80971204772069,55.77307803648795,55.738949903507404,55.70352304727965,55.70154467501964,55.717926417742085,55.72077252370155,55.7274438246921,55.71674006070866,55.69524570636885,55.66695698201856,55.63383499610595,55.61452840021223,55.586611907874726
