name,machine_type,trace,-10,-9,-8,-7,-6,-5,-4,-3,-2,-1,0,1,2,3
m116,cpu,memory,73.62961961621214,73.77225958983546,73.86219112806955,73.93798319932779,73.9561006101031,73.88520681796692,73.75805096917829,73.77396376089656,73.7141261776267,73.58613096495743,73.47338635945945,73.43296309486173,73.46550356290246,73.39655169593932
