name,machine_type,trace,-10,-9,-8,-7,-6,-5,-4,-3,-2,-1,0,1,2,3
m23,cpu,memory,8.766039519833424,10.079613431148678,11.087668655137247,11.690805614870042,12.650391690145955,13.3668924672295,14.21619881427446,14.82518835784108,15.558940440515538,15.991216647110603,16.623865335968013,17.054122130890768,17.574678000190026,17.84461592080993
