name,machine_type,trace,-10,-9,-8,-7,-6,-5,-4,-3,-2,-1,0,1,2,3
m10,cpu,memory,16.226449184969706,12.637960674664034,10.368987793899697,9.887841106831326,9.578581221167939,9.054406964388024,8.552120450217826,8.483180245083354,8.132930426024851,7.4598484937513705,7.362103334602811,7.437276945305874,7.354118364589912,7.4408135934254815
