name,machine_type,trace,-10,-9,-8,-7,-6,-5,-4,-3,-2,-1,0,1,2,3
m57,cpu,memory,10.083132447176824,10.076822940407563,10.103240396277776,10.087848193669197,9.967608747892982,9.93585436367225,9.91549290912402,9.902803830821671,9.871094688577797,9.894764409278395,9.872228673604377,9.868765499949996,9.873298916359618,9.877470928498077
