name,machine_type,trace,-10,-9,-8,-7,-6,-5,-4,-3,-2,-1,0,1,2,3
m143,cpu,memory,70.05457605802482,70.09747673072894,69.92195606135765,70.13299172325915,70.21530517482456,70.16214262925189,70.21635008975062,70.2392964215268,69.87805671121295,70.08166267589931,69.95298407751064,69.97501411543772,70.09140269705263,69.90005737037255
