name,machine_type,trace,-10,-9,-8,-7,-6,-5,-4,-3,-2,-1,0,1,2,3
m186,cpu,memory,42.81707913143764,42.768119515748865,42.68266591878521,42.64808700912698,42.57331910593323,42.573551359098126,42.53686979855736,42.54947778180735,42.45173653995109,42.37916376639676,42.29998016441024,42.328688923738234,42.242990756107105,42.16731286830601
