name,machine_type,trace,-10,-9,-8,-7,-6,-5,-4,-3,-2,-1,0,1,2,3
m8,cpu,memory,21.76915119338656,21.767066747450365,21.807333331233796,21.86239142621222,21.79657782526532,21.645165496558718,21.66965164210189,21.67826516676294,21.642922828351637,21.60687091226328,21.56411607508293,21.514093410310412,21.452802417721088,21.375700806182593
