name,machine_type,trace,-10,-9,-8,-7,-6,-5,-4,-3,-2,-1,0,1,2,3
m47,cpu,memory,0.427732706945704,0.39975062978461245,0.4023900369391056,0.38877914926479484,0.3959141766848769,0.40894562874530066,0.40894562874530066,0.40018005449655364,0.3823953879067968,0.4902557215755427,0.49026158975719264,0.3835688727998408,0.3999150903077568,0.3964993038102868
