name,machine_type,trace,-10,-9,-8,-7,-6,-5,-4,-3,-2,-1,0,1,2,3
m318,cpu,memory,44.60774773778477,44.50262818563528,44.429064666793565,44.45941346788657,44.43584490788617,44.35213154330891,44.13490219379961,43.966603349491486,43.83376552493671,43.73982418764139,43.705674823022704,43.59220658518406,43.4734315682732,43.30676753485932
