name,machine_type,trace,-10,-9,-8,-7,-6,-5,-4,-3,-2,-1,0,1,2,3
m302,cpu,memory,33.99817226288492,34.02026771268798,34.00524956777309,34.02250816010544,33.99060277809843,34.0302301136257,33.94767745452859,33.94675502133896,33.96246364105208,33.979044981879994,33.94455681661818,33.92624552874461,33.81596162810141,33.74122600729597
