name,machine_type,trace,-10,-9,-8,-7,-6,-5,-4,-3,-2,-1,0,1,2,3
m263,cpu,memory,11.773106080149457,11.748852557150636,11.72292637541546,11.729665193243235,11.695656973147383,11.651479863035581,11.639114026894053,11.719868106294925,11.690661017763189,11.651486299105777,11.632033844824742,11.970535991117858,11.829328017936918,11.720022925395618
m331,cpu,memory,14.232475484365017,14.215694529244928,14.077131793597683,13.944067278952488,13.823948805930282,13.759811776332054,13.669970319229382,13.615745165784386,13.603173274312399,13.605044479756849,13.626267812505736,13.61941488675,13.607430368838008,13.590386872595976
m25,cpu,memory,11.852873989476405,11.820149323756805,11.653460431131293,11.570386463791941,11.698693157650222,11.652563142051006,11.629669951959961,11.617654906820544,11.49383629918301,11.622481202283355,11.573387565465435,11.518623208281348,11.675301954669349,11.702936244258344
m158,cpu,memory,19.708663205277443,19.64686549789954,19.53639270024553,19.3759442983263,19.251037640273772,19.193836827887246,19.215514015837638,19.319346960275848,19.453584960381974,19.583862933572306,19.649667789364656,19.628971380900808,19.512789486108417,19.380021030124382
m192,cpu,memory,22.268488548656176,22.232938574191472,22.18347729901122,22.190544810161978,22.187721671508307,22.18633385411994,22.19851281650246,22.22683879434142,22.242853503124234,22.213174411566,22.24288035857361,22.221616769530716,22.225687267805515,22.24321990481461
m263,cpu,memory,11.773106080149457,11.748852557150636,11.72292637541546,11.729665193243235,11.695656973147383,11.651479863035581,11.639114026894053,11.719868106294925,11.690661017763189,11.651486299105777,11.632033844824742,11.970535991117858,11.829328017936918,11.720022925395618
m201,cpu,memory,10.600066234923467,10.61052072233636,10.613182731511806,10.585914540739294,10.544135586101262,10.52519004181992,10.5274907854783,10.513358828449865,10.475680874705553,10.448454354269531,10.43710492504901,10.425671788867398,10.433784619470151,10.444361808668384
m192,cpu,memory,22.268488548656176,22.232938574191472,22.18347729901122,22.190544810161978,22.187721671508307,22.18633385411994,22.19851281650246,22.22683879434142,22.242853503124234,22.213174411566,22.24288035857361,22.221616769530716,22.225687267805515,22.24321990481461
