name,machine_type,trace,-10,-9,-8,-7,-6,-5,-4,-3,-2,-1,0,1,2,3
m163,cpu,memory,20.762615868890528,20.752531878596795,20.69221400687711,20.672632506634017,20.67339662631031,20.629482572734908,20.58113387744609,20.550714210837615,20.52928230511474,32.46150253045506,48.88836133635746,51.050260605431355,50.91472480127632,50.722855988618434
m157,cpu,memory,30.423785647504634,30.33644457405087,30.28313286000604,30.137909083317776,30.043937526903466,29.961134377806577,29.779169845157206,29.625707283934222,29.5777230060059,29.66285804094451,42.740818324436894,58.47698929337589,58.31917644297969,58.16141205364785
m135,cpu,memory,4.692291625600963,4.649222460394892,4.620533611216144,4.5667617190060295,4.540866852135237,4.5366278719692605,4.4638831701719965,4.400219213624731,4.376863504581206,4.30952857197722,20.174592796820082,39.64322494935516,39.42114470122482,39.14497963363193
m166,cpu,memory,10.432710509714687,10.475718038504496,10.44760940963641,10.452499131032539,10.437435917814396,10.354775425975784,10.268716551264719,10.228081948780531,10.258908991211465,10.249723196457884,26.07613881381126,45.44909610422715,45.38772839472482,45.2625499315548
m44,cpu,memory,59.557127659406916,59.352858215404346,59.08363681040057,58.909748415595786,58.76034022817166,58.514698059098016,58.27976972271427,58.17248954649409,57.961975187117254,57.70681849598906,69.89250003240834,84.834490623935,84.7495459501149,84.76764161443674
m136,cpu,memory,21.599532847454626,21.618345735529314,21.59221825554949,21.5069750411283,21.438100409871566,21.41464252877588,21.395618734362976,21.362542795663074,21.32990805482255,21.469301157528868,35.04187853743054,51.287931232295804,51.12023505070057,50.90579741530491
m145,cpu,memory,1.3489652169498874,1.1765552881985557,0.9077200575287353,0.8513802337343769,0.8010582139747414,0.7957644484543284,0.7680748058468033,0.7388093710129416,0.7201495896135339,0.707375707364955,16.7828431839937,36.48971023191164,36.54763781160616,36.58053292995959
m276,cpu,memory,0.4956019161020246,0.4545314669200534,0.45422878719129245,0.4458967148501905,0.43157228046501783,0.4258855260006332,0.42078212159874506,0.4163416241759044,0.44219762122959294,0.422883211621351,16.053487960878353,35.22687895358993,35.25862862350951,35.363555813637646
