name,machine_type,trace,-10,-9,-8,-7,-6,-5,-4,-3,-2,-1,0,1,2,3
m321,cpu,memory,36.74116354820641,36.59041170314409,36.40225917270239,36.06167263560437,35.778441579124504,35.756485393209964,35.69917302101139,35.67305610501086,35.526485231475306,35.216536962941746,34.954148830170794,34.78753078485953,34.764205154644074,34.75870143061271
