name,machine_type,trace,-10,-9,-8,-7,-6,-5,-4,-3,-2,-1,0,1,2,3
m258,cpu,memory,32.104201218267825,32.48065044712364,32.36239676808419,32.16311867065499,32.12944353668932,32.09750462541436,32.07886066837847,31.991059041570107,31.855054732038084,31.811771327061944,31.887042052025738,31.908577697541773,31.939276289120635,31.969401337875752
