name,machine_type,trace,-10,-9,-8,-7,-6,-5,-4,-3,-2,-1,0,1,2,3
m2,cpu,memory,54.30983374654832,54.30547206197444,54.29657578010998,54.26506194258066,54.24161335282712,54.23258050016043,54.2039333360062,54.18385833653007,54.126341940614786,54.099495735781105,53.9816956969962,53.89449700746422,53.76455246308318,53.66785326808782
