name,machine_type,trace,-10,-9,-8,-7,-6,-5,-4,-3,-2,-1,0,1,2,3
m114,cpu,memory,2.998117873490908,2.9550089995948152,3.013481744707778,3.044574728067705,3.044574728067705,3.0463654194097702,2.992177191403155,2.9782142506890836,2.9505467206904847,2.900757887396454,2.9706190315670917,2.9682711028065447,2.8969215352483726,2.9752526110228166
