name,machine_type,trace,-10,-9,-8,-7,-6,-5,-4,-3,-2,-1,0,1,2,3
m175,cpu,memory,13.999216677254129,13.996285463731125,13.993064551330795,13.991466841010467,13.977600289912406,13.975534361921337,13.96988848970783,13.967520672165302,13.986495065184823,14.008780374692561,13.871178506277152,13.626332274102566,13.6323885656156,13.635511321698655
