name,machine_type,trace,-10,-9,-8,-7,-6,-5,-4,-3,-2,-1,0,1,2,3
m159,cpu,memory,50.7606502120935,50.76799439854424,50.749995916881346,50.75617262480691,50.7309051186354,50.67245898913355,50.66787115575042,50.32487823447358,50.266888687363334,50.182867381033105,50.13606104727673,50.13606104727673,50.08605818436128,50.05218365715499
