name,machine_type,trace,-10,-9,-8,-7,-6,-5,-4,-3,-2,-1,0,1,2,3
m207,cpu,memory,24.572037676785218,22.024404245540833,20.03347831704609,16.70769497366693,15.876954695093522,14.834053173774622,14.436494139337194,13.529802276048835,12.874741575312834,12.059758866345447,11.516435272464745,10.5980432014473,9.974428963079127,9.120507145976312
