name,machine_type,trace,-10,-9,-8,-7,-6,-5,-4,-3,-2,-1,0,1,2,3
m25,cpu,memory,7.205440047256506,7.171039529563249,7.117086685112494,7.0894898004491145,7.045943816491799,7.041300204338414,7.00590008941443,6.904421762895961,6.803606793425044,6.773136809166611,6.7783108795754625,6.7730470827762215,6.753521446591128,6.743131218985335
