name,machine_type,trace,-10,-9,-8,-7,-6,-5,-4,-3,-2,-1,0,1,2,3
m259,cpu,memory,64.30642696580753,64.26923203212753,64.24872403772574,64.14273089636558,64.06632580835073,63.93242374650037,63.80857750105233,63.81049216946812,63.78505904049491,63.73255807372145,63.709184790085075,63.67453177665037,63.61326452828512,63.524376290280635
