name,machine_type,trace,-10,-9,-8,-7,-6,-5,-4,-3,-2,-1,0,1,2,3
m401,cpu,memory,28.07330701180015,28.103149327777455,28.141443742901018,28.343963702139035,28.29241941176923,28.429597257304273,28.535558948996698,28.651230173799334,28.69224363928483,28.696724760731136,28.81139443079122,28.86042774516264,28.942862900922496,28.887381249961766
