name,machine_type,trace,-10,-9,-8,-7,-6,-5,-4,-3,-2,-1,0,1,2,3
m246,cpu,memory,25.684614630226413,25.668231373134514,25.665864970202353,25.62510460507032,25.606249544931973,25.585547760456556,25.570952721930688,25.473090281300788,25.455968011913363,25.44461922686775,25.39579711592577,25.347717400002097,25.38690186116612,25.380074553619917
