name,machine_type,trace,-10,-9,-8,-7,-6,-5,-4,-3,-2,-1,0,1,2,3
m349,cpu,memory,18.245471106444057,18.221991741984333,18.182182022847474,18.120024753618146,18.047006149127473,17.993621672710717,17.954255992064645,17.87895167384316,17.817216484747483,17.80677422586796,17.783471487239833,17.729198757417457,17.656195851827064,17.59891992539035
