name,machine_type,trace,-10,-9,-8,-7,-6,-5,-4,-3,-2,-1,0,1,2,3
m185,cpu,memory,6.363945423434662,6.382215495902085,6.374435233515164,6.3806929236725685,6.35414674639842,6.345269159219351,6.340301699346659,6.319945065604302,6.3350616529715165,6.333700171603804,6.332955114513287,6.362137922591612,6.36100880872369,6.386621288825631
