name,machine_type,trace,-10,-9,-8,-7,-6,-5,-4,-3,-2,-1,0,1,2,3
m177,cpu,memory,25.37583517625688,25.32916641974403,25.303268638946893,25.294296956599915,25.23093014838009,25.215347046621577,25.238700754491603,25.241738294292453,25.258997542982254,25.178735750456863,25.08593190336032,24.9610549631919,24.897783492217766,24.847987536869574
