name,machine_type,trace,-10,-9,-8,-7,-6,-5,-4,-3,-2,-1,0,1,2,3
m397,cpu,memory,20.448692678162992,20.45045015502903,20.459964635460075,20.464807537876954,20.440366069134843,20.406932653143187,20.392491147071865,20.384633436044936,20.415333920585617,20.42611146086315,20.425648467009854,20.401864991797268,20.34537573050911,20.33231929135263
