name,machine_type,trace,-10,-9,-8,-7,-6,-5,-4,-3,-2,-1,0,1,2,3
m156,cpu,memory,30.10794652652409,30.07388426861498,30.080786764604778,30.081254301566446,29.98811845977904,29.970586099142377,29.950229187702522,29.860548985581445,29.80411060710708,29.835456489409314,29.79881541175009,29.790631204560967,29.79814757481909,29.791167240239144
