name,machine_type,trace,-10,-9,-8,-7,-6,-5,-4,-3,-2,-1,0,1,2,3
m386,cpu,memory,14.30361639698826,14.2874962118048,14.238291748508242,14.218649568910504,14.22473051946931,14.222739805098225,14.182394049715295,14.168628431341608,14.148184948510833,14.137407181077881,14.115867950860043,14.114219357725927,14.091056117890572,14.065038291437492
