name,machine_type,trace,-10,-9,-8,-7,-6,-5,-4,-3,-2,-1,0,1,2,3
m236,cpu,memory,21.26710790748608,21.250061307354546,21.227169896079726,21.202633097780232,21.140616715452584,21.089111596141773,21.064977695836593,21.043631700486674,21.02331022529214,21.009181864323278,20.941027363989786,20.83083598729105,20.82003136440872,20.799474683028844
m193,cpu,memory,8.791533702504301,8.701613409788498,8.601840073983611,8.586661031559098,8.505272368130374,8.263072218886235,8.159209517656064,8.084098004032281,8.022114294225691,8.04879537664216,7.9858442497665285,7.75861470267385,7.636989179709071,7.532953676430191
