name,machine_type,trace,-10,-9,-8,-7,-6,-5,-4,-3,-2,-1,0,1,2,3
m86,cpu,memory,35.95891322767497,35.97155475610141,35.97155475610141,35.93077175114597,35.90614583220387,35.90614583220387,35.71811904553715,35.71378118344157,35.689481207916806,35.64694650720074,35.6329362670496,35.646997768606894,35.646997768606894,35.67309875911961
