name,machine_type,trace,-10,-9,-8,-7,-6,-5,-4,-3,-2,-1,0,1,2,3
m317,cpu,memory,41.17671958620642,41.20666472786993,41.14094018476882,41.210802994177975,41.19821717183205,41.130585329615535,41.16159093499351,41.083037865339364,41.125433798703106,41.18027441707225,41.113045499351514,41.19862256853597,41.2335147501251,41.26535411621671
