name,machine_type,trace,-10,-9,-8,-7,-6,-5,-4,-3,-2,-1,0,1,2,3
m418,cpu,memory,0.4971697646324586,0.4979342688201747,0.48251407560980175,0.453822592076086,0.45602864978410235,0.4620843482321948,0.4248633932742976,0.4670460788098461,0.4174846280899422,0.39326539306579916,0.43049706218761213,0.480569398070245,0.400925881454644,0.4380094578695148
