name,machine_type,trace,-10,-9,-8,-7,-6,-5,-4,-3,-2,-1,0,1,2,3
m407,cpu,memory,5.716220278000677,5.678516466397868,5.650318591532216,5.61944207479277,5.598529478163126,5.601300597468725,5.58301319815385,5.550875729002314,5.530620065843572,5.512718452148136,5.520005358142017,5.5654440515900845,5.697093741203407,5.904317988267998
