name,machine_type,trace,-10,-9,-8,-7,-6,-5,-4,-3,-2,-1,0,1,2,3
m407,cpu,memory,0.4155390924140025,0.6684778500145471,0.6841599660298158,0.6791331680507601,0.6449897904239877,0.7023648322849455,0.7446882532095092,0.6698366558700201,0.6416504417059833,0.7226558434012653,0.7271027262224157,0.6588179522562924,0.6114413580719921,0.5517682731844966
