name,machine_type,trace,-10,-9,-8,-7,-6,-5,-4,-3,-2,-1,0,1,2,3
m101,cpu,memory,48.77811762521004,48.774181930425506,48.706297796150245,48.59362174237171,48.525860120585605,48.08711114437508,47.34092563470707,46.41286359594236,45.250172622974524,44.23743087925623,43.18304796391209,42.38503295699536,41.49535887216971,40.71103583416104
