name,machine_type,trace,-10,-9,-8,-7,-6,-5,-4,-3,-2,-1,0,1,2,3
m339,cpu,memory,8.845412923423,8.812405398665028,8.823986892322152,8.82686916653527,8.800126865733459,8.765418779792569,8.757345600493224,8.747940533255523,8.713130025397188,8.70868254945431,8.697245046966957,8.652633729272296,8.591379920368093,8.545613365932356
m373,cpu,memory,24.909180840609526,24.87050318779314,24.869019787190506,24.860441465349925,24.833991690942515,24.782650123533173,24.769955618677166,24.76512917177741,24.778883205224744,24.763595569827242,24.747085913995566,24.693991187566105,24.6935746091367,24.68586664464067
m339,cpu,memory,8.845412923423,8.812405398665028,8.823986892322152,8.82686916653527,8.800126865733459,8.765418779792569,8.757345600493224,8.747940533255523,8.713130025397188,8.70868254945431,8.697245046966957,8.652633729272296,8.591379920368093,8.545613365932356
m13,cpu,memory,19.067498308903627,18.94968634682659,18.86339611127944,18.78727991441511,23.971082924009366,27.95725007709655,27.967710129817203,27.948046345278293,27.947423485120204,27.965417980205498,27.957403634159594,27.897515673496734,27.852882762786564,27.863104656301434
m373,cpu,memory,24.909180840609526,24.87050318779314,24.869019787190506,24.860441465349925,24.833991690942515,24.782650123533173,24.769955618677166,24.76512917177741,24.778883205224744,24.763595569827242,24.747085913995566,24.693991187566105,24.6935746091367,24.68586664464067
m362,cpu,memory,13.6272299923173,14.121499133689808,14.409586822806538,16.867510723704445,20.442686940656284,21.754716246234292,21.568942184463406,21.471877462554033,21.4262999392859,28.490364158000588,31.52950103767624,31.365867360255955,31.250885124339728,31.029234993249855
m25,cpu,memory,0.9890167477752853,0.9331275042749134,0.8580515783333952,1.0421892124679129,1.0191991406475784,0.8748697112236764,0.8537244569031956,1.0105950739015324,0.896847982323795,0.9895813804277197,1.0465959518723695,0.7868811985981361,0.8614277640884667,0.9383062313698485
m373,cpu,memory,24.909180840609526,24.87050318779314,24.869019787190506,24.860441465349925,24.833991690942515,24.782650123533173,24.769955618677166,24.76512917177741,24.778883205224744,24.763595569827242,24.747085913995566,24.693991187566105,24.6935746091367,24.68586664464067
