name,machine_type,trace,-10,-9,-8,-7,-6,-5,-4,-3,-2,-1,0,1,2,3
m236,cpu,memory,16.55111805594214,16.159645676314675,16.394805421053466,16.598345636171768,16.634575158754377,16.349327517929986,16.532739365325337,16.657094993549087,16.549984701839733,16.671186655667096,16.398266764781653,16.58901358671834,16.558793056968884,16.599975350040445
m6,cpu,memory,12.954897150727493,12.955646763609229,12.956751647565824,12.904559106173108,12.903486427743893,12.85436654198156,13.03634498814279,13.000024250166017,13.004166151528656,12.894997604570394,12.8063387689303,12.76433318890287,12.81933236175427,12.807888221217697
