name,machine_type,trace,-10,-9,-8,-7,-6,-5,-4,-3,-2,-1,0,1,2,3
m325,cpu,memory,19.164821406851043,19.123501432987243,19.10003688398252,19.08679705468467,19.079291233902783,19.09031099757513,19.05747280449896,19.00388290386522,18.98483092458737,18.938598587965572,18.902319166909322,18.900499626829077,18.91127163965809,18.917577474081416
