name,machine_type,trace,-10,-9,-8,-7,-6,-5,-4,-3,-2,-1,0,1,2,3
m172,cpu,memory,53.275565994070575,52.8772682509687,52.50466713523277,52.48303911317979,52.403119576853676,52.19404896076093,51.97147703298193,51.87109251034662,51.83192829062336,51.81156244440371,51.71744821961944,51.66714732690166,51.63396749207576,51.54823772523293
