name,machine_type,trace,-10,-9,-8,-7,-6,-5,-4,-3,-2,-1,0,1,2,3
m140,cpu,memory,4.878216250603249,4.857995682956698,4.853860772869962,4.847250423925015,4.814067686620746,4.827776919908513,4.804878593644156,4.809741890263822,4.90447493751863,4.912973490515898,4.858474678016281,4.820460773901247,4.7813575524118725,4.7813575524118725
