name,machine_type,trace,-10,-9,-8,-7,-6,-5,-4,-3,-2,-1,0,1,2,3
m11,cpu,memory,32.64102701871355,32.581339863440824,32.54341742667317,32.51338899468947,32.483761970939135,32.45435382468545,32.481719692288,32.44332325977293,32.44590677406837,32.473899236642694,32.47605009558397,32.41706510231898,32.41103008826472,32.451865060701074
