name,machine_type,trace,-10,-9,-8,-7,-6,-5,-4,-3,-2,-1,0,1,2,3
m185,cpu,memory,0.4683289768962344,0.4695720344398205,0.46196022042192636,0.4555650382005753,0.4430131617143353,0.3862208870800722,0.38744808160358524,0.3790897843945257,0.380856069211924,0.35031359714174276,0.3411652912456543,0.33703753655460716,0.3464931332469154,0.40748795979739794
m102,cpu,memory,18.40986088335836,18.34117261833298,18.343529936184165,18.30397132486914,18.297023347253518,18.263008413389972,18.246831237372806,18.23445237765394,18.248899613720695,18.2195568882276,18.068386471447077,17.925624742519332,17.69642224972031,17.727499205751077
