name,machine_type,trace,-10,-9,-8,-7,-6,-5,-4,-3,-2,-1,0,1,2,3
m168,cpu,memory,33.541113707278804,33.3578229596552,34.22842330939277,32.48431421226347,30.125841275772064,27.504126202462352,25.59402936519874,23.17927763827238,21.232118350047834,18.45328441805144,16.26994931890022,14.51464771832831,12.375387332737136,11.04427500406457
