name,machine_type,trace,-10,-9,-8,-7,-6,-5,-4,-3,-2,-1,0,1,2,3
m40,cpu,memory,1.0369177050104912,0.879725423313209,0.8030901889999716,1.5484254565604334,4.064521941994379,7.212551172815541,7.099238326679901,5.618654148363745,4.331633493999856,4.1526033737365085,4.663867009005531,5.040861827317843,6.302212884485534,6.515734586399352
m40,cpu,memory,1.0369177050104912,0.879725423313209,0.8030901889999716,1.5484254565604334,4.064521941994379,7.212551172815541,7.099238326679901,5.618654148363745,4.331633493999856,4.1526033737365085,4.663867009005531,5.040861827317843,6.302212884485534,6.515734586399352
m7,cpu,memory,1.6225944897448716,1.0947931450067514,1.8821655041054253,2.1255502688581247,1.6645060021768456,2.504009141703245,3.2040533794638533,3.3802604121835023,2.9629531924755708,2.673166279742746,2.520265986236744,3.2106550711372024,3.872339472445775,4.890924283889514
m105,cpu,memory,1.2510323961448453,1.1522619515703436,1.3647921579407387,2.2630828800472194,1.5593922677870415,3.03273563997647,3.441092330439534,3.990619753277717,2.969116865466022,3.067797482622762,2.919637190696853,3.338338728224049,3.744182171134531,4.604185847417828
