name,machine_type,trace,-10,-9,-8,-7,-6,-5,-4,-3,-2,-1,0,1,2,3
m175,cpu,memory,42.47508766268341,42.47961037817985,42.466431326207235,42.45382036343534,42.42696100130654,42.39609709169283,42.38417602642902,42.367872779154474,42.35188346066858,42.3245163304605,42.30947763279339,42.30001383262922,42.2970557655498,42.276816318069926
