name,machine_type,trace,-10,-9,-8,-7,-6,-5,-4,-3,-2,-1,0,1,2,3
m363,cpu,memory,8.107300429159071,8.131617736943408,8.084203128670547,8.004801895560592,7.950784820880032,7.789126382851617,7.789126382851617,7.722847169461922,7.722847169461922,7.637802974031291,7.625640660571557,7.758678801155651,7.724641869705401,7.726681777634226
