name,machine_type,trace,-10,-9,-8,-7,-6,-5,-4,-3,-2,-1,0,1,2,3
m19,cpu,memory,37.93617702033998,37.92631913202582,37.93235071414029,37.92244335516186,37.90047828368453,37.90881640192056,37.93043069432144,37.98150361258892,37.99007948682986,37.94162723601951,37.924506986422344,37.92116689314567,37.94006380099101,37.951982091172795
