name,machine_type,trace,-10,-9,-8,-7,-6,-5,-4,-3,-2,-1,0,1,2,3
m399,cpu,memory,44.9160101925545,43.78295169506705,44.18611682415402,43.30099710325353,43.35159450951118,43.16916144963864,43.19326970599002,43.23359524454068,43.1640857867431,43.28568516222622,43.12611751569084,43.07014354321929,43.20897886612617,43.093464126798516
