name,machine_type,trace,-10,-9,-8,-7,-6,-5,-4,-3,-2,-1,0,1,2,3
m245,cpu,memory,3.896507143189871,3.900609242001449,3.893195393798451,3.9054413424209837,3.917611825091721,3.845415472674688,3.7607596076822993,3.8137240989062557,3.8358480144890024,3.8368016507959743,3.8418493092143144,3.8407391249646166,3.8820211392649893,3.9200395864883957
