name,machine_type,trace,-10,-9,-8,-7,-6,-5,-4,-3,-2,-1,0,1,2,3
m31,cpu,memory,23.852541387087644,23.518198555229205,23.486881722592162,23.84483028419568,23.75176954095129,23.3815091662028,23.416423297078577,23.588826583671786,23.437684182468654,23.30554505955547,23.617231646760533,23.282171464985698,23.278418038829837,23.331432722887044
