name,machine_type,trace,-10,-9,-8,-7,-6,-5,-4,-3,-2,-1,0,1,2,3
m58,cpu,memory,1.2802422357179968,1.2296653497911776,1.230937874446778,1.2327085509356046,1.2259268006769048,1.2279278379934824,1.1021086852662332,0.9920723162639766,0.9680232711337377,0.9261899506321615,0.9078251922143723,0.8906682191578519,0.8938390690215375,0.8773830092615504
m15,cpu,memory,14.200765723690512,14.190973104132102,14.167670441222445,14.147396062918054,14.10977539019849,14.124878752009343,14.075488046445832,14.04352970202479,14.031670826235738,14.031487436094364,13.999478814607317,13.980032947833424,13.971823626719802,13.94289576273974
