name,machine_type,trace,-10,-9,-8,-7,-6,-5,-4,-3,-2,-1,0,1,2,3
m376,cpu,memory,0.47946027387916823,0.46323051138257637,0.5025364249771376,0.4606789502827055,0.5139994950751494,0.5139994950751494,0.5128533319247678,0.5400112766007324,0.5052336305596365,0.46471894726365864,0.43700486303027997,0.44053635998040047,0.552359066569319,0.5845982508063563
m268,cpu,memory,0.40245466265572793,1.4523742390369192,1.5532208841384094,1.422721294960342,1.8880455735556203,1.8880455735556203,2.136031749906609,1.662572467878861,1.703254716155372,5.395251640046979,5.595523063513685,5.5069224553792555,5.398391054194073,5.1508728431820145
