name,machine_type,trace,-10,-9,-8,-7,-6,-5,-4,-3,-2,-1,0,1,2,3
m254,cpu,memory,0.49705860991423756,0.43712223927040467,0.45914364466689656,0.5744630555676369,0.7152985065447414,0.8829736700822562,1.2602137405283005,0.9285819602835712,0.5293874069639551,0.5206468071852106,0.490802219653717,0.5464678160183156,0.6153412253927835,0.42107035209271626
