name,machine_type,trace,-10,-9,-8,-7,-6,-5,-4,-3,-2,-1,0,1,2,3
m233,cpu,memory,9.121197281997581,9.113119723709652,9.11337030131288,9.104608197487831,9.112041290676494,9.123164435240747,9.101153592703731,9.066316671591899,9.065038114824157,9.056152577205433,9.040492634076669,9.042589455204679,9.049239480629428,9.062317196676794
