name,machine_type,trace,-10,-9,-8,-7,-6,-5,-4,-3,-2,-1,0,1,2,3
m399,cpu,memory,27.36122545441836,26.4799869110019,26.451562902349036,26.456834827526347,26.44010276003829,26.439812506523147,27.39620754033629,27.453098614951635,27.435337787073717,27.450301574562616,27.456158549878573,26.65009805201508,26.50317947925196,26.499935599545836
m63,cpu,memory,35.57524242518455,35.55321814375437,35.58128501297905,35.608381674908976,35.59413160974566,35.58991414191495,35.543335620435045,35.580350595913465,35.58242740218824,35.55050479688641,35.60065738172426,35.554527467587796,35.53143858253565,35.559244020481906
