name,machine_type,trace,-10,-9,-8,-7,-6,-5,-4,-3,-2,-1,0,1,2,3
m205,cpu,memory,2.5689373279859375,2.499320636453697,2.0018687697244104,1.667789953754818,2.3045004942422804,2.622045606571393,2.53320824724932,2.2859800889084863,1.7870401141155086,1.5752849500741999,2.088666422988281,2.323853016486212,2.219561272291938,2.128862654786154
m365,cpu,memory,2.2287564563767432,1.9555160140193013,1.7943385522820376,1.6517899275858428,1.6014655352785039,2.3281758948699,2.43326235001452,1.0520816308608054,0.4169660651775268,0.44090542714248493,0.444000877629876,0.43873921756461587,0.5071972858411672,0.563208432612891
