name,machine_type,trace,-10,-9,-8,-7,-6,-5,-4,-3,-2,-1,0,1,2,3
m114,cpu,memory,2.871015444084906,2.81497501597054,2.8253768917276116,2.8081582838341483,2.820825618441228,2.7670935815510065,2.826757769517936,2.830607523835721,2.7892380546991458,2.7820568138342012,2.7400564835577943,2.7400564835577943,2.797156995469188,2.7932938641580916
