name,machine_type,trace,-10,-9,-8,-7,-6,-5,-4,-3,-2,-1,0,1,2,3
m33,cpu,memory,24.408972366831044,24.452560286896688,24.345034098224183,24.44444137363971,24.369095005921487,24.5220012686933,24.374706855932157,24.281336135441812,24.470602787493803,24.588706543956906,24.541612985424315,24.44842121229394,24.216932173618098,24.34058266031221
