name,machine_type,trace,-10,-9,-8,-7,-6,-5,-4,-3,-2,-1,0,1,2,3
m184,cpu,memory,44.631618826195876,44.760982979638214,44.66420704798449,44.49769167692248,44.40353964211876,44.314482502702695,44.30521420763556,44.32282900108071,44.42236678864206,44.579737539404654,44.62874112102471,44.720851886125956,44.783724568663665,44.87092065023572
