name,machine_type,trace,-10,-9,-8,-7,-6,-5,-4,-3,-2,-1,0,1,2,3
m7,cpu,memory,48.226982347101234,48.0804262632764,48.062396383055756,48.06273075583209,48.093834995878794,48.0916587466406,47.915250200563094,47.800255698254254,47.88726218077016,47.93120282209109,47.91289500396492,47.74420525012507,47.715031528263495,47.766572941331326
m381,cpu,memory,47.97484013520957,46.59500932881873,44.642030621640785,43.51412542309211,42.10328108738511,41.581515185778905,40.9265372201574,40.745163512830736,40.82691235635221,40.77933606794637,40.74448078396908,40.77770756424818,40.81899886731222,40.93363678672365
