name,machine_type,trace,-10,-9,-8,-7,-6,-5,-4,-3,-2,-1,0,1,2,3
m294,cpu,memory,74.33257356344944,74.31183275935197,74.29317057877262,74.24861742611589,74.22189940576749,74.19340290992754,74.18577079073286,74.14711842788643,74.13139553809818,73.99768670979066,73.87842163450014,73.80905695042276,73.70827465404078,73.63594261412031
