name,machine_type,trace,-10,-9,-8,-7,-6,-5,-4,-3,-2,-1,0,1,2,3
m320,cpu,memory,11.616368853734686,11.641204916804782,11.631176711711484,11.619509062925745,11.657777418968967,11.629028275761348,11.63064335078836,11.606816261735379,11.581769499520885,11.593364496431873,11.602230952995425,11.592196841861243,11.579860750396719,11.623922806288947
