name,machine_type,trace,-10,-9,-8,-7,-6,-5,-4,-3,-2,-1,0,1,2,3
m146,cpu,memory,20.424352369300678,20.421193924640495,20.36580972335438,20.36220264674225,20.361431278050286,20.356717600565187,20.3571099225818,20.344563271294867,20.324355777010553,20.32685908083468,20.035871172226756,20.048109297238074,20.054388049056605,20.058669247232988
