name,machine_type,trace,-10,-9,-8,-7,-6,-5,-4,-3,-2,-1,0,1,2,3
m299,cpu,memory,23.737311076054915,23.754237465757715,23.746665121566398,23.707576729917644,23.676689262597062,23.64011332498753,23.594157394752564,23.58825246479031,23.577521367846252,23.56803178279533,23.5509778291842,23.54915973133307,23.549386186100907,23.544360016520375
