name,machine_type,trace,-10,-9,-8,-7,-6,-5,-4,-3,-2,-1,0,1,2,3
m62,cpu,memory,1.313087774633395,1.2199616616190427,1.1094161180773219,1.1028814464270809,1.101621408247637,1.096613058254803,1.0861870640700098,0.9821061255057973,0.6500953350289052,0.4176152415241901,0.4189317671015159,0.3976282831992517,0.40728899638377486,0.4432980407555128
