name,machine_type,trace,-10,-9,-8,-7,-6,-5,-4,-3,-2,-1,0,1,2,3
m56,cpu,memory,15.070235673103301,15.06802002432562,15.074410865417622,15.072945864403904,15.068946818433947,15.068397165356304,15.068397165356304,15.070859441883073,15.06684652674973,15.06684652674973,15.065228915153877,15.071113502536054,15.068096802857141,15.068295891898796
m242,cpu,memory,43.397662385609834,43.37753727302403,43.29889223003381,43.28662109366127,42.922020694646115,42.90457679968726,42.90457679968726,42.76963630819805,42.75721431412602,42.75721431412602,42.797761329209926,42.73151952861192,42.66281950128967,42.659053415884436
m21,cpu,memory,36.64910482630455,36.644555862999475,36.640010431961166,36.63768607738997,36.63589801026088,36.63640396109682,36.63640396109682,36.64152656944556,36.64113293371344,36.64113293371344,36.6347981237235,36.65401961205368,36.628233080358925,36.6380534634205
m369,cpu,memory,34.33313544562835,34.330520129574296,34.33182647577878,34.32251946396349,34.316984644248265,34.31739705816166,34.31739705816166,34.31218510390786,34.310451730124704,34.310451730124704,34.303734619458034,34.299195851645344,34.29894800047503,34.30282357479207
