name,machine_type,trace,-10,-9,-8,-7,-6,-5,-4,-3,-2,-1,0,1,2,3
m391,cpu,memory,3.7456619245676217,3.716896817445064,3.603602610736601,3.867318353352187,3.6903226621951783,3.711009352950213,3.686382802894638,3.714216926216467,3.6337577575847044,3.6476935153670036,3.6428741102852276,3.6190283187694408,3.5894656941481915,3.5894656941481915
