name,machine_type,trace,-10,-9,-8,-7,-6,-5,-4,-3,-2,-1,0,1,2,3
m204,cpu,memory,33.44366423520011,32.66692485656347,31.083532558731335,29.744631878288793,28.875294915880108,28.67216441398657,28.622827568865798,28.58813154733849,28.48070096648876,28.342952860525784,28.152425141916105,27.984217311547777,27.70406345569964,27.692630672366107
m156,cpu,memory,12.869141941909877,12.835814758935701,12.77550847831856,12.67023140655665,13.035319570723507,13.148592500541085,12.849422958604226,12.961020554173203,12.982601833319894,12.814055566554083,12.918236007672949,12.911807433605047,12.733754031289356,12.858571832388861
