name,machine_type,trace,-10,-9,-8,-7,-6,-5,-4,-3,-2,-1,0,1,2,3
m137,cpu,memory,24.22293986311323,24.11183478321788,23.995918124052587,24.039829356304928,24.036947689182327,24.125037648193953,23.995539976263768,23.84122412799756,23.780674040180042,23.810516670123555,23.735122148550627,23.72176536894382,23.6924268348391,23.79954750687178
