name,machine_type,trace,-10,-9,-8,-7,-6,-5,-4,-3,-2,-1,0,1,2,3
m30,cpu,memory,10.075220396787817,10.085904879062152,10.062630686298306,10.10435121145165,10.12414335148497,10.126276416585108,10.090982534678606,10.089084259880094,10.153265698362683,10.16639376719453,10.155078020011604,10.120229564515501,10.150321915573176,10.161425373334472
