name,machine_type,trace,-10,-9,-8,-7,-6,-5,-4,-3,-2,-1,0,1,2,3
m419,cpu,memory,18.755646099368924,18.769386200617244,18.7757978642893,18.748366071073235,18.74549482658077,18.725358937363318,18.70930725203215,18.698748664401858,18.699145429199866,18.706711370449238,18.713200948429904,18.73989337593446,18.791483501156765,18.850402619350334
