name,machine_type,trace,-10,-9,-8,-7,-6,-5,-4,-3,-2,-1,0,1,2,3
m259,cpu,memory,18.36486866388576,18.31081809206288,18.278229164199505,18.26674539772521,18.250895401229464,18.258539685921892,18.255654912999173,18.225465654979025,18.19997028598898,18.174696974103558,18.15070199201976,18.112028933421715,18.05683142871339,18.03086814473719
