name,machine_type,trace,-10,-9,-8,-7,-6,-5,-4,-3,-2,-1,0,1,2,3
m36,cpu,memory,1.0773249564005463,0.9484394957875087,0.5837772480307292,0.40719426046706425,0.38797930980234385,0.3874815617946635,0.38563221381249113,0.3898061189127724,0.3675850943885282,0.3611889656862659,0.3668177255248971,0.36200449149866304,0.36634919224063134,0.3584007338732828
