name,machine_type,trace,-10,-9,-8,-7,-6,-5,-4,-3,-2,-1,0,1,2,3
m263,cpu,memory,81.89275930025772,81.75101078671736,81.53350462732246,81.43446869990655,81.15575051552165,81.12468100564551,81.00566640706336,80.97374955636546,80.83853685885913,80.74563190730412,80.59632840519147,80.42767156427884,80.3566446079573,80.0702158600398
