name,machine_type,trace,-10,-9,-8,-7,-6,-5,-4,-3,-2,-1,0,1,2,3
m246,cpu,memory,32.714815730615726,32.76368226179983,32.71881078868301,32.64957593717814,32.61475619166611,32.598539920308426,32.624404491247276,32.673220292947505,32.613553782316416,32.62232556485527,32.527562786742074,32.49524523388558,32.32080370229714,32.12756814155247
