name,machine_type,trace,-10,-9,-8,-7,-6,-5,-4,-3,-2,-1,0,1,2,3
m351,cpu,memory,41.328982789928915,41.238734422903875,41.20612049772093,41.1578540255864,41.19498286112136,41.22873992328537,41.18888850262803,41.109682888047914,41.03925262885168,40.9500575603537,40.83925967844874,40.76906622272778,40.67613751365557,40.583788700561826
