name,machine_type,trace,-10,-9,-8,-7,-6,-5,-4,-3,-2,-1,0,1,2,3
m196,cpu,memory,0.5215726169533903,0.5211639138698433,0.4820337302437632,0.4615100741005206,0.4704511385362746,0.46701892111125526,0.46745931237571187,0.3790663621532177,0.37025563444251003,0.3813729235079569,0.3423578950531062,0.4155625777477279,0.49092314205494236,0.47880606627329003
