name,machine_type,trace,-10,-9,-8,-7,-6,-5,-4,-3,-2,-1,0,1,2,3
m146,cpu,memory,33.01668271797334,33.08706182704071,33.14022558410896,33.11352119308568,33.17111210893756,33.14643959663316,33.19453945367062,33.18559023814126,33.13750829988041,33.04275571725959,33.105327848569836,33.123786497894024,33.14588988051988,33.13359264588269
m416,cpu,memory,4.967931674497067,4.984283116579614,4.971720740458821,4.98418750932473,4.9176569052203405,4.978019003034857,5.010461794245529,5.0354029040139325,5.005079447494115,5.04034386242111,5.0626227358586515,4.984915252250641,5.011973841607313,4.9680518270307195
m391,cpu,memory,0.9156491820193948,0.9166670654506238,0.9141119455825266,0.9578757337839351,0.9170064608793544,0.9088636458370498,0.9148254786119241,0.8922309474869068,0.8969544929819878,0.8761385509072861,0.8946873556995203,0.8953997150925876,0.9011753813947051,0.8861013351832063
m271,cpu,memory,0.4774444209750831,0.4472506955650358,0.468752091722814,0.47383913637311903,0.48081270675686205,0.490117497503259,0.5105120915094393,0.5072971608684691,0.4925933401302273,0.48077111208205753,0.4563363065655609,0.49292025463698413,0.4887722704876167,0.47658437270061926
