name,machine_type,trace,-10,-9,-8,-7,-6,-5,-4,-3,-2,-1,0,1,2,3
m52,cpu,memory,0.4220111162592942,0.3953510710279558,0.3984938293381945,0.40079148116524194,0.3782764922770792,0.364674678212391,0.3649853132474738,0.3283499775661308,0.4716712660086267,0.4148846324005948,0.40650794822867536,0.4161411678512872,0.4183448151752965,0.4049999391223478
