name,machine_type,trace,-10,-9,-8,-7,-6,-5,-4,-3,-2,-1,0,1,2,3
m314,cpu,memory,23.184901906112607,23.106038693593447,22.977364108283837,22.918760408639876,22.817274787971616,22.77749313521181,22.546648485348868,22.4899441324877,22.39304629409261,22.304255481154247,22.17097355359696,22.116422533778163,22.060476323484703,21.992207539367094
