name,machine_type,trace,-10,-9,-8,-7,-6,-5,-4,-3,-2,-1,0,1,2,3
m162,cpu,memory,25.067365210971957,25.07864673340513,25.07510391716799,25.0721174026583,25.035969354477604,24.975554291023407,24.9946751741116,25.03736025171486,25.06270176133586,25.06762795407293,24.98615331175034,24.996835170379587,25.053203963577356,25.06839589082511
