name,machine_type,trace,-10,-9,-8,-7,-6,-5,-4,-3,-2,-1,0,1,2,3
m194,cpu,memory,39.53529362200285,39.361597767828506,39.147166787382105,39.086031995234464,39.24974532848824,39.14471805196843,39.063307721130805,38.92178605824228,38.8899292276849,38.966067381581304,38.957262131477435,38.983479198409114,39.05097600808698,39.01440706552392
