name,machine_type,trace,-10,-9,-8,-7,-6,-5,-4,-3,-2,-1,0,1,2,3
m349,cpu,memory,26.3813222577601,25.772814839076137,24.636828611115437,23.622265737796862,22.98234065569835,22.177483979334067,21.697229166910226,21.69113423304244,21.704348672043366,21.739673635815105,21.78108202424675,21.769774732924287,21.757748619637095,21.76589951069814
