name,machine_type,trace,-10,-9,-8,-7,-6,-5,-4,-3,-2,-1,0,1,2,3
m235,cpu,memory,64.29022502984975,64.31007356746252,64.42393941021427,64.48370713183513,64.47972211782327,64.57423815593475,64.58319514775127,64.54559840074408,64.60432161063974,64.62171111512654,64.58286117817579,64.59216758424331,64.63761371135246,64.73026768077831
m235,cpu,memory,64.29022502984975,64.31007356746252,64.42393941021427,64.48370713183513,64.47972211782327,64.57423815593475,64.58319514775127,64.54559840074408,64.60432161063974,64.62171111512654,64.58286117817579,64.59216758424331,64.63761371135246,64.73026768077831
m288,cpu,memory,9.987932141225734,9.967574977454069,9.948765524444921,9.956183133205878,9.95570141228127,9.914185882210468,9.891143993721487,9.943361219336365,9.948807989825376,9.970848274354802,9.997375900603089,9.955061389206216,9.94391204605034,9.995469612329293
m192,cpu,memory,17.743666361753423,17.87055959370164,18.02314776316879,18.085471335341,18.16367034541586,18.281468097596388,18.337055552440162,18.360828124192654,18.19921337895745,18.153472278611453,18.356429385769932,18.460848037204546,18.516305811669923,18.60883055483892
