name,machine_type,trace,-10,-9,-8,-7,-6,-5,-4,-3,-2,-1,0,1,2,3
m265,cpu,memory,13.808791684003673,13.809603840344026,13.800189611171106,13.805040338524266,13.807428196285723,13.787433118062182,13.790374705015974,13.790374705015974,13.795000169912253,13.827486953555683,13.827486953555683,13.799545650735462,13.788830628740152,13.748960309648576
