name,machine_type,trace,-10,-9,-8,-7,-6,-5,-4,-3,-2,-1,0,1,2,3
m125,cpu,memory,26.625210701794547,26.057026044686253,25.679376931691817,25.195749516264964,25.085200394390267,24.886209370300342,24.865299789726773,24.783298071114306,28.136984530594837,28.933220102288388,28.442315083449934,28.342060542931133,28.339733259947998,28.342827319297708
m289,cpu,memory,28.72380915626845,28.739118170776777,28.818692076882595,28.801802817844802,28.74738915133585,28.742581785491264,28.732169586845483,28.70336476538389,28.687913653803392,28.654552194969494,28.629891345202882,28.628766925880278,28.619698932675437,28.590865287084167
m164,cpu,memory,73.13743510661858,73.10464153633146,73.11200480383737,73.0678358978221,73.01312909860307,72.9531870238406,72.93916648597715,72.98330440042146,72.97616334013205,72.97167424363758,72.91761196195286,72.88073332894267,72.90373599526269,72.92874267779652
m191,cpu,memory,79.23975301338321,79.25505884771567,79.24876694549137,79.25169795646745,79.26065212019901,79.25357092861317,79.25490639992826,79.2559809964957,79.2249454084954,79.21112012396507,79.2103505214065,79.22356985560668,79.22497902749737,79.23328080086641
