name,machine_type,trace,-10,-9,-8,-7,-6,-5,-4,-3,-2,-1,0,1,2,3
m116,cpu,memory,14.897031054447579,14.878855592212046,14.85272989230077,14.762933336063238,14.675663682069096,14.648255740171999,14.668592459955983,14.6702491549667,14.637567093381655,14.596012871171197,13.959780729865201,13.26237977345154,13.193092979074262,13.122328513521893
