name,machine_type,trace,-10,-9,-8,-7,-6,-5,-4,-3,-2,-1,0,1,2,3
m252,cpu,memory,3.611644518306637,3.613354998609506,3.614991464105113,3.571273586531464,3.590676672368167,3.5724631742828445,3.5780791123338673,3.573989027583089,3.558039928289155,3.559524666647909,3.5547595011691233,3.5816370981991663,3.5602451152347325,3.5622144769964557
