name,machine_type,trace,-10,-9,-8,-7,-6,-5,-4,-3,-2,-1,0,1,2,3
m6,cpu,memory,13.718431555172327,13.748298782527218,13.726259002850709,13.661792244479381,13.590646915008314,13.548564859323253,13.447427745609373,13.407737131630386,13.452679679784763,13.552252803264448,13.470856656389753,13.426441462222751,13.440346427762972,13.532978665987098
m233,cpu,memory,5.662825390293897,5.473502958903769,5.279409191168609,5.414965386095157,5.6423148082132855,5.569525226737452,5.3571691603611855,5.399175598468209,5.638237847934711,5.723161996159438,5.5917927172276665,5.585491779328687,5.614454006812603,5.534573567152078
