name,machine_type,trace,-10,-9,-8,-7,-6,-5,-4,-3,-2,-1,0,1,2,3
m99,cpu,memory,15.792733416276358,15.791785951024927,15.768994387807362,15.764428967660095,15.742653445454017,15.557429856981132,15.56199371221686,15.54875711363695,15.548915011829346,15.574577516665485,15.562995518155443,15.571842666319109,15.551299235104102,15.548657669916343
