name,machine_type,trace,-10,-9,-8,-7,-6,-5,-4,-3,-2,-1,0,1,2,3
m243,cpu,memory,24.27411870171471,24.551583542826155,24.55073579880354,24.505058630025065,24.316486492415038,24.420333798754594,24.368568056460056,24.363237021656875,24.37858364174477,24.366372675056716,24.211111643496107,24.27741785590605,24.139596706225227,24.17630083276388
m91,cpu,memory,26.796965842291385,26.713294101649083,26.740499648636,26.730243581481346,26.702633194321283,26.549271585261938,26.615340495977804,26.589982833713574,26.59822322400959,26.57500178241285,26.599790496071694,26.38494235794957,26.561537169577456,26.6528465303615
