name,machine_type,trace,-10,-9,-8,-7,-6,-5,-4,-3,-2,-1,0,1,2,3
m390,cpu,memory,0.5109721316986845,0.5145653644563314,0.51547497047131,0.5027444109961456,0.48440896825342505,0.45909711566529793,0.47915217541292765,0.4922626018405888,0.45494367978588146,0.46278615752434754,0.489409189048492,0.46942284381502136,0.47127253253032175,0.5018694840417564
m288,cpu,memory,0.8172621000731985,0.7598354813250684,1.8456934427037712,2.279165407973252,2.2324478295178594,2.203024577428832,2.1976857057637083,2.1619887996023386,2.1164176240030828,2.0633588254211266,2.0174647610770218,1.9795705048320198,1.9859420880662175,1.9696722201446755
