name,machine_type,trace,-10,-9,-8,-7,-6,-5,-4,-3,-2,-1,0,1,2,3
m35,cpu,memory,0.4889581971978289,0.5133755369991958,0.548108862481533,0.47081971082918334,0.44886069745436313,0.44704867867933173,0.488713979889537,0.4794595166944392,0.41564848035523594,0.40074625198480834,0.3841848804361396,0.3514977204802296,0.33283425268683975,0.3510976240694124
