name,machine_type,trace,-10,-9,-8,-7,-6,-5,-4,-3,-2,-1,0,1,2,3
m390,cpu,memory,26.56422340923212,26.562902778737723,26.556229758937825,26.555825675949407,26.554942444571502,26.55344751015248,26.552812332491804,26.38552539019092,26.30951742095794,26.333661870739355,26.317427324728243,26.305133169939936,26.30179514567053,26.2957142954387
m274,cpu,memory,15.532324791542502,15.533120163558262,15.531555592752674,15.529669395239887,15.525936121109817,15.523467446561387,15.524533764449584,15.531215667351423,15.526641337790041,15.522365692238571,15.519194173458965,15.518045877641006,15.530573196108845,15.526849083914
m401,cpu,memory,6.663323898003947,6.655964870164626,6.647601461958645,6.636916449654999,6.631279158805323,6.619085253950066,6.613877829553902,6.615182749222357,6.6108427051096825,6.608417404563378,6.6043234203112435,6.6013976333418976,6.602683320328938,6.592503602571362
m111,cpu,memory,18.828004640754916,18.816907871395628,18.814018732167163,18.81115061730848,18.807020931796373,18.80166092199447,18.80085684235432,18.790477959836622,18.793920651644083,18.791684003673012,18.78847417134612,18.790709936061198,18.789013413133738,18.780183982903434
