name,machine_type,trace,-10,-9,-8,-7,-6,-5,-4,-3,-2,-1,0,1,2,3
m156,cpu,memory,12.731188563166864,12.724637325172859,12.682713533779012,12.686063482950715,12.481208542811013,12.174193317537348,12.24968209845237,12.228765703216235,12.165378072027167,11.927347701226536,12.025299843638324,12.407545283735594,12.460608221657168,12.472271567172795
