name,machine_type,trace,-10,-9,-8,-7,-6,-5,-4,-3,-2,-1,0,1,2,3
m384,cpu,memory,1.7539454826654368,1.7497510957182354,1.7518793400692894,1.7331153307699398,1.6506497109318576,1.595378077781771,1.5920825574524515,1.6047557349322814,1.602224844975513,1.5968401257750466,1.5976110155476677,1.6280047639299424,1.62741226687948,1.599223617098255
