name,machine_type,trace,-10,-9,-8,-7,-6,-5,-4,-3,-2,-1,0,1,2,3
m254,cpu,memory,45.802776638803685,45.783114065760344,45.80187003691912,45.79162492244157,45.802499509192856,45.814990482793704,45.80156842374008,45.779424052811876,45.769343349640465,45.73393607799572,45.706235282979016,45.72100220243836,45.69636815701116,45.674129539299734
