name,machine_type,trace,-10,-9,-8,-7,-6,-5,-4,-3,-2,-1,0,1,2,3
m235,cpu,memory,27.789055118868614,27.777002909209735,27.752604851761095,27.75253261633795,27.76519723700567,27.81380476179544,27.86311606328937,27.83820973423361,27.82506783352973,27.819320701109447,27.795363679156964,27.79268516278654,27.781582211013934,27.79194352684592
m113,cpu,memory,6.109620979977552,6.090246200166872,6.056110810895779,6.029582995351309,6.03812040460802,6.054763324952005,6.073513566115341,6.080858030831472,6.095894104285598,6.097953293332576,6.081591894270844,6.079132255397076,6.0748711226160115,6.083836442139487
