name,machine_type,trace,-10,-9,-8,-7,-6,-5,-4,-3,-2,-1,0,1,2,3
m288,cpu,memory,45.756438650303686,45.70607985756265,45.67949833301239,45.68387970672842,45.67163012361919,45.65364158568475,45.64971023146168,45.538503015730484,45.46059219016349,45.43953523494019,45.401796139096895,45.37273488377608,45.3329875314845,45.31362591476244
