name,machine_type,trace,-10,-9,-8,-7,-6,-5,-4,-3,-2,-1,0,1,2,3
m164,cpu,memory,15.118732925862954,15.096654479223185,15.066157097560405,15.04495991286106,15.024383266412842,15.012925799614335,14.919408134744476,14.807627981937328,14.706775367702534,14.681202715517337,14.68817285327983,14.62746935355384,14.472776967724727,14.409717487714373
