name,machine_type,trace,-10,-9,-8,-7,-6,-5,-4,-3,-2,-1,0,1,2,3
m375,cpu,memory,29.422405556500184,29.093454222822263,28.30203409234843,28.34097039946825,29.11144321506754,28.732745955861223,28.80134749805873,31.42174794724191,35.57757011326151,36.23164288914798,35.31544214916345,34.08057622749791,29.74974529820085,29.677653639823337
