name,machine_type,trace,-10,-9,-8,-7,-6,-5,-4,-3,-2,-1,0,1,2,3
m52,cpu,memory,39.38011158941797,39.1128242196863,38.90617073790256,38.791451850835095,38.739738102522935,38.469056171431106,38.260690746085004,38.11563212378323,37.914615427996246,37.726688336056874,37.60531288659959,37.59196932299386,37.440205373712764,37.10514870812776
