name,machine_type,trace,-10,-9,-8,-7,-6,-5,-4,-3,-2,-1,0,1,2,3
m305,cpu,memory,61.76224185414611,61.69655456453367,61.61766157004616,61.51616731747199,61.38793293475534,61.344546350109134,61.14799341162967,60.999765817907004,60.88349555965674,60.79889712712604,60.672279485242804,60.57726067647127,60.490961001291396,60.395856579535504
