name,machine_type,trace,-10,-9,-8,-7,-6,-5,-4,-3,-2,-1,0,1,2,3
m263,cpu,memory,16.98469081512511,16.863344390451452,16.75976000515128,16.70280002672559,16.636667966803326,16.596140159035144,16.46585713731563,15.640914268796397,15.08570086831976,15.091986031599983,15.091119105438034,15.085382775015097,15.037127896897912,14.952688220828502
