name,machine_type,trace,-10,-9,-8,-7,-6,-5,-4,-3,-2,-1,0,1,2,3
m305,cpu,memory,8.47814901411368,8.45972283552082,8.457087681226865,8.457087681226865,8.46092712514949,8.473284392610035,8.538646610135457,8.602064957848132,8.617393683200026,8.584545924230584,8.611912296686057,8.634506234689345,8.604928491739207,8.719013136269144
m354,cpu,memory,8.90541919476766,8.903466428034347,8.908223119290941,8.908223119290941,8.909092689163373,8.923374985219754,8.915669217127325,8.895161474489447,8.875377348120706,8.872524881809522,8.892967986047932,8.887728116286128,8.859034449542754,8.868085898829154
m348,cpu,memory,62.68441794392121,62.678542392970876,62.69306262164551,62.69306262164551,62.700205951596146,62.68478785326984,62.70972911504308,62.65691436902494,62.63532935506458,62.60264542512621,62.60890966549941,62.633232559112955,62.625392062680845,62.5586790395245
