name,machine_type,trace,-10,-9,-8,-7,-6,-5,-4,-3,-2,-1,0,1,2,3
m120,cpu,memory,28.046107925491928,27.86425062888735,27.373034810326136,27.238969096247327,27.03991875809166,26.979785772450477,26.856298029363135,26.73648434912795,26.664719338349574,26.626709725011104,26.584794704277268,26.57346116325321,26.547241270129533,26.510473490856626
