name,machine_type,trace,-10,-9,-8,-7,-6,-5,-4,-3,-2,-1,0,1,2,3
m319,cpu,memory,15.905952346329206,15.938131485817234,15.945754846845457,15.974697501104128,15.967585264944388,15.940990615354034,15.952533770287479,15.916969989884315,15.895314304655152,15.873149791288089,15.849651825260421,15.823252731119887,15.811477297087968,15.79977475476907
