name,machine_type,trace,-10,-9,-8,-7,-6,-5,-4,-3,-2,-1,0,1,2,3
m11,cpu,memory,4.777352859168911,4.752395772802725,4.786221082433732,4.8419632301176465,4.806829404380017,4.798437879444197,4.803191573574337,4.776200196855915,4.761154254823918,4.786421319935323,4.816741810751854,4.853284290276519,4.809051527087132,4.740958169420507
