name,machine_type,trace,-10,-9,-8,-7,-6,-5,-4,-3,-2,-1,0,1,2,3
m342,cpu,memory,4.723983243481472,4.781466950341584,4.889977684512776,4.884390073284033,4.874654295955233,4.829152637693331,4.787909243087847,4.69039013458728,4.722821742774364,4.697386397875758,4.928538708699209,4.9374830058405275,5.004072748644331,4.955318898639928
