name,machine_type,trace,-10,-9,-8,-7,-6,-5,-4,-3,-2,-1,0,1,2,3
m347,cpu,memory,5.385395366429252,5.382501633550334,5.10112848180797,4.523817376833757,4.328429126085856,4.327525463971,4.3224573237057395,4.328853212569739,4.252368872679448,4.27496417361525,4.289403749433399,4.2943507780012515,4.3135027183461805,4.33714519307938
m162,cpu,memory,5.2140738661946155,4.988057404756308,4.905490271698174,4.886045212651091,4.851286786419268,4.898962632691323,4.935768398029115,4.942009051530117,4.671920892587834,4.640804158993104,4.635523906108851,4.609323270085794,4.6592197623654465,4.666974709606027
m194,cpu,memory,39.693221660725996,39.593352678671216,39.57987585055318,39.73555343593469,39.505375638662606,39.372464680512564,39.365779699086914,39.27894590579919,40.148489579638905,39.93447045657512,39.65366991385842,39.467168500436834,39.29896773649499,39.10150380256657
m40,cpu,memory,30.423744501400215,30.375385938949346,30.303340417730336,30.23067486443819,30.292966735178762,30.381032922331443,30.445678426083717,30.44521280858533,30.30505983281301,30.320225739407544,30.314702934321005,30.344376700977634,30.42798407902501,30.456492943477492
m17,cpu,memory,30.863656208587678,30.804583938424887,30.781336196016586,30.335200782447437,30.171707386748945,30.12628024036799,30.117734653516205,29.99277161170283,29.964719431861884,29.827246435719466,29.76512129705623,29.702547551049545,29.625251962683393,29.602634097642667
m320,cpu,memory,6.405514637902753,6.391888329025659,6.375093277586768,6.28215461938565,6.2631856021884085,6.272138642825726,6.218917213457523,6.2166165708833026,6.179814275912421,6.014961404817852,6.013194905527879,5.997467156506631,5.990359173264219,5.9595945430620345
m125,cpu,memory,1.6095926309812976,1.6047234914888802,1.5739305174582265,1.547708465733393,1.5426291065080875,1.5411214002756515,1.5375839972846448,1.5826738935872873,1.5535944033652378,1.5468909207554087,1.5240709631105052,1.5162874069700127,1.489985762504103,1.458487357320653
m33,cpu,memory,22.43153273126345,22.402801231785087,22.33556612975808,22.321908258771334,22.33478257039198,22.34534244466842,22.316803900467523,22.342662894740844,22.380973992536944,22.371175567832516,22.363010441698563,22.36567043165163,22.365445220304714,22.3689602478623
