name,machine_type,trace,-10,-9,-8,-7,-6,-5,-4,-3,-2,-1,0,1,2,3
m329,cpu,memory,47.09066762954634,53.376026192553816,53.19745194615513,52.19810948460299,51.960992290139124,51.96121768874115,51.90563811511217,51.34565159701233,50.52238367059559,50.39679223347587,50.750533776836164,50.42729329706263,49.87206132035077,49.75710307467813
