name,machine_type,trace,-10,-9,-8,-7,-6,-5,-4,-3,-2,-1,0,1,2,3
m339,cpu,memory,1.7171107423857053,1.6062002919583163,1.5303419291770595,1.5131614203015218,1.4706894901994854,1.3966478281125245,1.363307369172411,1.3089489765050728,1.2892057380549111,1.2504701864835437,1.215769079192497,1.1725449744067018,1.1801553371475555,1.165737833207469
m196,cpu,memory,15.045323689770571,14.933091447138118,14.872010692803736,14.812697762832602,14.7452591806604,14.701940288896868,14.717924105110628,14.692875424757915,14.706318028126201,14.689248661342832,14.641305768699691,14.629388211094138,14.5851597890341,14.581193251654707
