name,machine_type,trace,-10,-9,-8,-7,-6,-5,-4,-3,-2,-1,0,1,2,3
m21,cpu,memory,9.546800709766792,9.559167707051106,9.539985441457778,9.539797003355115,9.515051272612489,9.523152720078617,9.488336937292868,9.46536004043003,9.480208622262406,9.46177053050361,9.453685084811656,9.47845635804534,9.317905886299567,9.117374862048514
