name,machine_type,trace,-10,-9,-8,-7,-6,-5,-4,-3,-2,-1,0,1,2,3
m411,cpu,memory,64.00924151301795,64.02350665127061,64.22008583505203,64.2001551812237,63.450553980836,62.13996858008518,62.047000705323086,62.171998419049125,62.20020831438199,62.557037538862126,63.82951080565751,63.65663952203368,63.45645771555991,61.55126938699756
m12,cpu,memory,61.52601973572247,61.49880489949418,61.36061664548558,61.39895902691214,61.372090814798966,61.32204796078897,61.39777924898413,61.37673240516869,61.31149617810698,61.25672008215203,61.17114731949973,61.20803809108055,61.1457814884122,61.088922411401896
