name,machine_type,trace,-10,-9,-8,-7,-6,-5,-4,-3,-2,-1,0,1,2,3
m15,cpu,memory,9.00825784151106,8.989218166485053,8.944663587102987,8.923241745883837,8.920711625794643,8.90996438539982,8.94108063950732,8.968976915012556,8.950769676194797,8.93921915139309,8.942149191279764,8.92640785079263,8.917746704868353,8.905464689076325
