name,machine_type,trace,-10,-9,-8,-7,-6,-5,-4,-3,-2,-1,0,1,2,3
m97,cpu,memory,0.5058611726369976,0.5076211854472003,0.5366966247309496,0.49092798803720816,0.5377550427783628,0.5049011759783024,0.4702201971939218,0.3687096651480772,0.38004161608420284,0.37327936333227546,0.6916734848627566,0.7596486964784732,0.68920733420032,0.5587341833953507
