name,machine_type,trace,-10,-9,-8,-7,-6,-5,-4,-3,-2,-1,0,1,2,3
m172,cpu,memory,51.243091471140865,51.22154593111339,51.22755293122564,51.214745302971124,51.20296330604055,51.201690932821904,51.17784809432657,51.16196538745052,51.170808901884676,51.21428776084786,51.232087559130825,51.23030100637119,51.23030100637119,51.22323627030247
