name,machine_type,trace,-10,-9,-8,-7,-6,-5,-4,-3,-2,-1,0,1,2,3
m65,cpu,memory,26.53280867233655,26.538078123412753,26.54080883441951,26.451116568452743,26.41562499753915,26.416418729682082,26.344976482145185,26.298771000972774,26.308745344298256,26.19805695154339,26.221932348982076,26.215802938600614,26.08914284326258,26.035190554017532
