name,machine_type,trace,-10,-9,-8,-7,-6,-5,-4,-3,-2,-1,0,1,2,3
m216,cpu,memory,14.992266374036664,14.165981146780592,13.98994237964325,13.653398973723338,12.920779079744133,12.257409937154245,11.929031585054057,11.489003991500724,11.489251067890883,11.576862266272624,10.898300543895122,11.645542297698833,14.428507123492073,13.685753223864248
