name,machine_type,trace,-10,-9,-8,-7,-6,-5,-4,-3,-2,-1,0,1,2,3
m199,cpu,memory,0.3748034121288031,0.3489230778721789,0.3464804630287595,0.3415565412211972,0.3851709368755687,0.4021224857151044,14.343047195710325,38.331297718538806,38.15321039359007,37.98850015092206,37.93736792048179,37.910799974146684,37.76713744715532,37.575143163945455
m310,cpu,memory,2.4380320396357735,2.3390905975162766,2.28752105503576,2.189865262044068,2.1456809713601843,2.045527402750071,1.9871468700542587,1.9910015964255672,1.9443582599328555,1.8725723521810342,1.8784426539482244,1.886482567604784,1.8695878328531066,1.8572193717414176
