name,machine_type,trace,-10,-9,-8,-7,-6,-5,-4,-3,-2,-1,0,1,2,3
m357,cpu,memory,8.300469459075105,8.242956016471735,8.205665804344314,8.17452393221658,8.110715912065958,7.979915985508332,7.967282623319193,7.945296426955813,7.858025081978877,7.855539572563768,7.849592681561237,7.7934248571162135,7.74735438141309,7.675840265119752
