name,machine_type,trace,-10,-9,-8,-7,-6,-5,-4,-3,-2,-1,0,1,2,3
m19,cpu,memory,18.295115595152346,18.276084438454543,18.288946053980244,18.276952929338734,18.313943094334437,18.32592574465029,18.2650562700317,18.25196777678479,18.196027372773127,18.178228079910973,18.154260558267154,18.106074432712656,18.03109532552159,18.027086133276264
m234,cpu,memory,1.0706119585152418,1.0910458756420396,1.1313081135493603,1.1357654707529523,1.138860968128974,1.0950147351177006,1.1034360679554516,1.1019401738047885,1.0844026144702785,1.1066825101072046,1.0907970395069007,1.127005335608199,1.1395990339435917,1.1236638793990086
m253,cpu,memory,19.09758138501626,19.07108721308226,19.01265640332044,19.2784991156991,19.271697879916076,19.09567943730392,19.223961825532403,19.07805631671971,19.15387615015603,19.08174100476657,19.133013944737993,19.041691408939663,19.09957722174203,19.198525416056352
m273,cpu,memory,0.5986474096278825,0.4702728593918256,0.7713075114360638,0.7655458278182522,0.7486200611187398,0.7800353526521243,0.7735606281749892,0.6893641976429931,0.5682026522280523,0.7531942771592016,0.7769322329624502,0.7738516142663537,0.7640064460309619,0.7642112518741079
