name,machine_type,trace,-10,-9,-8,-7,-6,-5,-4,-3,-2,-1,0,1,2,3
m207,cpu,memory,26.50148570812309,26.54239988208211,26.547421076894164,26.552479171211033,26.5592278072639,26.614510672624757,26.62046986787914,26.646125558052717,26.66707054837014,26.652420489015945,26.650229902484906,26.60771726045295,26.587953981840652,26.564751166988252
m116,cpu,memory,20.1328574497982,20.153251211525856,20.114066396377968,20.125920022983887,20.13541294825866,20.117875414157332,20.09072112857657,20.121539152795698,20.067008930948447,20.09366347271509,20.086995906538206,20.09303612055859,20.087174426088804,20.09070376443777
