name,machine_type,trace,-10,-9,-8,-7,-6,-5,-4,-3,-2,-1,0,1,2,3
m16,cpu,memory,29.503571619544235,29.49503471570833,29.415247132071975,29.389244903056433,29.35198495370966,29.34148244753422,29.224165835706902,29.224165835706902,29.18195791131138,29.18195791131138,29.12704596614076,29.12410506065322,52.52208945042684,52.854587034174656
m402,cpu,memory,31.436784927992637,31.593681226804023,31.662833444846456,31.664005515697013,31.59554551593386,31.58995860380224,31.32373924313087,31.32373924313087,31.4751307313508,31.4751307313508,31.572349818617912,31.569075751849606,31.309687181774187,31.30529076469055
