name,machine_type,trace,-10,-9,-8,-7,-6,-5,-4,-3,-2,-1,0,1,2,3
m243,cpu,memory,27.03091250005073,26.990436535395876,27.005319455555707,27.01401329917744,26.999027753985356,26.990483278302154,26.982279333200108,26.990890037938588,27.000505981123325,26.990099637408463,26.97862313990757,26.969864683819953,26.97932631275691,27.00422648400787
