name,machine_type,trace,-10,-9,-8,-7,-6,-5,-4,-3,-2,-1,0,1,2,3
m302,cpu,memory,52.833497068148894,52.86520314573734,52.90141277801243,52.90141277801243,52.81811276472479,52.79072592801828,52.64690122893737,52.50891555999904,52.384238730879936,52.384238730879936,52.321568479174196,52.321568479174196,52.22703635015106,52.21530357827008
