name,machine_type,trace,-10,-9,-8,-7,-6,-5,-4,-3,-2,-1,0,1,2,3
m319,cpu,memory,28.442425378763488,28.384300649570605,28.362969644585363,28.344292623185325,28.320740089315088,28.286822605126165,28.2142049551259,28.15849917748537,28.1415435398483,28.1251801209963,28.10146868055291,28.10298007048905,28.113926741226546,28.093170036249763
