name,machine_type,trace,-10,-9,-8,-7,-6,-5,-4,-3,-2,-1,0,1,2,3
m350,cpu,memory,46.21680252276991,46.18968995806772,45.974693917159506,45.96336446493299,45.98047335675921,45.956293571059454,45.988828233386265,45.95986753409043,45.817518925150836,45.69383542330957,45.69432900742592,45.8308702120408,45.906267436071346,45.90731053375406
