name,machine_type,trace,-10,-9,-8,-7,-6,-5,-4,-3,-2,-1,0,1,2,3
m240,cpu,memory,3.768947167877507,3.788681020512602,3.7730827649657477,3.7767409700064745,3.7804388020429496,3.7611760819509406,3.693428161930364,3.662393894486681,3.660455451676559,3.670393706594025,3.6701949152706654,3.6498928565868534,3.670959994417285,3.7027063367119992
m328,cpu,memory,8.006106760451749,7.987861472593632,8.048132094775546,8.108213011577712,8.035508744708203,7.960061480129328,8.02855564205519,8.096588918814268,8.115448349198074,8.06885091562335,8.023402211447982,8.012204070995944,7.9935382319634884,7.984733310887784
