name,machine_type,trace,-10,-9,-8,-7,-6,-5,-4,-3,-2,-1,0,1,2,3
m37,cpu,memory,50.943905113846746,50.93286871678922,50.90089489910779,50.870438902371674,50.846303521976274,50.87705930827828,50.89041235948802,50.832876988255876,50.71762596703332,50.67880220759586,50.61108721668826,50.58303195902125,50.55919217795121,50.557795733927854
