name,machine_type,trace,-10,-9,-8,-7,-6,-5,-4,-3,-2,-1,0,1,2,3
m341,cpu,memory,84.03305783722236,84.08336064751046,84.2840312587663,84.38286890411018,84.41350944422884,84.38108800562752,84.39994271178199,84.35815540350345,84.3218804000522,84.33179689446438,84.28061130710923,84.30767682603124,84.28770935930602,84.22617871098204
