name,machine_type,trace,-10,-9,-8,-7,-6,-5,-4,-3,-2,-1,0,1,2,3
m178,cpu,memory,28.124911280663586,28.661034723685308,29.254971660726756,29.832433653925488,30.367088928112736,30.95404676541174,31.593440383016866,32.35447596688606,32.980466062019985,33.50189459515566,33.53360817218313,33.654035885902786,33.4959306032712,33.24673744970499
