name,machine_type,trace,-10,-9,-8,-7,-6,-5,-4,-3,-2,-1,0,1,2,3
m272,cpu,memory,9.852376896326883,9.847735032830554,9.847084140159575,9.890744126761303,10.082128580924344,10.084450673845042,9.945389226548086,9.924353995081686,9.85581667252036,9.87941771592948,9.94275395399882,9.86772875575975,9.89483762226878,9.900077222706093
m272,cpu,memory,9.852376896326883,9.847735032830554,9.847084140159575,9.890744126761303,10.082128580924344,10.084450673845042,9.945389226548086,9.924353995081686,9.85581667252036,9.87941771592948,9.94275395399882,9.86772875575975,9.89483762226878,9.900077222706093
m10,cpu,memory,35.101261817079106,35.09987088382321,35.10669097069814,35.10707916426835,35.08037671344694,35.08600354807683,35.07867774955055,35.08039786518714,35.07342290432247,35.10005902330481,35.17615374814833,35.14720926662781,35.0991131239044,35.09026862679759
m198,cpu,memory,0.6737618511002903,0.5726553113508291,0.6130524546195449,0.6737578126807825,0.6682847412221565,0.5828675720243482,0.624202436888853,0.6671523172066826,0.622358190507471,0.421023619233724,0.5727286087107067,0.5389819388414705,0.48752007448859347,0.41006929851185764
