name,machine_type,trace,-10,-9,-8,-7,-6,-5,-4,-3,-2,-1,0,1,2,3
m381,cpu,memory,12.567377628801514,12.559043561503783,12.550097991818891,12.533653643170094,12.526592681099354,12.545356198171842,12.539447810012781,12.516302565808287,12.524618296552733,12.522415759753704,12.516470736536604,12.519058655186313,12.523877820429826,12.523911515150267
