name,machine_type,trace,-10,-9,-8,-7,-6,-5,-4,-3,-2,-1,0,1,2,3
m80,cpu,memory,31.56391164278889,31.55131287686807,31.553800646052625,31.529277025130334,31.5199893614334,31.402584961635192,31.376816093531794,31.27088454784434,31.265344438832383,31.259222089819193,31.28964826838319,31.24259883467496,31.273564243288355,31.247226361268268
m291,cpu,memory,14.189461943919888,14.163649157976892,14.122924195294939,14.127901500221288,14.120105578637828,14.145009618915514,14.131984496336283,14.090491022194076,14.064577275952688,14.112362662100747,14.074678581233282,14.057501758379432,14.07423480887986,14.06813462095997
m142,cpu,memory,28.86053156078308,28.876200840187643,28.862637092565112,28.851961170814473,28.87994546676425,28.819637792312598,28.80154243087241,28.786824906327794,28.784476261287036,28.78646296275319,28.782854935801815,28.839516117332234,28.809899339251558,28.791120878977093
m372,cpu,memory,20.532607592800815,20.494236828494717,20.486789776599338,20.488779961204497,20.46673578022132,20.42998563492899,20.43985503357201,20.457723637362708,20.44366346746912,20.414114939225584,20.475129640162056,20.44981650823735,20.432075467597784,20.41200476275341
