name,machine_type,trace,-10,-9,-8,-7,-6,-5,-4,-3,-2,-1,0,1,2,3
m82,cpu,memory,12.12832805782541,12.12832805782541,12.145935915458447,12.145935915458447,12.150530272555912,12.129905519701008,12.13190827330928,12.127023182452263,12.130942459011015,12.138579827956725,12.133476932912403,12.159979811902895,12.177561136457953,12.150506900913474
m280,cpu,memory,30.905496849172618,30.905496849172618,30.74282300372335,30.74282300372335,30.681292003308474,30.666033014102233,30.56624818177231,30.456347412572576,30.416005973142596,30.392627237776175,30.415842067257266,30.405598417932165,30.401028353781665,30.324499290018164
m233,cpu,memory,3.8714756761069027,3.8714756761069027,3.8423789536854938,3.8423789536854938,3.8291970047241057,3.8358705785939273,3.844320002985125,3.844320002985125,3.844320002985125,3.844320002985125,3.8460096607079457,3.8770073648632724,3.84679993440963,3.8820512752172043
m339,cpu,memory,17.728783820185953,17.728783820185953,17.75697590258843,17.75697590258843,17.777732834720627,17.59764851133545,17.953867581475045,17.89211634006311,17.69017305271472,17.58976462821836,17.497796213846172,17.821525320166476,17.71560865446396,17.52633008943533
