name,machine_type,trace,-10,-9,-8,-7,-6,-5,-4,-3,-2,-1,0,1,2,3
m221,cpu,memory,1.9632499307100255,1.9481541153807784,1.8018896120373231,1.719342531748453,1.6118187793178143,1.5216506473573557,1.4626474564256846,1.4407295203224142,1.3455172382454794,1.2697347075148342,1.1861960811972496,1.1404453771744603,1.1016851413619972,1.0836137163082327
