name,machine_type,trace,-10,-9,-8,-7,-6,-5,-4,-3,-2,-1,0,1,2,3
m239,cpu,memory,3.319187952482473,3.3185694681482985,3.224252424476763,3.162029023573764,3.14340594135981,3.2001740903161586,3.22086610666777,3.2322166975262685,3.173006565247553,3.092774628927572,3.0057036249724227,2.9518595459180097,2.995251835417381,3.0596448280262205
