name,machine_type,trace,-10,-9,-8,-7,-6,-5,-4,-3,-2,-1,0,1,2,3
m343,cpu,memory,54.40697332342794,54.349361056859664,54.26615342123925,54.191126409431234,54.18054046149864,54.14292110116951,54.1025934425016,54.08084326005037,54.08300961667008,54.0219917338446,53.975660912098064,53.995442717127716,54.00729235526307,53.958269490040934
