name,machine_type,trace,-10,-9,-8,-7,-6,-5,-4,-3,-2,-1,0,1,2,3
m139,cpu,memory,0.3084082809984916,0.3240900815138134,0.3177709963577295,0.31945426849564534,0.30584856753672846,0.3017174812328736,0.2925474189018811,0.3054449880761578,0.2918782316454938,0.3409757931411602,0.309783240121874,0.29068281364741877,0.3266632728637532,0.33456661562837764
