name,machine_type,trace,-10,-9,-8,-7,-6,-5,-4,-3,-2,-1,0,1,2,3
m406,cpu,memory,8.761665642246207,8.84533233379144,8.851134274271148,8.846046573463486,8.90495134300644,8.98125257045286,8.960798815086159,8.961148255838605,8.94609361886507,8.945138064419883,8.927690736196174,8.903696915065861,8.89009810448798,8.879803294651593
