name,machine_type,trace,-10,-9,-8,-7,-6,-5,-4,-3,-2,-1,0,1,2,3
m54,cpu,memory,28.98165034552459,28.690473644262255,28.119942271024765,27.691754660744596,26.875346374154294,26.348560540341563,25.592071260880967,25.134551826674844,24.22622575676222,23.74874032287629,22.918137497371813,22.573998200308193,21.760528117948905,21.178683874830458
