name,machine_type,trace,-10,-9,-8,-7,-6,-5,-4,-3,-2,-1,0,1,2,3
m87,cpu,memory,0.4379690242049848,0.3797995693595144,0.37080146368048356,0.34885634464544096,0.35053246138766764,0.34864324762951204,0.41022752986548583,0.49488901065092383,0.44337431357796986,0.38934722710774633,0.3850512764552015,0.3852339598782047,0.3952956451057911,0.4361375962487796
m325,cpu,memory,31.021825032054657,31.0152779074667,31.005117599571758,31.00247199612854,31.01852082933414,31.02108586832218,31.00086646162912,30.975833328739746,30.852763854496718,30.635318421317084,30.686278619386922,30.820390775391083,30.817096264635094,30.797619605051235
