name,machine_type,trace,-10,-9,-8,-7,-6,-5,-4,-3,-2,-1,0,1,2,3
m132,cpu,memory,55.980519511243685,55.982965169539774,55.98963594160753,55.92754629371673,55.89173708491409,55.85001808503267,55.81051107035051,55.78099360800195,55.763272713662445,55.774698833370415,55.75026063523168,55.67706251966045,55.58647106013221,55.532285155959016
