name,machine_type,trace,-10,-9,-8,-7,-6,-5,-4,-3,-2,-1,0,1,2,3
m351,cpu,memory,28.932977671748837,28.913106771431714,28.8855422817753,28.88516174093736,28.889619318806037,28.876662353204562,28.903164255778155,28.93582567262483,28.96197393441767,28.915756426685828,28.91733380431082,28.913535460669365,28.92313745777055,28.948079546148275
m2,cpu,memory,25.91579050390205,25.92100098774606,25.899898628732245,25.877504247094556,25.87926765587937,25.856882661591726,25.850813891197706,25.854135398337363,25.87172779688827,25.871094604986972,25.848963170215914,25.842885517041914,25.832298403099717,25.83344174221162
