name,machine_type,trace,-10,-9,-8,-7,-6,-5,-4,-3,-2,-1,0,1,2,3
m395,cpu,memory,12.661587145851831,12.663487565943976,12.654589232092627,12.663624111716306,12.690067904932247,12.692898551640392,12.697077693998148,12.701681377150624,12.69119984556006,12.669405948941458,12.647663288552621,12.65247656043809,12.664375062164867,12.661581403930734
