name,machine_type,trace,-10,-9,-8,-7,-6,-5,-4,-3,-2,-1,0,1,2,3
m121,cpu,memory,22.70564334624525,22.70831620833871,22.7204580194525,22.712379464141577,22.696857201805056,22.688104878913744,22.69961418712191,22.74032359372169,22.769011379032683,22.765201225476225,22.781154199095123,22.800731109937104,22.81330706427305,22.842796204684234
