name,machine_type,trace,-10,-9,-8,-7,-6,-5,-4,-3,-2,-1,0,1,2,3
m143,cpu,memory,42.65252471738686,42.63100805070606,42.63203943852693,42.592418182101234,42.604400882201986,42.600413244545045,42.59542193392127,42.56165422087175,42.55798384361628,42.5399434631364,42.54377178912635,42.50581684452532,42.47934899801139,42.460262390782916
