name,machine_type,trace,-10,-9,-8,-7,-6,-5,-4,-3,-2,-1,0,1,2,3
m208,cpu,memory,38.01375236196204,38.00119768451698,38.00091964628449,38.022568466309004,38.04306661730933,38.02785755307819,38.02469968955729,38.03259843810357,38.006393183253664,38.02481033885471,38.01186429723172,38.008462417681145,38.01391394518322,38.008672612161924
