name,machine_type,trace,-10,-9,-8,-7,-6,-5,-4,-3,-2,-1,0,1,2,3
m170,cpu,memory,0.39789850239668123,0.4113791155808087,0.3547229251980519,0.35941922463880205,0.3930079201375132,0.5061092369510687,0.5085850495730815,0.5035028089298167,0.5334514080404289,0.5109113964291853,0.5257377821216647,0.4336095717539361,0.38070070046134896,0.49094896944914185
