name,machine_type,trace,-10,-9,-8,-7,-6,-5,-4,-3,-2,-1,0,1,2,3
m8,cpu,memory,38.49809485244963,38.549637460541334,38.545090652125275,38.49051244756559,38.43861115185692,38.41849779672838,38.388460899749035,38.313244000484026,38.31575193703426,38.298961904437746,38.28275681352035,38.2773695874508,38.278300952628285,38.27268206719986
m318,cpu,memory,27.595126111787838,27.600492042524575,27.586314215988764,27.590692355186945,27.59575879915739,27.55286405758176,27.514549939221446,27.489581302435543,27.436980444210644,27.402307810499796,27.35846792434655,27.28927573130338,27.313546928062188,27.12137125640785
