name,machine_type,trace,-10,-9,-8,-7,-6,-5,-4,-3,-2,-1,0,1,2,3
m368,cpu,memory,3.8868351810180335,3.891470400914473,3.9037800412662653,3.8980008415048206,3.956214086917598,3.9686712016782115,3.9001009690692467,3.6416022165538027,3.672008849816104,3.4988650709533577,3.4873616176761075,3.4475530091399462,3.4466369922311633,3.4299701196733494
