name,machine_type,trace,-10,-9,-8,-7,-6,-5,-4,-3,-2,-1,0,1,2,3
m237,cpu,memory,40.58454257312027,40.513226018248396,40.42030072492563,40.42811083174865,40.38142675871752,40.34544019153805,40.29512031998505,40.28423427513585,40.25941411370225,40.22351810581638,40.20089382931396,40.214575451292696,40.24427203381817,40.227929110063826
