name,machine_type,trace,-10,-9,-8,-7,-6,-5,-4,-3,-2,-1,0,1,2,3
m134,cpu,memory,63.00710180783306,62.942213902747554,62.91294305869375,62.90354599300567,62.89195500917375,62.909409429000334,62.90324130187072,62.87004440577991,62.85369719068111,62.7963186405372,62.76053469599125,62.77712007029582,62.78031538985231,62.74215378493022
