name,machine_type,trace,-10,-9,-8,-7,-6,-5,-4,-3,-2,-1,0,1,2,3
m82,cpu,memory,6.398032958820176,6.36918647951564,6.268805174915427,6.301892443908209,6.296546694544896,6.269041795143248,6.269041795143248,6.2952030702432396,6.242799513960094,6.164241951739649,6.16369913850096,6.0806168801781215,6.068008075950596,5.99414836529723
