name,machine_type,trace,-10,-9,-8,-7,-6,-5,-4,-3,-2,-1,0,1,2,3
m390,cpu,memory,0.4844790961853881,0.4773109293073559,0.4834998544085203,0.4718577227481493,0.4605597694063569,0.44990260887468353,0.44272338711853715,0.4634215869489459,0.44676877271819204,0.4321019530800185,0.4345639644785562,0.46065142661780545,0.4528792534814294,0.45641833490489553
