name,machine_type,trace,-10,-9,-8,-7,-6,-5,-4,-3,-2,-1,0,1,2,3
m183,cpu,memory,0.8187121823411592,0.7637733723440311,0.6853851890145959,0.693785630784803,0.64154454835854,0.6220050568140594,0.5271730877680285,0.4557478956286563,0.5793434370416476,0.5419241475468553,0.4318791702167001,0.4485972331421665,0.4853694011194687,0.4569822564548933
