name,machine_type,trace,-10,-9,-8,-7,-6,-5,-4,-3,-2,-1,0,1,2,3
m102,cpu,memory,13.846776335422478,13.875142040283317,13.825073629210939,13.838470599516457,14.015299836104337,14.218095006814968,14.326896899751043,14.40048293847765,14.553450861262798,14.63955190171185,14.660536140699703,14.643635096081596,14.480689699579994,14.342503284553777
