name,machine_type,trace,-10,-9,-8,-7,-6,-5,-4,-3,-2,-1,0,1,2,3
m52,cpu,memory,0.4633391547651361,0.5156886101426046,0.48164513041477186,0.47854440846411983,0.472016087934225,0.5018717303627624,0.4606334561065464,0.4896394110653523,0.4868892782702945,0.52804889365922,0.533431492742445,0.4982105150425044,0.5483804394106534,0.5550421506566215
