name,machine_type,trace,-10,-9,-8,-7,-6,-5,-4,-3,-2,-1,0,1,2,3
m273,cpu,memory,0.4538802516932014,0.4443726364100092,0.4540883134496119,0.4540883134496119,0.37535312824207573,0.5643330722964219,0.5745552175752147,0.5094073842229719,0.5094073842229719,0.43498187996368665,0.4016393766248048,0.4248720251802084,0.4248720251802084,0.41722998686557083
