name,machine_type,trace,-10,-9,-8,-7,-6,-5,-4,-3,-2,-1,0,1,2,3
m244,cpu,memory,37.31993498071535,37.2322766123349,37.27372337792951,37.26798982677735,37.239760349356594,37.24525452308265,37.24525452308265,37.207597672954655,37.156937778584755,37.183322995261754,37.2008863233093,37.22104702020678,37.173336368904565,37.17804629501885
