name,machine_type,trace,-10,-9,-8,-7,-6,-5,-4,-3,-2,-1,0,1,2,3
m373,cpu,memory,6.869779476308023,6.849334617861891,6.846759558859029,6.834461679857632,6.806691172735885,6.785032029822659,6.754324251700077,6.752032531222816,6.777757629870355,6.781371874561022,6.762307502630006,6.753465377061943,6.756419331303209,6.761809552775806
