name,machine_type,trace,-10,-9,-8,-7,-6,-5,-4,-3,-2,-1,0,1,2,3
m267,cpu,memory,0.39259447691059063,0.3865988358375653,0.3896469586827312,0.3754692803795083,0.3627165985031306,0.35752067068879156,0.37096675710682986,0.3617263775476919,0.3933883220065565,0.3812945044221405,0.35831336738160857,0.34552817702824495,0.3500428405086985,0.3915472273379305
