name,machine_type,trace,-10,-9,-8,-7,-6,-5,-4,-3,-2,-1,0,1,2,3
m278,cpu,memory,0.33894290358067203,0.3888707181317151,0.3843420972379961,0.34304188525201623,0.3655096636723241,0.36262720021981376,0.3470391139218347,0.3863209238088318,0.4446056852435479,0.40608093390074135,0.4042316490109865,0.373740324769251,0.39749714707937794,0.4162692330221466
