name,machine_type,trace,-10,-9,-8,-7,-6,-5,-4,-3,-2,-1,0,1,2,3
m259,cpu,memory,0.768065019270957,1.5287487494147718,1.9118062575078651,2.0215747597861733,1.2411561454573976,2.6152109568143627,3.2310147589841636,1.284081086575684,0.5005708869982962,0.5068956131806114,0.4382340640933248,0.4244846999581307,0.370513682998162,0.543328502898594
m102,cpu,memory,3.5816848260134875,3.7198292424636343,3.5720043833726836,3.9365823943283593,3.810610050447584,5.7135384305853325,5.5049699282949085,4.1583187303317475,3.1818413654378848,4.193862028887991,5.721457169565644,4.982222766389855,3.7212992914386454,3.311009054051541
m384,cpu,memory,1.5422855970297098,1.752392496786205,1.4213920950277739,1.3848075790678038,1.7856891021044525,2.8372347831765183,2.4412273970514984,1.720883036705711,1.1874891003258257,0.9041062036992896,0.823061163383443,0.7599940358073264,0.7332224067801107,1.1546249358134506
m91,cpu,memory,1.5565845763265225,1.645737235239759,1.5251803523162373,1.354358530967129,1.5333403554708203,3.6553064526116548,3.291128664138053,2.1121478719989515,1.6580288042422153,1.600693060268694,0.9126641831474485,0.6972082275912239,0.8193373288860947,1.2432038127461569
