name,machine_type,trace,-10,-9,-8,-7,-6,-5,-4,-3,-2,-1,0,1,2,3
m162,cpu,memory,23.94408923730963,23.963495881914557,23.992835175467867,24.073474767969827,24.04931227069039,23.97342590532489,23.83795419953126,23.759582399901237,23.79000348327691,23.809260532787885,23.871604043526975,23.904631229911512,23.845946384673102,23.752251640228703
