name,machine_type,trace,-10,-9,-8,-7,-6,-5,-4,-3,-2,-1,0,1,2,3
m244,cpu,memory,11.78959472205631,11.689329647516512,11.610734513506943,11.777405096616423,11.649893692803028,11.67799416986513,11.632176432276447,11.617882677747051,11.539905897569355,11.494718777931151,11.55278317176089,11.509337405177165,11.40468924593355,11.46685777898205
