name,machine_type,trace,-10,-9,-8,-7,-6,-5,-4,-3,-2,-1,0,1,2,3
m168,cpu,memory,4.089101167815094,4.130828255299187,4.131442937862211,4.0749119424447535,4.067987071646212,4.021192462327485,4.05396525981946,4.009919142665779,4.0144359894126795,3.9391947952212076,3.955408164668415,4.014057497943032,4.022641360482869,3.8642874691424507
