name,machine_type,trace,-10,-9,-8,-7,-6,-5,-4,-3,-2,-1,0,1,2,3
m22,cpu,memory,1.1291479917212146,1.006317232571137,0.8094319139794532,0.6710775302039474,0.588132259092138,0.46212049119588,0.3876655829169979,0.3436188347823527,0.33358391605386695,0.33022151106086367,0.5275724982608981,0.9171620371079882,0.885024290391459,0.7927573433137953
