name,machine_type,trace,-10,-9,-8,-7,-6,-5,-4,-3,-2,-1,0,1,2,3
m412,cpu,memory,56.701175613717915,56.718910191894224,56.69835838110513,56.69902874135424,56.66669634767706,56.635347285198954,56.62649599826357,56.573318712197164,56.57115013513324,56.578479582983235,56.55320455418144,56.529868020505894,56.454625765687915,56.37530178165264
m309,cpu,memory,40.98061585892522,40.96305659362216,40.9626194462696,40.96350121249505,40.95244853589549,40.903217193108944,40.862263342670126,40.835233261886394,40.802812075049,40.83908591811465,40.83294514996225,40.81568663843357,40.721329003367416,40.71382237429083
