name,machine_type,trace,-10,-9,-8,-7,-6,-5,-4,-3,-2,-1,0,1,2,3
m55,cpu,memory,57.443031187121484,57.65324394255246,57.75545004909889,57.95475197323855,58.07578240011629,58.285266741944966,58.37279133946947,58.56013640811615,58.69290269287297,58.90694902347703,59.035883953504985,59.23685107830072,59.395099052180385,59.53114515830946
