name,machine_type,trace,-10,-9,-8,-7,-6,-5,-4,-3,-2,-1,0,1,2,3
m254,cpu,memory,52.14753066007549,52.3871944676328,52.52586588465436,52.701492762434626,52.8201409347179,52.8201409347179,52.796095019278226,52.802983077648214,52.74262909439313,52.7254436265823,52.71399993978867,52.71912729189973,52.70830399305607,52.68786061112016
