name,machine_type,trace,-10,-9,-8,-7,-6,-5,-4,-3,-2,-1,0,1,2,3
m408,cpu,memory,31.062207727884587,30.926842241327936,30.804340856012466,30.661125626847873,30.6203402152047,30.603027115678557,30.57199505966479,30.485843613819075,30.35526597822365,30.31237002797491,30.200215622509702,30.00466894503204,29.97489156399429,30.011710870587688
