name,machine_type,trace,-10,-9,-8,-7,-6,-5,-4,-3,-2,-1,0,1,2,3
m379,cpu,memory,35.30429277800507,35.29057249130093,35.28265763869344,35.26641439855761,35.26311934906129,35.25277452693218,35.148684400983086,35.10981701223242,35.10155591516357,35.104436218969624,34.99417861464113,34.9849646011612,34.96584812496267,34.96340058906241
m282,cpu,memory,31.596425079527638,31.563786401225627,31.53830976394131,31.50847450748111,31.342269917315733,31.311532527853903,31.23175445999291,31.12969737640278,31.04842029651145,31.015785707111746,31.029482621195978,30.97167634560323,30.964723495099197,30.8867005756811
m355,cpu,memory,30.558411796592196,30.53297917785562,30.506490006450168,30.51438027566834,30.43077928556639,30.418632772685264,30.42978563233027,30.353458950873687,30.268221036881414,30.286502014799037,30.286421246106,30.298389715308208,30.24163317678996,30.252346454449203
m78,cpu,memory,30.591791576322116,30.593676155938738,30.573427811005242,30.59872372940844,30.586369388981094,30.59680679143048,30.599704056609067,30.646760456595302,30.662744884359174,30.62843480439115,30.589023490168277,30.617222932799404,30.621792659729785,30.6352811412617
