name,machine_type,trace,-10,-9,-8,-7,-6,-5,-4,-3,-2,-1,0,1,2,3
m38,cpu,memory,17.369308350858628,17.364579984746968,17.317579357957023,17.112587569171097,17.242094754240853,17.19752063949278,17.19752063949278,17.176397873558752,17.17175923364819,17.180166735371085,17.1735911412052,17.223964773441846,17.176105827408765,17.043838350775033
