name,machine_type,trace,-10,-9,-8,-7,-6,-5,-4,-3,-2,-1,0,1,2,3
m190,cpu,memory,26.814635605454903,26.790549407787648,26.787516882947898,26.779541405087105,26.77333471264627,26.769022948815344,26.750650215349392,26.752315162348584,26.72748167446375,26.699694054967125,26.652269152397118,26.596995929783777,26.568710788810215,26.54608489761136
