name,machine_type,trace,-10,-9,-8,-7,-6,-5,-4,-3,-2,-1,0,1,2,3
m204,cpu,memory,0.553788694430137,0.571039495300639,0.5806547443930622,0.5858229213870825,0.5822689991429275,0.5685171615313086,0.5367962702412893,0.5354128306489419,0.524630545340797,0.5561300358160491,0.5358481487567844,0.5649223134525497,0.5580772499244481,0.5580772499244481
