name,machine_type,trace,-10,-9,-8,-7,-6,-5,-4,-3,-2,-1,0,1,2,3
m54,cpu,memory,25.312828044604966,25.236101404844202,25.220590375343132,25.173892116456102,25.098075663849595,25.054768786146862,24.979387411885657,24.858690551382526,24.782399949698704,24.575847830341676,24.43600519998127,24.00947567282072,23.92714064149054,23.684192242297176
