name,machine_type,trace,-10,-9,-8,-7,-6,-5,-4,-3,-2,-1,0,1,2,3
m410,cpu,memory,11.97005059804588,11.953244350893725,11.883615140732749,11.889100276724793,11.743764635998648,11.755096498700214,11.651890029971957,11.528455610089061,11.209126978922708,11.076854775304822,11.312317748537717,11.479913070542711,11.500400994863249,11.430570822725914
