name,machine_type,trace,-10,-9,-8,-7,-6,-5,-4,-3,-2,-1,0,1,2,3
m221,cpu,memory,5.395106109142061,5.378591683046592,5.37518719120871,5.366972052455516,5.374301752069431,5.403427872187945,5.395008078896044,5.3826572980477785,5.378822510811235,5.368886026154311,5.387877417970998,5.31435934906737,5.146649506601772,5.1699103350551505
