name,machine_type,trace,-10,-9,-8,-7,-6,-5,-4,-3,-2,-1,0,1,2,3
m267,cpu,memory,5.512262904449466,5.498973782425754,5.497821599789285,5.44002503313289,5.3589138527309625,5.3589138527309625,5.418227300048563,5.393109513906484,5.388774492578711,5.358838247835769,5.324119283611172,5.338897510299378,5.319120009297017,5.272335230696923
