name,machine_type,trace,-10,-9,-8,-7,-6,-5,-4,-3,-2,-1,0,1,2,3
m394,cpu,memory,12.492566528218973,12.483162886949414,12.436528737757612,12.393291003514186,12.359260724166326,12.299034238136779,12.307125362714201,12.010587971508775,11.122331461431342,11.080933597867428,11.001878237040435,10.96727300196214,10.967769159938676,11.076020440633355
