name,machine_type,trace,-10,-9,-8,-7,-6,-5,-4,-3,-2,-1,0,1,2,3
m2,cpu,memory,57.47386208586797,57.691715124571346,57.32822269846705,57.32822269846705,57.1443632717931,56.64117667904263,57.36679501697657,56.82189154785411,56.91191189311842,57.03574799798106,57.10344532704376,56.99286799487172,56.77047682726586,57.04392528832186
