name,machine_type,trace,-10,-9,-8,-7,-6,-5,-4,-3,-2,-1,0,1,2,3
m168,cpu,memory,16.000174798555545,15.431978784433506,15.147533607984933,14.884821804108011,15.009713014266996,14.547580307163797,14.32842469655519,14.28605460779921,14.368664319815506,15.566876544202536,15.53755330353337,15.47759093622015,15.398646250624147,15.398646250624147
