name,machine_type,trace,-10,-9,-8,-7,-6,-5,-4,-3,-2,-1,0,1,2,3
m350,cpu,memory,30.46257535729579,30.48095404791259,30.507275808883787,30.45985797274026,30.365162127864153,30.340427225431036,30.315355527230448,30.20693656665246,30.118482500264562,30.081737334313594,30.018167184313484,29.961287719232992,29.84238962677214,29.78848620055061
