name,machine_type,trace,-10,-9,-8,-7,-6,-5,-4,-3,-2,-1,0,1,2,3
m141,cpu,memory,54.41320414734609,54.31431597317228,54.31431597317228,54.26397151772409,54.19482288305839,54.132817430692306,54.08334762393313,54.08334762393313,53.809993033294745,53.82696336031557,53.74585605480648,53.71547093770545,53.53332298249189,53.50447535548461
m125,cpu,memory,61.367948103891315,61.492828512242255,61.492828512242255,61.74787917100508,61.875458437494196,61.91679718953927,62.07936969906329,62.07936969906329,62.23950649485802,62.434852280225456,62.790803206644014,62.71577690091074,62.613863874071455,62.5642463670731
