name,machine_type,trace,-10,-9,-8,-7,-6,-5,-4,-3,-2,-1,0,1,2,3
m237,cpu,memory,2.740674422015152,2.7486181354086776,2.8343080749026517,3.101947775939468,2.928806861885144,2.781654395327116,2.781654395327116,2.781654395327116,2.775458541985681,2.738793133520259,2.7026632059059077,2.7257020026203436,2.7215971022252687,2.724559764280216
