name,machine_type,trace,-10,-9,-8,-7,-6,-5,-4,-3,-2,-1,0,1,2,3
m403,cpu,memory,41.79972730656578,41.82741151029623,41.82430369179646,41.8374441649504,41.8382381530734,41.78013197039508,41.781408952818694,41.74638788018616,41.72455007642514,41.725812724213824,41.70820064364517,41.69766288899513,41.66948206416563,41.65175289154607
