name,machine_type,trace,-10,-9,-8,-7,-6,-5,-4,-3,-2,-1,0,1,2,3
m105,cpu,memory,13.832279882348336,13.804115613991105,13.728622327826944,14.136661227859237,15.145294360409391,15.498846726828223,14.632582773465897,13.96811862094581,13.799029907040127,13.672324633707344,13.54403999910107,13.476573401093898,13.464395144786138,13.6617270762399
