name,machine_type,trace,-10,-9,-8,-7,-6,-5,-4,-3,-2,-1,0,1,2,3
m163,cpu,memory,31.864549901508944,31.83772978192279,31.795461637221926,31.786175285759754,31.785008182044958,31.778198342413525,31.80830664668334,31.794963801250756,31.772962679437693,31.814725466101546,31.83272592411918,31.78026485319508,31.743632731039032,31.712662072729398
