name,machine_type,trace,-10,-9,-8,-7,-6,-5,-4,-3,-2,-1,0,1,2,3
m403,cpu,memory,50.2992793179963,50.14757681532272,50.0956976745172,50.21465003701644,50.26655481512916,50.16629846931082,50.0700644553623,50.08675748407996,50.06457346122255,50.03995811470397,49.996262017776374,50.02745244595582,50.13684333820951,50.18474789393288
