name,machine_type,trace,-10,-9,-8,-7,-6,-5,-4,-3,-2,-1,0,1,2,3
m208,cpu,memory,12.621034363670434,12.622789240174816,12.632534131918904,12.683636794295504,12.693017656798268,12.706609665396435,12.702339597835566,12.719528246390151,12.723369999915498,12.710755264470691,12.680360039521409,12.648012451607565,12.633204253086937,12.630625067238004
