name,machine_type,trace,-10,-9,-8,-7,-6,-5,-4,-3,-2,-1,0,1,2,3
m263,cpu,memory,4.956535022125847,4.872103252200788,4.872103252200788,4.737250740655387,4.61494796630328,4.536354437808209,4.497548720445641,4.4049848811789385,4.351947245910157,4.259530691756094,4.210775377757947,4.213727628333574,4.136577786102098,3.9901715504602135
