name,machine_type,trace,-10,-9,-8,-7,-6,-5,-4,-3,-2,-1,0,1,2,3
m109,cpu,memory,20.53703296618758,20.54010632789273,20.547721789023377,20.54691634701861,20.526411027371864,20.47627616065667,20.414428024775813,20.396173007033763,20.411460012074976,20.424140963324334,20.3990548786139,20.376577647385854,20.450695077787405,20.52215640637947
