name,machine_type,trace,-10,-9,-8,-7,-6,-5,-4,-3,-2,-1,0,1,2,3
m129,cpu,memory,14.479381284368237,14.347492829044164,14.330136994101409,14.348863737361754,14.344195743860096,14.313914664698004,14.105064540041171,14.689435585076033,14.653377539658155,14.608932966534375,14.338317163602966,14.350270838920094,14.379790695097704,14.379790695097704
