name,machine_type,trace,-10,-9,-8,-7,-6,-5,-4,-3,-2,-1,0,1,2,3
m376,cpu,memory,0.7961609643892388,0.7779909917429914,0.7722565541493692,0.7979700175177716,0.8124741812690247,0.770119210955512,0.7601373077841135,0.7402509235419998,0.7317573048147378,0.7168230222781616,0.6532933684103197,0.6253947582584776,0.6952015871076519,0.6730486965829646
