name,machine_type,trace,-10,-9,-8,-7,-6,-5,-4,-3,-2,-1,0,1,2,3
m211,cpu,memory,21.354968342939383,21.35819346907273,21.345689901596877,21.343927478421598,21.330040407617375,21.31351096465577,21.301337578938778,21.269513786244087,21.29371840760296,21.305850878843113,21.27968015161685,21.314686215682194,21.305498687617142,21.2571497925223
