name,machine_type,trace,-10,-9,-8,-7,-6,-5,-4,-3,-2,-1,0,1,2,3
m170,cpu,memory,28.147041977488893,28.12509667456456,28.139961543357867,28.11079933656569,28.110114867778872,28.12540403457404,28.101501923392323,28.096892532768816,28.104526265260354,28.065361938062626,28.070273641859394,28.070273641859394,28.057421855080268,28.050169319405615
