name,machine_type,trace,-10,-9,-8,-7,-6,-5,-4,-3,-2,-1,0,1,2,3
m57,cpu,memory,0.4515596824209752,0.4836988046960718,0.4857702980516849,0.4051890460084219,0.5121168940573174,0.43758901842266795,0.4656760666203835,0.464192476721567,0.4057346859502133,0.4177419951793379,0.4738885048174516,0.4545754987113927,0.47025543151700266,0.47724076351615624
