name,machine_type,trace,-10,-9,-8,-7,-6,-5,-4,-3,-2,-1,0,1,2,3
m419,cpu,memory,15.118389769743757,15.10064825007643,15.097440815564278,15.102862788253411,15.067989888373404,15.029698804294762,15.019095037912543,15.023454251292408,14.953269183494694,15.051294167077414,15.122929395068159,15.151206761647515,15.17876535794,15.164595150589202
