name,machine_type,trace,-10,-9,-8,-7,-6,-5,-4,-3,-2,-1,0,1,2,3
m172,cpu,memory,29.34652772082066,29.328101429785868,29.3494646397306,29.324108592162798,29.342765875649917,29.294737396523892,29.326248396207024,29.311981167558862,29.343083641472184,29.350322378591642,29.36537187939186,29.32871606123892,29.30282125212792,29.301527323752993
