name,machine_type,trace,-10,-9,-8,-7,-6,-5,-4,-3,-2,-1,0,1,2,3
m134,cpu,memory,6.9661310564632055,7.096018827754164,7.297924016027845,7.510800785848714,7.6570528713626125,7.857438465603612,8.028796222303924,8.21457774234439,8.353693563766251,8.475185027174755,8.652412442035237,8.85052241865731,8.985551802308638,9.167184050928912
