name,machine_type,trace,-10,-9,-8,-7,-6,-5,-4,-3,-2,-1,0,1,2,3
m1,cpu,memory,57.97819986417924,56.98517682739417,56.371881123920794,55.42762249870839,54.76278099049575,53.72012651262036,53.00894489579049,52.03789000843867,51.76651197281695,59.761935063716486,61.01239979909466,60.959792118491414,60.860901672763426,60.68613919706981
