name,machine_type,trace,-10,-9,-8,-7,-6,-5,-4,-3,-2,-1,0,1,2,3
m11,cpu,memory,46.06154502536902,46.12695281159651,46.27162188885667,46.3176372674451,46.42442833007269,46.51976394493486,46.66418148542804,46.753724434566244,46.954463343884655,47.061281261961625,47.24758242463089,47.39505510517871,47.567617353486725,47.63699672694786
