name,machine_type,trace,-10,-9,-8,-7,-6,-5,-4,-3,-2,-1,0,1,2,3
m274,cpu,memory,15.926505974361664,15.904246080895131,15.913813236206927,15.909492437269213,15.90727787391584,15.90733839815208,15.904824746830743,15.900441757661092,15.913506248341386,15.713835903288974,15.544835149072409,15.547002363203827,15.543366967882829,15.54131424008244
m390,cpu,memory,26.584753564537973,26.578633694684097,26.58372364186955,26.58361339577301,26.589165477407093,26.58432555261916,26.58162412005291,26.582555811253474,26.583174582614028,26.59193773324697,26.594258504441434,26.58999868348291,26.587504416658525,26.585950673594564
m401,cpu,memory,6.659686155410288,6.629318328054646,6.621973282767125,6.616575413728765,6.611771972751223,6.607836101164059,6.6130419354722925,6.609611876156259,6.5990843707697975,6.593758118913258,6.691577261827392,6.768127943782789,6.694788860855555,6.642399249454266
m111,cpu,memory,18.915606900824127,18.908877800137276,18.897175585868656,18.884231210052068,18.885108358018567,18.901949913282664,18.88973225800331,18.880625445830372,18.88198676307829,18.887770291475537,18.908523059091728,18.922868075220062,18.900153139097075,18.882928700881198
