name,machine_type,trace,-10,-9,-8,-7,-6,-5,-4,-3,-2,-1,0,1,2,3
m254,cpu,memory,38.06830848141999,38.151662405130054,38.17509353767972,38.17905613713064,38.208829397860654,38.22602894930745,38.16055634806716,38.11847883549047,37.995187706775795,37.94450312394732,37.87041855536302,37.709391107780036,37.61059051527087,37.5786359056635
