name,machine_type,trace,-10,-9,-8,-7,-6,-5,-4,-3,-2,-1,0,1,2,3
m230,cpu,memory,37.370952703758256,37.1430935575634,36.67361615858864,36.819775829706366,37.05868896432333,37.35647548317623,37.38211466672272,37.38209699971003,37.335851891274814,37.32757141940517,39.670873605212726,43.48134457350843,45.19670074283154,45.19971312655749
