name,machine_type,trace,-10,-9,-8,-7,-6,-5,-4,-3,-2,-1,0,1,2,3
m406,cpu,memory,12.705985088889854,15.446055858062634,15.35336054635058,15.519587202875412,15.415250907962923,15.278009257499505,15.13940704716219,15.993814396478946,16.334922583313187,14.81830087928531,10.433370742297265,6.977482895992015,4.197182018910113,1.7394378484904858
