name,machine_type,trace,-10,-9,-8,-7,-6,-5,-4,-3,-2,-1,0,1,2,3
m418,cpu,memory,25.699871397095478,25.839767636134695,25.895379927962658,25.869184162530367,25.865206216837958,25.85514817809845,25.851962550506496,25.79940383514671,25.711722600710264,25.84982224293442,25.938643443588923,25.96854360847952,25.975931459880623,25.977397975263806
m14,cpu,memory,8.233104235420303,8.234473099339123,8.211423500059453,8.19602275394628,8.191371797290323,8.18900362633182,8.167961664501924,8.159904815216336,8.156080010135373,8.164919296260699,8.181200370705529,8.165712194932544,8.146621977825875,8.13577651807815
