name,machine_type,trace,-10,-9,-8,-7,-6,-5,-4,-3,-2,-1,0,1,2,3
m260,cpu,memory,7.591131700070224,7.565560536888797,7.525703317093034,7.49986956224758,7.480627479249959,7.4679905707861405,7.301887713964503,7.141812628157301,7.003294389606435,6.887208960148519,6.803872981716533,6.75307509887621,6.623921935526508,6.519538366921241
