name,machine_type,trace,-10,-9,-8,-7,-6,-5,-4,-3,-2,-1,0,1,2,3
m357,cpu,memory,14.442236830301153,14.434463496154502,14.419110591433357,14.40732498594968,14.391560576504702,14.372669473805376,14.027891969584978,13.667305508470443,13.720237768990632,13.532328547178755,13.124987569487603,13.06302560356558,12.976559902951026,13.519572710359698
m53,cpu,memory,9.25583218508793,9.262106280788265,9.176467413404266,9.105185172251348,9.032764200984449,8.969707598276067,9.539417515051772,10.139147509602768,10.040870269927574,9.950661085871957,9.845223503630336,9.800792723951467,9.779560557506938,9.762313807517948
m267,cpu,memory,20.694512246130348,20.68617486047054,20.677922631591287,20.662366068786536,20.65882522122969,20.659214565617358,20.636835516640165,20.60738633097417,20.517094878229855,20.48269193830265,20.531465386875055,20.478587391323547,20.430636345693838,20.42807832391527
m400,cpu,memory,16.790351479699485,16.76090613049921,16.74177111323298,16.727042305341893,16.706717700513572,16.703311176959765,16.722871176648713,16.72796289053544,16.726791677196584,16.717422475338644,16.70690997489266,16.709431147708507,16.690507536418615,16.679673787857798
