name,machine_type,trace,-10,-9,-8,-7,-6,-5,-4,-3,-2,-1,0,1,2,3
m291,cpu,memory,12.235413592922697,13.363315991945285,13.346354316529984,12.892277677143666,12.410085038264251,12.0715742055808,11.901570974439332,11.864109562319051,11.872996110000074,11.918330930674145,11.920860295353226,11.915064554226658,12.024982880371804,12.099800958293317
