name,machine_type,trace,-10,-9,-8,-7,-6,-5,-4,-3,-2,-1,0,1,2,3
m309,cpu,memory,8.32456735524642,8.2816234213607,8.27676370887495,8.279394395779004,8.254096248234472,8.247595287306476,8.266969764243266,8.269746196524812,8.280950183241734,8.270465395756833,8.25838327673327,8.26844386396728,8.263563745353082,8.267442626106542
