name,machine_type,trace,-10,-9,-8,-7,-6,-5,-4,-3,-2,-1,0,1,2,3
m418,cpu,memory,13.761785125996447,13.763944339146132,13.804603089519647,13.74638073271373,13.695740773242193,13.635888248256764,13.700422396068973,13.791400412815598,13.774985152553946,13.723894163505019,13.746861393579715,13.728764274787244,13.719762610207482,18.612284225824954
