name,machine_type,trace,-10,-9,-8,-7,-6,-5,-4,-3,-2,-1,0,1,2,3
m317,cpu,memory,0.5694819158277413,0.5951945084337054,0.5983179080669916,0.5854173732462163,0.578403041071941,0.5806975253302521,0.5974566609230167,0.5025378510020673,0.45978906892991805,0.4894539512920328,0.49737568101951707,0.4806882003542292,0.49054041040760105,0.495207141814824
