name,machine_type,trace,-10,-9,-8,-7,-6,-5,-4,-3,-2,-1,0,1,2,3
m41,cpu,memory,0.4261550747035424,0.4161714426143929,0.4132612283415637,0.4076185363039185,0.4050010244141495,0.3874906480114118,0.41999444307806255,0.45881219967782094,0.5185057411601257,0.4192805188302453,0.45899980480156277,0.39467086673376134,0.3712642802200451,0.3722405942096509
