name,machine_type,trace,-10,-9,-8,-7,-6,-5,-4,-3,-2,-1,0,1,2,3
m326,cpu,memory,6.433865367167072,6.34599213065006,6.390712051367154,6.369694639185568,6.446654242057444,6.510501694380539,6.573393958907319,6.511380656935766,6.3813418016872685,6.408345265835592,6.429959405377894,6.439722341120097,6.4873135293963,6.488922588174604
