name,machine_type,trace,-10,-9,-8,-7,-6,-5,-4,-3,-2,-1,0,1,2,3
m182,cpu,memory,2.1747132889736154,2.1931697172856977,2.23598429865401,2.175680415851608,2.150090550207375,2.240958989640865,2.1962824026225607,2.22424240790559,2.274504683634288,2.2583078711669566,2.198972074217006,2.2377841015785123,2.232875929080806,2.2175763049881936
