name,machine_type,trace,-10,-9,-8,-7,-6,-5,-4,-3,-2,-1,0,1,2,3
m30,cpu,memory,0.4988495789538021,0.43301558480011626,0.4649127108358162,0.6106502009818141,0.5790327158925987,0.4564335417108231,0.47555818547055184,0.5429812579818628,0.4550001910187775,0.6740617466579835,0.49798589619263894,0.49798589619263894,0.4471180746597469,0.45570089607058073
m113,cpu,memory,11.041759636394746,10.979779472673536,10.982366886470327,10.961381701001562,10.930978538295467,10.902364703998922,10.860234693344122,10.930073879157616,10.965436109668756,10.906665412364923,10.87062068071543,10.87062068071543,10.795162666866098,10.76515955002874
