name,machine_type,trace,-10,-9,-8,-7,-6,-5,-4,-3,-2,-1,0,1,2,3
m67,cpu,memory,35.319600708022236,35.30436433403089,35.280223821610065,35.19899127585384,35.032414472501806,35.00918823413981,35.013118831178154,35.012203697714654,35.018071122179876,35.011162568712244,35.006456968495236,34.97571723717709,34.95120853043104,34.94721301805292
