name,machine_type,trace,-10,-9,-8,-7,-6,-5,-4,-3,-2,-1,0,1,2,3
m47,cpu,memory,18.981525762135202,18.984901797078006,18.97073214493291,18.956938459614282,18.989675392483676,19.001722504396366,18.990194215460004,18.988608973511315,19.00005382069054,19.02030624063779,18.992070267454608,18.976695580421772,18.999701048325285,19.014272689843022
