name,machine_type,trace,-10,-9,-8,-7,-6,-5,-4,-3,-2,-1,0,1,2,3
m246,cpu,memory,0.8027923630128647,0.6192287001361297,0.5356383581204821,0.4056593460696752,0.3655977494894909,0.5144182056042452,1.7021181566439236,2.023449511316005,1.8003473276959516,1.5269136365055052,1.483709433052028,1.2581389281670055,1.3187300238199715,1.134048844627723
