name,machine_type,trace,-10,-9,-8,-7,-6,-5,-4,-3,-2,-1,0,1,2,3
m365,cpu,memory,16.989404028404724,16.915663654135077,16.82718657231136,16.715803813376926,16.60298625332246,16.496472619831792,16.37651361546921,16.222888508264248,16.17488499659379,16.229043870620345,16.33283161997221,16.417824149093374,16.415788127893354,16.390222846993034
