name,machine_type,trace,-10,-9,-8,-7,-6,-5,-4,-3,-2,-1,0,1,2,3
m254,cpu,memory,0.4114407543496779,0.4382096701189949,0.4529331398009549,0.39194158177086247,0.41639967071777656,0.42585969694074954,0.724607461807148,0.947378112093597,0.9131817441429185,0.9121325637491996,0.8475635224038239,0.835972071635006,1.4795098089041412,1.7442168199077315
