name,machine_type,trace,-10,-9,-8,-7,-6,-5,-4,-3,-2,-1,0,1,2,3
m56,cpu,memory,0.4739714165452799,0.5562393038760104,0.5562393038760104,0.34159992790617044,0.38456503765540234,0.39426938215725077,0.39426938215725077,0.4020226256754012,0.48099036754640223,0.4711470670207223,0.44304968325145544,0.4837035749598646,0.6759268314564641,0.6227537736421088
