name,machine_type,trace,-10,-9,-8,-7,-6,-5,-4,-3,-2,-1,0,1,2,3
m2,cpu,memory,29.97599018676708,29.9921582317188,29.999533559609855,30.072108172312017,30.15334130309258,29.954745604100808,29.946695901095364,29.952048608591834,29.886344123097953,29.866809956111414,29.72546735187155,29.62501336940337,29.591635737871755,29.512516224596165
