name,machine_type,trace,-10,-9,-8,-7,-6,-5,-4,-3,-2,-1,0,1,2,3
m277,cpu,memory,0.3416270603526506,0.37040091295882893,0.4901067454801069,0.47779083298861236,0.4366273559575688,0.4761438047660357,0.3506829897117979,0.34899401345523323,0.373116253115588,0.3720819892610307,0.35689018819811297,0.3919536714744162,0.4114688711363059,0.33861982548285213
