name,machine_type,trace,-10,-9,-8,-7,-6,-5,-4,-3,-2,-1,0,1,2,3
m364,cpu,memory,0.4436789668536933,0.47837429430761846,0.6115028919572808,0.6288051182780092,0.49552394790544835,0.5092922921441599,0.5645490718664319,0.4166758033623969,0.46738262218871696,0.5971478305052281,0.6136318430077715,0.4951110803058917,0.5858853891272271,0.7995320517545151
