name,machine_type,trace,-10,-9,-8,-7,-6,-5,-4,-3,-2,-1,0,1,2,3
m109,cpu,memory,35.012452054305776,35.07563154809568,34.8332476301178,34.95748756051496,35.00637014401532,34.98136848540217,34.98136848540217,35.049596684418304,35.049596684418304,35.06294113203721,35.020760036589586,35.04158458531809,34.94080087489364,34.67213689221463
m155,cpu,memory,32.92727434516999,33.00941677331361,33.02868606460869,33.090486522460125,33.22316194504947,33.30856975883848,33.30856975883848,33.05993709816585,33.05993709816585,33.11425959963343,33.26971583341718,33.227125252468106,33.417087454412176,33.56618318503517
m36,cpu,memory,22.423111070943303,20.778003068839418,21.66754974597664,21.67388748248556,21.693502201454024,21.73419915236501,21.73419915236501,21.732238573946145,21.732238573946145,21.7827841755176,21.76543283314114,21.76065015151872,21.77423131969242,21.71549306832211
m91,cpu,memory,12.867660888579904,12.877274105899614,12.849030509759173,12.856909143125236,12.942713543773849,19.11558277048259,19.11558277048259,19.113873285877638,19.113873285877638,19.16068374629078,19.20350814588418,17.78925743862821,16.770275483794098,16.081003056883475
