name,machine_type,trace,-10,-9,-8,-7,-6,-5,-4,-3,-2,-1,0,1,2,3
m393,cpu,memory,35.10717409777351,35.05117508709593,35.04782116194721,34.999963452586094,34.96902680402139,34.98502167456431,35.00787562980354,35.02516367153666,35.013826092825035,34.893256488573385,34.800834420221534,35.46416514235285,35.81955645814667,35.79252375182489
