name,machine_type,trace,-10,-9,-8,-7,-6,-5,-4,-3,-2,-1,0,1,2,3
m376,cpu,memory,13.455642089318602,13.457258653538679,13.443569838872905,13.425154121922857,13.382880170451065,13.426744134135335,13.420708740920825,13.417036142463944,13.435473716876272,13.449864012651405,13.434742049272614,13.362493021974833,13.363513908968587,13.364865988562816
