name,machine_type,trace,-10,-9,-8,-7,-6,-5,-4,-3,-2,-1,0,1,2,3
m55,cpu,memory,0.41487372894049684,0.36977058190509615,0.36951841415714953,0.3995012636201632,0.3861396411586477,0.4234660088568807,0.45027699886395034,0.3961664706365882,0.3608252772348595,0.3658092690435442,0.41164179950236,0.39488231056934175,0.4220346268451305,0.45470810700955583
