name,machine_type,trace,-10,-9,-8,-7,-6,-5,-4,-3,-2,-1,0,1,2,3
m194,cpu,memory,0.4204179491041323,0.4316653098989001,0.3721469052254893,0.3537501936121352,0.3446822755010882,0.36629523020263294,0.3241160908092554,0.34034650953892237,0.35131599614526343,0.4334858596092588,0.41466297919722794,0.446964139004336,0.3897562961576025,0.3725889496702945
