name,machine_type,trace,-10,-9,-8,-7,-6,-5,-4,-3,-2,-1,0,1,2,3
m321,cpu,memory,29.846928847002708,29.836011808689587,29.80487122377589,29.797238398506444,29.783236739151253,29.778529827111704,29.678293460919363,29.606894726895884,29.585626113932314,29.589032890575112,29.562202655449873,29.567340859911074,29.554162262249292,29.550848922202054
