name,machine_type,trace,-10,-9,-8,-7,-6,-5,-4,-3,-2,-1,0,1,2,3
m237,cpu,memory,5.534103027195773,5.418288127347991,5.3097175795230225,5.555619276857085,5.08983974094348,5.089961647684853,5.067970125851977,4.491159273898613,4.491159273898613,4.540931468058223,4.426934846253035,4.681729249095058,4.195635835010599,4.113580369533103
