name,machine_type,trace,-10,-9,-8,-7,-6,-5,-4,-3,-2,-1,0,1,2,3
m375,cpu,memory,28.02353559375489,27.95784719297386,27.94695438457206,27.871468113724426,27.83226734848022,27.73392202464715,27.73392202464715,28.15495706732299,28.17202310249355,30.27664152954707,29.94488624049059,33.001119037632144,32.52527083778432,32.46708230252728
