name,machine_type,trace,-10,-9,-8,-7,-6,-5,-4,-3,-2,-1,0,1,2,3
m110,cpu,memory,40.802709703673635,40.72774720400452,40.72718315249137,40.653017917231956,40.601328701705015,40.52057838229421,40.524781262961106,40.47312980634364,40.414774285352394,40.31984290680855,40.25241600988968,40.1901965260092,40.1708063369214,40.153166355726235
