name,machine_type,trace,-10,-9,-8,-7,-6,-5,-4,-3,-2,-1,0,1,2,3
m162,cpu,memory,49.64065163681229,49.585233640478755,49.4854900482151,49.45582774154935,49.47880880160312,49.428973073965864,49.3477760666749,49.32350799323574,49.29371257160166,49.26569234495628,49.18558926894481,49.16377275711131,49.108127251375215,49.09190376026114
