name,machine_type,trace,-10,-9,-8,-7,-6,-5,-4,-3,-2,-1,0,1,2,3
m197,cpu,memory,39.48049525454158,39.471895453263194,39.46392431785682,39.43284400484756,39.42766768749302,39.38846187371964,39.36147550710327,39.36147550710327,39.352930980310106,39.29958958770443,39.32354691253081,39.31828730485608,39.31607183344892,39.245993275609
