name,machine_type,trace,-10,-9,-8,-7,-6,-5,-4,-3,-2,-1,0,1,2,3
m293,cpu,memory,2.1676101390306255,2.14188064852236,2.126929632278991,2.134433963867811,2.123056140219951,2.091738676953556,2.0820336383026072,2.0711058473984436,2.101081806480423,2.047545022355425,2.0217345636232342,2.00415021032926,2.0064052578892437,2.0007968914962158
m13,cpu,memory,0.3278915274458869,0.31911040567701376,0.37945070912167117,0.386332433016713,0.3613484287901987,0.3429930594630494,0.43494557295592984,0.4252773461656559,0.38820134159807534,0.3606853494969356,0.34609032359712905,0.3330215044703278,0.3219428318260612,0.4304642129964277
