name,machine_type,trace,-10,-9,-8,-7,-6,-5,-4,-3,-2,-1,0,1,2,3
m23,cpu,memory,13.658346044445773,13.660844198845856,13.675221874812408,13.68696358894749,13.674457648265403,13.655464047930156,13.626008956223272,13.679645347999376,13.686681108501482,13.665859891385788,13.676198971163133,13.65297389451181,13.660797455182387,13.695934158221988
