name,machine_type,trace,-10,-9,-8,-7,-6,-5,-4,-3,-2,-1,0,1,2,3
m290,cpu,memory,8.410724351646946,8.331631737331286,8.385433952563043,8.376451873891368,8.26662315025071,8.26662315025071,8.238010426554869,8.228440217327767,8.228440217327767,8.18045093443713,8.18045093443713,8.146830632760802,8.169133837004539,8.143910095542477
