name,machine_type,trace,-10,-9,-8,-7,-6,-5,-4,-3,-2,-1,0,1,2,3
m395,cpu,memory,19.833836316636116,19.824103185863834,19.813686216954263,19.81785358565737,19.80373650674097,19.779814012412135,19.770903562847938,19.76049987117259,19.750642208120883,19.738194848360433,19.73322875198814,19.732622928486446,19.72862135863049,19.733418527089736
