name,machine_type,trace,-10,-9,-8,-7,-6,-5,-4,-3,-2,-1,0,1,2,3
m170,cpu,memory,7.911174006903154,7.881663913245865,7.791712129703865,7.763857692058218,7.724747998102181,7.639357936750096,7.6112948323183085,7.492466538033728,7.492466538033728,7.332531340727981,7.289056150479706,7.236616671936704,7.1729120201807435,7.2651683224539
