name,machine_type,trace,-10,-9,-8,-7,-6,-5,-4,-3,-2,-1,0,1,2,3
m325,cpu,memory,20.630173805394197,20.587582240104975,20.52285705401774,20.51249003469178,20.49815274184768,20.46843157542702,20.44297759926525,20.471255823356312,20.474011193976736,20.453174252027182,20.436921030054723,20.426859559375426,20.4264111545789,20.37594564990104
m330,cpu,memory,21.896494997946817,21.752963060712705,21.569700277814107,21.681646859824692,21.90319835435288,21.788177148031615,21.858928892312644,22.359873627913124,22.219559750385876,22.028245543998157,21.828294915092638,21.686451499804253,22.208888140251933,22.065591460313133
