name,machine_type,trace,-10,-9,-8,-7,-6,-5,-4,-3,-2,-1,0,1,2,3
m315,cpu,memory,58.857612583450084,80.65480245020132,82.49156652759808,82.46655954219037,82.40846408954503,82.01280619528242,81.78000682193154,81.39181668666745,81.15246302197514,80.87571684949852,80.70487073577033,80.41518720279363,80.23246600952321,79.98135730367669
