name,machine_type,trace,-10,-9,-8,-7,-6,-5,-4,-3,-2,-1,0,1,2,3
m162,cpu,memory,23.97916243715897,23.995523079035973,23.999727928383166,24.010268066639647,24.006311649602043,23.999125057901917,23.990734593592606,23.95988501937878,23.936758123653235,23.961586010264032,23.98302216170667,23.963781895195215,23.947317367573387,23.894870967317424
