name,machine_type,trace,-10,-9,-8,-7,-6,-5,-4,-3,-2,-1,0,1,2,3
m273,cpu,memory,2.783426434748455,2.774322954188325,2.748254976929793,2.740424677315127,2.7691010675638354,2.732030073098311,2.727130280174705,2.7483979712658693,2.7770867541677418,2.799280444323268,2.887755662666571,2.96928282767578,2.869492619334282,2.707582950647123
m113,cpu,memory,21.551441070947543,21.57444903756066,21.57145492659518,21.487134331643034,21.586809245358808,21.526192240737373,21.589828065154958,21.52865087066249,21.595755458650718,21.519858744462937,21.504123234298216,21.37745417957187,21.432112746123654,21.22932575244021
m390,cpu,memory,16.151559852030356,15.995498930522,15.836075402174126,15.73849347255275,15.528661001794166,15.380867502644541,15.630358356489051,16.0409387976064,15.813396684657578,15.350031659407891,15.17597881724232,15.024810192528756,14.890974586131914,14.5675403023687
m357,cpu,memory,7.57022858074324,7.753956956531721,7.879093671345544,7.959862566390715,8.126299783305846,8.157273674001445,8.096960149587295,8.147239575550106,8.102473981466904,7.906965742115845,7.786290334549049,15.071166316170903,26.460498793320127,24.949810767421262
