name,machine_type,trace,-10,-9,-8,-7,-6,-5,-4,-3,-2,-1,0,1,2,3
m298,cpu,memory,0.9346969210627653,0.8876131302131789,0.8816663023030652,0.8424790900408341,0.8534645532449575,0.8339163150957012,0.8655173188099345,0.966045050310685,0.9342104803596579,0.8728380205326995,0.8728380205326995,0.7628870872199878,0.7039450894215478,0.6534724299916086
