name,machine_type,trace,-10,-9,-8,-7,-6,-5,-4,-3,-2,-1,0,1,2,3
m82,cpu,memory,18.69360707721788,18.705844293039636,18.7032993446233,18.7160654034362,18.727841468392295,18.72692653690782,18.71400603758659,18.694723621819303,18.677390603313285,18.677557284848533,18.660952602333364,18.66621208317965,18.664952380311657,18.66966307884274
