name,machine_type,trace,-10,-9,-8,-7,-6,-5,-4,-3,-2,-1,0,1,2,3
m288,cpu,memory,1.7790455506848555,1.8796606613033353,1.9358456990181012,1.9944843938472745,2.020011993541093,2.086949571943786,2.079143666170943,2.0892442581243347,2.1563514962591137,2.115632966151238,2.1170648781922985,2.0346529174615338,2.0778865880838144,2.099363817365892
