name,machine_type,trace,-10,-9,-8,-7,-6,-5,-4,-3,-2,-1,0,1,2,3
m2,cpu,memory,35.14630336451104,35.128213032524684,35.12156678869414,35.117581252965344,35.109789197137495,35.09553173039385,35.08291250764161,35.078392397530415,35.08607634742389,35.070359702662046,35.04140644011276,35.04459455603648,35.03963510772318,34.980315433660444
