name,machine_type,trace,-10,-9,-8,-7,-6,-5,-4,-3,-2,-1,0,1,2,3
m155,cpu,memory,34.124736098406395,34.119355770877355,34.119355770877355,34.03512343716315,34.061290429575735,33.993098776080544,33.91436574822481,33.92584300291043,33.84738261266712,33.742395063737085,33.75900830243969,33.75900830243969,33.758131633960424,33.75013334023078
