name,machine_type,trace,-10,-9,-8,-7,-6,-5,-4,-3,-2,-1,0,1,2,3
m116,cpu,memory,0.47846448761597116,0.4903550768380463,0.4822733665844445,0.48813427926099495,0.5049401457586661,0.6201337882759151,0.7555654894826739,0.8934561733301245,0.6830202263425051,0.6894137679906334,0.6290739945752863,0.6997580724183288,0.6840350053163454,0.6779154383363597
m175,cpu,memory,0.6607930181366641,0.6483101211792383,0.6276253235185332,0.6252703780406796,0.6200027700846127,0.615765387670858,0.6195383886903012,0.6053651020585067,0.61993644070235,0.6329352328677718,0.6058904368235046,0.5966793350801989,0.5611620205104988,0.5427709625494314
m175,cpu,memory,0.6607930181366641,0.6483101211792383,0.6276253235185332,0.6252703780406796,0.6200027700846127,0.615765387670858,0.6195383886903012,0.6053651020585067,0.61993644070235,0.6329352328677718,0.6058904368235046,0.5966793350801989,0.5611620205104988,0.5427709625494314
m165,cpu,memory,0.48022289771218757,0.44018065982788523,0.4506426559956522,0.4613714840619278,0.44404823323891346,0.45584984061034295,0.46030433313802005,0.4663231188305724,0.4453748461173475,0.601283510402749,0.6200612626049299,0.6065559012486642,0.5772433369409652,0.5605452178302345
m116,cpu,memory,0.47846448761597116,0.4903550768380463,0.4822733665844445,0.48813427926099495,0.5049401457586661,0.6201337882759151,0.7555654894826739,0.8934561733301245,0.6830202263425051,0.6894137679906334,0.6290739945752863,0.6997580724183288,0.6840350053163454,0.6779154383363597
m116,cpu,memory,0.47846448761597116,0.4903550768380463,0.4822733665844445,0.48813427926099495,0.5049401457586661,0.6201337882759151,0.7555654894826739,0.8934561733301245,0.6830202263425051,0.6894137679906334,0.6290739945752863,0.6997580724183288,0.6840350053163454,0.6779154383363597
m116,cpu,memory,0.47846448761597116,0.4903550768380463,0.4822733665844445,0.48813427926099495,0.5049401457586661,0.6201337882759151,0.7555654894826739,0.8934561733301245,0.6830202263425051,0.6894137679906334,0.6290739945752863,0.6997580724183288,0.6840350053163454,0.6779154383363597
m175,cpu,memory,0.6607930181366641,0.6483101211792383,0.6276253235185332,0.6252703780406796,0.6200027700846127,0.615765387670858,0.6195383886903012,0.6053651020585067,0.61993644070235,0.6329352328677718,0.6058904368235046,0.5966793350801989,0.5611620205104988,0.5427709625494314
