name,machine_type,trace,-10,-9,-8,-7,-6,-5,-4,-3,-2,-1,0,1,2,3
m117,cpu,memory,30.876363585584077,30.863565800731024,30.858578630014765,30.853824215991246,30.855245957148437,30.836925921846664,30.819789216732378,30.80793286426143,30.78682538210116,30.81887771775558,30.82753506507336,30.81891406262257,30.803497175791822,30.585270530518756
