name,machine_type,trace,-10,-9,-8,-7,-6,-5,-4,-3,-2,-1,0,1,2,3
m170,cpu,memory,56.6598686114692,56.624966845242334,56.512428166331965,56.38722927942338,56.30319493310816,56.242899881580094,56.19606164933197,56.058421597639764,55.06878666668645,49.79162808263921,44.33752097845621,39.91620397124879,36.04281886307138,33.65365515362187
