name,machine_type,trace,-10,-9,-8,-7,-6,-5,-4,-3,-2,-1,0,1,2,3
m77,cpu,memory,34.19517916497487,34.217694607530255,34.19044312593175,34.18543596364568,34.204449326502356,34.21974930401094,34.207123651855305,34.190626162089266,34.160416208317514,34.165888634118105,34.160446999234516,34.13047621551016,34.13382276946554,34.15504231685867
