name,machine_type,trace,-10,-9,-8,-7,-6,-5,-4,-3,-2,-1,0,1,2,3
m88,cpu,memory,8.272867766288694,8.072868853605964,8.312595558037877,8.42457336123569,8.219220546770968,8.148203686182729,8.201488214215253,8.110289579204279,8.148149711594394,8.558160535133643,8.396906235005849,8.539643658303794,8.295750721703053,7.9635725695839135
