name,machine_type,trace,-10,-9,-8,-7,-6,-5,-4,-3,-2,-1,0,1,2,3
m81,cpu,memory,2.465770909118691,2.4358351186865863,2.4241440980691125,2.405038484936052,2.395494474300575,2.363360033887954,2.352169625954075,2.330900004041852,2.2180799212343127,2.3483692022213862,2.3483692022213862,2.2263957782393105,2.241033269462782,2.2497300787877967
