name,machine_type,trace,-10,-9,-8,-7,-6,-5,-4,-3,-2,-1,0,1,2,3
m409,cpu,memory,0.40485213666324205,0.4209443944130429,0.4348598217853677,0.43320052717018076,0.4107006315102365,0.415037482764204,0.41001102551827634,0.4045145584778613,0.4045145584778613,0.36131000166520066,0.37338986181742145,0.3671306825994588,0.40566717030556515,0.45738515885220726
