name,machine_type,trace,-10,-9,-8,-7,-6,-5,-4,-3,-2,-1,0,1,2,3
m21,cpu,memory,23.713255415188314,23.685122468345288,23.686614500853832,23.656753861006084,23.617113650353655,23.613777999858375,23.567825569822396,23.504981508867452,23.460299684023784,23.430673165694248,23.399122186657422,23.36155931230908,23.334402478801707,23.34931396943433
m91,cpu,memory,23.919334748400537,23.904571211663963,23.880703283852625,23.843251918206363,23.84251992312031,23.849924230038535,23.788582523912954,23.701593810629674,23.679208098426866,23.650350527691124,23.62727830070301,23.60332930490866,23.59194563825554,23.577761245616735
