name,machine_type,trace,-10,-9,-8,-7,-6,-5,-4,-3,-2,-1,0,1,2,3
m121,cpu,memory,23.04281316297202,23.054142766635486,23.025492562295558,22.93675248073404,22.862893299542097,22.822134096688615,22.78733388654259,22.74275736148623,22.716863814980762,22.701010081778374,22.68232357096072,22.650707928348034,22.627372530449577,22.618095906350423
