name,machine_type,trace,-10,-9,-8,-7,-6,-5,-4,-3,-2,-1,0,1,2,3
m212,cpu,memory,0.893819546281584,1.0297871323542551,1.0886239824270145,1.0745095416747206,1.0013556155901246,0.9933503809941544,1.525480008172749,1.3500844124679612,1.171031765958925,1.0003594002492713,1.1716246416017522,1.1751344578354415,1.0877930100461453,1.3059070752007402
