name,machine_type,trace,-10,-9,-8,-7,-6,-5,-4,-3,-2,-1,0,1,2,3
m29,cpu,memory,35.956719966388874,35.907143650239775,35.897561174620066,35.979464534936234,35.88766976763091,35.929943745036276,35.9131245009774,35.968336291300716,35.937215696063866,35.97049971950849,39.309226025986824,39.894964545885124,39.66101021405854,39.54268091876613
m175,cpu,memory,4.448007234226191,4.369901660746896,4.3498565958376885,4.348343803784724,4.294494491662821,4.275929811300176,4.279479972797079,4.299170940267756,4.315245341140796,4.3384721214577615,4.264611161449594,4.283565741594901,4.290762328133453,4.274144117188027
