name,machine_type,trace,-10,-9,-8,-7,-6,-5,-4,-3,-2,-1,0,1,2,3
m2,cpu,memory,13.517446016453782,13.44059334646129,13.365134268706052,13.30979960006255,13.215207058899626,13.137921661973394,13.390464947574376,13.466462914864852,13.529578510405607,13.99537306600906,14.04905982547584,13.927642325929156,14.014843742334927,14.036361314818288
