name,machine_type,trace,-10,-9,-8,-7,-6,-5,-4,-3,-2,-1,0,1,2,3
m333,cpu,memory,46.34883077829853,46.19719181435794,46.10893881564468,45.95987077434494,45.83532547032743,45.66145862416454,45.453656409179935,45.2415560975623,45.04901619965912,44.805323620716656,44.744177348512096,44.63973737873815,44.57624169507198,44.55044929598508
