name,machine_type,trace,-10,-9,-8,-7,-6,-5,-4,-3,-2,-1,0,1,2,3
m402,cpu,memory,30.190590362395273,30.184078068304842,30.19618090901359,30.173895296631965,30.134060868096544,30.08404583911545,30.11351864894499,30.177864106890617,30.116617048856163,30.100701731926808,30.122843530319887,30.14859644301267,30.145545139991647,30.13605367797636
