name,machine_type,trace,-10,-9,-8,-7,-6,-5,-4,-3,-2,-1,0,1,2,3
m346,cpu,memory,0.536451524034164,0.51677161146053,0.49914597891597917,0.49579645868942473,0.5339484984754237,0.6183209618497927,0.6368767074894232,0.6082811340276939,0.5647955733549662,0.5333082987870325,0.5100793856699822,0.5097132868534983,0.5002600879002123,0.5249401203172592
