name,machine_type,trace,-10,-9,-8,-7,-6,-5,-4,-3,-2,-1,0,1,2,3
m419,cpu,memory,14.556663798047081,14.567793504942085,14.50148335517155,14.499820426069665,14.46726125556614,14.427891561841005,14.43284471092232,14.459428558136732,14.488379718230059,14.49477439559849,14.43635138483938,14.430053526032102,14.392460187681259,14.398474884576274
m159,cpu,memory,39.44683233585855,39.443087603062686,39.3810634728423,39.2236966594403,39.268447185547394,38.592524935683215,35.75463665097558,34.2340350571835,33.12593856833087,31.547134809956628,30.674649776318546,29.252861446522076,28.137475186299245,26.666743041366335
