name,machine_type,trace,-10,-9,-8,-7,-6,-5,-4,-3,-2,-1,0,1,2,3
m7,cpu,memory,17.790598261346368,17.781007759568528,17.768589399983195,17.749626289016142,17.73271870724367,17.71266113629289,17.68682387322129,17.67060861081226,17.658910636778124,17.65205190606566,17.66470600243353,17.68306712636462,17.665183785997545,17.655309112790903
