name,machine_type,trace,-10,-9,-8,-7,-6,-5,-4,-3,-2,-1,0,1,2,3
m267,cpu,memory,20.907555710169312,20.876680594221614,20.864593048644394,20.854463279902543,20.85406303205478,20.854201799407107,20.854439352865104,20.85994635739931,20.89938583838007,20.762540044850173,20.904017083056683,20.893363442809324,20.832360048713632,20.832360048713632
m216,cpu,memory,60.95083201791433,60.9539659682348,60.94311393747356,60.94866371155178,60.95727031306347,60.905077322153154,60.89227199864911,60.89602837743696,60.88779830149234,60.87837949360294,60.842133245212075,60.856314756196966,60.85745755926411,60.85745755926411
m216,cpu,memory,60.95083201791433,60.9539659682348,60.94311393747356,60.94866371155178,60.95727031306347,60.905077322153154,60.89227199864911,60.89602837743696,60.88779830149234,60.87837949360294,60.842133245212075,60.856314756196966,60.85745755926411,60.85745755926411
m253,cpu,memory,20.93687405431413,20.96839828012152,20.972588867894345,20.958678248645047,20.941682177343445,20.95672148075833,20.954126054054147,20.978640515404138,20.945886875253695,20.93985615065093,20.937487425054613,20.922397691243813,20.921740027089648,20.921740027089648
