name,machine_type,trace,-10,-9,-8,-7,-6,-5,-4,-3,-2,-1,0,1,2,3
m150,cpu,memory,0.9044895663275953,0.8090085341382187,0.7712915474643368,0.7481622546055156,0.7059121543959026,0.8632443512050534,1.7104253312577185,1.5659941614394166,1.774048421721122,2.210704474979921,1.8555963462747511,1.7228663685256842,1.5446716627999262,1.5540207488340414
