name,machine_type,trace,-10,-9,-8,-7,-6,-5,-4,-3,-2,-1,0,1,2,3
m69,cpu,memory,32.340084251036174,32.297063892034906,32.297063892034906,32.32505933413114,32.23310591201659,32.262357218811424,32.19420978679738,32.196951299044294,32.196951299044294,32.15220834478449,32.01771628459328,32.0657396167561,32.03493592793685,32.03414668968528
