name,machine_type,trace,-10,-9,-8,-7,-6,-5,-4,-3,-2,-1,0,1,2,3
m339,cpu,memory,82.68506104552007,82.6509033331181,82.62702818744332,82.62400611175283,82.66187231430362,82.66959590141357,82.62376138964841,82.58452952872035,82.54396986865147,82.50361333663687,82.47581577151884,82.45525830834573,82.40062308769211,82.32620142046643
