name,machine_type,trace,-10,-9,-8,-7,-6,-5,-4,-3,-2,-1,0,1,2,3
m170,cpu,memory,33.65503373139836,33.676440977536245,33.69402136444285,33.44136608662029,33.38524881088014,33.38771218287866,33.38595311460767,33.38701827601982,33.388736867778626,33.39075282618286,33.40536701260667,33.40586625799999,33.342692420387095,33.28693479106061
