name,machine_type,trace,-10,-9,-8,-7,-6,-5,-4,-3,-2,-1,0,1,2,3
m313,cpu,memory,24.894735876096956,24.869565541334683,24.840860920021242,24.812711417334114,24.782285968788482,24.763389413034034,24.753095689189845,24.73672495214744,24.672059583653798,24.613842653969424,24.530329518919352,24.44623824872016,24.36036072863523,24.260963171685702
