name,machine_type,trace,-10,-9,-8,-7,-6,-5,-4,-3,-2,-1,0,1,2,3
m290,cpu,memory,4.010842781774636,4.037424332258474,4.031295186891667,4.004614192876515,4.061354587730784,4.048679428944604,4.021441790575909,4.012706718245687,4.066342920725606,4.092277406316411,4.079233877159559,4.073167060778794,4.063587411918972,4.073772493005279
