name,machine_type,trace,-10,-9,-8,-7,-6,-5,-4,-3,-2,-1,0,1,2,3
m385,cpu,memory,18.866183333443377,18.85563004610619,18.860820824931864,18.873449404363658,18.842099710204202,18.78167079083735,18.73944295191556,18.67238217974675,18.60877936915124,18.691710783782508,18.830942820377427,18.92008032302682,19.00414960893529,19.07479173936902
