name,machine_type,trace,-10,-9,-8,-7,-6,-5,-4,-3,-2,-1,0,1,2,3
m295,cpu,memory,26.298042936260735,26.368014857768593,26.248073571982673,26.173622282984994,26.06625467467542,26.07892583006837,26.08219563892218,26.010509710900674,25.952433365582156,25.883467314041877,25.810662288290267,25.74718162564821,25.72841220109064,25.68118770178733
