name,machine_type,trace,-10,-9,-8,-7,-6,-5,-4,-3,-2,-1,0,1,2,3
m69,cpu,memory,0.39870151248331087,0.4763975373687322,0.4954846500180119,0.5148934399733628,0.5300356201844186,0.4027071080443851,0.37572293726373185,0.38269877922059164,0.37945989629007343,0.36486296480238906,0.5442695320798271,0.536212935126048,0.4887166805213804,0.48404825807457247
