name,machine_type,trace,-10,-9,-8,-7,-6,-5,-4,-3,-2,-1,0,1,2,3
m141,cpu,memory,0.5960131134703103,0.5880448042559354,0.5796941167534027,0.5949703565207325,0.5950262998461522,0.5691582446081935,0.5335947039107864,0.5146778063885917,0.5145160086380542,0.509124007838134,0.5189552312673861,0.4960002928184784,0.47561927767105844,0.47115532033426855
