name,machine_type,trace,-10,-9,-8,-7,-6,-5,-4,-3,-2,-1,0,1,2,3
m86,cpu,memory,43.95607072591482,44.061312639696794,44.06652252494333,43.869416285080895,43.929856990595944,44.00164446325931,43.99445090545967,44.00182729876286,43.98505686851051,43.972492296554,43.940063640089264,43.916119439167204,43.885828769503334,43.853270077919156
