name,machine_type,trace,-10,-9,-8,-7,-6,-5,-4,-3,-2,-1,0,1,2,3
m401,cpu,memory,25.000875002672863,24.96988191734438,24.932009757642735,24.921622445766037,24.885985446167467,24.88170235502926,24.871075973432145,24.87607165111884,24.84105791487923,24.83698706262057,24.745851753997222,24.755203994349344,24.74846891190313,24.727275513884617
