name,machine_type,trace,-10,-9,-8,-7,-6,-5,-4,-3,-2,-1,0,1,2,3
m51,cpu,memory,8.50856367353411,8.468628766585146,8.452353383708632,8.439804561194489,8.397312704451235,8.393008929487081,8.404771541920685,8.323691671107303,8.352672424440687,8.32042555477865,8.323301796690327,8.267302168339308,8.233042953999332,8.304427175252403
