name,machine_type,trace,-10,-9,-8,-7,-6,-5,-4,-3,-2,-1,0,1,2,3
m13,cpu,memory,48.09187933916067,48.20970803502022,48.31786258479787,48.37775778982563,48.37775778982563,48.36870001861463,48.31004699974334,48.31004699974334,48.2401656904183,48.17329567825912,48.12390259892149,48.13518333956143,48.14292792529688,48.28322544763398
