name,machine_type,trace,-10,-9,-8,-7,-6,-5,-4,-3,-2,-1,0,1,2,3
m210,cpu,memory,39.81993904844656,39.61487403989734,38.996472336922245,38.696710120564404,38.54635130548642,38.41437501616589,38.236981777849756,38.05589246910732,37.7011261846988,37.31723756477034,37.16395409717503,37.07964511175774,36.93825964179347,36.82105395752896
