name,machine_type,trace,-10,-9,-8,-7,-6,-5,-4,-3,-2,-1,0,1,2,3
m362,cpu,memory,23.113399034580386,22.86137484128651,22.813405574006296,22.647544764534025,22.562757211866526,22.18284651302197,22.18284651302197,22.17789109295436,22.17558602009229,21.98882504374559,21.870192520577707,21.75844310947056,21.69438114148748,21.402321892206455
