name,machine_type,trace,-10,-9,-8,-7,-6,-5,-4,-3,-2,-1,0,1,2,3
m101,cpu,memory,62.26375255883007,62.2769516023725,62.28875651549887,62.30044108736331,62.30325135387658,62.30992366570876,62.285407033131555,62.32668652411382,62.32107851113676,62.327764755167955,62.314895946387324,62.306223050281126,62.2855938059957,62.33424363091036
