name,machine_type,trace,-10,-9,-8,-7,-6,-5,-4,-3,-2,-1,0,1,2,3
m363,cpu,memory,52.46317837463771,52.270277492749315,52.19542069595176,52.04103424498085,51.60355400497986,51.39576164377022,50.93188698434551,50.46240714708624,49.95381468764602,49.773781429120426,49.685869676658086,49.44727808739687,49.091225409492964,48.94655459399381
m10,cpu,memory,16.301069935494688,16.159457618921333,16.127935210949197,15.689393977277092,15.454387497427021,15.070442851744641,14.851063702190283,14.677068642311186,14.499490643925181,14.38692462708302,14.342347464862396,14.122471135075646,13.868463223322275,13.44519792649644
m282,cpu,memory,38.22376902535955,38.264103674299726,38.44216956429505,38.690172947998,38.44399962597144,38.050051707955696,37.92877986307084,37.85899199289948,37.745498400996894,37.71800240100343,37.749249388845406,37.94661414052667,38.02088889949648,37.8099304149091
m379,cpu,memory,33.37076476042243,33.33411466678354,33.303698281897766,33.21676185833159,33.11509276613817,33.05260636325275,32.93895274912955,32.73832560843775,32.64924463133185,32.64459655876165,32.611714767958134,32.48970899009686,32.54100684403497,32.41061447539262
