name,machine_type,trace,-10,-9,-8,-7,-6,-5,-4,-3,-2,-1,0,1,2,3
m15,cpu,memory,21.717109203407745,21.7098176147942,21.708229041232705,21.705747898312634,21.644873804867196,21.474330135328294,21.6726142517552,21.738297552897077,21.69114526333098,21.682907875272413,21.677387695723922,21.662439960551282,21.65765303869438,21.703716169137746
