name,machine_type,trace,-10,-9,-8,-7,-6,-5,-4,-3,-2,-1,0,1,2,3
m319,cpu,memory,41.190739921522955,41.2021640218406,41.225969909721165,41.19809460823292,41.15349178425796,41.09723608795724,40.95816457452488,40.97472652721282,40.97583766930121,40.98386322168109,40.98384828053343,40.92040710370117,40.87465497363453,40.81539789928789
