name,machine_type,trace,-10,-9,-8,-7,-6,-5,-4,-3,-2,-1,0,1,2,3
m323,cpu,memory,3.4685192776733302,2.9705079273909516,2.7424193542231916,2.506682609544489,2.4845513114106343,2.3000529039291284,2.2310496500564767,2.066819109090693,1.7642517133083877,1.4093152257552326,1.11950882819848,0.9901833422872951,1.1044008727371761,0.8508227862106786
m323,cpu,memory,3.4685192776733302,2.9705079273909516,2.7424193542231916,2.506682609544489,2.4845513114106343,2.3000529039291284,2.2310496500564767,2.066819109090693,1.7642517133083877,1.4093152257552326,1.11950882819848,0.9901833422872951,1.1044008727371761,0.8508227862106786
m25,cpu,memory,1.1771633721761023,1.1768104483739035,0.9671777986653074,0.8552165272709772,0.8426292776318363,1.0682645596514977,1.1398714942422765,1.0996910575188716,1.17946703099569,1.0603835664624348,0.9219538301803353,1.0208893031665283,0.9202710628385488,0.7665361623514001
m190,cpu,memory,11.149784985849125,11.15629785975376,11.181625234628832,11.012085478462911,11.044568741197349,11.051131134983262,10.998066392501181,10.93375616957903,10.891784120152254,10.888060853543452,10.866950820995715,10.857001060240345,10.921744342474716,11.00953269318463
