name,machine_type,trace,-10,-9,-8,-7,-6,-5,-4,-3,-2,-1,0,1,2,3
m118,cpu,memory,33.89832230596765,33.98675491492115,33.97279156569097,33.72346143389747,33.72346143389747,33.79547116815032,33.860482291781885,33.86310501973032,33.86310501973032,33.94222035754816,34.00659411747495,34.09279211557261,34.22165897004004,34.126368969792885
