name,machine_type,trace,-10,-9,-8,-7,-6,-5,-4,-3,-2,-1,0,1,2,3
m253,cpu,memory,28.003882610456138,27.95487332534211,27.93173446609784,27.90169412170539,27.919421128034426,27.859845833554683,27.838158345999016,27.825788067643977,27.822802136166533,27.82102527537143,27.820049012491793,27.808418401397073,27.803880290442134,27.79192111417795
