name,machine_type,trace,-10,-9,-8,-7,-6,-5,-4,-3,-2,-1,0,1,2,3
m278,cpu,memory,2.5045676411593747,1.4588670223698417,0.883246395395596,0.49582449975757975,0.4941732817858123,0.5408915290814059,0.47901516283621054,0.3259707895698228,1.9615864337195923,6.072996333226944,7.247997791564732,11.584491174852975,11.539692214099615,11.472705671210644
