name,machine_type,trace,-10,-9,-8,-7,-6,-5,-4,-3,-2,-1,0,1,2,3
m159,cpu,memory,33.817669423187574,33.79220454356572,33.80571423350099,33.74580375795021,32.95937695789041,31.670321445285744,30.681558632660067,30.224520618397612,30.21621985397723,30.202945900256605,30.196145069567407,30.20024022745587,30.137858300949556,29.92844341756902
