name,machine_type,trace,-10,-9,-8,-7,-6,-5,-4,-3,-2,-1,0,1,2,3
m91,cpu,memory,21.637573005101427,21.613759140279736,21.174206741854707,21.109642105431494,21.29476647809637,21.29476647809637,21.1967117371538,20.746137303502234,20.711867777631323,20.70043088089175,21.116203262545447,20.96822750846366,20.977780302441992,20.983242935951075
