name,machine_type,trace,-10,-9,-8,-7,-6,-5,-4,-3,-2,-1,0,1,2,3
m230,cpu,memory,13.363255910955015,13.389667069509134,13.41715741828114,13.407808609868807,13.370033976128145,13.35824450900235,13.343368706378968,13.308548708535126,13.311012991412133,13.383872057080403,13.378115459283118,13.363645129082126,13.35492319390695,13.34409716863037
m105,cpu,memory,37.89027638173947,36.8440576839076,35.812312220080166,34.69131365553583,33.664396607288445,32.57238125692786,31.812814121870755,31.196950956418203,30.702108171894984,30.31991342531533,30.130744298656435,29.713509414698628,29.082839704416887,29.560155125722652
m237,cpu,memory,17.70941437852761,17.709985043481485,17.727440953069024,17.734699855910776,17.719414113475096,17.770876627894165,17.72624018434934,17.72928961958494,17.733470869377093,17.765061222019828,17.748667491170167,17.684565922993645,17.67630677912485,17.70791808060819
m17,cpu,memory,13.306736008293838,13.305992099473963,13.31885351302064,13.325610452929128,13.353340324407315,13.362332927946726,13.361273500250267,13.345792606133523,13.342212939608581,13.358155464078218,13.368880834327921,13.365839248447816,13.340388982491223,13.343521455715203
