name,machine_type,trace,-10,-9,-8,-7,-6,-5,-4,-3,-2,-1,0,1,2,3
m30,cpu,memory,31.4321752384723,30.246114315373863,28.752587627701477,31.476190083896675,31.463843429705182,31.449084587513926,31.420870570794925,31.417480302672175,31.411858558150062,31.394322968120527,31.32318091972019,31.281198155561608,31.223450604690758,31.158072346774738
m168,cpu,memory,14.34733462797788,14.314577504209796,14.28822374006884,14.253068284213649,14.17415330543542,14.111041226262792,14.109231453865553,14.102964967871744,14.067734777694502,14.0430744825657,14.00928768846101,13.985416228382906,13.95367065287072,13.94700576144889
m199,cpu,memory,17.409403301482914,17.4052630153846,17.428794297540346,17.425647589243457,17.4192032405568,17.42767381557833,17.400318321406566,17.356419754380177,17.345060267096308,17.315866151789127,17.282592325161957,17.274306604109178,17.257123760511313,17.272541152194975
m397,cpu,memory,41.2249778462892,40.59431348551757,39.59102817266307,38.30069725810083,40.62395747020584,46.444248297212695,46.42084316070773,46.35585000883786,46.26370668479326,46.223417591436565,46.22852485354382,46.23046208417156,46.23411146280154,46.2283396953761
