name,machine_type,trace,-10,-9,-8,-7,-6,-5,-4,-3,-2,-1,0,1,2,3
m267,cpu,memory,4.489021911775137,4.466745688484147,4.453260379897145,4.434613532308558,4.429276705042202,4.4129568754220925,4.409480716049608,4.40636193518638,4.381930448789144,4.327095383044914,4.288802582617789,4.259582495874404,4.304197662528339,4.320768145470149
