name,machine_type,trace,-10,-9,-8,-7,-6,-5,-4,-3,-2,-1,0,1,2,3
m184,cpu,memory,29.058223023128477,28.837713566224377,28.507339987861418,29.517209021934796,29.158531221543104,28.842362477913678,30.02908770567636,30.665353313979494,33.18911649664134,34.196502218460395,33.53402004675343,31.810070993034447,28.0903521978892,28.182894457959016
