name,machine_type,trace,-10,-9,-8,-7,-6,-5,-4,-3,-2,-1,0,1,2,3
m196,cpu,memory,7.480847277293949,7.506394311458911,7.527276444086057,7.542426145602323,7.601206673814087,7.693140409125688,7.773709710276287,7.834152839350358,7.819307374658214,7.636470243155035,7.458353842880595,7.341550122812334,7.240238793385852,7.256987542978562
