name,machine_type,trace,-10,-9,-8,-7,-6,-5,-4,-3,-2,-1,0,1,2,3
m307,cpu,memory,3.1790508368375336,3.2049734598044846,3.206868137975534,3.210194450490144,3.210207890519084,3.2175488343262244,3.2279581556700325,3.20361661013576,3.150567213137991,3.133154059311249,3.1458610071732047,3.1696592474880094,3.1733379159162713,3.1912374221773105
