name,machine_type,trace,-10,-9,-8,-7,-6,-5,-4,-3,-2,-1,0,1,2,3
m381,cpu,memory,27.247616549053667,27.38013165102737,27.465681207904694,27.526740281579436,27.55540578105089,27.547794963355592,27.564684928468154,27.64315289055876,27.652536932669495,27.543790061886824,27.445513340883167,27.347682751228895,27.215296876079936,27.14721107700987
