name,machine_type,trace,-10,-9,-8,-7,-6,-5,-4,-3,-2,-1,0,1,2,3
m14,cpu,memory,38.3363783769606,36.38257782147777,34.78422849970933,33.19034025860039,33.06360646457971,33.10337037460836,33.06369197723709,33.11480870999892,33.118145471662785,33.058952000833386,33.09999969106863,33.05214546475726,33.01864251459897,33.02768334948055
