name,machine_type,trace,-10,-9,-8,-7,-6,-5,-4,-3,-2,-1,0,1,2,3
m65,cpu,memory,16.90946728870351,16.914840019019575,16.870541481842924,16.84217032525203,16.779298601878086,16.758285009299136,16.732654003347726,16.70707085147119,16.69560556030428,16.663566171940843,16.637336182326692,16.586755914377488,16.56649852218742,16.53601540077394
m38,cpu,memory,21.83378571587364,21.81961515510687,21.729325519605904,21.697844706984956,21.645849840591413,21.623973259400405,21.57955094826484,21.513605206895882,21.300271665387225,21.264967927396402,21.19746775960427,21.163146595627797,21.1071291607528,21.089702099903437
