name,machine_type,trace,-10,-9,-8,-7,-6,-5,-4,-3,-2,-1,0,1,2,3
m128,cpu,memory,3.7424906709919683,3.746182766766326,3.7400980176010314,3.7311791892199184,3.7062359846999615,3.618731691651845,3.6221341769501945,3.591170483072045,3.6079462514767378,3.63338489464774,3.5059956436663824,3.429498166431748,3.4333438571283885,3.462331879435172
