name,machine_type,trace,-10,-9,-8,-7,-6,-5,-4,-3,-2,-1,0,1,2,3
m35,cpu,memory,36.69553226482251,36.65256137459255,36.437731359686914,36.351086306050675,36.16870730916779,36.16870730916779,36.028570133947795,35.94542781876099,35.82597728432184,35.761162371844215,35.39571089719364,35.364901555990386,35.33762574226062,35.32264055294535
