name,machine_type,trace,-10,-9,-8,-7,-6,-5,-4,-3,-2,-1,0,1,2,3
m39,cpu,memory,61.62985830166131,61.66653491589283,61.71494537010614,61.750058954402995,61.74273728094722,61.69652871992591,61.65207632205514,61.6445912992448,61.582936978046064,61.47196953621708,61.33913540770855,61.28922663635343,61.234919530344364,61.215259279965174
