name,machine_type,trace,-10,-9,-8,-7,-6,-5,-4,-3,-2,-1,0,1,2,3
m385,cpu,memory,33.96416472779421,33.945679476677526,33.932035259624406,33.903533514601335,33.8961278447506,33.90181298835007,33.89727765437013,33.89773196520754,33.90758399859079,33.91345526008962,33.90990164071936,33.90153454691671,33.925796260004155,33.68182104259976
