name,machine_type,trace,-10,-9,-8,-7,-6,-5,-4,-3,-2,-1,0,1,2,3
m172,cpu,memory,16.00533592110553,15.981152400024206,15.988638534003137,15.986808948542393,15.95492811466121,15.920208317533412,15.87745602710261,15.86334414815234,15.865991795994324,15.862420584761955,15.862973935361927,15.830717058178621,15.81782785595239,15.807434536382756
