name,machine_type,trace,-10,-9,-8,-7,-6,-5,-4,-3,-2,-1,0,1,2,3
m339,cpu,memory,34.7289460394423,34.68084799964818,34.680328419487125,34.673807544600756,34.67293193618011,34.6625201407352,34.663783882047944,34.65777218928334,34.64279628683878,34.64408198650867,34.920034831936185,35.04862655473497,35.014619268437194,35.011458627941295
