name,machine_type,trace,-10,-9,-8,-7,-6,-5,-4,-3,-2,-1,0,1,2,3
m146,cpu,memory,18.364875175674428,18.39365056782646,18.472785660205417,18.533888600052364,18.505198315463876,18.466348227076185,18.487799598499766,18.437195883000363,18.38916869052049,18.370574707108833,18.348765843408987,18.32027714657176,18.37111447873647,18.438482844707895
