name,machine_type,trace,-10,-9,-8,-7,-6,-5,-4,-3,-2,-1,0,1,2,3
m363,cpu,memory,25.280147506999292,25.283649676813162,25.26514315352986,25.178518445916666,25.17692417760665,25.140004014999185,25.149654076593198,25.145162695302634,25.114229897199543,25.07721361964292,25.060838323106637,25.060018826063423,25.054214806424095,25.061083808685893
