name,machine_type,trace,-10,-9,-8,-7,-6,-5,-4,-3,-2,-1,0,1,2,3
m296,cpu,memory,29.057455035266333,29.007217545411848,28.97198866838222,28.968237675561603,28.95924555226662,28.961103481044724,28.958375495902995,28.918716582787766,28.902695362216274,28.887296799255967,28.896809462443667,28.630076249713714,28.584492012109983,28.59265426283493
