name,machine_type,trace,-10,-9,-8,-7,-6,-5,-4,-3,-2,-1,0,1,2,3
m52,cpu,memory,27.322988534224233,27.309931843303826,27.299686022751526,27.242042406842508,27.135682687746527,27.122853101134865,27.06797356347064,26.995140367586536,26.81765899296793,26.84756354952997,26.688622399532335,26.66653986409503,26.600814310152316,26.565082965336508
