name,machine_type,trace,-10,-9,-8,-7,-6,-5,-4,-3,-2,-1,0,1,2,3
m116,cpu,memory,0.5358873456925669,0.5460006078073257,0.5450440563391475,0.5189483282602966,0.5070072600689062,0.44488437970912115,0.45082612185549514,0.4162817391962308,0.42724873970009186,0.46143271505439526,0.45310117171838105,0.453661665087987,0.48337751858949085,0.48337751858949085
