name,machine_type,trace,-10,-9,-8,-7,-6,-5,-4,-3,-2,-1,0,1,2,3
m125,cpu,memory,64.69884734071574,64.62064530190197,64.54999612965025,64.50058124528539,64.45549705247672,64.42747122266434,64.35105694810576,64.27051672284877,64.23726965001892,64.14673690900294,64.0509236620137,63.95165260413092,63.86235770870995,63.83159460499217
