name,machine_type,trace,-10,-9,-8,-7,-6,-5,-4,-3,-2,-1,0,1,2,3
m287,cpu,memory,8.082057593166583,8.083548691877063,8.08183682327599,8.053114307794441,8.056037444806533,8.037910429710815,8.033133919143939,8.023761322448268,8.022035660591582,8.041416043569257,8.031939788284182,8.08664068089443,8.086842508483953,8.04721740366687
m52,cpu,memory,2.842522809887088,2.793249796006862,2.76671438343871,2.7267181193503043,2.724013884443373,2.721092224130799,2.793620942784638,2.7946995524311355,2.8106295833527426,2.794854207412039,2.765108142296636,2.6797760986583836,2.5109928457552315,2.813757967779185
m368,cpu,memory,10.022466882405759,8.992903573857404,8.106657464954008,7.992928419549214,7.801113512833766,7.650941557696174,7.4414030639086315,7.240276476008965,7.24586407017473,7.362648961708926,8.037183847927684,8.211071724717193,8.310695402960388,8.466531541499084
m390,cpu,memory,0.44894345774524563,0.46055067056355325,0.5004664207388718,0.49429599619720627,0.45162926769757267,0.43268583085062556,0.4353017905117,0.40805139358032133,0.42183664827167133,0.4110163018237672,0.37387076246488105,0.43313866517781946,0.3825794469072971,0.4405334826784301
