name,machine_type,trace,-10,-9,-8,-7,-6,-5,-4,-3,-2,-1,0,1,2,3
m117,cpu,memory,0.4249355024936819,0.41102304076785556,0.48498068058307586,0.5026265678191281,0.4524350384530207,0.4336603906892992,0.38738267346905275,0.43497536817501703,0.4102395312434409,0.4460519711873341,0.4064994677597103,0.43221221180262,0.3849260381010207,0.4194504058502576
