name,machine_type,trace,-10,-9,-8,-7,-6,-5,-4,-3,-2,-1,0,1,2,3
m169,cpu,memory,1.6363985731027935,1.7453497954177724,1.7458946655487793,1.7457744498469911,0.8182493553821388,0.859414813719533,1.3031762506162727,1.550102014987442,0.8266446158320299,0.4940191189749827,1.2627726841792792,1.3997333685093594,1.4079776715574641,0.6104631006352719
m217,cpu,memory,0.36359446585190763,0.35671843346838883,0.3333823787121814,0.3884486381305751,0.4312508648374679,0.4010589819039513,0.38228883940829705,0.3601251842344023,0.36135747714771055,0.3432272945589735,0.3521673746545799,0.362566297334419,0.35813994684548056,0.3445456541238613
