name,machine_type,trace,-10,-9,-8,-7,-6,-5,-4,-3,-2,-1,0,1,2,3
m65,cpu,memory,13.716670621190113,13.711848263087893,13.770358753859599,13.874073602088583,13.95147653350503,13.934234932372197,13.964083532982755,14.07731490604155,14.198542780763038,14.411887251097479,14.525409105394724,14.593726879932188,14.53498052611739,14.624595786965108
