name,machine_type,trace,-10,-9,-8,-7,-6,-5,-4,-3,-2,-1,0,1,2,3
m79,cpu,memory,35.14839770236734,35.47693305031281,35.67287111972372,35.84077669427738,35.89356933401354,35.91869407183394,35.95060616655327,35.94594312646723,35.97974409720401,35.94782922678154,36.01771567565422,36.1998856317947,36.62423942781497,36.96687523150416
