name,machine_type,trace,-10,-9,-8,-7,-6,-5,-4,-3,-2,-1,0,1,2,3
m168,cpu,memory,-1,-1,-1,-1,-1,-1,-1,-1,-1,-1,2.5418673180959095,9.944094502204347,12.701292133657823,12.849988954189174
