name,machine_type,trace,-10,-9,-8,-7,-6,-5,-4,-3,-2,-1,0,1,2,3
m111,cpu,memory,27.392628428449164,27.25035998076388,27.151696387580692,26.88561268791129,26.723491462378732,26.671251976100706,26.653362729692745,26.60954909285938,26.9998552565672,27.087150781102675,26.916437072482147,26.883470260221976,26.826093830195322,26.818379126755207
