name,machine_type,trace,-10,-9,-8,-7,-6,-5,-4,-3,-2,-1,0,1,2,3
m242,cpu,memory,35.27399582577688,35.265523382969924,35.26245728834521,35.270225751901094,35.26319488849122,35.25739949690224,35.251128795850335,35.25499240664866,35.256850486863726,35.25604494453198,35.24707270869389,35.241530419351314,35.23487254513896,35.230447657909515
