name,machine_type,trace,-10,-9,-8,-7,-6,-5,-4,-3,-2,-1,0,1,2,3
m196,cpu,memory,12.188634439337417,12.188634439337417,12.212055166275949,12.207069306814342,12.175111038111773,12.20319293745333,12.20319293745333,12.19967689962202,12.981842831347521,12.981842831347521,12.937748935837439,12.892163840722015,12.832712143966441,12.811471345616
