name,machine_type,trace,-10,-9,-8,-7,-6,-5,-4,-3,-2,-1,0,1,2,3
m246,cpu,memory,19.12071812225032,19.117192418388054,19.077713260927492,19.060792680943376,19.02087607325635,18.93712747836405,18.92249291536322,18.90150471383839,18.87993973933976,18.903476675204583,18.933839909099063,18.924851192567463,18.91292422050558,18.963972251436093
