name,machine_type,trace,-10,-9,-8,-7,-6,-5,-4,-3,-2,-1,0,1,2,3
m146,cpu,memory,38.16587254204965,38.17206217322557,38.137329806831275,38.125646346135426,38.068310501210256,37.96016311818606,37.8834794865179,37.85113830949786,37.82588624989483,37.81056158816408,37.79551329885942,37.78751742812091,37.770725342385305,37.706026279171226
m114,cpu,memory,40.6339651296594,40.60244948654092,40.58534513782307,40.54245102612463,40.473773311143376,40.37196356619409,40.323244835576126,40.29201086517684,40.24699880746434,40.22491930076595,40.211433840742004,40.167904805039775,40.08443200332725,40.06330993211021
