name,machine_type,trace,-10,-9,-8,-7,-6,-5,-4,-3,-2,-1,0,1,2,3
m14,cpu,memory,8.116239132846909,8.06771217326949,7.989741454390433,7.885347928805979,7.79908380344914,7.793023473491356,7.756588022028138,7.700960903198111,7.678599812181842,7.621028104213575,7.583851204780852,7.539082531416655,7.489876238193899,7.469382667593299
m310,cpu,memory,52.09878179539827,51.910281160635165,51.78552881872337,51.62670901893634,51.62382808247934,51.62698705716884,51.28885238455038,50.9546844531833,50.878505712292466,50.85000487589107,50.75851273071343,50.5866888378432,50.480081367903885,50.301544123789164
m25,cpu,memory,12.551272259073055,12.53643345760653,12.556595166823243,12.537512105112263,12.566394613727056,12.628629784582156,12.713193588594336,12.712234487874474,12.805368209544634,12.738083563027846,12.76444045680258,12.764169233232643,12.815903274095541,12.762012190552987
m310,cpu,memory,52.09878179539827,51.910281160635165,51.78552881872337,51.62670901893634,51.62382808247934,51.62698705716884,51.28885238455038,50.9546844531833,50.878505712292466,50.85000487589107,50.75851273071343,50.5866888378432,50.480081367903885,50.301544123789164
m386,cpu,memory,0.4069772008384337,0.42986209969990646,0.4717771204337445,0.4240245461722464,0.4055454528603743,0.4285769048261501,0.4241861167673652,0.3462126720232842,0.36115432448491297,0.3746654530711746,0.4374380231616448,0.4429031175210971,0.3929738264598325,0.3715399207135212
m310,cpu,memory,52.09878179539827,51.910281160635165,51.78552881872337,51.62670901893634,51.62382808247934,51.62698705716884,51.28885238455038,50.9546844531833,50.878505712292466,50.85000487589107,50.75851273071343,50.5866888378432,50.480081367903885,50.301544123789164
m310,cpu,memory,52.09878179539827,51.910281160635165,51.78552881872337,51.62670901893634,51.62382808247934,51.62698705716884,51.28885238455038,50.9546844531833,50.878505712292466,50.85000487589107,50.75851273071343,50.5866888378432,50.480081367903885,50.301544123789164
m146,cpu,memory,1.5197560702136794,1.4717137087303278,1.447955094428962,1.5305730598155947,1.451871619813792,1.3916560625532413,1.4516138867580868,1.424247867718586,1.3028221910369802,1.0772871981346783,1.2013764361447037,1.1395157183712885,1.1062850007315919,1.0801606132107475
