name,machine_type,trace,-10,-9,-8,-7,-6,-5,-4,-3,-2,-1,0,1,2,3
m53,cpu,memory,39.99525689453041,39.9949163620563,39.98390487819896,39.97746315372528,39.99349447135513,40.01097352429391,40.01914799030149,40.01172722597318,39.998130156920176,39.9719859822694,39.93866586572171,39.93077751521472,39.92892640109917,39.89608275629295
