name,machine_type,trace,-10,-9,-8,-7,-6,-5,-4,-3,-2,-1,0,1,2,3
m207,cpu,memory,23.370329480151494,23.32999727837521,23.322795315825083,23.315179173228177,23.32696657077881,23.316626405009266,23.309670200013677,23.297319305587703,23.276046603826593,23.276046603826593,23.183728799811927,23.170964558242378,23.154906284836176,23.149062459925997
