name,machine_type,trace,-10,-9,-8,-7,-6,-5,-4,-3,-2,-1,0,1,2,3
m352,cpu,memory,10.078852914806845,10.063161270814327,10.047532839253135,10.038749307100254,9.975135479466937,9.91887636390928,9.799603300319877,9.669103332492657,9.63475488412166,9.60504605981208,9.597274038055863,9.564467470124974,9.591297831321471,9.57790171909555
m30,cpu,memory,17.318884492098054,17.05320755263297,15.764140480278337,13.170911921220865,12.075613216653387,11.317280355740225,10.251513104959553,9.762704287682707,9.20852559263183,8.7218803549997,8.435139533396118,8.071371621699182,9.554546103796943,13.053881891319943
m146,cpu,memory,11.428585198516572,11.390731817564092,11.238966392529955,10.449586736714632,8.69273131736029,6.090460647564976,5.269987768740761,4.35472810772237,3.8217800143937786,3.0844324021743077,2.6594574629065804,2.0828200251857814,1.7118641841651048,3.299864809209741
m88,cpu,memory,10.097380417399291,10.241194607923992,10.424122488016947,10.608397563862626,10.799269699871964,10.955850365661163,11.216239707360822,11.378659466223533,11.538520975584365,11.634635783885484,11.664136773669792,11.718117495201417,11.911036225814836,11.935610151531748
m114,cpu,memory,19.674432776640014,19.67602175529534,19.666591928117,19.67072186539303,19.668585695835503,19.682509616927526,19.730441882482992,19.706099555723373,19.617704193867517,19.659428000848774,19.663879186996823,19.666359548123662,19.66433374959816,19.675156948114854
m158,cpu,memory,11.536422993313574,11.45439850937434,11.413051225750328,11.362886790971464,11.301851278235343,11.210870712426328,11.217265061744477,11.23119927979163,11.225823268215548,11.255285124232207,11.26062735268653,11.26183870949887,11.245797448140571,11.231079796041389
m271,cpu,memory,18.868800744438282,18.888960888743455,18.88400110161292,18.858839701630448,18.800698792724983,18.8229235274544,18.824054307128723,18.709406291794707,18.670206939457206,18.652054899406192,18.62946035565512,18.583778138915353,18.56072691187781,18.527152836139898
m233,cpu,memory,6.260635643859314,6.273529868870446,6.245729881897052,6.256347391182105,6.263041901209684,6.266760183082118,6.259089434783407,6.2662514306626855,6.299785047370385,6.303853628074859,6.269657272750236,6.23685033872053,6.237207994927287,6.230742647047243
