name,machine_type,trace,-10,-9,-8,-7,-6,-5,-4,-3,-2,-1,0,1,2,3
m390,cpu,memory,22.607267861851465,22.555856154527714,22.553426096968348,22.225701502878422,22.114602716000423,22.162060429277705,22.20977427354031,21.40621712871795,19.225052322979145,18.448420465141908,18.06898860991999,17.699785260328593,17.690585895005373,17.293615395081424
