name,machine_type,trace,-10,-9,-8,-7,-6,-5,-4,-3,-2,-1,0,1,2,3
m126,cpu,memory,19.182556138357278,19.182556138357278,19.168325002812185,19.22939296015676,19.25962527737948,19.213322471467915,19.22379297333783,19.243029857126512,19.247652167023322,19.25671642541449,19.22890911911491,19.249298286624224,19.267242883235877,19.28882166367296
