name,machine_type,trace,-10,-9,-8,-7,-6,-5,-4,-3,-2,-1,0,1,2,3
m381,cpu,memory,6.652275033261612,6.601217865004382,6.56630703016945,6.561145655287654,6.587980761571554,6.5898297309613625,6.577630828686895,6.533485242825509,6.516921221130287,6.505352031535714,6.517474521188178,6.522721445450807,6.509090820431461,6.474391290678008
