name,machine_type,trace,-10,-9,-8,-7,-6,-5,-4,-3,-2,-1,0,1,2,3
m278,cpu,memory,3.155751985027914,3.0869432267357566,2.9905860560964244,2.915917154805994,2.904672936214274,3.33737407487927,4.279328838725165,4.003013378098801,3.8676227164368626,3.705569409617312,3.605834261288458,3.5113858019140545,3.5045501653358286,3.430813042890093
