name,machine_type,trace,-10,-9,-8,-7,-6,-5,-4,-3,-2,-1,0,1,2,3
m368,cpu,memory,1.9281902206745232,1.8785762087083695,1.8894383896314817,1.9068824114755645,1.8726057440275843,1.8844380678658312,1.8922459548882362,1.8537479321474348,1.8270572083085153,1.8164730782628862,1.831204208117735,1.7782466450772605,1.662128265457578,1.7257668024894537
m114,cpu,memory,9.467462666704062,9.47615016265691,9.513701161698554,9.477765855925252,9.457350161774032,9.500014984685787,9.465475801292254,9.474372153969759,9.440646010361862,9.426311430889236,9.438659548908106,9.444881398862139,9.444262816797762,9.416680747778678
m352,cpu,memory,0.3666452514696804,0.39345909354553926,0.39892252209858775,0.48238598518683173,0.4108235225917573,0.36969109013460383,0.4923985922179219,0.4273885286271253,0.44695502755440664,0.39226857199609216,0.3953431836807186,0.36172944414584446,0.4058679756957028,0.4472394892310462
m368,cpu,memory,1.9281902206745232,1.8785762087083695,1.8894383896314817,1.9068824114755645,1.8726057440275843,1.8844380678658312,1.8922459548882362,1.8537479321474348,1.8270572083085153,1.8164730782628862,1.831204208117735,1.7782466450772605,1.662128265457578,1.7257668024894537
