name,machine_type,trace,-10,-9,-8,-7,-6,-5,-4,-3,-2,-1,0,1,2,3
m306,cpu,memory,50.809314616377975,50.74183399792635,50.724198107952844,50.71307079107478,50.614174883290616,50.56625421050929,50.435180358149076,50.433398505388084,50.43466707445643,50.46982350722657,50.39025089383404,50.366382759540194,50.41150531090862,50.41143948488191
m74,cpu,memory,49.20913541947716,49.205113656188615,49.07113875262917,48.900172509273936,49.005400561591046,49.00555371899901,48.82706556124758,48.75690948769507,48.46551108810355,48.35178271294488,48.05796020004848,48.027145374349004,47.76824895272611,47.80713986553751
