name,machine_type,trace,-10,-9,-8,-7,-6,-5,-4,-3,-2,-1,0,1,2,3
m330,cpu,memory,40.41922017120734,40.27677489438636,40.20743186768518,40.185394763331615,40.0358688495626,39.953032991644136,39.73582526525241,39.74639308996851,39.60369890191859,39.58229510687239,39.318899715864916,39.14409463717252,39.15661190969197,39.28986319587624
