name,machine_type,trace,-10,-9,-8,-7,-6,-5,-4,-3,-2,-1,0,1,2,3
m149,cpu,memory,28.94473021879125,28.957365108600584,28.92567975388286,28.908715384012893,28.95081864087037,28.930907610908932,28.921733409295115,28.900337386750152,28.917536586106046,28.878998206062796,28.922463738574763,28.9536821620786,29.018149981076444,28.964303192272645
