name,machine_type,trace,-10,-9,-8,-7,-6,-5,-4,-3,-2,-1,0,1,2,3
m8,cpu,memory,39.619124624157756,39.596720653417705,39.55423820079748,39.51389172233769,39.512498965120365,39.46612949095368,39.45586048705085,39.43857227005868,39.40351788747438,39.369228418724504,39.31356693668117,39.31651067717194,39.316840093668795,39.26241188230782
