name,machine_type,trace,-10,-9,-8,-7,-6,-5,-4,-3,-2,-1,0,1,2,3
m79,cpu,memory,35.645110151695334,35.58724738376069,35.52066644303071,35.49487838294356,35.58256819364735,35.57158913247985,35.53101594573131,35.455981140995455,35.449630144464656,35.487911303713965,35.48171338155242,35.42263949443184,35.384214193936714,35.405077175524426
