name,machine_type,trace,-10,-9,-8,-7,-6,-5,-4,-3,-2,-1,0,1,2,3
m170,cpu,memory,33.083110994452255,33.0811836605814,33.07560797816042,33.07999944107415,33.07539519835228,33.06738173241062,33.078337880116514,33.0947695279138,33.111494303286634,33.11774148405343,33.10797747908105,33.08134450714656,33.06155582184675,33.085645578963906
m244,cpu,memory,57.68317455513953,57.692212453506876,57.672270693837824,57.596936096886424,57.577072869213865,57.584027786525844,57.57064091814462,57.585465057951446,57.608285505289565,57.63410828835178,57.62301092651206,57.615040460689954,57.62236229090586,57.59947552648196
