name,machine_type,trace,-10,-9,-8,-7,-6,-5,-4,-3,-2,-1,0,1,2,3
m105,cpu,memory,35.98075169786561,35.22457887051178,35.02887660257391,44.16869173198496,44.07456256416005,44.077185351734414,44.017988852166106,44.06169420969026,43.994839240898685,43.98740767533021,43.93538423846388,43.947226202532015,43.93542886125292,43.90128841076981
m155,cpu,memory,20.134337291632605,20.082463928779568,20.148994873617085,20.08612552269219,20.105561067145263,20.08107661491905,20.09112375019846,20.079407652947832,20.05346519230887,19.992019272956068,20.013753100217155,19.94053050883541,19.9751692871972,19.895586851405405
