name,machine_type,trace,-10,-9,-8,-7,-6,-5,-4,-3,-2,-1,0,1,2,3
m244,cpu,memory,24.736207464478568,24.827460607272517,24.867875899550388,24.886837135366555,25.081336391631037,24.857454603683646,24.960952762203526,24.924300939183176,24.882669782943875,24.88995522468713,24.80818489522991,24.878562867643453,24.812801149596083,24.88712998548534
