name,machine_type,trace,-10,-9,-8,-7,-6,-5,-4,-3,-2,-1,0,1,2,3
m310,cpu,memory,31.290075086450805,31.31227745962222,31.31227745962222,31.354692828024994,31.345943810245025,31.348668212010026,31.355369548625827,31.31547005331368,31.323997870932835,31.313431257712306,31.315293881035736,31.349369416179076,31.32057479020986,31.30725530507851
m196,cpu,memory,27.656399786283096,27.637511737499075,27.637511737499075,27.620308727611032,27.590215480614525,27.528860398820704,27.511314511078858,27.47611309335343,27.48302255544273,27.47227628689451,27.460818970775758,27.480222688861705,27.503947052555464,27.4947277227318
m322,cpu,memory,4.6996834492699255,4.619306258567923,4.619306258567923,4.722908147518182,4.607814604689603,4.686925429297997,4.696122586291953,4.539461393906819,4.493298554160304,4.653141386234721,4.517469947792415,4.611257372215537,4.595974065453834,4.337963406897565
m88,cpu,memory,7.047810302025238,6.937795979724654,6.937795979724654,7.002333320206273,6.95180461653712,6.922431755091811,6.899455186468551,6.897237569010574,6.87878974742801,6.873888162626743,6.864038526868943,5.901683338826961,5.801902620470968,5.925415224393815
