name,machine_type,trace,-10,-9,-8,-7,-6,-5,-4,-3,-2,-1,0,1,2,3
m14,cpu,memory,26.75389036024184,26.79794679971634,26.77649757358639,26.744713633416954,26.675214575551625,26.636462163993976,26.68338040965329,26.68844996206807,26.659390777647495,26.752628233625533,26.824448416669185,26.94725429029954,26.90653920481429,26.886967545048403
