name,machine_type,trace,-10,-9,-8,-7,-6,-5,-4,-3,-2,-1,0,1,2,3
m68,cpu,memory,10.239192355018732,10.171024750246819,10.100673620910174,10.11017622987215,10.149139379957642,10.139273060863825,10.135797746051665,10.169873597794247,10.172755416008556,10.142750848704678,10.146639344066166,10.180140932195823,10.174104400155608,10.158760415645704
m20,cpu,memory,45.41224307988116,45.3781696511918,45.3599899879441,45.354811923214896,45.383043824915504,45.34333583811412,45.30687438976919,45.3096796796336,45.3206739300009,45.31720633942808,45.29580623627871,45.274989786073476,45.262866594322375,45.245505418007575
m20,cpu,memory,45.41224307988116,45.3781696511918,45.3599899879441,45.354811923214896,45.383043824915504,45.34333583811412,45.30687438976919,45.3096796796336,45.3206739300009,45.31720633942808,45.29580623627871,45.274989786073476,45.262866594322375,45.245505418007575
m264,cpu,memory,20.4775333089554,20.472226721697435,20.494285895322406,20.493001677116286,20.474319785356254,20.506270467984866,20.486988567671453,20.501050251973304,20.52798693102016,20.514515563058808,20.49104627316848,20.487023196887975,20.401166900026883,20.3560625215576
