name,machine_type,trace,-10,-9,-8,-7,-6,-5,-4,-3,-2,-1,0,1,2,3
m349,cpu,memory,0.5358080810774933,0.5764739993970387,0.5047023897537519,0.48443764032147396,0.518591340893742,0.5335940224445304,0.4562135164356941,0.47660110648313075,0.43955194411419407,0.427653114204628,0.39799003647873726,0.41910597512414954,0.3941597922937797,0.3969016591492357
