name,machine_type,trace,-10,-9,-8,-7,-6,-5,-4,-3,-2,-1,0,1,2,3
m389,cpu,memory,8.810716261800723,8.82056264143816,8.73658325144423,8.676636662654898,8.642495741332526,8.64555565395844,8.644534134853089,8.645219556032439,8.654016350036207,8.676241603514832,8.708359376107412,8.734430419391744,8.733347112429305,8.660985404708647
m145,cpu,memory,0.5039117771169035,0.5173725949530952,0.4981971070576998,0.4943034624582433,0.5268101348426087,0.5117073955688294,0.5620039732393762,0.6065428211884252,0.6725264978058041,0.6772573072924574,0.663506682197731,0.7094689729473983,0.686639773196464,0.6638984091322937
