name,machine_type,trace,-10,-9,-8,-7,-6,-5,-4,-3,-2,-1,0,1,2,3
m82,cpu,memory,67.20538038166775,67.37404418867989,67.54479822874502,67.72487119492715,67.88520758461645,67.93936173931026,68.02661809278675,68.14822175772136,68.24518844881683,68.42147629964853,68.599301739008,68.74247406271283,68.92704682630261,69.15420961431069
