name,machine_type,trace,-10,-9,-8,-7,-6,-5,-4,-3,-2,-1,0,1,2,3
m38,cpu,memory,29.59914993861352,29.578404540297704,29.50766980617161,29.451487507572605,29.427998122908768,29.441401806981983,29.46668269071469,29.487855695855487,29.46815314345846,29.4364583996501,29.417159780697496,29.402040821449113,29.402901437612126,29.37857001241965
m16,cpu,memory,44.40587379087442,44.32657489426218,44.310392745434314,44.19936629430644,44.05484648465783,43.99170585905303,43.97216080107964,43.9632507054993,43.96324681924868,43.9908287873729,44.02736017357339,44.043360849830215,44.073555811344335,44.08833232244124
m46,cpu,memory,16.502212049500077,16.49943898669057,16.450495726759836,16.39572275035268,16.385103007372674,16.386993419943554,16.371010386090916,16.37248280751498,16.36256941699229,16.33401156382362,16.30017310454401,16.287923092300336,16.241469279145296,16.197912581024063
m59,cpu,memory,11.635750094791957,11.56213940970242,11.525729904309719,11.477919493817769,11.439906763339065,11.418019808717267,11.41302743746699,11.403672571576823,11.395784385189625,11.392346513998739,11.381622708660576,11.360384156498636,11.313186295769622,11.286542113615145
m16,cpu,memory,44.40587379087442,44.32657489426218,44.310392745434314,44.19936629430644,44.05484648465783,43.99170585905303,43.97216080107964,43.9632507054993,43.96324681924868,43.9908287873729,44.02736017357339,44.043360849830215,44.073555811344335,44.08833232244124
m16,cpu,memory,44.40587379087442,44.32657489426218,44.310392745434314,44.19936629430644,44.05484648465783,43.99170585905303,43.97216080107964,43.9632507054993,43.96324681924868,43.9908287873729,44.02736017357339,44.043360849830215,44.073555811344335,44.08833232244124
m175,cpu,memory,1.9073013869625268,0.9898855415333694,0.4046569596732802,0.38687899418730487,0.405765642179575,6.827587010406625,11.379774345018552,11.28779025692247,11.196250244987118,11.144396278745988,11.092921649371254,10.967541865765867,10.891569824191095,10.868799058377187
m0,cpu,memory,10.824542873003281,11.132850195968494,11.225463984061625,11.033832669466575,10.926047006838166,10.845099958719802,10.787451219888203,11.676665417210906,11.827951986128861,11.163132562533919,10.960001807551386,10.825110193661503,10.746619705325207,10.680553545650758
