name,machine_type,trace,-10,-9,-8,-7,-6,-5,-4,-3,-2,-1,0,1,2,3
m81,cpu,memory,43.4679928834176,43.3065575650296,43.08158041535035,42.940957581845154,42.69111216300055,42.57705217808427,43.266228189445314,42.971360466285866,42.78859848536704,42.66352691437349,41.85518577610617,41.64677744299444,41.73435267156882,41.642491020243426
