name,machine_type,trace,-10,-9,-8,-7,-6,-5,-4,-3,-2,-1,0,1,2,3
m299,cpu,memory,8.120594813527276,8.316384328467157,8.520528025851313,8.420426144792694,8.294019698695756,8.225831548704157,8.170799567581923,8.274722957181378,8.326996292213677,8.228175953401779,8.16496152373217,8.153495838072926,8.1457511542214,8.130919140412178
m366,cpu,memory,0.3997371471867928,0.39522436200705857,0.3855558243823728,0.3787631985223252,0.37728150147885,0.43886501440838305,0.4590825666288145,0.5556820759499368,0.6069541344723662,0.5544794843491359,0.4819767849694132,0.45077093880682073,0.4694990704940691,0.49474768888426757
