name,machine_type,trace,-10,-9,-8,-7,-6,-5,-4,-3,-2,-1,0,1,2,3
m179,cpu,memory,0.4476765488826952,0.3902151501033921,0.43820203517928713,0.41814288663412064,0.40520252389659867,0.4285026123781774,0.35665278555238233,0.4156963218229846,0.4156963218229846,0.48209141509405967,0.42433283393466925,0.45553266855340946,0.4469908676252706,0.4441268542469673
m77,cpu,memory,33.24700286597449,33.24666268748424,33.29018511107082,33.30121426383381,33.28875751498272,33.238017909432955,33.104856374247575,33.04895668159794,33.04895668159794,33.04583695557888,33.05767609345501,33.042053958452726,33.04373874558478,33.01111180704801
