name,machine_type,trace,-10,-9,-8,-7,-6,-5,-4,-3,-2,-1,0,1,2,3
m231,cpu,memory,13.202140781380415,13.178225253151085,13.159271657345924,13.110834953998907,13.078181640257172,12.786117242119994,11.081263730409283,9.310210882913132,8.515122874461316,7.194903077060932,6.446069628792004,4.9417744378418265,4.2224819331559145,2.80011853424059
m331,cpu,memory,1.639512318611855,1.66557841553462,1.6847949689133266,1.7125995367218239,1.6704768328428694,1.6297499232934012,1.540377491512565,1.5237503710962357,1.512761702483069,1.4948045618380956,1.3513740873576743,1.2842001160150869,1.3127631683927048,1.3465975767907978
m380,cpu,memory,0.41106699534137553,0.40113047276842667,0.4153654573295815,0.4072541159198938,0.4344244531922333,0.4227639976614198,0.4502369311846591,0.369027266282667,0.4462769181442723,0.43668857434291053,0.37275280444565567,0.42723941372079904,0.3940071312263527,0.3903032485466142
m42,cpu,memory,19.945927369493003,19.93935212874309,19.942778944279745,19.91716240055666,19.89643424144416,19.890005591657786,19.350699354366753,18.0031871873925,13.549245846092148,12.566575353721875,10.042322638449866,8.497132354595848,5.902312054483863,4.385169180206997
