name,machine_type,trace,-10,-9,-8,-7,-6,-5,-4,-3,-2,-1,0,1,2,3
m216,cpu,memory,0.43770461371758423,0.37453608540268296,0.3461588301369388,0.3377238483514694,0.34041773936254943,0.3562387670525485,0.4476315427016746,0.4007645924633365,0.38454171391414305,0.3703058438521428,0.3663639905872185,0.4494365340967386,0.47617012128570024,0.45423853017416344
m319,cpu,memory,18.303971198608583,18.32722318068348,18.302198452544598,18.288869426885668,18.26531671640209,18.229605108174137,18.12264299751625,18.091045022484145,18.063919258159164,18.044167766452247,18.020891302134213,18.01814877904568,18.016712399614722,18.024599841500034
m211,cpu,memory,0.4160736648326946,0.3904195394949372,0.3443994165195053,0.3364557410420049,0.3603198690542902,0.3664565862683883,0.4115750789206071,0.38311836051212583,0.35244639722722587,0.42928936517087146,0.45306627810949873,0.4488650891257915,0.45109911218348997,0.43718119872761463
m373,cpu,memory,37.23123470600425,37.05894564994647,36.87031624456243,36.82792687220436,36.80732867249283,36.75427980495648,36.566537568310935,36.52157856274648,36.47740793981484,36.44488503845984,36.40523490868746,36.37476549231757,36.38948435515513,36.40551234117218
