name,machine_type,trace,-10,-9,-8,-7,-6,-5,-4,-3,-2,-1,0,1,2,3
m408,cpu,memory,45.81540843951234,45.517743041672205,45.62095423003683,45.327539734684414,45.41221822354757,45.34224627900585,44.675046582453454,44.75556708088298,45.27812305855974,45.33427929558779,44.91708789624156,45.23026806274529,45.23824988423278,44.83769791486364
