name,machine_type,trace,-10,-9,-8,-7,-6,-5,-4,-3,-2,-1,0,1,2,3
m63,cpu,memory,15.403537563078785,15.406896535431612,15.432881348630504,15.437796335601476,15.419372668211768,15.439032464848003,15.421331050794919,15.424117742929546,15.428497047070417,15.427907402145534,15.42873556026006,15.435373647342484,15.409972295519388,15.418501855231305
m36,cpu,memory,23.79783739220188,23.799437675625214,23.80922908501313,23.82964672266825,23.84589095875094,23.848561802947096,23.885112800232076,23.86195963019643,23.813901772302923,23.81458884172604,23.75595457642753,23.744113924181942,23.702604173323582,23.670952715873216
