name,machine_type,trace,-10,-9,-8,-7,-6,-5,-4,-3,-2,-1,0,1,2,3
m1,cpu,memory,0.4638308579210397,0.4997322670516638,0.4621722321460535,0.4621722321460535,0.48772346868626204,0.3810941028575485,0.38539188337949837,0.4611462089789873,0.41992319199506123,0.38130991313137624,0.33352427513040084,0.4042053494677082,0.34867690449071725,0.3443465145401275
