name,machine_type,trace,-10,-9,-8,-7,-6,-5,-4,-3,-2,-1,0,1,2,3
m400,cpu,memory,5.904275661641646,5.35311355269197,4.866795759595908,4.270792438984995,3.836923822552002,3.374269667502316,3.3807565953364325,3.3941096994697464,4.786570460150549,8.264812910859792,9.374810728994136,13.390958978093797,13.372721376168407,13.303673902707576
m352,cpu,memory,5.026806686680169,5.017395965733392,5.034486180462501,5.0341568051053756,5.0372319846217595,5.038366449324867,6.708966072165095,10.269533685058764,10.217508645421658,10.205192859190717,10.198036630598223,10.14523696580693,10.078852914806845,10.063161270814327
