name,machine_type,trace,-10,-9,-8,-7,-6,-5,-4,-3,-2,-1,0,1,2,3
m158,cpu,memory,30.886675029443886,30.82595835470361,30.634814085177588,30.580625807953965,30.448343616002912,30.36638094351396,30.27160700828378,30.248335844258854,30.204916600342333,30.202379628299227,30.051165698005292,30.019815624685577,29.886728142166707,29.801048500952927
m267,cpu,memory,29.797293067243885,29.734450620985374,29.639872696273034,29.627829976031773,29.498539975582915,29.387113024843348,29.31089072122209,29.25753766797159,29.248424949757766,29.257794605358654,29.21164530729312,29.16770345447663,29.095304882626976,28.988211451528574
