name,machine_type,trace,-10,-9,-8,-7,-6,-5,-4,-3,-2,-1,0,1,2,3
m46,cpu,memory,47.74664247633086,47.74664247633086,47.74664247633086,47.74664247633086,47.74664247633086,47.74664247633086,47.74664247633086,47.74664247633086,47.74664247633086,47.74664247633086,47.74664247633086,47.74664247633086,47.74664247633086,47.74664247633086
