name,machine_type,trace,-10,-9,-8,-7,-6,-5,-4,-3,-2,-1,0,1,2,3
m274,cpu,memory,55.606649539122856,55.63350496389107,55.62835207004613,55.57409756187426,55.456137267308804,55.43419768834834,55.28145111583588,55.09392391965337,54.951002172983884,54.852909194212494,54.7914646624007,54.783498372976595,54.75102080048539,54.669495831879786
