name,machine_type,trace,-10,-9,-8,-7,-6,-5,-4,-3,-2,-1,0,1,2,3
m233,cpu,memory,3.7260053965085667,3.7059752227728335,3.695091765034554,3.6938997669748854,3.6997063011050475,3.68913476561589,3.7060724074328038,3.7250297134431363,3.7015490869457657,3.6870645973903415,3.692500426560017,3.675726765589722,3.6676033597664506,3.6765501030876724
