name,machine_type,trace,-10,-9,-8,-7,-6,-5,-4,-3,-2,-1,0,1,2,3
m15,cpu,memory,19.173464267332005,19.135319723674822,19.112641283855773,19.104317552129594,19.090220816873906,19.079966339807182,19.087653960642506,19.1094671654717,19.10269137109557,19.0969986556488,19.105460749633476,19.09973158709978,19.09644015619267,19.10048382551956
