name,machine_type,trace,-10,-9,-8,-7,-6,-5,-4,-3,-2,-1,0,1,2,3
m350,cpu,memory,10.909217591895422,10.983020223313765,11.154250545824183,11.299179880158555,11.378287726380819,11.560105346505601,11.697731735023385,11.771076825075669,11.804835010091152,11.849440118871037,11.946178191288306,12.104331100625245,12.186071514219838,12.149690832388922
