name,machine_type,trace,-10,-9,-8,-7,-6,-5,-4,-3,-2,-1,0,1,2,3
m293,cpu,memory,16.876705318763864,16.876705318763864,16.8310398611723,16.872218595475633,16.879089415967364,16.829828466500725,16.789216914101512,16.67713913715378,16.67713913715378,16.69746964821228,16.68690217615497,16.721999959899495,16.758008889204856,16.798660976352757
