name,machine_type,trace,-10,-9,-8,-7,-6,-5,-4,-3,-2,-1,0,1,2,3
m260,cpu,memory,11.13669134355676,10.966678422653672,10.78666845499818,10.665400260000578,10.585236835230424,10.486121392060198,10.34145492708735,10.274119498651636,10.20500286885936,10.148600733789236,10.086954980703602,9.867992868652498,9.660692158613118,9.600138165011876
