name,machine_type,trace,-10,-9,-8,-7,-6,-5,-4,-3,-2,-1,0,1,2,3
m227,cpu,memory,0.32506483066759884,0.3598957698875629,0.34620580689436076,0.3311809019717757,0.3300274698479954,0.3621439901589306,0.37030833449965017,0.42937204974328114,0.3993305184637679,0.37106988566692317,0.3528134298985657,0.36592373014139185,0.39794257362228275,0.3716376227767466
