name,machine_type,trace,-10,-9,-8,-7,-6,-5,-4,-3,-2,-1,0,1,2,3
m172,cpu,memory,50.7148314497707,50.82527916000168,50.90700059343596,50.95014215121088,50.964947132453595,50.51126506123716,50.37746264489714,50.38131065769005,50.45488897256453,50.66537153752296,50.716049608562756,50.77570471031294,50.82387856890693,50.91157923838241
