name,machine_type,trace,-10,-9,-8,-7,-6,-5,-4,-3,-2,-1,0,1,2,3
m146,cpu,memory,21.232674577949776,21.196551566082146,21.159459206324417,21.143276856842597,21.095589992964847,21.056258840510303,21.018306142854954,20.974880563195214,20.979074079379977,20.980565127548374,20.973210340511425,20.87321803956575,20.86190256875525,20.818134868426434
