name,machine_type,trace,-10,-9,-8,-7,-6,-5,-4,-3,-2,-1,0,1,2,3
m128,cpu,memory,27.092015289785802,27.06234939785036,26.918017519558536,27.943477895824227,33.02795669316773,32.92268651178685,32.46917707868864,30.83941014461562,29.427151236397858,28.39332608899368,28.091583331041587,27.878159860595627,27.908810446662663,27.973010523247357
