name,machine_type,trace,-10,-9,-8,-7,-6,-5,-4,-3,-2,-1,0,1,2,3
m290,cpu,memory,0.405718002634064,0.3677204285327862,0.3691080074079622,0.38250745124669255,0.3794835709389109,0.3738355786081624,0.4028002417660552,0.42440746711577004,0.40780455135865895,0.3892977198525234,0.37640637220015044,0.3663380868582958,0.37651283237305144,0.3985192455119087
