name,machine_type,trace,-10,-9,-8,-7,-6,-5,-4,-3,-2,-1,0,1,2,3
m401,cpu,memory,20.526006539289618,20.51197484620215,20.522273921449415,20.66428911734431,20.695292752149026,20.727653364208095,20.74326949094955,20.731640950755068,20.689610359023078,20.720553343330998,20.72272404051217,20.715640123061295,20.69863294575268,20.69605056723434
