name,machine_type,trace,-10,-9,-8,-7,-6,-5,-4,-3,-2,-1,0,1,2,3
m415,cpu,memory,0.5716514078358382,0.5716514078358382,0.535330575135259,0.6270540781068455,0.6385031655205514,1.0089253679963215,0.4668331900197177,0.4668331900197177,0.42808343491218864,0.4679934683428031,0.4853557141793623,0.5062958850159865,0.560302312969163,0.535276550004843
m57,cpu,memory,3.407505205947886,3.407505205947886,3.3906985192298573,3.37403504132048,3.7437433320419795,3.7453780686955542,3.730595544984012,3.730595544984012,3.8723631723277934,3.863940678536557,3.850346511961913,3.8357816851067392,3.804688764971738,3.8380048046475514
