name,machine_type,trace,-10,-9,-8,-7,-6,-5,-4,-3,-2,-1,0,1,2,3
m148,cpu,memory,6.417181504327372,6.396136703244039,6.3969993132637395,6.468388355322684,6.751770419046019,6.73591572800495,6.664906729644345,6.634589482039306,6.507429885186263,6.47113689802981,6.41944503235632,6.481427202617061,6.509916568237701,6.525227474382775
