name,machine_type,trace,-10,-9,-8,-7,-6,-5,-4,-3,-2,-1,0,1,2,3
m102,cpu,memory,68.88209367756203,68.11005904163068,67.47578084069433,67.0976978097402,67.08389412958314,67.0908235813493,67.02672264485413,67.03357435835711,67.07953749119925,67.09500808703578,66.60240248051294,65.92282958941325,64.92945431029224,64.18837096309232
