name,machine_type,trace,-10,-9,-8,-7,-6,-5,-4,-3,-2,-1,0,1,2,3
m47,cpu,memory,19.01138024417814,19.004055820248826,18.988569297031514,18.97622451119334,18.988468137151717,19.008459328367454,19.012279325325387,19.003324304082117,18.995175279481426,18.996729022545388,18.995400214455916,19.012574829916623,19.00166465548307,18.97966228130006
m384,cpu,memory,31.92444919808383,31.925770888636844,31.916604915728065,31.917212026443803,31.92284482397,31.92622439307252,31.918317112947303,31.92267738581791,31.927054316752542,31.927657238343762,31.930511925099164,31.92999401074451,31.92939209999491,31.92956857514674
m21,cpu,memory,29.418185917442276,29.382416410516125,29.34459997961053,29.339867777601032,29.321587167015142,29.28743838750001,29.278267871482853,29.230938576735618,29.16624471348766,29.150588353735625,29.155655030741396,29.152275563858808,29.137180732301818,29.105861451792077
m175,cpu,memory,6.25190015507749,6.192071178537132,6.209998725809538,6.241781264619344,6.210384410534111,6.162377889008047,6.340030904911166,6.579961317211578,6.528504178804085,6.472097046125453,6.498977810648514,6.5206382913178595,6.436023099828265,6.326206352199874
