name,machine_type,trace,-10,-9,-8,-7,-6,-5,-4,-3,-2,-1,0,1,2,3
m236,cpu,memory,26.9800486669884,25.91937036637019,24.82260486872204,24.360453131673637,23.45805046678621,22.746664056095636,20.780207990770343,19.763977544914532,18.80283370024486,17.869946172986968,17.265643249666336,24.1910868332784,25.700786884542836,25.885208008639903
