name,machine_type,trace,-10,-9,-8,-7,-6,-5,-4,-3,-2,-1,0,1,2,3
m34,cpu,memory,60.535280321209626,60.341267156428316,60.28685497263222,60.15159630518912,59.80696383072113,59.74702112866062,59.534511486423206,59.46695948860977,59.397796766168945,59.1884298239567,59.20363569443311,59.0310880552381,58.997008013885065,58.741860207032936
m282,cpu,memory,54.59257874529216,54.57646443203208,54.589727316708434,54.60091505771895,54.66536120636066,54.63992883977306,54.542663445389046,54.55244177736285,54.51717595434071,54.378224957381526,54.21799773662598,54.13154158265234,54.0130023860108,54.02910680564169
