name,machine_type,trace,-10,-9,-8,-7,-6,-5,-4,-3,-2,-1,0,1,2,3
m237,cpu,memory,13.419721851521405,13.412565042357517,13.411807857628492,13.386229198507547,13.33822605913637,13.309246176565425,13.303878039710522,13.294912366771076,13.280319296925507,13.279091446168922,13.289547612071065,13.2815697623291,13.290762237271286,13.286057242802064
