name,machine_type,trace,-10,-9,-8,-7,-6,-5,-4,-3,-2,-1,0,1,2,3
m397,cpu,memory,0.40727631405850956,0.4266185853354156,0.43792016053785193,0.5214043452734197,0.42487646733692863,0.4579685444527405,0.60002146012959,0.393436100362958,0.38045844627753145,0.36989094904383013,0.38555346660067247,0.32879611080847276,0.388664498870765,0.558646198529838
