name,machine_type,trace,-10,-9,-8,-7,-6,-5,-4,-3,-2,-1,0,1,2,3
m35,cpu,memory,6.001041219864578,5.923116664077599,5.802734009303438,5.643814198096547,5.474244507768139,5.359128375847539,5.260116881457764,5.200923813829234,5.053595806674625,5.002217087428668,4.927064938161329,4.867550571875881,4.800989591981014,4.76764368136764
