name,machine_type,trace,-10,-9,-8,-7,-6,-5,-4,-3,-2,-1,0,1,2,3
m86,cpu,memory,40.618409931680134,40.60593717972979,40.587936778603606,40.58041122180176,40.57553404352516,40.57553404352516,40.55409930423204,40.533317006411416,40.515214334236845,40.47052821994169,40.44656748778404,40.44656748778404,40.44814326492361,40.44814326492361
