name,machine_type,trace,-10,-9,-8,-7,-6,-5,-4,-3,-2,-1,0,1,2,3
m346,cpu,memory,15.548961502971709,15.544388410082284,15.563294303249515,15.60698179234984,15.67883756307576,15.905320450307148,16.305227766921096,16.579175687513132,16.844572771502364,16.63405083350592,16.46341355075812,16.287685462555974,16.023750704257516,15.591827598267285
