name,machine_type,trace,-10,-9,-8,-7,-6,-5,-4,-3,-2,-1,0,1,2,3
m138,cpu,memory,15.493116908193956,15.176352084137337,15.094737640905263,15.007664955835535,14.883996825980049,15.478889154614457,15.06776051194259,15.558396251850786,16.034337358264864,15.702412232105772,15.320315136990468,15.436166268316828,15.648772180477282,15.604939009035093
m237,cpu,memory,13.251904753649645,12.790824811017293,12.134629645767479,11.591981485841462,11.41966371998891,11.347747639499325,10.486850472552932,10.806685049761574,11.33251352437932,11.34600819688057,11.454297828981773,12.497889423286313,13.340244410750058,12.903615654000744
