name,machine_type,trace,-10,-9,-8,-7,-6,-5,-4,-3,-2,-1,0,1,2,3
m248,cpu,memory,15.605184397227351,15.698971095125556,15.340788603417547,14.865595761698287,14.865595761698287,14.42699061999753,14.25359874892916,14.19967698050375,14.19967698050375,14.191998375585122,14.177587266564567,14.159041822988936,14.138968442185163,14.146157237496409
m299,cpu,memory,30.37619688228165,30.351545899624536,30.351956354996197,30.326383552030038,30.326383552030038,30.350927466023034,30.390480881716353,30.350678093714976,30.350678093714976,30.237408331353496,30.276461891612225,30.21834193133576,30.268332144472367,30.192672711295995
m135,cpu,memory,5.47452932895419,5.255544531311239,5.336117461866292,5.268719353147165,5.268719353147165,5.199900477102208,5.073961427900416,5.043777403444661,5.043777403444661,5.047056299278088,4.918825294107171,4.853121177254945,4.648320579769396,4.632432518876493
m178,cpu,memory,5.076724314333487,4.914876020241702,4.865787788893064,4.763217876462813,4.763217876462813,4.691401052607635,4.55641432261003,4.539677839703278,4.539677839703278,4.406185982176748,4.426936404181753,4.3158151835541565,4.32171188550916,4.2904549027998256
m255,cpu,memory,8.19101929019927,8.039017477210276,8.134643776799726,7.993648910219699,7.993648910219699,7.9377684818687175,7.9137440099095615,7.805907440093947,7.805907440093947,7.691703792890011,7.60811754328088,7.525694359216913,7.525386934339741,7.523268277181296
m326,cpu,memory,12.05158502587639,12.060120180865173,12.04755649848335,12.006614698283231,12.006614698283231,11.988195026313752,11.941572453561882,11.913913553214913,11.913913553214913,11.860475991843519,11.860342723916467,11.791888441660571,11.802900107722888,11.814271395771941
m188,cpu,memory,8.962543514249793,8.80262109314471,8.699548448131337,8.639449130511583,8.639449130511583,8.552033371742766,8.544474556517656,8.450168416585607,8.450168416585607,8.377340018214092,8.386883819080794,8.380862531831347,8.368427927766119,8.253897571967407
m304,cpu,memory,42.38928590304589,42.30309663778347,42.54560499110799,42.28204747376107,42.28204747376107,41.81111526824592,42.139159469643324,42.22280952657296,42.22280952657296,41.896468024359926,41.97632580082818,41.999305431794745,42.10002953323272,41.996740024199035
