name,machine_type,trace,-10,-9,-8,-7,-6,-5,-4,-3,-2,-1,0,1,2,3
m50,cpu,memory,10.535996784062304,10.527263314502855,10.511799885987667,10.511799885987667,10.522771088942493,10.515640200862027,10.514040559720643,10.502808367872568,10.502808367872568,10.504082936926936,10.483457351168829,10.478525188598057,10.478525188598057,10.434147159518409
