name,machine_type,trace,-10,-9,-8,-7,-6,-5,-4,-3,-2,-1,0,1,2,3
m343,cpu,memory,42.776236384607074,42.75587543547965,42.64228545973319,42.64228545973319,42.632001982491346,42.57339421865835,42.48516190517612,42.48474267660016,42.49237227247674,42.428284863086766,42.62224338570366,42.79723049349787,42.60275466227411,42.54730854788566
