name,machine_type,trace,-10,-9,-8,-7,-6,-5,-4,-3,-2,-1,0,1,2,3
m193,cpu,memory,33.118636127367196,33.00063131033967,32.90007854125757,32.81617515319816,32.88323769282542,32.85852520306029,32.819895858629614,32.7914761413212,32.765718079772256,32.79133505319768,32.79299636571017,32.724328242366475,32.90764836875756,32.89267302284378
