name,machine_type,trace,-10,-9,-8,-7,-6,-5,-4,-3,-2,-1,0,1,2,3
m412,cpu,memory,59.061206431287815,59.00663986457357,58.84588227762802,58.8662464069313,58.84052544743408,58.72788684969114,58.642022907821364,58.504563289240146,58.38027767599532,58.35503495437295,58.29898672668799,58.10698123714413,58.00626718771476,58.037112470584134
m56,cpu,memory,0.44808084766875844,0.47676005218380857,0.48583515092372603,0.5116097064926349,0.48378450538134216,0.4504386451964716,0.49681767373346164,0.4706743692204468,0.5352541878221556,0.5557190738043705,0.49812298448782905,0.4189215375502142,0.4322313307170279,0.4860819805382627
m133,cpu,memory,1.2070922848532282,1.2074625481857217,1.200620942455263,1.20712558835525,1.1853032846832554,1.100925647219548,1.0074427372044716,1.0097671302595792,1.021613928952206,1.0364084099356932,0.9887996881466548,0.8554623094340188,0.7503540141482087,0.746596598508128
m147,cpu,memory,30.43635667566767,30.412953407516035,30.41431048509736,30.39862302966147,30.167493502294967,30.248110454973528,30.189909199013044,30.15032570149682,30.110904544386504,30.10367918482825,30.07311920916477,30.027039369547396,29.988438092061667,29.94304668479993
