name,machine_type,trace,-10,-9,-8,-7,-6,-5,-4,-3,-2,-1,0,1,2,3
m170,cpu,memory,26.327346061161798,26.30782259386169,26.17099066166101,26.16831188556009,26.19243631530885,26.129080787049958,26.138277967550295,26.11873501884919,26.11032667857023,26.13064145935562,26.173685537824298,26.12491401490178,26.057579663247896,26.08069374159605
