name,machine_type,trace,-10,-9,-8,-7,-6,-5,-4,-3,-2,-1,0,1,2,3
m165,cpu,memory,79.84782767638603,79.64911958762085,78.74419580045965,77.44263220187926,76.71584268512001,76.53190737074509,76.31683015963392,76.12530240254412,75.91765014299283,75.66774273722038,75.4294703323211,75.18881461276877,74.99770118716268,74.80968464709831
