name,machine_type,trace,-10,-9,-8,-7,-6,-5,-4,-3,-2,-1,0,1,2,3
m168,cpu,memory,14.862062471594218,14.844803632015248,14.81812276426065,14.795675820989658,14.794070084511205,14.771764432099944,14.758034704282414,14.70944550393097,14.655324160512322,14.609791210248334,14.583222405833629,14.582333773835646,14.585488609185525,14.576058327696346
m92,cpu,memory,20.592404270724796,20.14237813914402,19.45650456247716,18.84228807258839,18.042545018683075,17.340091620904442,16.821961973456013,16.37929739435774,15.558648772957914,14.980538838094581,14.08122084346623,13.44703320182347,12.90642511221932,12.811466020146504
