name,machine_type,trace,-10,-9,-8,-7,-6,-5,-4,-3,-2,-1,0,1,2,3
m133,cpu,memory,11.021368903973894,11.042043227252156,11.040330323958155,11.010624212830756,11.037656174650655,11.030085614574437,11.002131225141246,10.993910356960505,10.97915954035949,10.985426972834212,11.00859449095258,10.87983618675622,10.795205902114128,10.781889849490454
