name,machine_type,trace,-10,-9,-8,-7,-6,-5,-4,-3,-2,-1,0,1,2,3
m411,cpu,memory,0.537632892058738,0.5437949303177007,0.5865912787763159,0.5894960075221743,0.5248905485328419,0.5207554460862684,0.5940487965886612,0.6322888987863186,0.6332830494376614,0.7089150108769106,0.7149263468515615,0.6425514678121091,0.60228647382183,0.5665326314583303
m79,cpu,memory,1.726050765456635,1.147607201834143,0.5503927990137468,0.46778871139512856,0.41699810067412074,0.44947320916917594,0.4296655725129791,0.5011856223104485,0.6583499994125336,0.5985115478335147,0.5795901325505939,0.6196806278162807,0.6239975975651515,0.56637970849795
m170,cpu,memory,12.717070180268008,12.710124626459173,12.708698052070359,12.513746512523756,12.259011331031152,12.186167715486015,12.10722999354332,12.03920034736829,11.99814984415182,12.012016272501931,11.936449517677955,11.650888146272115,11.451039639932745,11.36418893719572
m244,cpu,memory,10.647904805926531,10.639527655875131,10.630366687456114,10.610143231581322,10.597015930999222,10.631442598898156,10.71218120294288,10.818620150994617,10.921167638570308,10.901767266682866,11.718120650098822,12.955151193265431,12.79935214566357,12.11837393897205
