name,machine_type,trace,-10,-9,-8,-7,-6,-5,-4,-3,-2,-1,0,1,2,3
m40,cpu,memory,3.6229382692731833,3.6331185800956978,3.608487600698754,3.5709045346945376,3.550122009718496,3.5255595555395303,3.4522059344762015,3.394685147180961,3.380498635182098,3.4052833987975064,3.5019603915835344,3.582981858277916,3.5684627653803758,3.5500702434594227
