name,machine_type,trace,-10,-9,-8,-7,-6,-5,-4,-3,-2,-1,0,1,2,3
m250,cpu,memory,0.37430310231909936,0.39583260265637965,0.40824079071423175,0.37410967948006973,0.37161096987428494,0.3562549606957522,0.3339023753248398,0.3549757097221186,0.3947203992410949,0.4061570435920637,0.41873726402035044,0.4136344194613194,0.38512140436823505,0.33566029325098234
