name,machine_type,trace,-10,-9,-8,-7,-6,-5,-4,-3,-2,-1,0,1,2,3
m307,cpu,memory,22.99519502685916,22.929995061338325,22.86963449057611,22.95729182258362,23.01975585252307,23.016408238509072,23.03268450539876,22.998951571736804,22.9658401864104,23.61250378478787,24.1630141091228,24.71064771073375,25.101441249643138,25.612105106205455
