name,machine_type,trace,-10,-9,-8,-7,-6,-5,-4,-3,-2,-1,0,1,2,3
m393,cpu,memory,5.0189592241485474,5.020968110953126,5.009242272520961,4.98067983857397,4.977871869359163,4.972164627323368,4.960951680650253,4.964941476283672,4.967791330307542,4.952962081862149,4.941925672808606,4.972728679593708,4.987116198961736,4.994067154774192
