name,machine_type,trace,-10,-9,-8,-7,-6,-5,-4,-3,-2,-1,0,1,2,3
m19,cpu,memory,36.91488656070401,36.90591483028673,36.89743905586697,36.902583823226806,36.889705928229425,36.890566595502406,36.86229129793033,36.87212258445199,36.859433582436004,36.86164355100315,36.881441610895976,36.836967406105,36.814822175772136,36.799746476380285
