name,machine_type,trace,-10,-9,-8,-7,-6,-5,-4,-3,-2,-1,0,1,2,3
m128,cpu,memory,0.6761962504091069,0.5808319256196542,0.44048969216791134,0.3900002610772946,0.38328078926255715,0.41409226383378017,0.39421694711476574,0.46118149378735984,0.35445567525022376,0.39147203889433824,0.36863281089808103,0.40009095908712844,0.354911412112569,0.37078243311060394
m182,cpu,memory,0.38787942451053004,0.3826675958168815,0.37971259408626,0.3637719373263359,0.36060780117355756,0.34936690170109724,0.34234169129990505,0.39936591684984984,0.3386754028419626,0.34852047012570053,0.3635666897984077,0.3365106874201511,0.3927065402504864,0.3458219899552177
m406,cpu,memory,1.4731469332375382,1.3603305100173724,1.269567824000557,1.1500170124264917,1.1074383066516071,1.0341976324491757,0.9702329633284531,0.8925638311269677,0.7024553663264261,0.6781303273624573,0.5555901000118364,0.5492718729921354,0.46748933475021776,0.4293630140118246
m256,cpu,memory,0.37513392326302275,0.3698106622293723,0.3811285295295381,0.3713632695162395,0.3696212398433512,0.383005640939155,0.3722048298572598,0.3641639066273714,0.43004123698073865,0.38145687006122475,0.36375679363175534,0.3790267613918897,0.4460856911409568,0.4005661177377731
