name,machine_type,trace,-10,-9,-8,-7,-6,-5,-4,-3,-2,-1,0,1,2,3
m309,cpu,memory,38.11127962341387,38.10637978070537,38.1037869265363,38.1004231087691,38.09607096238361,38.10371877991069,38.09706287437863,38.092080850625564,38.0917688413002,38.09182966784245,38.10111123825084,38.1145969008217,38.10420721517088,38.09500681496544
