name,machine_type,trace,-10,-9,-8,-7,-6,-5,-4,-3,-2,-1,0,1,2,3
m224,cpu,memory,4.073426658879982,4.085719516048368,4.090289798790242,4.08749288833794,4.091038421390329,4.081438434814046,4.06028048298241,4.028824452786681,4.01805059771884,4.016084794621379,4.005833763854414,3.945471765262935,3.8923317786769593,3.8611766614393326
