name,machine_type,trace,-10,-9,-8,-7,-6,-5,-4,-3,-2,-1,0,1,2,3
m323,cpu,memory,15.163727265452792,15.17302791691636,15.178425129664856,15.14287995064034,14.355882536925932,12.234008097053334,10.593267864516754,9.88927481999296,8.040235302385659,6.5721813450157045,6.089468533590926,6.093620127107388,6.083773040601275,4.004590341557551
