name,machine_type,trace,-10,-9,-8,-7,-6,-5,-4,-3,-2,-1,0,1,2,3
m265,cpu,memory,1.3538291326377754,1.3378310055758478,1.3468310925612295,1.3522880093256082,1.2852756464373762,1.23393632597372,1.1697474923139692,1.1177769952862524,1.1109379513767466,1.0775829040045442,1.0301611816103937,0.981336004694939,0.9213948764133686,0.8828627803786905
