name,machine_type,trace,-10,-9,-8,-7,-6,-5,-4,-3,-2,-1,0,1,2,3
m311,cpu,memory,8.088736812684298,8.153301388052094,8.180063505801819,8.338185144042638,8.221513617135058,8.134513739862703,8.230700623415247,8.135909721398553,8.037922711477725,7.890131255581353,7.771892719712471,7.604638442448064,7.53181983775478,7.521601065125733
