name,machine_type,trace,-10,-9,-8,-7,-6,-5,-4,-3,-2,-1,0,1,2,3
m140,cpu,memory,0.501568515738024,0.4829257064616812,0.5172112707734388,0.5050143246289295,0.5391264810116848,0.5160395652645079,0.4846035647287847,0.4730421868197642,0.4730421868197642,0.5225756847971117,0.5234849627050177,0.47755565141177697,0.47755565141177697,0.4660994464616182
