name,machine_type,trace,-10,-9,-8,-7,-6,-5,-4,-3,-2,-1,0,1,2,3
m109,cpu,memory,36.521269833923945,36.54315277546668,36.57736071571766,36.587082310780595,36.56707143276191,36.59365568507015,36.61459310354029,36.53140778026087,36.59172082443061,36.59172082443061,36.62597379256446,36.54797331632555,36.486367858150345,36.44230293820688
