name,machine_type,trace,-10,-9,-8,-7,-6,-5,-4,-3,-2,-1,0,1,2,3
m374,cpu,memory,38.39288567261453,35.87205766647617,32.02665256424248,28.177208781766037,24.88416698957132,22.581579276822175,21.65297201193381,19.844030667760965,18.108849947343025,16.25417494822725,14.719492051094802,12.813106657496537,11.278004534559438,9.56940634156073
