name,machine_type,trace,-10,-9,-8,-7,-6,-5,-4,-3,-2,-1,0,1,2,3
m177,cpu,memory,53.98937323585953,53.80900075549999,53.72150328705632,53.533716314251414,53.3564106697953,53.20836933205431,53.12025219630681,52.896483612987545,52.8254047181851,52.66644195571327,52.488576401249745,52.051848011141516,51.58959612031724,51.838264195399326
m37,cpu,memory,32.73756354781752,32.77398636491948,32.72891880794645,32.71452386156881,32.68321821010246,32.73351134184175,32.75970568227502,32.717790457631494,32.72283519948301,32.72372689667168,32.75261197450674,32.6969499852437,32.62742923913953,32.70426404326369
