name,machine_type,trace,-10,-9,-8,-7,-6,-5,-4,-3,-2,-1,0,1,2,3
m48,cpu,memory,11.291794790653654,11.219691087368151,11.267950281128693,11.278265067241545,11.324227055109558,11.35495364154005,11.38819247983626,11.309625736411306,11.333534002524095,11.341308671659206,11.32829081823963,11.289925102213472,11.362231130442769,11.534546863000207
m5,cpu,memory,34.0733417623278,34.03360762699616,32.96298484310549,32.90235010720193,32.97481595623554,33.192096791677635,33.10129882921703,33.04546653406104,33.201007974237854,34.01545956414846,34.58043086868638,34.48428724723466,34.16302663471588,32.84595354352755
m48,cpu,memory,11.291794790653654,11.219691087368151,11.267950281128693,11.278265067241545,11.324227055109558,11.35495364154005,11.38819247983626,11.309625736411306,11.333534002524095,11.341308671659206,11.32829081823963,11.289925102213472,11.362231130442769,11.534546863000207
m272,cpu,memory,3.6664823530851343,3.671849718847078,3.7676124166454548,4.392580841233194,4.075090298107026,4.4802911274212205,7.548707307165247,7.465038673746665,7.319552702785628,7.131462994707203,6.86275108737542,6.869223012018101,6.975449261326169,6.9692021758048694
