name,machine_type,trace,-10,-9,-8,-7,-6,-5,-4,-3,-2,-1,0,1,2,3
m375,cpu,memory,8.533993369242467,8.517790600381463,8.481966398784301,8.488909265403,8.513482787161854,8.534078464123162,8.54030610672967,8.54030610672967,8.504823054712169,8.500306220648113,8.499086623205072,8.540148599623189,8.528220504467056,8.553561180616967
