name,machine_type,trace,-10,-9,-8,-7,-6,-5,-4,-3,-2,-1,0,1,2,3
m323,cpu,memory,9.618142295272847,9.618142295272847,9.57994510834738,9.599664445069005,9.551900008183653,9.508603983398935,9.520750450630919,9.488919123948172,9.482184230798143,9.462069618471576,9.462256504345543,9.340989167616833,9.09629109112803,9.0858962888014
m235,cpu,memory,21.26682956637969,21.26682956637969,21.241827175190316,21.262169397246428,21.246222783979256,21.243866373992557,21.232801078909493,21.22681745119687,21.210307089290435,21.205303612601032,21.184908487940863,21.15191784897024,21.146714424402404,21.148172056115747
