name,machine_type,trace,-10,-9,-8,-7,-6,-5,-4,-3,-2,-1,0,1,2,3
m208,cpu,memory,13.035433224151335,13.035433224151335,13.031812480354843,12.960667806984345,12.915421981169603,12.870984046095044,12.875084882868974,12.826659108347744,12.813874574227453,12.827067155198216,12.827067155198216,12.786729855107854,12.793442095751644,12.827836404340825
