name,machine_type,trace,-10,-9,-8,-7,-6,-5,-4,-3,-2,-1,0,1,2,3
m210,cpu,memory,28.39760933156883,28.365723474334864,28.285614441172527,28.289322526227515,28.27636159267387,28.24330215021988,28.248304617960628,28.245221361744036,28.18636705856327,28.056379590652003,28.168982954696546,28.19652615496264,28.235535757564225,28.371636683867678
