name,machine_type,trace,-10,-9,-8,-7,-6,-5,-4,-3,-2,-1,0,1,2,3
m374,cpu,memory,52.01454247766811,51.94927112374817,51.68660060480577,51.68660060480577,51.55991402353208,51.54069236445666,51.54121513008263,51.486291864704434,51.32608290880305,51.29741050857513,50.80184745471391,50.77583722746857,50.5801190529472,50.5543613756998
m31,cpu,memory,40.88729071431742,40.651062275623396,41.048752993429275,41.048752993429275,40.56836233989343,41.09924417216619,40.169672425675046,40.53323270497235,40.87456737183435,40.32879922280004,40.69988528051917,40.77791419928231,40.36941985219344,40.62534411453392
