name,machine_type,trace,-10,-9,-8,-7,-6,-5,-4,-3,-2,-1,0,1,2,3
m221,cpu,memory,3.1320951995033353,3.0466385864836107,3.047871156961911,3.060650971360487,3.0467848997496505,3.046120684622505,3.059234682501237,3.018887034156482,2.9499781001353784,2.962088638951969,2.9653306516298463,2.961079892279569,2.9502071485159087,2.9510930294724766
