name,machine_type,trace,-10,-9,-8,-7,-6,-5,-4,-3,-2,-1,0,1,2,3
m269,cpu,memory,31.28336968317004,31.268200915696042,31.230347170370568,31.201507839516093,31.187467962693223,31.187060990460562,31.193430137287773,31.217490955045214,31.22243701242869,31.179838070987945,31.152394822377477,31.16223807249024,31.194049732440405,31.23928127047101
m282,cpu,memory,12.665484943359314,12.622729159955314,12.60486893538553,12.613724639870686,12.614998560100625,12.582429090256188,12.591865014521963,12.599246997594756,12.563526700653219,12.564685374414424,12.593791947594447,12.614142465110154,12.589859837275014,12.580771822562477
m119,cpu,memory,17.44262265480251,17.466492808559774,17.554028988530355,17.639650299961875,17.6126090260368,17.509183977463668,17.467853252234143,17.472164267500712,17.46306449113641,17.463998426711544,17.45529123570141,17.407416650906725,17.413805030718862,17.43517050465172
m5,cpu,memory,16.07225799119923,16.10471418330567,16.073237106873243,16.025598769767416,15.972628605518334,15.91763907856011,15.860712421261374,15.779523277757377,15.688502697282267,15.600425167090721,15.594319123711282,15.586269841625608,15.631703301010207,15.676302270709805
