name,machine_type,trace,-10,-9,-8,-7,-6,-5,-4,-3,-2,-1,0,1,2,3
m253,cpu,memory,11.608180254306246,11.54730869742965,11.545958914755296,11.530444060714162,11.50548538444934,11.495832149916701,11.391802678749961,11.40503405275524,11.426859271645231,11.433576131115865,11.376948418032118,11.356425228825769,11.311176942160658,11.26644870246099
