name,machine_type,trace,-10,-9,-8,-7,-6,-5,-4,-3,-2,-1,0,1,2,3
m343,cpu,memory,27.706750904956905,27.677083297998045,27.665834308006755,27.631182102866756,27.65860763662596,27.624666982584326,27.59414728914843,27.57686242759118,27.55142707817375,27.556684211747374,27.536968635773004,27.435705475978132,27.387838780727233,27.401567196722223
m346,cpu,memory,4.439306803097321,4.428759749851304,4.449131703901578,4.459757668479205,4.4782480059843035,4.420801208319934,4.3570604134904025,4.267615986011103,4.224126702507148,4.233366514177739,4.238814937790308,4.216120117604721,4.223658913781556,4.214006474292882
