name,machine_type,trace,-10,-9,-8,-7,-6,-5,-4,-3,-2,-1,0,1,2,3
m393,cpu,memory,23.271830271772984,22.416230230436753,21.352120217189658,20.892742047803676,18.886732494085933,16.56885667313111,15.23643577762054,14.049285517460952,12.934548013113957,11.712959805159105,11.399784276556332,10.904743008739244,10.079746506364804,10.065326945399894
m348,cpu,memory,14.339182941304978,12.33607897097505,10.77549928609595,8.792375742465058,7.696208824521591,6.1468931962848155,5.27281683804382,3.9597204452779264,3.405935183412251,2.9668214094179,2.27507798605187,1.7242215777536947,1.4157732543090928,1.2948510045206352
