name,machine_type,trace,-10,-9,-8,-7,-6,-5,-4,-3,-2,-1,0,1,2,3
m191,cpu,memory,34.128266750470864,34.15708489838369,34.14500406524909,34.152744512969996,34.11311073838777,34.12846841337271,34.15432172876056,34.16277791670435,34.23822567145779,34.23567204135065,34.203003255106864,34.178542907856496,34.11858962676002,34.09479383404486
