name,machine_type,trace,-10,-9,-8,-7,-6,-5,-4,-3,-2,-1,0,1,2,3
m246,cpu,memory,26.205453686614323,26.196136325976752,26.189227369308245,26.202046406443674,26.24277991612634,26.21072071469939,26.576812462863877,26.70229301583104,26.628934233418004,26.602101878175517,26.622790184762767,26.627811076700937,26.66107415073707,26.656052955925
