name,machine_type,trace,-10,-9,-8,-7,-6,-5,-4,-3,-2,-1,0,1,2,3
m315,cpu,memory,12.594119576187351,12.568370045649456,12.571731743867304,12.589233904758942,12.607418465894067,12.596962350534007,12.525726840361713,12.47908119445558,12.451899915807116,12.398958846767679,12.397430595652693,12.502974082861511,12.501306976560771,12.573014263361328
