name,machine_type,trace,-10,-9,-8,-7,-6,-5,-4,-3,-2,-1,0,1,2,3
m41,cpu,memory,76.00587205843576,75.70930218400547,75.47184996160468,75.17624262040191,74.99914377550841,74.68508000542569,74.45112981350661,74.15342557602526,73.97667180482128,73.6953744467024,73.45605420035811,73.12484261915407,72.87831235760005,72.5796105538467
