name,machine_type,trace,-10,-9,-8,-7,-6,-5,-4,-3,-2,-1,0,1,2,3
m331,cpu,memory,47.66218689995003,47.658018546906774,47.61825635379451,47.609508498293096,47.570149682094474,47.579553613555085,47.56240100756149,47.562665062485,47.53399451448437,47.56326879047796,47.57146163146596,47.563818809465126,47.54845431981763,47.49164123522937
