name,machine_type,trace,-10,-9,-8,-7,-6,-5,-4,-3,-2,-1,0,1,2,3
m2,cpu,memory,21.181568867840767,21.131453717230123,21.009642125751487,20.970184746682662,21.03774646373982,21.08257767184271,21.071733036770798,21.032798371470403,20.969555188594285,20.91618931487001,20.88426424970969,20.849900542540382,20.86073218181032,20.910876882133397
