name,machine_type,trace,-10,-9,-8,-7,-6,-5,-4,-3,-2,-1,0,1,2,3
m232,cpu,memory,23.339969501583454,23.34860029821872,23.359500981341697,23.37260537490003,23.35931925700673,23.36199358235968,23.3720837257317,23.36990469951851,23.40193628831135,23.415949632919872,23.39702342202551,23.39024028295751,23.379291670041187,23.396259825834793
