name,machine_type,trace,-10,-9,-8,-7,-6,-5,-4,-3,-2,-1,0,1,2,3
m57,cpu,memory,58.38099266092644,58.32868593475151,58.29567651759961,58.307577644296536,58.32781900934675,58.33534693992272,58.36015049440225,58.33746463417286,58.31739025296391,59.28553300784789,59.77599870999953,59.84253949823851,59.881540366714255,59.88310885027193
