name,machine_type,trace,-10,-9,-8,-7,-6,-5,-4,-3,-2,-1,0,1,2,3
m325,cpu,memory,0.3793470757654486,0.36785301157883854,0.36669335793315466,0.37577418604383156,0.42653306132027213,0.4521613161734779,0.432474437500337,0.4362556161148537,0.41919926028276544,0.3948115895156507,0.3881648452941363,0.3762640214710936,0.3940100716207406,0.40766982296218424
