name,machine_type,trace,-10,-9,-8,-7,-6,-5,-4,-3,-2,-1,0,1,2,3
m419,cpu,memory,19.466564166696095,19.468434664740712,19.481163596893385,19.46433269218969,19.446516211234186,19.448517526191473,19.450329014937196,19.482718348905998,19.515798235347674,19.51975497986767,19.479506270958495,19.466435445292163,19.45615953989761,19.439996774998804
