name,machine_type,trace,-10,-9,-8,-7,-6,-5,-4,-3,-2,-1,0,1,2,3
m223,cpu,memory,31.094299574141132,30.99390747965853,30.99390747965853,30.922412734611417,31.00308773875019,30.99354314697543,30.99354314697543,30.960700916211696,30.960700916211696,30.920522801527767,30.88717224615397,30.863573423688287,30.91792182087359,30.92136357945088
