name,machine_type,trace,-10,-9,-8,-7,-6,-5,-4,-3,-2,-1,0,1,2,3
m141,cpu,memory,0.3442343628746331,0.3869461943320059,0.3571320456266191,0.3556752600672101,0.381262765755939,0.36571850782771514,0.3594696641813037,0.4228344537004557,0.4052719198770138,0.3746036667972861,0.41241891081581444,0.4105332810590664,0.4418012370702379,0.41244026342517304
