name,machine_type,trace,-10,-9,-8,-7,-6,-5,-4,-3,-2,-1,0,1,2,3
m278,cpu,memory,17.092913840335846,17.087594592248756,17.093906635586862,17.108452759979226,17.096900771160847,17.07516548064027,17.07177008770198,17.08507685212988,17.048169144551167,17.039177373914963,17.148883976341672,17.187792923159197,17.18011565057827,17.17290018496357
