name,machine_type,trace,-10,-9,-8,-7,-6,-5,-4,-3,-2,-1,0,1,2,3
m394,cpu,memory,11.080098120237421,11.006184826270932,11.271929306424543,11.339996932493225,11.074488189122153,11.270405484840223,11.38019175578327,11.12137352185426,11.00990569506499,11.27895984235202,11.320908393875804,11.070173990185129,11.006284118365297,11.002844493155989
