name,machine_type,trace,-10,-9,-8,-7,-6,-5,-4,-3,-2,-1,0,1,2,3
m49,cpu,memory,0.36363569456040307,0.3696189178038723,0.41198269669342275,0.37658848775353654,0.35220334092920863,0.3381106566118188,0.3472839369779098,0.36884152886863697,0.3607250764620283,0.43291222908460425,0.4173463282991856,0.41869778946278713,0.3590876392523291,0.3789661866135676
