name,machine_type,trace,-10,-9,-8,-7,-6,-5,-4,-3,-2,-1,0,1,2,3
m339,cpu,memory,7.114052178909607,7.052641531871632,6.712214583948798,7.450338298021974,7.2563660078937415,7.225075462544465,7.4810604878308,7.389370086514715,7.202475227225079,7.075602086037872,6.959128107236257,6.263750285382924,6.238780793870026,7.331161308491839
m196,cpu,memory,7.851843375309029,7.722026955995937,8.101220121414874,8.043174390629845,7.905640365966158,7.887505678128283,7.825272475953478,7.714190977495803,7.562078787032164,7.5064102123382215,7.322942043081873,6.856970952114669,7.121020953928884,7.145869018187638
m19,cpu,memory,6.654255172222878,6.610044745982998,6.060286230365518,6.6474456333414125,6.653572380893479,6.596104482951562,6.526242064060432,6.067691724170809,6.629320965518352,6.364589913899617,6.619402489175136,6.665341946743745,6.704057937715922,6.2493574024968686
m86,cpu,memory,6.944874584199578,7.08240295515419,6.751664539444509,7.061981506399029,7.026586111196758,6.937063365640084,6.992979615458889,6.899928754974477,5.959635494262327,5.943974364814389,6.983660513864325,7.025880377170068,7.000054509728643,7.0450747577190596
