name,machine_type,trace,-10,-9,-8,-7,-6,-5,-4,-3,-2,-1,0,1,2,3
m184,cpu,memory,53.84590812223579,53.84233996491872,53.8471088146691,53.84682734449683,53.812064690713356,53.77284009875869,53.73674601134771,53.70377960228843,53.69003276209601,53.67636386082073,53.66310283035046,53.62282908323526,53.59088901157469,53.53977056189648
