name,machine_type,trace,-10,-9,-8,-7,-6,-5,-4,-3,-2,-1,0,1,2,3
m47,cpu,memory,28.143936597575884,28.155509357864343,28.155265141180728,28.15691181541944,28.14839278114314,28.14700188201293,28.157456180129643,28.16819326213414,28.164801377422002,28.158933347208997,28.152282690860073,28.154338144525486,28.154018158259,28.15442915812991
