name,machine_type,trace,-10,-9,-8,-7,-6,-5,-4,-3,-2,-1,0,1,2,3
m105,cpu,memory,43.92608489882286,43.779274705695926,43.65212607477072,43.529435395439116,43.454840079253614,43.40226606876231,43.32073292066867,43.18061033450544,43.10313383009901,42.95663160860988,42.88880814943992,42.76491485821171,42.66126525469786,42.54203157607214
