name,machine_type,trace,-10,-9,-8,-7,-6,-5,-4,-3,-2,-1,0,1,2,3
m393,cpu,memory,14.066745490669637,14.0564689795273,14.099685095957415,14.111923397014184,14.07259446500386,13.93357168909165,13.94314676947741,13.889396976605296,13.86871805986587,13.95390073613348,13.806888273031847,13.684079648927968,13.714636141541693,13.870034753567566
