name,machine_type,trace,-10,-9,-8,-7,-6,-5,-4,-3,-2,-1,0,1,2,3
m199,cpu,memory,19.288829689831086,19.278065021693948,19.268232599395184,19.270027405468365,19.2474446472976,19.227395355404642,19.173351876509713,19.097334137700766,19.019089141904352,18.93501791249198,18.882088831579765,18.84875695406027,18.78472487026548,18.72154850610936
