name,machine_type,trace,-10,-9,-8,-7,-6,-5,-4,-3,-2,-1,0,1,2,3
m310,cpu,memory,51.338630516931225,51.325618448799865,51.34138666934488,51.36845148029917,51.364157940011715,51.37766409578726,51.407144225700165,51.423821067920024,51.424360789194864,51.42070934155761,51.41006251597281,51.40432780138209,51.432083770557036,51.43732258026021
