name,machine_type,trace,-10,-9,-8,-7,-6,-5,-4,-3,-2,-1,0,1,2,3
m0,cpu,memory,40.485683626277,40.502116301030235,40.50815585819287,40.477127690602934,40.46536815745033,40.42032253184583,40.38338221478169,40.36749824530011,40.343955303067425,40.318057565544485,40.297021762276586,40.29443703648558,40.31255172139588,40.324448861515215
