name,machine_type,trace,-10,-9,-8,-7,-6,-5,-4,-3,-2,-1,0,1,2,3
m138,cpu,memory,29.813677836812275,30.01579684212777,29.978608976767205,30.028127595439955,30.20142618128844,30.134843494232463,30.00383090041803,29.65058105447484,29.689824222063862,29.65802645191535,29.69801968669695,29.745626112947974,29.79417164891694,29.44806382110184
