name,machine_type,trace,-10,-9,-8,-7,-6,-5,-4,-3,-2,-1,0,1,2,3
m350,cpu,memory,46.48644897724333,46.47456587154294,46.47456587154294,46.58485154424191,46.69828155146364,46.75809803578104,46.94691022555867,46.70304808044282,46.7062367367737,46.74445518166043,46.77193715029045,46.77129445189245,46.63703853300971,46.682840056129194
