name,machine_type,trace,-10,-9,-8,-7,-6,-5,-4,-3,-2,-1,0,1,2,3
m172,cpu,memory,19.319342114293583,19.27201615115915,19.251623701254037,19.238189250872324,19.21428586220716,19.18772129859483,19.15643896869986,19.124663711546297,19.073730872453687,19.033919916644866,19.000737709937795,18.992744968265175,18.94637442082183,18.86896212568043
