name,machine_type,trace,-10,-9,-8,-7,-6,-5,-4,-3,-2,-1,0,1,2,3
m65,cpu,memory,40.881170799991715,40.85340736118941,40.84776012604339,40.84134611453079,40.83824529162849,40.82877321354227,40.8273388027916,40.82200892837402,40.812655273979416,40.82010051998299,40.81166629039634,40.80439085631899,40.80299289076229,40.809560913648774
m116,cpu,memory,0.5013128901735049,0.5137189833662265,0.5482159915135645,0.5913056960099575,0.572069266532114,0.4623036794150124,0.37894899852021874,0.4036003462431614,0.44196355224295986,0.5071788381285035,0.4834892285891329,0.43964558263199355,0.4611300935703144,0.5093556432727984
m165,cpu,memory,16.53731364453393,16.571154880220643,16.617610030942508,16.58039990378302,16.44804704188825,16.414095181512625,16.539602487709224,16.44912749395449,16.42394867872325,16.588022230118316,16.48241429380621,16.360284889580658,16.459924594963713,16.457685700614853
m21,cpu,memory,28.358696800049504,28.61326760624105,27.91302049408302,26.57163170462091,26.106009133101626,25.99421050498709,26.04411321886437,26.105923822991173,26.123014593493867,26.298896288543958,26.608972320642774,26.744434889109694,26.64506580230597,26.20943228916449
m56,cpu,memory,21.372676268213247,21.378165100313954,21.34672964305827,21.309826906965196,21.313409602229054,21.309150286691338,21.31060256700161,21.31232359678072,21.313894300782607,21.315850765795435,21.3123881600296,21.31221113023995,21.32263135504386,21.32501795019978
m29,cpu,memory,40.09922057826985,40.03926315726587,39.995123982109,39.9382355330317,39.87784793077466,39.827668390160454,39.759973046646635,39.742776372501815,39.72953098925397,39.63753042103227,39.53234433637332,39.51269165784143,39.465024556485105,39.44276817143401
