name,machine_type,trace,-10,-9,-8,-7,-6,-5,-4,-3,-2,-1,0,1,2,3
m14,cpu,memory,15.956950353093411,15.859531874478641,15.853929010357744,15.843208284111277,15.849509651144704,15.795323215205045,15.80198795518993,15.787631732727602,15.828034201246737,15.780855181734633,15.74220539407346,15.761706333353546,15.769454150374827,15.761876876530915
