name,machine_type,trace,-10,-9,-8,-7,-6,-5,-4,-3,-2,-1,0,1,2,3
m85,cpu,memory,31.107379945436477,31.158565329573403,31.158445287730906,31.144632925004448,31.12223467536963,31.07331449313543,30.9330344015101,30.89640838696257,30.807852152319427,30.750499542709278,30.6868689536493,30.598085254885213,30.60062885500195,30.547531884048666
