name,machine_type,trace,-10,-9,-8,-7,-6,-5,-4,-3,-2,-1,0,1,2,3
m244,cpu,memory,44.307730147389876,44.307730147389876,44.45422461639351,44.564546067572444,44.564546067572444,44.466446643331935,44.51226175662635,44.52094091816883,44.33326305816729,44.44919511649459,44.36572340554648,44.64633118210599,44.688619782162604,44.64739225547861
