name,machine_type,trace,-10,-9,-8,-7,-6,-5,-4,-3,-2,-1,0,1,2,3
m381,cpu,memory,70.43991423239854,70.39768290910192,70.34864964584047,70.27696888511393,70.1915713709302,70.14567810163007,70.10173311974768,70.10965286691945,70.06294991538006,70.01253918165958,69.98690009844007,69.99099879048826,69.91881485590078,69.8447532035123
