name,machine_type,trace,-10,-9,-8,-7,-6,-5,-4,-3,-2,-1,0,1,2,3
m300,cpu,memory,3.4533691343397748,3.396516259694009,3.3088710042150353,3.2628359393915427,3.217539142361693,3.182278791055843,3.6716747293715772,3.806028161721756,3.7370017883491804,3.694340448487178,3.5216461093031897,3.46933183778244,3.4364642659387843,3.4938831740287335
