name,machine_type,trace,-10,-9,-8,-7,-6,-5,-4,-3,-2,-1,0,1,2,3
m319,cpu,memory,5.198973205072399,5.129094292237021,5.044515066832759,4.959760603895103,4.959760603895103,4.920781516405982,4.818630822530983,4.790155742336033,4.767117084564995,4.723489084818683,4.68883622282093,4.642716176694448,4.607417284685891,4.609137621073081
