name,machine_type,trace,-10,-9,-8,-7,-6,-5,-4,-3,-2,-1,0,1,2,3
m333,cpu,memory,36.09648911897116,36.152253612040326,36.163321499493506,35.9910611533165,35.94581235954556,35.86814778446123,35.853089364786484,35.81675027679056,35.81199366602183,35.84480729950649,35.836869538000656,35.84583183299758,35.85082095707122,35.97479777111908
