name,machine_type,trace,-10,-9,-8,-7,-6,-5,-4,-3,-2,-1,0,1,2,3
m16,cpu,memory,0.6066366423739595,0.49761833349198875,0.55333187227599,0.5409265236419423,0.450263634553483,0.43399430915479953,0.8470987497910928,0.7427600065785723,0.6936730204359313,0.7415672261009936,0.6661845519996916,0.5104335209677475,0.5402228592472033,0.5612192636760132
