name,machine_type,trace,-10,-9,-8,-7,-6,-5,-4,-3,-2,-1,0,1,2,3
m54,cpu,memory,65.96836869880713,65.82038330387077,65.7987363010896,65.71991276505024,65.7047266681249,65.6617346278325,65.60325533363952,65.47935154215207,65.4161649819357,65.34468714671654,65.30637157963757,65.23845291773867,65.17525706875861,65.10898220379646
