name,machine_type,trace,-10,-9,-8,-7,-6,-5,-4,-3,-2,-1,0,1,2,3
m102,cpu,memory,27.408440565708464,27.411244674416924,27.4039893303434,27.37805131059287,27.378953774462893,27.383086589040893,27.371410597972403,27.362925485571967,27.348686575632673,27.34845316208218,27.364337080453783,27.366673549980643,27.33419865413746,27.32924237466518
