name,machine_type,trace,-10,-9,-8,-7,-6,-5,-4,-3,-2,-1,0,1,2,3
m223,cpu,memory,5.098691785631494,5.111316616998882,5.137040933285301,5.1370767608058285,5.140356922911204,5.107098959114811,5.106595027501252,5.1458428271678605,5.152095015053136,5.20104397904573,5.193223017979624,5.192523303571531,5.200786687674808,5.224877655605853
m321,cpu,memory,19.922724049219795,19.91342072110821,19.916271042693648,19.92396608393932,19.91437260453253,19.9201119133416,19.931251715402002,19.952894377621714,19.925717452217555,19.93360277398563,19.925012513234833,19.922275290439405,19.912878173641356,19.906865672582057
