name,machine_type,trace,-10,-9,-8,-7,-6,-5,-4,-3,-2,-1,0,1,2,3
m49,cpu,memory,0.5030318888045755,0.48866067408461356,0.4229384530229874,0.42769564275321825,0.42953885753908544,0.3930629218692577,0.45219297910227696,0.40234642309871377,0.38229726939197034,0.42594467830052735,0.4790016975740891,0.44642917536722404,0.45763068862664924,0.43658654370067435
