name,machine_type,trace,-10,-9,-8,-7,-6,-5,-4,-3,-2,-1,0,1,2,3
m256,cpu,memory,37.48777373818042,37.456458192484355,37.47720899142025,37.43089260729353,37.693580182016305,37.70883427413031,37.50860666705091,37.49288640090775,37.47965096328132,37.4777782940095,37.45177687328865,37.43510760291609,37.295873446203935,37.28745269450546
