name,machine_type,trace,-10,-9,-8,-7,-6,-5,-4,-3,-2,-1,0,1,2,3
m57,cpu,memory,10.010309461360894,10.006957997630435,10.004675994294098,10.003947923317904,10.005736658662517,10.005664915409442,10.008537977145258,10.011223635660638,10.01749248160995,10.026170613648551,10.042805129242044,10.058804783299486,10.058790497684498,10.06678776921476
