name,machine_type,trace,-10,-9,-8,-7,-6,-5,-4,-3,-2,-1,0,1,2,3
m236,cpu,memory,43.033721040182826,43.18941866445819,43.24902071216737,43.2289234147626,43.213364379749706,43.215317410929785,43.16321658978415,43.05920893822045,43.03914096847319,42.89705146814787,42.83812826115677,42.86100998046706,42.8154702653254,42.86511235621895
