name,machine_type,trace,-10,-9,-8,-7,-6,-5,-4,-3,-2,-1,0,1,2,3
m288,cpu,memory,26.08968599647722,25.975487295318583,25.84732454227729,25.719717108516267,25.719717108516267,25.5870811106428,25.219711989947495,25.219711989947495,25.185156729061312,25.190857497167674,24.841093072859163,24.816380583094027,24.722590230826857,24.723590699009318
