name,machine_type,trace,-10,-9,-8,-7,-6,-5,-4,-3,-2,-1,0,1,2,3
m149,cpu,memory,15.890230263510583,15.84793634753834,15.849420429607232,15.853987717350636,15.841049600990907,15.823914005720138,15.812887982780225,15.802839964623422,15.751059811210528,15.706479071285369,15.710100660478611,15.732030648558705,15.774214040736902,15.804934615281407
