name,machine_type,trace,-10,-9,-8,-7,-6,-5,-4,-3,-2,-1,0,1,2,3
m179,cpu,memory,25.91970655638988,25.926238789047183,25.925792101167023,25.909300617768846,25.875126042862952,25.866143005784714,25.86137304486574,25.85421643768088,25.85277914962824,25.85086432977551,25.84035314247715,25.84404583207363,25.830679804689954,25.811089518179735
m168,cpu,memory,14.209389653985358,14.1733723451059,14.091032645163972,13.899490653001259,13.816183447588973,13.687886622308566,13.699571370786334,13.78444804352855,13.55824518838635,13.5453401104572,13.472782101437192,13.522455842652409,13.478787005472812,13.007528657473314
