name,machine_type,trace,-10,-9,-8,-7,-6,-5,-4,-3,-2,-1,0,1,2,3
m15,cpu,memory,2.2621371184614296,2.1014152327758495,1.7766211839934054,1.7246436956140712,1.6814415113261811,1.6288069506650535,1.4796672023761244,2.557909980245959,2.4523180962501123,2.453773165650333,2.254099918119558,2.286456907617587,2.0404685504912887,2.0069250146636395
m125,cpu,memory,2.4474288914191646,2.142828542908235,2.1821170917961097,2.034829316327005,1.760046826726634,1.7540165949186182,1.7889662354709124,2.9217878982011776,2.893668707511715,2.6968990741205707,2.7318948902584914,2.6471620701212424,2.6093542843722948,2.6348695546378744
