name,machine_type,trace,-10,-9,-8,-7,-6,-5,-4,-3,-2,-1,0,1,2,3
m37,cpu,memory,55.50816743740849,55.19771152152471,55.13508790375144,55.03834419454781,54.94051195775789,54.874457214335976,54.84352135367768,54.74903373886282,54.734846625386965,54.70427243131519,54.69392333211923,54.6184943582329,54.611780790447575,54.480757809881574
