name,machine_type,trace,-10,-9,-8,-7,-6,-5,-4,-3,-2,-1,0,1,2,3
m333,cpu,memory,44.34746854132451,44.505479093402435,44.24207181889052,44.38758154730419,44.41455337229346,44.04253329571933,44.26705039529222,43.70451089650283,43.70451089650283,43.94234407702424,43.661664684068434,43.661664684068434,43.72187050277799,43.353383703633
