name,machine_type,trace,-10,-9,-8,-7,-6,-5,-4,-3,-2,-1,0,1,2,3
m128,cpu,memory,0.4434588027866033,0.3997468312538416,-1,-1,-1,-1,-1,-1,-1,-1,-1,-1,1.2516099514040355,1.4519235248269666
