name,machine_type,trace,-10,-9,-8,-7,-6,-5,-4,-3,-2,-1,0,1,2,3
m403,cpu,memory,19.661123931068506,19.612916633306245,19.575570121021716,19.533925337983966,19.52644992882875,19.521025302118236,19.64977419600072,19.68375493941162,19.684494041818645,19.683257687316093,19.691428795254144,19.710705264341115,19.644629599998353,19.68153097020019
