name,machine_type,trace,-10,-9,-8,-7,-6,-5,-4,-3,-2,-1,0,1,2,3
m237,cpu,memory,15.357833741397851,15.325460964408926,15.35996445922533,15.373612612881857,15.465811867701532,15.473839868248948,15.474907019229645,15.490167976548294,15.469011023723748,15.453153758254603,15.489857555985786,15.497342327032205,15.498891552164185,15.49831917105112
