name,machine_type,trace,-10,-9,-8,-7,-6,-5,-4,-3,-2,-1,0,1,2,3
m170,cpu,memory,54.2617612291784,54.155510961941744,54.06738948454485,54.02779929339902,54.02779929339902,54.020522583026874,54.020522583026874,53.98987914589286,53.84443093868897,53.82682682979741,53.81850650728077,53.76634443628721,53.64846021416967,53.62439730563069
