name,machine_type,trace,-10,-9,-8,-7,-6,-5,-4,-3,-2,-1,0,1,2,3
m186,cpu,memory,12.819049124123536,12.82796744784103,12.825573532601739,12.792092338253681,12.775793179776674,12.731432856136841,12.708306819248072,12.601269520146596,12.54276660122218,12.516865608372791,12.516718588274808,12.518844586380572,12.525855334610231,12.49527318592774
