name,machine_type,trace,-10,-9,-8,-7,-6,-5,-4,-3,-2,-1,0,1,2,3
m344,cpu,memory,21.407392702811674,21.377400655120898,21.316374948979586,21.28533493077155,21.481269526022924,22.484500435028917,22.89648970084258,24.120356718260336,24.893068086947387,25.50234062927783,26.445934695959522,27.23708186506404,27.555175748441762,27.480538137252395
