name,machine_type,trace,-10,-9,-8,-7,-6,-5,-4,-3,-2,-1,0,1,2,3
m335,cpu,memory,0.9931688648849888,0.9931688648849888,0.8238563587858658,0.8529703387723225,0.7866737930937302,0.7633716854465642,0.6793882888380794,0.8731521133843546,0.7124703711154682,0.6855671686155289,0.6889619306296427,0.6990770099877511,0.6976005502514427,0.7876549782987828
