name,machine_type,trace,-10,-9,-8,-7,-6,-5,-4,-3,-2,-1,0,1,2,3
m125,cpu,memory,21.085571505769657,21.080735012921508,21.06780027985245,21.05159026662655,21.0669023590908,21.08413502601172,21.079036901231188,21.07979494347192,21.091518788615286,21.10910167808188,20.99628307102738,20.904484089989044,20.895820104054142,20.884432045729596
m347,cpu,memory,4.641782416486613,4.357013013726366,3.9139145172362806,4.287981642934579,4.108454052304261,4.431772057858787,4.975322466235769,4.888840435796762,4.935780538161171,4.4318471705839055,4.011602705051531,3.9147561659218293,4.467827705461925,4.143828019178701
m409,cpu,memory,18.20726323696714,18.21261496808981,18.2216464657479,18.193875150899345,18.16579813539929,18.159209113887307,18.158625526440257,18.155573516587285,18.13313767875541,18.12430309985825,18.082032908944417,18.05253077088947,17.987567450772847,17.954201197066656
m125,cpu,memory,21.085571505769657,21.080735012921508,21.06780027985245,21.05159026662655,21.0669023590908,21.08413502601172,21.079036901231188,21.07979494347192,21.091518788615286,21.10910167808188,20.99628307102738,20.904484089989044,20.895820104054142,20.884432045729596
