name,machine_type,trace,-10,-9,-8,-7,-6,-5,-4,-3,-2,-1,0,1,2,3
m63,cpu,memory,24.263855819897493,24.25598129936958,24.296390557942775,24.286558841718772,24.268412103285932,24.276197904479147,24.32529146614648,24.27112110769947,24.295816990510538,24.302013690005907,24.263196866636328,24.26978911943414,24.25424997187816,24.245158100852887
