name,machine_type,trace,-10,-9,-8,-7,-6,-5,-4,-3,-2,-1,0,1,2,3
m294,cpu,memory,27.729890067075054,27.72152120713903,27.732195543137994,25.870471830880554,25.029457312151102,26.835892809537572,27.703303948306452,27.672877842903066,27.667943321133976,27.656004738401457,27.62956526170636,27.629175260460947,27.63179087938889,27.621196350660366
m158,cpu,memory,30.014311951764178,30.029039245853703,30.0121423657516,29.989094116910902,29.935689069678016,29.895683365956895,29.85153909305382,29.823535675909433,29.811307748283447,29.80937521030806,29.793009067483997,29.785448678291655,29.7855876974079,29.786478146649237
