name,machine_type,trace,-10,-9,-8,-7,-6,-5,-4,-3,-2,-1,0,1,2,3
m380,cpu,memory,11.226726450843174,11.284846549851437,11.36175382795497,11.449452692302055,11.55944153533651,11.646882742213856,11.562611299908394,11.600383725130495,11.655402950694372,11.637695315043667,11.679590850953579,11.704942720754635,11.741063902696068,11.758665229610818
