name,machine_type,trace,-10,-9,-8,-7,-6,-5,-4,-3,-2,-1,0,1,2,3
m231,cpu,memory,1.9201114003489472,1.8848652210235852,1.8824985139492505,1.8719797541789178,1.8718915295319307,1.8577166906714417,1.8221387760902383,1.8062774975420268,1.7982480456607832,1.7996541755618203,1.8097961349778093,1.7797662895763042,1.778432445583708,1.8057083974996913
