name,machine_type,trace,-10,-9,-8,-7,-6,-5,-4,-3,-2,-1,0,1,2,3
m14,cpu,memory,30.96130461959614,30.965037792074167,30.95797285535149,30.950275921143994,30.94266086321422,30.93940375738384,30.938488271829435,30.93144640273953,30.93111248427403,30.94804692073869,30.943537582803454,30.915397569533944,30.888772531470263,30.874875920138454
