name,machine_type,trace,-10,-9,-8,-7,-6,-5,-4,-3,-2,-1,0,1,2,3
m318,cpu,memory,26.235014987359477,26.274619058662523,26.27037284732153,26.25928300453179,26.264656303960233,26.2324758604279,26.21729277961027,26.226159081919533,26.220184891365037,26.221771757123076,26.236820285789108,26.258424516177467,26.270108638824475,26.247905939473632
