name,machine_type,trace,-10,-9,-8,-7,-6,-5,-4,-3,-2,-1,0,1,2,3
m298,cpu,memory,57.217608612167616,57.286923725253764,57.29369053374012,57.227512991624145,57.21098698060233,57.26508641544873,57.14668473329621,57.115179488217024,57.1462882713721,57.10205010756263,57.0932448555658,57.05445832147835,57.09853111614299,57.15338763539145
