name,machine_type,trace,-10,-9,-8,-7,-6,-5,-4,-3,-2,-1,0,1,2,3
m105,cpu,memory,25.183627291627154,25.183775548397097,25.1965784821063,25.19367498154438,25.186447501868884,25.18979516699285,25.187835294648746,25.187648245412174,25.191653398644856,25.17232176643807,25.127680678132826,25.122116935853914,25.12478626378765,25.09842432280881
