name,machine_type,trace,-10,-9,-8,-7,-6,-5,-4,-3,-2,-1,0,1,2,3
m116,cpu,memory,67.81530419010582,67.84118577309258,67.8556934325007,67.98514627688331,68.01365670492227,68.04511985053053,68.12373076909797,68.15285835380105,68.18541588310667,68.29767124504976,68.35299297859572,68.53250845427037,68.50665342196615,68.59250020035108
