name,machine_type,trace,-10,-9,-8,-7,-6,-5,-4,-3,-2,-1,0,1,2,3
m116,cpu,memory,31.604770954345334,31.774890070406673,31.80467590040319,31.787182813045458,31.75437778466042,31.658931469390865,31.56103243023709,31.528542138935403,31.511749547778997,31.47335821301012,31.406651147004624,31.365762565889458,31.365351566018546,31.39945622627248
