name,machine_type,trace,-10,-9,-8,-7,-6,-5,-4,-3,-2,-1,0,1,2,3
m204,cpu,memory,18.32261654451056,18.32023403758429,23.08283274778219,33.385613253906875,33.38924587225288,33.35634821556698,33.337277760981735,33.30353054302987,33.29286695905405,33.30881670138712,33.32489663027657,33.33805236095953,33.318014476054515,33.27735794745029
m182,cpu,memory,0.39587010853364757,0.4211366941010342,0.4273918476138777,3.6641822350409217,9.680005606460748,9.617739908378224,10.325431522605811,12.640080285470454,12.598832849146511,12.510931173059053,12.47461044757583,12.421455713688706,12.374637543242063,12.303141056670068
m172,cpu,memory,26.96584024698518,26.96660268089734,32.891805238034344,45.68831817217303,45.65903950450801,45.60517686593487,47.15317850096929,51.819648774108835,51.522587638226334,50.64279228890341,50.42963847844092,50.258621744491826,50.09836879655967,49.789504159700314
m128,cpu,memory,0.43787518376494783,0.41295492188549177,0.40986698374963454,2.6372928486446483,6.779769860970586,6.772544614990041,8.299594948572317,12.888556057467229,12.85500096188962,12.796786277825857,12.77180763706058,12.731670889839254,12.72869093879609,12.650295868418498
m406,cpu,memory,0.74235612424411,0.7461194080658408,0.7584881846774766,3.988249689357393,10.01152616881912,10.954843940895735,13.551656898882705,14.828830315303534,14.787065419125067,14.740391340932359,14.7305100045001,14.706728195093916,14.694081014283475,14.669547017567472
m172,cpu,memory,26.96584024698518,26.96660268089734,32.891805238034344,45.68831817217303,45.65903950450801,45.60517686593487,47.15317850096929,51.819648774108835,51.522587638226334,50.64279228890341,50.42963847844092,50.258621744491826,50.09836879655967,49.789504159700314
m35,cpu,memory,0.42774455688671326,0.4070210166010631,3.3688562006478353,9.763748975453343,9.839549741653112,9.938512511205577,11.002058800421915,14.27589233065609,14.299404733735685,14.294963189010087,14.271578497817885,14.256043893938166,14.230440802926864,14.188567376811042
m356,cpu,memory,2.6220997225841733,2.6110342753069764,2.6232518295021703,4.821046544690466,8.831505269876992,8.793368209665784,10.325728906908136,14.956049464735514,14.927837973227586,14.872359855858681,14.867255320184347,14.84283593605993,14.849644389706382,14.91120214524366
