name,machine_type,trace,-10,-9,-8,-7,-6,-5,-4,-3,-2,-1,0,1,2,3
m50,cpu,memory,27.457448792656834,27.488453790394068,27.5729539914569,27.63714089492026,27.651178846139523,27.74738249757504,27.89635798726306,28.04720589445899,28.20032308428781,28.40802900173492,28.514645457564004,28.567940762228186,28.66288884994604,28.745362873891004
