name,machine_type,trace,-10,-9,-8,-7,-6,-5,-4,-3,-2,-1,0,1,2,3
m196,cpu,memory,22.73370188643792,22.722876467477008,22.742189548657933,22.752993741837926,22.727562732981955,22.705197667313747,22.68302169528088,22.675976545688133,22.664801080226994,22.633233316297687,22.620450775466196,22.613027538929746,22.594095295166053,22.570238575581666
