name,machine_type,trace,-10,-9,-8,-7,-6,-5,-4,-3,-2,-1,0,1,2,3
m406,cpu,memory,28.76727923378175,28.736250661097984,28.69720481584934,28.688417232758166,28.672574808109704,28.647180043793746,28.64032005047575,28.625470143570098,28.601953702802934,28.589309929323772,28.585670797296135,28.56680639917713,28.53698215341338,28.525558407079593
