name,machine_type,trace,-10,-9,-8,-7,-6,-5,-4,-3,-2,-1,0,1,2,3
m356,cpu,memory,5.396540620787593,5.270437523786959,5.327006277546002,5.376158280623685,5.059603764625553,5.426264033586049,5.411713000175788,5.581092687489994,5.389716443064464,5.213492928894115,5.320802637884703,5.189086227613909,4.983809270376189,5.076631915383275
