name,machine_type,trace,-10,-9,-8,-7,-6,-5,-4,-3,-2,-1,0,1,2,3
m199,cpu,memory,4.6673466892870055,4.646774156812715,4.617852161014303,4.600101365834044,4.591936857373535,4.546851125586901,4.51388104361378,4.463773132674938,4.447064791570366,4.441695443219898,4.422372391809054,4.390879690819971,4.386922870581501,4.352656803719728
