name,machine_type,trace,-10,-9,-8,-7,-6,-5,-4,-3,-2,-1,0,1,2,3
m65,cpu,memory,16.57258091139721,16.576455097605354,16.551670119328072,16.559369097934333,16.565114060452476,16.550241841773712,16.538412395294227,16.513618179363252,16.513856692552896,16.46843408928032,16.456733465099628,16.43983143614137,16.42682534976937,16.38898163560503
