name,machine_type,trace,-10,-9,-8,-7,-6,-5,-4,-3,-2,-1,0,1,2,3
m39,cpu,memory,59.916447188470116,59.833523750779975,59.714074728817316,59.68010459568122,59.61818748027155,59.56320011950192,59.475520550871884,59.41390307806799,59.34734108865657,59.245158303399805,59.17408551279367,59.110324904332735,59.01489176407748,58.93843155301435
