name,machine_type,trace,-10,-9,-8,-7,-6,-5,-4,-3,-2,-1,0,1,2,3
m35,cpu,memory,8.24518651231688,8.199810116242395,8.165817115559594,8.147385674343571,8.154944649493434,8.15262293181806,8.145657526460125,8.170147530743368,8.159925978529513,8.096501497620531,8.100005218517152,8.074978698311314,8.075889642082412,8.091027354903568
