name,machine_type,trace,-10,-9,-8,-7,-6,-5,-4,-3,-2,-1,0,1,2,3
m335,cpu,memory,44.76530231531643,42.9894772220964,40.019604396647644,40.019604396647644,37.59117791351509,34.43442010946953,34.43442010946953,29.48487632538372,25.4617510348898,23.490282936687667,19.778496132391265,28.979904150711018,58.78360635698377,61.38468713558592
