name,machine_type,trace,-10,-9,-8,-7,-6,-5,-4,-3,-2,-1,0,1,2,3
m403,cpu,memory,27.80127534115144,27.895477449177797,27.98931107873249,27.93244766007279,27.978578915091237,28.12901695306967,28.22074498978959,28.339231011828545,28.385265365169126,28.540904600706945,28.722424861000597,28.64258100768297,28.38750096750269,28.29250906007977
