name,machine_type,trace,-10,-9,-8,-7,-6,-5,-4,-3,-2,-1,0,1,2,3
m199,cpu,memory,6.376155456324645,6.328792920599913,6.265524672076923,6.1917145697061535,6.189812243969342,6.151897897152628,6.135570640875399,6.135570640875399,6.018024116151895,5.908678160811619,5.857986309009753,5.800835873448324,5.7613165851971235,5.688893556848612
