name,machine_type,trace,-10,-9,-8,-7,-6,-5,-4,-3,-2,-1,0,1,2,3
m416,cpu,memory,4.781020750397628,6.0756757449683105,5.260408990643378,5.148005384613195,5.158977407788378,7.063562684726572,7.462344446240823,7.426496973896087,7.543475729897305,8.696077316677854,8.936655222816446,8.026197879870644,8.798425017336502,8.908319022983646
