name,machine_type,trace,-10,-9,-8,-7,-6,-5,-4,-3,-2,-1,0,1,2,3
m105,cpu,memory,66.79671869719583,66.82964330965808,67.08049336120116,67.06754297712375,67.04991319331393,66.98251567516255,66.94035462050174,66.87261414877807,66.79382180874956,66.73491394799994,66.61846125744698,66.51316089089688,66.46569328310817,66.38583977329041
