name,machine_type,trace,-10,-9,-8,-7,-6,-5,-4,-3,-2,-1,0,1,2,3
m235,cpu,memory,25.30582893184374,25.204725587243704,25.16842544525945,25.038822880847412,25.07212608567418,24.994686280118614,24.913594116411154,24.876929844290714,24.783505590840026,24.831931743385734,24.785438834890176,24.779490946296765,24.753731118614443,24.689311659112285
