name,machine_type,trace,-10,-9,-8,-7,-6,-5,-4,-3,-2,-1,0,1,2,3
m36,cpu,memory,6.685538713613412,6.786417122671074,6.753566864992025,6.786518762038101,6.797398875670026,6.75706579044846,6.7783637310695495,6.758322868535587,6.769828593367025,6.756579488556243,6.742330167894811,6.755726810150043,6.772033666734895,6.773036936500854
