name,machine_type,trace,-10,-9,-8,-7,-6,-5,-4,-3,-2,-1,0,1,2,3
m11,cpu,memory,37.5863283970896,37.12353850475158,37.09394237413818,36.956479626491074,35.91703399717031,35.893300747913756,35.87146020871585,35.85333734621048,35.78443267835744,35.44443250511357,34.6764130683633,34.49532517177038,32.73658570019688,30.696495261825692
