name,machine_type,trace,-10,-9,-8,-7,-6,-5,-4,-3,-2,-1,0,1,2,3
m227,cpu,memory,55.45789292693149,55.5305484361682,55.521685134604134,54.74710625765627,53.72585951218768,53.804473862694906,53.877541785845025,54.08427714390647,54.25767658676086,54.30374713761457,54.29278815126746,54.25163798743692,54.22436772765713,54.192138714303965
