name,machine_type,trace,-10,-9,-8,-7,-6,-5,-4,-3,-2,-1,0,1,2,3
m400,cpu,memory,81.41863627009651,81.39341071195899,81.4476632003406,81.42194688427873,81.30831748381638,81.26879122946568,81.25302442296315,81.25838922820525,81.25456281978562,81.26326817261523,81.26326817261523,81.21787530209399,81.22344979639605,81.20342821746418
