name,machine_type,trace,-10,-9,-8,-7,-6,-5,-4,-3,-2,-1,0,1,2,3
m79,cpu,memory,35.58818107192878,35.45408075790376,35.347555128272994,35.26480740420572,35.1578466254778,35.064938659421,35.05779266524855,35.09008292898585,35.08824517844504,35.086822540686896,35.0863008360586,35.074010019148986,35.0868428294757,35.114233148586244
