name,machine_type,trace,-10,-9,-8,-7,-6,-5,-4,-3,-2,-1,0,1,2,3
m131,cpu,memory,18.804328382899957,18.771635468396898,18.805848658398897,18.761165016879765,18.68013948675354,18.52926603782374,18.67478134473706,18.52922121248778,18.47094792232599,18.564526969700978,18.438840614492356,18.617057013503818,18.24498178849577,18.446320968690955
