name,machine_type,trace,-10,-9,-8,-7,-6,-5,-4,-3,-2,-1,0,1,2,3
m150,cpu,memory,0.37719573728015976,0.43795584919069974,0.4189584124465177,0.37657719307501863,0.3631716160399832,0.3638637964600221,0.4018992676569876,0.3692771498693009,0.4008227402684953,0.37906541567230645,0.3654455932181932,0.41052170875876764,0.36744579763156854,0.4167605323335749
