name,machine_type,trace,-10,-9,-8,-7,-6,-5,-4,-3,-2,-1,0,1,2,3
m340,cpu,memory,52.40697196670798,52.81703473355854,52.766729238149324,52.68943944923024,52.497975663385866,52.497975663385866,51.38978718090126,47.73932781319803,47.53037726412285,47.53037726412285,47.229317578412534,43.78257950616119,41.999767394335684,40.21456454021183
