name,machine_type,trace,-10,-9,-8,-7,-6,-5,-4,-3,-2,-1,0,1,2,3
m394,cpu,memory,10.467985745058566,10.453773185715729,10.413459509788915,10.3958735915834,10.387260211521976,10.38734996308876,10.402109159263874,10.393457553867181,10.386444975900627,10.39730262632249,10.400110216755639,10.411241412843706,10.444710643673046,10.492786927089046
