name,machine_type,trace,-10,-9,-8,-7,-6,-5,-4,-3,-2,-1,0,1,2,3
m127,cpu,memory,51.87854502532359,51.87259173611009,51.8956346846577,51.914829923286284,51.922416813944146,51.93132080093668,51.91702172131289,51.90619731130064,51.92334956331037,51.928214526304316,51.9193996845629,51.91462356583912,51.891942349045074,51.85987830163587
