name,machine_type,trace,-10,-9,-8,-7,-6,-5,-4,-3,-2,-1,0,1,2,3
m415,cpu,memory,43.86865526331826,43.910877297851215,43.93543088104319,43.66511027850405,44.00258872372637,43.972779572440196,43.8687087716701,43.85812489463775,43.42222560965637,43.69119029499978,43.670361708583705,43.62592859431502,43.22142486295411,43.21817290597989
