name,machine_type,trace,-10,-9,-8,-7,-6,-5,-4,-3,-2,-1,0,1,2,3
m151,cpu,memory,2.693874444757355,2.6162995882384514,2.5467466027885224,2.5337185018982806,2.5259188954566416,2.464507823145344,2.3426837240728764,2.2909847033861803,2.254672726909545,2.2048703006245782,2.1839209863092646,2.2275647180099125,2.267501885059684,2.252382436789508
