name,machine_type,trace,-10,-9,-8,-7,-6,-5,-4,-3,-2,-1,0,1,2,3
m284,cpu,memory,0.870364083493609,0.8878986898076756,0.7502003056482165,0.7331335637782149,0.6545317818938777,0.6264940769073135,0.5445950710280164,0.4963358013719097,0.4527025770509666,0.5270269971489269,0.4760553655896855,0.45909770878702577,0.4140417091270624,0.5125612352894909
