name,machine_type,trace,-10,-9,-8,-7,-6,-5,-4,-3,-2,-1,0,1,2,3
m300,cpu,memory,19.727429852740897,19.705425155893735,19.704803507231205,19.696684921456622,19.67711593644579,19.67623353986405,19.656553803335864,19.638248029608466,19.57169149192711,19.535501671757874,19.540822433457244,19.504270552159095,19.492933174101424,19.474756046059486
