name,machine_type,trace,-10,-9,-8,-7,-6,-5,-4,-3,-2,-1,0,1,2,3
m81,cpu,memory,0.7997930280974292,0.8364248681029633,0.8506406327980562,0.7680908645033979,0.6742116692343305,0.6774161380999848,0.6976495527105366,0.7073047306902902,0.6711314417566541,0.6756010401196751,0.7119681809510676,0.7139107131402019,0.693483156365128,0.6625226804652883
