name,machine_type,trace,-10,-9,-8,-7,-6,-5,-4,-3,-2,-1,0,1,2,3
m297,cpu,memory,1.7279937711220466,1.7154239619648544,1.7049437681304098,1.7000953881066936,1.707023123600079,1.7204722639902148,1.8450834672931937,1.8584443073367989,1.8203644651147126,1.8041757798896703,1.7586112549656931,1.756571815757299,1.7490161343610067,1.7444967763352333
