name,machine_type,trace,-10,-9,-8,-7,-6,-5,-4,-3,-2,-1,0,1,2,3
m193,cpu,memory,46.028603652622785,45.93956508884109,45.95360077039912,45.95314686276257,45.922043431010565,45.8866096086833,45.833906017383384,45.787742938555795,45.654930262983584,45.64431756182156,45.61222302447627,45.5931903288005,45.56581719222455,45.537173247909365
