name,machine_type,trace,-10,-9,-8,-7,-6,-5,-4,-3,-2,-1,0,1,2,3
m237,cpu,memory,21.779232524827634,21.768940567116825,21.758901887697874,21.75448061034662,21.761555541907722,21.65322683964239,21.618215223520025,21.70606553730646,21.696634220367166,21.68461724440669,21.684687359712598,21.671576454365596,21.6664475367751,21.668952052094795
m162,cpu,memory,32.59068089745895,32.57224556942442,32.5685244607921,32.58162557384759,32.576406653494274,32.5477809308296,32.54051205775793,32.55828490026454,32.54840687083658,32.48597406151647,32.444721526310566,32.442602368800934,32.43630213754461,32.461567574708845
