name,machine_type,trace,-10,-9,-8,-7,-6,-5,-4,-3,-2,-1,0,1,2,3
m350,cpu,memory,5.358189958953622,5.4902766577333,5.453135005249713,5.379975905132567,5.229275901858501,5.413754773973998,5.460950287430352,5.439688376119521,5.334780192264043,5.198735221912066,5.010666612714731,4.858628007923908,6.09703513113016,14.569942597182084
m237,cpu,memory,0.8796423349152538,0.8278268840679307,0.8496763328124609,0.9190276140765428,0.8936848683514713,0.8355703851362578,0.9044651849793208,0.826562309851985,0.9781302233820643,0.8729854317923149,0.7710522644639093,0.7230791096647906,0.8818374386778803,0.9713071813035221
m194,cpu,memory,8.787103174816508,8.849874079233082,8.926320320237954,8.898824469193817,8.717963312135897,8.751307695886263,8.782680799547398,8.745127238571218,8.812663850989438,8.793002186567772,8.81253111650644,8.74402982556705,8.65618840870118,8.633882516451655
m38,cpu,memory,30.356033054460177,30.00956122333733,29.747774800662036,29.227145887644934,28.847843486403175,28.549746370374425,28.261958778742205,27.80606875685593,27.516521216149528,27.160622787241202,26.819108749960098,26.585222261885242,26.030271024506074,25.923919935423047
