name,machine_type,trace,-10,-9,-8,-7,-6,-5,-4,-3,-2,-1,0,1,2,3
m52,cpu,memory,6.276225282385988,6.263417237679862,6.2478910512334815,6.246966541362186,6.263861402241909,6.263826735864163,6.1373755862199895,5.773825074941602,5.817345516597156,6.258696392873413,6.19256125367015,6.104078741177056,6.062681748375581,6.023666454773568
m265,cpu,memory,0.3538947023176698,0.4288221317077708,0.3841681719057388,0.42344185466402473,0.44790372953458396,0.3983574351353159,0.435475867280903,0.49241631034058103,2.1591726276160657,9.596729243643328,9.52805917622784,9.432955663661511,9.302025223822291,9.160712014457564
