name,machine_type,trace,-10,-9,-8,-7,-6,-5,-4,-3,-2,-1,0,1,2,3
m184,cpu,memory,2.6837256247470624,2.790531326216322,3.009886846276235,3.1883844006604227,3.5012115864286084,3.5012115864286084,3.7452363237142805,3.8876931973872764,4.088037323270813,3.919472278323721,3.914123500221492,3.9550764420386297,3.9260203236483147,3.8469708436858157
m234,cpu,memory,0.3608810817493887,0.38786424295671307,0.36505491113119704,0.3515085229886735,0.3541520883366838,0.3541520883366838,0.40373922654852,0.40000076575984606,0.3787945328354975,0.362918173685123,0.4169768600106575,0.35992503507733975,0.3956845225565634,0.35965878369343324
