name,machine_type,trace,-10,-9,-8,-7,-6,-5,-4,-3,-2,-1,0,1,2,3
m276,cpu,memory,9.950022710066296,9.901779417592506,9.788934901070977,9.704999833263651,9.738978914318295,9.800908014963323,9.866786591647324,9.925240933268023,9.893077425545934,9.857848099762917,9.833164708768994,9.8106262756618,9.815086662315672,9.790952951545357
