name,machine_type,trace,-10,-9,-8,-7,-6,-5,-4,-3,-2,-1,0,1,2,3
m217,cpu,memory,32.925026415146455,32.923463434428804,32.92690635339168,32.93078515899456,32.92604073980946,32.904172538760434,32.87894374933708,32.85603567999823,32.83027827530704,32.816986603463754,32.81871152138644,32.782451837675225,32.782451837675225,32.71987286709391
