name,machine_type,trace,-10,-9,-8,-7,-6,-5,-4,-3,-2,-1,0,1,2,3
m117,cpu,memory,30.542557588517468,30.743864335272676,30.70552241816514,30.576150340784615,30.54996386411599,30.654003872076128,30.428834397475704,30.485897504461487,30.717863317752695,30.862173943762134,31.136179915814385,31.218585541369816,31.32133803241672,31.535084568978046
m82,cpu,memory,26.452759759641705,26.456514184402103,26.429810702000495,26.43328920864564,26.429133576305837,26.4130057441245,26.398119492351857,26.409951160600635,26.398662039818714,26.363984595818728,26.32095964259912,26.25547482418322,26.245823596190114,26.2597960263218
m287,cpu,memory,7.5006660196876505,7.467980096460488,7.46603623914129,7.480394821559121,7.483997758831635,7.4802236472682795,7.481770071006059,7.488867731359763,7.473263226646711,7.467329498164918,7.475808250781521,7.46377821338447,7.483657883972464,7.477900806498656
m253,cpu,memory,21.125919154114413,21.101461481619097,21.07909353864892,21.060314549074384,21.051876382127144,21.04717799977357,21.055578761795196,21.03233889600104,21.030616047085623,21.029320352577315,21.02300502873637,21.01979191533875,21.00132299291075,21.008145884177026
