name,machine_type,trace,-10,-9,-8,-7,-6,-5,-4,-3,-2,-1,0,1,2,3
m126,cpu,memory,62.63111032175444,62.460449566847934,62.9023753854146,62.93991852185002,62.84064908055664,62.797850476354,62.77976183670542,62.69172649347267,62.67944899485544,62.65547894932563,62.49177924539697,62.38372353283495,62.36511506126139,62.38460004987728
