name,machine_type,trace,-10,-9,-8,-7,-6,-5,-4,-3,-2,-1,0,1,2,3
m112,cpu,memory,7.406172217630822,7.377336376771729,7.375614538697924,7.3738437991734695,7.382665379858984,7.40009299591405,7.3881397370485224,7.370509876952332,7.3906900866528265,7.422276199061078,7.421866284425176,7.413870161354854,7.41572821696141,7.411353859886964
