name,machine_type,trace,-10,-9,-8,-7,-6,-5,-4,-3,-2,-1,0,1,2,3
m192,cpu,memory,8.054413838768477,8.0666086774218,8.067061057438156,8.060961719973278,8.055187302969177,8.050884234836966,8.044493128730307,8.03739962020977,8.01228832067997,8.00491359375107,7.992127671521876,8.000311854102497,7.990454634003859,7.969491028299871
m168,cpu,memory,11.316060203091482,11.266173339551436,11.148831715451674,9.467555219854342,8.534996941882316,7.601101336735435,5.310580442063829,4.171942528005689,2.088643697056508,1.0449018519928284,0.43341920211992346,0.3973018312785258,0.4135976202834888,0.3405067298275842
