name,machine_type,trace,-10,-9,-8,-7,-6,-5,-4,-3,-2,-1,0,1,2,3
m254,cpu,memory,41.010692548184664,41.80597179745842,40.56450776806414,40.61578865847522,40.59478041673145,40.56711455253926,40.580409858869245,40.48647821593164,40.29820433338638,40.353905013280716,40.49213251750414,40.49372381693066,40.50723108387481,40.499893912740575
