name,machine_type,trace,-10,-9,-8,-7,-6,-5,-4,-3,-2,-1,0,1,2,3
m402,cpu,memory,34.451666808916436,34.82676865215545,34.49472497604419,34.3793729311063,34.006584892962245,33.773538777716674,33.79062788241297,34.481247492961366,34.838635150901766,34.642556713590515,34.53956898985681,34.46156250725004,34.39431975765727,34.26167007934872
m0,cpu,memory,11.676665417210906,11.827951986128861,11.163132562533919,10.960001807551386,10.825110193661503,10.746619705325207,10.680553545650758,10.589558088478974,10.760172491565115,10.912813979520031,10.839036928262683,10.767120279884551,10.723117372802507,10.673342395989016
