name,machine_type,trace,-10,-9,-8,-7,-6,-5,-4,-3,-2,-1,0,1,2,3
m395,cpu,memory,45.78138223284812,45.71608857896779,45.68708345564391,45.586654107672636,45.603160634438424,45.665303693771236,45.61038447962722,45.61959356284854,45.55698629816687,45.68229295041028,45.507342338920004,45.538257485331364,45.540232828852446,45.52074814311046
