name,machine_type,trace,-10,-9,-8,-7,-6,-5,-4,-3,-2,-1,0,1,2,3
m235,cpu,memory,29.430515056058024,29.595402883153493,30.291636412719832,30.150467900788932,30.000417714206502,29.872102918471622,29.656816722482287,29.350147720683154,29.08188444016275,29.15305960214425,29.29246407620343,29.71966598340336,29.30354330348551,29.31235572223581
