name,machine_type,trace,-10,-9,-8,-7,-6,-5,-4,-3,-2,-1,0,1,2,3
m327,cpu,memory,8.910765247194163,9.380677964163175,9.162630821645077,9.041811044126849,9.044528428682376,8.93446470007822,8.822298938264971,8.808059511547096,8.773247729157566,8.736449144391855,8.762874904117698,8.805409920390506,8.836510096816063,8.985415206183522
