name,machine_type,trace,-10,-9,-8,-7,-6,-5,-4,-3,-2,-1,0,1,2,3
m349,cpu,memory,44.94736763517459,44.928466184220866,44.91927219547711,44.91364489889797,44.894826132516656,44.90216294966702,44.86125927596724,44.83651543686136,44.78075322435002,44.71777433340334,44.70313517750924,44.67053675833529,44.639666388042876,44.586572746280545
