name,machine_type,trace,-10,-9,-8,-7,-6,-5,-4,-3,-2,-1,0,1,2,3
m49,cpu,memory,36.81759074601535,36.73022672087039,36.49323971276712,36.43040388051722,36.39234484762445,36.34316156145969,36.25207854779965,36.14392334116424,35.994741645466,35.988055602088764,35.960769390319705,35.92698380771058,35.87712066998613,35.675047247191316
