name,machine_type,trace,-10,-9,-8,-7,-6,-5,-4,-3,-2,-1,0,1,2,3
m201,cpu,memory,29.496497696931783,29.522597299903484,29.481367177365556,29.523226874397167,29.555141048447044,29.596378540285343,29.573710651835498,29.585244695375795,29.273388472762036,29.38730812673952,29.32814075228181,29.37460382769904,29.342806663298308,29.38183055018981
