name,machine_type,trace,-10,-9,-8,-7,-6,-5,-4,-3,-2,-1,0,1,2,3
m290,cpu,memory,0.774622794286811,0.49927019507077586,0.6904005816147916,0.7346412195253591,0.5540771187194783,0.5553433208825915,0.4209125547951873,0.4445892417278023,0.48112539881676863,0.4364942302561507,0.8370321050224608,0.9235239789197348,0.6953776325571503,0.6031518006102727
