name,machine_type,trace,-10,-9,-8,-7,-6,-5,-4,-3,-2,-1,0,1,2,3
m33,cpu,memory,0.44106941802963456,0.41475350063158295,0.3755816339672403,0.35995115795049115,0.3416987909796705,0.39756945822099987,0.455887927002213,0.39281395953035403,0.3843575690396493,0.39094149218076535,0.3932785680800842,0.4162687156188916,0.3866537317304197,0.36057878837238055
m212,cpu,memory,0.4399085024030923,0.38234831626876203,0.40406134555830286,0.4208843118047946,0.40956752979643063,0.40941388440778553,0.3889844094187784,0.3646209180966302,0.3709208717122509,0.414653590106588,0.4324306217377074,0.3618318912396816,0.3752690176447363,0.41143494926044555
m21,cpu,memory,19.757943185825066,19.64207658275384,19.600774200184258,19.754727270843947,19.848412425543753,19.924514234573163,19.88791374201541,19.759335548214768,19.680865717770843,19.689169308383228,19.706948914442428,19.763715356451375,19.942026832688402,20.006343693659776
m7,cpu,memory,5.742658670028647,5.927452972619412,5.9018886619597835,5.880004635182037,6.12951335858615,6.054790646637879,5.865632398262691,5.607472397701466,5.56186196207401,5.726716927920133,5.9007757266686705,5.6655589786026255,5.431506275796906,5.669596022563136
