name,machine_type,trace,-10,-9,-8,-7,-6,-5,-4,-3,-2,-1,0,1,2,3
m403,cpu,memory,19.703035345129255,19.699170936497786,19.699782704043745,19.733555058503782,19.75985220556092,19.751116670710292,19.70221839320121,19.68805866088422,19.691226815819345,19.696306482398235,19.674239977050654,19.661123931068506,19.612916633306245,19.575570121021716
m329,cpu,memory,31.782476587116243,31.9329916418669,31.955044646842445,31.94842944183059,32.2067152620506,32.28286716144159,32.35254067909726,32.332475874737504,32.45923376694008,32.4863579595977,32.62347802288115,32.75544059504716,32.940534559317214,32.963676648306624
