name,machine_type,trace,-10,-9,-8,-7,-6,-5,-4,-3,-2,-1,0,1,2,3
m321,cpu,memory,29.323107190750157,29.302606463428795,29.25987469402922,29.262420146541295,29.246008470413553,29.232903268560516,29.265174178837704,29.20947097562526,29.175867420224986,29.201181922959663,29.270573360266496,29.26757036563118,29.277810834780414,29.312986659662002
m381,cpu,memory,41.56717809548172,41.57352996673657,41.57940829466189,41.57878563705071,41.55035249107112,41.51645353329956,41.48398469493421,41.48533379557442,41.52491976719174,41.52029533717769,41.9201181014338,42.260773996653,42.26967727757078,42.28435131507238
