name,machine_type,trace,-10,-9,-8,-7,-6,-5,-4,-3,-2,-1,0,1,2,3
m138,cpu,memory,0.4471351870346229,0.44659541527448154,0.42675219058085223,0.4437032977356058,0.4722645959622912,0.4578585255116131,0.46644421790192475,0.44449090866468294,0.4596449009575116,0.48826814952108677,0.5086046295993142,0.4864860395428518,0.482419907062692,0.4956870707292616
