name,machine_type,trace,-10,-9,-8,-7,-6,-5,-4,-3,-2,-1,0,1,2,3
m245,cpu,memory,21.320964942892218,21.306407157855027,21.38056158998132,21.326243783059063,21.314190007920757,21.337506754466375,21.351998159011337,21.372018829321537,21.514578692800523,21.442073384405543,21.361855089486816,21.316530566245152,21.29116684650309,21.256467393035997
