name,machine_type,trace,-10,-9,-8,-7,-6,-5,-4,-3,-2,-1,0,1,2,3
m216,cpu,memory,0.3802746399248676,0.412714958598219,0.45022239373512085,0.4191508815376708,0.3774152994727866,0.3880850475167986,0.38294188136054197,0.40466021276536474,0.4346754200768028,0.4570720159955597,0.45564707128055815,0.4300298893158339,0.3860021914089703,0.39012956962995005
