name,machine_type,trace,-10,-9,-8,-7,-6,-5,-4,-3,-2,-1,0,1,2,3
m7,cpu,memory,62.44719075682189,62.4604782376477,62.4474863617401,62.52312719859944,62.519671810697034,62.444787957912766,62.38418632414133,62.39437803059402,62.39032961561184,62.3181709217773,62.32310483779861,62.21657056112113,62.1927128818051,62.18515930916828
