name,machine_type,trace,-10,-9,-8,-7,-6,-5,-4,-3,-2,-1,0,1,2,3
m17,cpu,memory,15.909378809017781,15.870542349955214,15.843265123508036,15.801695278115767,15.563937859727108,15.621252402585002,15.612220097389404,15.327629036809231,15.295073374531855,15.07905864189772,14.849463296295594,14.27657965241102,14.078968370334328,14.019788982572999
