name,machine_type,trace,-10,-9,-8,-7,-6,-5,-4,-3,-2,-1,0,1,2,3
m259,cpu,memory,22.1901541028418,22.023606627147277,21.74360509036515,21.416449495990587,21.066459960662133,20.612972234157137,20.362000857011964,20.095918395339595,19.849544163056763,19.81100366289627,19.7845155238316,19.742873392474106,19.73909494034929,19.738334372897487
