name,machine_type,trace,-10,-9,-8,-7,-6,-5,-4,-3,-2,-1,0,1,2,3
m196,cpu,memory,2.208902034591712,1.8320268514665847,1.2121621161580738,0.5063921231950458,2.098383010809993,9.776788453671895,8.979958617469425,9.578042946730358,18.383262271041726,18.303239076694087,18.1626262885694,18.10132690963806,17.984198231060496,17.93599499313112
