name,machine_type,trace,-10,-9,-8,-7,-6,-5,-4,-3,-2,-1,0,1,2,3
m112,cpu,memory,24.135020584596887,24.15311916797392,24.13992398796658,24.129350633909,24.118097405576187,24.09989304349251,24.099678483841767,24.1069213078658,24.100424007925966,24.06620291726921,24.06572006056751,24.079739992683173,24.078802244004777,24.062706641391436
