name,machine_type,trace,-10,-9,-8,-7,-6,-5,-4,-3,-2,-1,0,1,2,3
m77,cpu,memory,7.601188955691428,7.595616000367325,7.566505957741461,7.578721896672331,7.611415076190046,7.575844973294398,7.389566550775506,7.47981698871601,7.466166853507047,7.458447670751364,7.476496026847286,7.490800533592622,7.464611873771127,7.455525568621502
