name,machine_type,trace,-10,-9,-8,-7,-6,-5,-4,-3,-2,-1,0,1,2,3
m394,cpu,memory,4.0153256309272045,3.900360456275883,3.823717006508336,3.9066392086623023,3.9640940578504886,4.603655136641254,4.728085574716233,4.560741086375939,4.461295573699486,4.387492273497728,4.2411780482939685,4.152296562484308,4.11014978018776,4.08755844178894
