name,machine_type,trace,-10,-9,-8,-7,-6,-5,-4,-3,-2,-1,0,1,2,3
m221,cpu,memory,25.872195334760757,25.84985939420315,25.837719805426545,25.756041985832645,25.68440726193764,25.43153724408444,25.321312753804534,25.571623890474505,25.605584988503814,25.59482291940326,25.592111694545505,25.626888380854954,25.618242845618937,25.61689182551544
