name,machine_type,trace,-10,-9,-8,-7,-6,-5,-4,-3,-2,-1,0,1,2,3
m406,cpu,memory,0.3818281934523389,0.35497906656810746,0.3583096066911445,0.36086661952106425,0.355614660055707,0.38565727662702187,0.391277656948342,0.34267818419348406,0.40013038317832955,0.46339109763754727,0.4807829998823033,0.47900444867229475,0.46003560827768886,0.43983785706787426
