name,machine_type,trace,-10,-9,-8,-7,-6,-5,-4,-3,-2,-1,0,1,2,3
m41,cpu,memory,27.919279685927048,27.911650444034326,27.911650444034326,27.92749877472367,27.942896883373137,27.91659884878542,27.94260854742833,27.963582361875417,27.940938979709326,27.940938979709326,27.92541338765296,27.880928733712725,27.85902413668674,27.7829647281092
