name,machine_type,trace,-10,-9,-8,-7,-6,-5,-4,-3,-2,-1,0,1,2,3
m346,cpu,memory,17.18404541414552,17.18404541414552,17.145913262952202,17.148801367487735,17.09919201215088,17.084044052159488,17.08667102885837,17.12037917664611,17.091659904565343,17.091659904565343,17.340578238353395,17.242475618159553,17.106928017090386,17.03844093604751
m212,cpu,memory,35.25907408664895,35.25907408664895,35.2781766458667,35.39097188052158,35.24790424896331,35.16000918555938,35.29529992420278,35.43999070805616,35.41246719459302,35.41246719459302,35.40700587290648,35.33507614984104,35.288714133976626,35.276288530026406
m140,cpu,memory,21.353570377382685,21.353570377382685,21.27803128154242,21.255768208657216,21.18362596844684,21.165075902317355,21.028878813553316,21.010108506994662,21.024889926541572,21.024889926541572,20.95142563043655,20.934195640163647,20.894925817779193,20.835734467067038
m347,cpu,memory,18.894732693460245,18.894732693460245,18.822783145405634,18.812080137281832,18.771172424569407,18.64896770582901,40.00920153598254,40.87067455384101,32.35498738802828,32.35498738802828,29.42367762684495,27.685500920630624,26.794462487357286,25.07557604645504
m350,cpu,memory,50.26953984286357,50.26953984286357,50.21861457751121,50.07452878425632,50.038932924397045,49.88522593877428,49.833149650413866,49.82774355399554,49.82350967986472,49.82350967986472,49.81940538464954,49.835680918963,49.78664815922941,49.71717817725767
m212,cpu,memory,35.25907408664895,35.25907408664895,35.2781766458667,35.39097188052158,35.24790424896331,35.16000918555938,35.29529992420278,35.43999070805616,35.41246719459302,35.41246719459302,35.40700587290648,35.33507614984104,35.288714133976626,35.276288530026406
m121,cpu,memory,17.68196047570676,17.68196047570676,17.597285567518433,17.543063064219986,17.330416465873896,17.18878541572561,17.198336619616015,17.18277336897715,17.09138781023297,17.09138781023297,17.04926504318588,16.935058163864287,16.893851539797232,16.8841520539605
m376,cpu,memory,17.7252114478108,17.7252114478108,17.544858450107373,17.69891974783053,17.6243683489272,17.596099311379863,17.332866463325214,17.47781660755679,17.45032389882928,17.45032389882928,17.495994947094292,17.443233406554107,17.493709309271253,17.50637822128342
