name,machine_type,trace,-10,-9,-8,-7,-6,-5,-4,-3,-2,-1,0,1,2,3
m340,cpu,memory,1.321167418535365,1.3446594638841995,1.3423792462769466,1.2816190174872402,1.2537457040760842,1.269979561429971,1.2687290755589018,1.1429202645073622,1.0660711019013807,1.0293687334139152,1.012490050923043,1.1119073871903977,1.0706937409147106,0.9785435510131616
