name,machine_type,trace,-10,-9,-8,-7,-6,-5,-4,-3,-2,-1,0,1,2,3
m354,cpu,memory,9.435037921666332,9.425584520866527,9.37471291340999,9.398373093772303,9.403189406890236,9.370863916276933,9.288457003507462,9.312453752481824,9.340084811352877,9.32606202786882,9.313113159296645,9.273125678551095,9.278910367901824,9.192265315590658
