name,machine_type,trace,-10,-9,-8,-7,-6,-5,-4,-3,-2,-1,0,1,2,3
m143,cpu,memory,7.906739091550055,7.826850676084188,7.7789326191001615,7.740466877680927,7.696028665098163,7.6749757998081725,7.67800043743319,7.658290956795887,7.632394658491819,7.599373378148169,7.566504342477137,7.536533961196462,7.493953261508103,7.430350476278281
m143,cpu,memory,7.906739091550055,7.826850676084188,7.7789326191001615,7.740466877680927,7.696028665098163,7.6749757998081725,7.67800043743319,7.658290956795887,7.632394658491819,7.599373378148169,7.566504342477137,7.536533961196462,7.493953261508103,7.430350476278281
m270,cpu,memory,0.4602489324490365,0.43841311304855834,0.43435913338329946,0.49587855014010646,0.44507868593664446,0.45704533434582056,0.5533818086088693,0.6008422610019093,0.5353342979664866,0.42511298659416547,0.4678215116908414,0.464688180330479,0.5914121309496775,0.44460884018622865
m143,cpu,memory,7.906739091550055,7.826850676084188,7.7789326191001615,7.740466877680927,7.696028665098163,7.6749757998081725,7.67800043743319,7.658290956795887,7.632394658491819,7.599373378148169,7.566504342477137,7.536533961196462,7.493953261508103,7.430350476278281
