name,machine_type,trace,-10,-9,-8,-7,-6,-5,-4,-3,-2,-1,0,1,2,3
m266,cpu,memory,6.578879197114486,6.515429189719676,6.465949199704185,6.408601095885301,6.379081438108111,6.339614646328256,6.362769100501695,6.38044013097897,6.33609037772698,6.372824743943371,6.386819869834398,6.356937890627319,6.3381905198423745,6.30188918299894
m333,cpu,memory,20.29893029518613,20.302404952399474,20.276434394278514,20.266414558656464,20.261574269503672,20.219476092599727,20.20105132377685,20.180391557877375,20.225903777724024,20.299939864559917,20.299405340520973,20.329951424400157,20.3735978327213,20.457606363823892
m351,cpu,memory,34.586452103741486,32.931694552345135,31.028935375862225,30.14620282902026,27.9787575775598,26.205393280910332,24.531149155256596,22.21029401248469,20.98414338303562,20.320978934665376,20.31164472913619,20.324294334728194,20.223481235777406,20.258443739673158
m318,cpu,memory,0.37420808360583396,0.37317292632365123,0.3883136125411007,0.3829689295046913,0.41010011397454915,0.41491239289108656,0.4321852946728723,0.5303176550370919,0.49709738576820717,0.43153549821334497,0.3966262881261946,0.40778802465978276,0.3989279554756144,0.4187451825479341
