name,machine_type,trace,-10,-9,-8,-7,-6,-5,-4,-3,-2,-1,0,1,2,3
m30,cpu,memory,0.5199110507840163,0.4008700264548229,0.4008700264548229,0.4239973380072933,0.6326926245580994,0.6326926245580994,0.3857200724742392,0.4804400582924721,0.34016739749127134,0.5144391039027664,0.41300126159090805,0.42501652125968764,0.4175633248164691,0.4175633248164691
m263,cpu,memory,1.229897426910624,1.3935741629088092,1.3935741629088092,1.5982321341808876,1.8246900532458359,1.8246900532458359,1.764684734628862,1.8431840946525433,2.099352282981619,2.10712379988492,2.266612875253937,2.3288417741586303,2.3266402468761433,2.3266402468761433
