name,machine_type,trace,-10,-9,-8,-7,-6,-5,-4,-3,-2,-1,0,1,2,3
m327,cpu,memory,5.672269490404379,5.8239782528443955,7.362004774117863,6.98115188513859,6.64741711265352,6.547978616618654,6.468459757842632,6.431207808720417,6.3446747692070655,6.310309536511478,6.1893140669597235,6.17008313975401,6.139512803153293,6.098539064121796
