name,machine_type,trace,-10,-9,-8,-7,-6,-5,-4,-3,-2,-1,0,1,2,3
m143,cpu,memory,9.153812143437925,9.133005577846738,9.139012841648563,9.099153034931172,9.137702659735538,9.12564615873221,9.09047894114803,9.059421797991474,9.062053014924837,9.080006167723928,9.006250317638994,9.013453567403161,9.167922230321238,9.234238323991896
