name,machine_type,trace,-10,-9,-8,-7,-6,-5,-4,-3,-2,-1,0,1,2,3
m385,cpu,memory,30.70811552409813,30.695720915504786,30.728196365985784,30.743512295483647,30.7325394772645,30.71906375842209,30.685586755091506,30.650540711672477,30.67424150231265,30.701574256334045,30.699563425457676,30.680251428943876,30.636189638066305,30.612756436509365
