name,machine_type,trace,-10,-9,-8,-7,-6,-5,-4,-3,-2,-1,0,1,2,3
m375,cpu,memory,23.680299455278277,23.55917339596927,23.45539161261024,23.21591923460315,23.21591923460315,22.881635868531166,22.663171732267838,22.663171732267838,22.51237721984604,22.23235957963769,22.117208491526892,21.91160658789482,21.824538370214995,21.604483981333033
