name,machine_type,trace,-10,-9,-8,-7,-6,-5,-4,-3,-2,-1,0,1,2,3
m349,cpu,memory,72.4443891733245,72.58879459886201,72.6727972784479,72.77943271500517,72.87118825824858,73.02298178884408,73.15557745337999,73.36258368292047,73.49666120908105,73.58628351117886,73.61485380792138,73.70670990718975,73.82464576929696,73.96928965691414
