name,machine_type,trace,-10,-9,-8,-7,-6,-5,-4,-3,-2,-1,0,1,2,3
m351,cpu,memory,7.265935612272041,7.935263789381295,7.366658774353057,7.029260127830271,6.930026450524244,7.6541441739955625,7.348776099634185,7.4452470696024164,7.055979428182593,6.576444643523558,6.50856209106735,7.315691519973677,8.467279664662053,7.5120324630311
