name,machine_type,trace,-10,-9,-8,-7,-6,-5,-4,-3,-2,-1,0,1,2,3
m171,cpu,memory,80.32517661636679,80.38077729676692,80.46088118107309,80.47759659049711,80.50451551656263,80.58694537202939,80.63934073803462,80.60863144554257,80.58295914841493,80.62367387991631,80.6758072600053,80.763007176718,80.83804781785116,80.90740684765159
