name,machine_type,trace,-10,-9,-8,-7,-6,-5,-4,-3,-2,-1,0,1,2,3
m21,cpu,memory,3.7177650559974453,3.6217883833672926,3.599978131558545,3.6250680406197504,3.646275182108985,3.564232323757228,3.5327031012878143,3.5329217256954757,3.514341169629914,3.4674138888638177,3.5490989647482647,3.509323760741498,3.516310922666846,3.454491130671246
m33,cpu,memory,12.928456159095052,13.010108638176916,13.18098948207565,13.367981096890812,13.657943171627853,13.861859076632305,13.99682750710224,14.12983937204308,14.369237710634405,14.420796286619195,14.668012481819236,14.776358246485257,14.82731592066909,14.871256789145434
