name,machine_type,trace,-10,-9,-8,-7,-6,-5,-4,-3,-2,-1,0,1,2,3
m25,cpu,memory,51.19111609089633,51.13053313497921,51.08574050940117,51.0590900299306,51.02335030497281,50.896807372613814,50.53124161417912,50.50475408086224,50.58044186128182,50.5491881037526,50.491079828183885,50.45398777130004,50.44331732344466,50.404447294597134
m143,cpu,memory,54.8308211048252,54.82005282870283,54.811129758762156,54.782710495764576,54.694841530625304,54.6796000077778,54.586763607942224,54.59556835262529,54.58731988506118,54.546063817588504,54.52347225146638,54.46691842692934,54.400507068062005,54.22246719398728
