name,machine_type,trace,-10,-9,-8,-7,-6,-5,-4,-3,-2,-1,0,1,2,3
m406,cpu,memory,0.519127553885657,0.5852767135567445,0.6848079142545537,0.4462366737759246,0.47935058304511347,0.47508750683586376,0.44841408466800264,0.3896837578605618,0.47417148998386954,0.6449924658037205,0.6227243948746226,0.3742686882731651,0.39581354683438935,0.6354034594657207
