name,machine_type,trace,-10,-9,-8,-7,-6,-5,-4,-3,-2,-1,0,1,2,3
m169,cpu,memory,30.045742438102117,29.95611175586232,29.92063664235881,29.914884864610222,29.92937859181934,29.921483174885864,29.926765547319473,29.913696287132563,29.909606681301128,29.913886692590452,29.90660590711003,29.887868210604694,29.852590974079387,29.831763372003465
