name,machine_type,trace,-10,-9,-8,-7,-6,-5,-4,-3,-2,-1,0,1,2,3
m385,cpu,memory,3.0509886379282554,2.972022069693584,3.0005546453858587,3.039461409050514,3.0659060857117364,3.079435576027677,3.068769341905311,3.0601079436492222,3.052744902730838,3.060636294470292,3.0713336615678655,3.059966009371766,3.036296225446241,3.019911202220962
m287,cpu,memory,7.6742148796975815,7.653842521689254,7.676599405846228,7.657922157290772,7.639979907951778,7.6221680458231225,7.594432104184257,7.608163762822848,7.597430505169119,7.574196910189593,7.583272034181619,7.596451780871223,7.149391971576375,6.203406864854823
m25,cpu,memory,12.583672395607094,12.551260081081764,12.560594540843484,12.497395663124516,12.626630816897528,12.823453642515886,12.627655098539718,12.251001694821722,12.015581579620306,12.018024812761846,12.02405851499356,12.021959106754627,12.033538467800962,12.035869233833848
m395,cpu,memory,21.56783730050681,21.558924857653814,21.544315054025738,21.534703956823268,21.527633365823625,21.509555580418137,21.53953267527721,21.56926943970329,21.56625597131021,21.59742154331996,21.61931442859115,21.61652465717553,21.619190174577117,21.583705166562165
m25,cpu,memory,12.583672395607094,12.551260081081764,12.560594540843484,12.497395663124516,12.626630816897528,12.823453642515886,12.627655098539718,12.251001694821722,12.015581579620306,12.018024812761846,12.02405851499356,12.021959106754627,12.033538467800962,12.035869233833848
m258,cpu,memory,0.722834740919553,0.8720562020667992,0.951143364595623,0.9684086024423387,0.998151575783197,0.9434081799332598,0.910483970671873,0.8598464847335506,0.6730216019957209,0.5137962035825318,0.49161570106734576,0.4822211208381417,0.4930103974789747,0.5006087462347476
m395,cpu,memory,21.56783730050681,21.558924857653814,21.544315054025738,21.534703956823268,21.527633365823625,21.509555580418137,21.53953267527721,21.56926943970329,21.56625597131021,21.59742154331996,21.61931442859115,21.61652465717553,21.619190174577117,21.583705166562165
m418,cpu,memory,0.38436135496329443,1.546392466048291,2.5016762682359612,2.4821435396908056,2.445976232516529,2.4307157043323264,2.4825853191209557,2.3901270440883224,2.039628908345272,1.766012748299045,1.5062604639143629,1.2719347329781996,1.3048868823560875,1.3011230685050466
