name,machine_type,trace,-10,-9,-8,-7,-6,-5,-4,-3,-2,-1,0,1,2,3
m196,cpu,memory,8.913589382113637,8.595715055273576,8.715096434138466,8.900578146885477,9.035564421549331,8.68545651363923,9.096762400762612,8.762080756091052,9.159618109679538,9.10455460149186,8.678196777894277,8.962195795734822,8.88284525912406,8.88284525912406
