name,machine_type,trace,-10,-9,-8,-7,-6,-5,-4,-3,-2,-1,0,1,2,3
m401,cpu,memory,6.580223694213734,6.580532411110601,6.55774955551742,6.55588214867946,6.586998465822589,6.532701001235968,6.541372041103803,6.551027938276541,6.563353328259994,6.5738092921831095,6.530900390773953,6.509623878480695,6.529009902484602,6.528369803691076
