name,machine_type,trace,-10,-9,-8,-7,-6,-5,-4,-3,-2,-1,0,1,2,3
m285,cpu,memory,0.44631358096947327,0.7089546799016458,0.9725547525977858,0.9159005880780452,0.8286821816934938,0.7464067534233804,0.6829448189609729,0.6730849610900056,0.640166823980873,0.5546580835660171,0.45772101264331,0.4239994819512218,0.42625383008993517,0.44490447455697196
m371,cpu,memory,39.04850960646708,38.86955339509736,38.82958508227296,39.296193803641096,39.42505227813041,39.139132554065284,39.044593952465036,39.39113639863296,39.76459230266867,39.70296578079437,39.58178121655808,39.471462733017454,39.426841299342904,39.24596406185014
