name,machine_type,trace,-10,-9,-8,-7,-6,-5,-4,-3,-2,-1,0,1,2,3
m116,cpu,memory,1.214562543186031,1.2167244948835816,1.2058749841975547,1.2026836398608935,1.1999847937051722,1.209697378913441,1.2360736313083407,1.248231796987598,1.1532052144465272,1.1637845994804743,1.164633820013313,1.1737485447666693,1.1751994621444284,1.1776671650355595
