name,machine_type,trace,-10,-9,-8,-7,-6,-5,-4,-3,-2,-1,0,1,2,3
m88,cpu,memory,34.45941134543488,33.68950899091748,33.25402519969838,32.78248093817732,32.265634971176404,31.958950926009663,32.08588582829437,32.077717925185425,31.030834318834497,31.826591300562303,31.78453932971948,31.73422177893768,31.63753221745304,31.613937886985756
