name,machine_type,trace,-10,-9,-8,-7,-6,-5,-4,-3,-2,-1,0,1,2,3
m112,cpu,memory,2.7855905444224835,2.7601870976585365,2.6884669135411947,2.685655713797741,2.671109349567111,2.635816224845339,2.589497165395677,2.47875968113679,2.446148870634747,2.3054102635844846,2.292710231279955,2.224672993684595,2.1806913633041383,2.0643015330916077
