name,machine_type,trace,-10,-9,-8,-7,-6,-5,-4,-3,-2,-1,0,1,2,3
m161,cpu,memory,1.0587150720527903,1.0726964375889578,1.0722456855197686,1.064055193072717,1.0420760638362154,1.0245526386040276,1.0188626225208182,1.0203732817736975,1.0096793346902488,1.0007790194189716,0.9953353786205318,0.9836879592931129,0.9644001926906415,0.9625109915396116
