name,machine_type,trace,-10,-9,-8,-7,-6,-5,-4,-3,-2,-1,0,1,2,3
m52,cpu,memory,8.592296971969809,8.556787128295746,8.537793149368136,8.552878919316878,8.570524730834459,8.575611459984817,8.566420284750219,8.545224412630603,8.562264854957327,8.552220900610964,8.562559551253864,8.565552727853392,8.567996920158686,8.568927323388024
m267,cpu,memory,23.267682792419745,23.254166641805767,23.248589016544848,23.292503004963315,23.33686645823693,23.323116538195638,23.27956504060842,23.238270911352387,23.241834726215025,23.237122211008483,23.239700071026956,23.230173577860185,23.250322464153513,23.292005786360267
