name,machine_type,trace,-10,-9,-8,-7,-6,-5,-4,-3,-2,-1,0,1,2,3
m298,cpu,memory,45.15473297093059,45.23170615003912,45.326659890140974,45.400927193901865,45.51267731108377,45.504285332405004,45.55740436446427,45.61880336486533,45.70025422969447,45.75848345227292,45.857338361428624,45.908679523744134,46.05897125225513,46.11486031971005
