name,machine_type,trace,-10,-9,-8,-7,-6,-5,-4,-3,-2,-1,0,1,2,3
m412,cpu,memory,70.99964093353668,70.96120239965772,70.8542988193794,70.84843174889804,70.87803625776046,70.85838034794274,70.84482512659675,70.86239160976322,70.8475771391029,70.81433269181109,70.83052281568712,70.8264398730813,70.84124455145013,70.87079403759125
