name,machine_type,trace,-10,-9,-8,-7,-6,-5,-4,-3,-2,-1,0,1,2,3
m77,cpu,memory,9.903040753923383,10.013479806314871,10.307226037995772,10.373108908423717,10.417039277208723,10.440400369603067,10.446070597988456,10.446177007619278,10.455549667350576,10.484756831600784,10.43582496730022,10.267245851400013,10.457128422686987,10.489835900502534
