name,machine_type,trace,-10,-9,-8,-7,-6,-5,-4,-3,-2,-1,0,1,2,3
m386,cpu,memory,4.435622342205883,4.321742919913904,4.091438104903522,4.12239413872236,4.278806835572975,4.2923210686166255,4.165899991889037,4.03271937564849,4.146483352445686,4.119593451163796,3.973363689916559,3.7467382753427754,3.8421835557300983,4.007610372849269
