name,machine_type,trace,-10,-9,-8,-7,-6,-5,-4,-3,-2,-1,0,1,2,3
m221,cpu,memory,20.607188554322946,20.584202016037658,20.597714759320354,20.612743488650498,20.604257946547726,20.592492937056566,20.613123216792104,20.635500599962892,20.650716529966555,20.655627630119014,20.64060054198677,20.63648978609289,20.63881358602627,20.62392566844722
