name,machine_type,trace,-10,-9,-8,-7,-6,-5,-4,-3,-2,-1,0,1,2,3
m403,cpu,memory,55.139326746522535,55.08241911647231,54.909928376336076,54.714092912932266,54.3986687647495,54.24529480654853,54.21769196237525,54.18543056625344,54.091968091700714,53.95358482306541,53.8445504494966,53.831155204419545,53.68824259238151,53.54788333955522
