name,machine_type,trace,-10,-9,-8,-7,-6,-5,-4,-3,-2,-1,0,1,2,3
m369,cpu,memory,51.17591939338479,51.148945041397106,51.1538063680114,51.12545212257355,51.07906244296506,51.05586502873273,50.96379015418765,50.92859620798253,50.81569845051534,50.79717014019609,50.84118246230235,50.856666687464006,50.83025729561115,50.77333053298657
