name,machine_type,trace,-10,-9,-8,-7,-6,-5,-4,-3,-2,-1,0,1,2,3
m41,cpu,memory,9.248925600300597,9.262562926404796,9.266435004989242,9.289219463353197,9.30017528277518,9.26992093204473,9.250502740372683,9.219064884734374,9.2278638004201,9.246297349070518,9.230551326531614,9.1998070269287,9.182677842551735,9.170041855392437
m385,cpu,memory,0.7006716410270792,0.6960037990948735,0.6902360832324107,0.6795857121301175,0.6920805473730809,0.6916426169589935,0.6757650210798715,0.6688211197114509,0.6630204789393308,0.6619377678692415,0.6591700683884704,0.6635243096580244,0.6468304560149574,0.6397562557807268
