name,machine_type,trace,-10,-9,-8,-7,-6,-5,-4,-3,-2,-1,0,1,2,3
m268,cpu,memory,34.20480187171219,34.20431888818205,34.19832198512817,34.18879862102729,34.18845909939479,34.18087619720749,34.150440651603496,34.10899135058798,34.09667346941619,34.07969789321224,34.06644292021981,34.064442235618806,34.03825295736668,34.03825295736668
