name,machine_type,trace,-10,-9,-8,-7,-6,-5,-4,-3,-2,-1,0,1,2,3
m346,cpu,memory,17.35113389832893,17.267787142508105,17.181273083155055,17.196831462635267,17.05672846162294,17.071163961326395,16.890084545770332,16.87961295866541,16.827718899492876,16.745111458841468,16.688196255398957,16.55588877404584,16.514885858036585,16.483196768505184
