name,machine_type,trace,-10,-9,-8,-7,-6,-5,-4,-3,-2,-1,0,1,2,3
m222,cpu,memory,10.811934409508883,10.813596240692913,10.817446941491609,10.79690368688994,10.795115898026237,10.735983140161375,10.76826961058474,10.865202960943623,10.82955977703878,10.80348665092409,10.77525357965138,10.740162433956076,10.718168186258175,10.704113171881056
