name,machine_type,trace,-10,-9,-8,-7,-6,-5,-4,-3,-2,-1,0,1,2,3
m300,cpu,memory,17.261199231596823,26.607563048425117,26.70379299877924,26.697060566479575,26.242578024176122,23.932753778715245,22.530266642299452,21.029787637775062,14.818185105740243,12.140777077145493,8.249149181807383,6.209908204375183,6.453211205859992,12.218788709176309
