name,machine_type,trace,-10,-9,-8,-7,-6,-5,-4,-3,-2,-1,0,1,2,3
m343,cpu,memory,22.437005107847032,22.445386031628757,22.46995178088637,22.487039268993268,22.47788581424102,22.477671682399652,22.464184859443193,22.41107779090265,22.41107779090265,22.403548849485063,22.390088730541034,22.41552529145403,22.408201800754895,22.39936348628687
