name,machine_type,trace,-10,-9,-8,-7,-6,-5,-4,-3,-2,-1,0,1,2,3
m78,cpu,memory,45.99384607103132,45.80260583851029,45.572522447013576,45.50529988372979,45.51325946211369,45.53565225987876,45.55482709152805,45.59029402796736,45.61771238954966,45.64526745222254,45.67899342492394,45.605251434780676,45.471844585760266,45.46786371149481
m269,cpu,memory,50.656572207016225,50.568884384045944,50.467641396361955,50.455176604839636,50.40479789600837,50.28976869412818,50.23685224063971,50.25298543402759,50.18523484655834,50.12436684104977,50.08450761559569,50.05439845341359,49.96792584236536,49.94751999897262
m328,cpu,memory,30.213268158603128,30.260635013040265,30.25633984832777,30.222571673611338,30.21835031131388,30.180567137413405,30.190736388892283,30.13186391915047,30.057463817909248,30.00852036376329,30.000296824019344,30.03072108382807,30.116548456248566,30.184270774258792
m45,cpu,memory,54.66531415899639,54.60755341635965,54.58251580527326,54.44772620080157,54.2880081241037,54.24461578417453,54.23243731652187,54.10335481031794,54.03791420050329,54.027121315702146,54.02683337595888,54.06787242615715,54.118251539335425,54.127645110902534
m10,cpu,memory,25.52299190751715,25.39298046328535,25.23834262054296,25.240042795965955,25.284318288060806,25.255894612298764,25.13398469648048,25.0798989176403,24.96180662363405,24.85122705610907,24.77814161268003,24.798757252349727,24.778128083713824,24.728082544700182
m286,cpu,memory,47.75289527600333,47.718995095619135,47.633092558573374,47.53229748212059,47.40864579538479,47.3597592322568,47.422565125310015,47.47289608030556,47.50171274501157,47.37748033343998,47.301155469273326,47.248731400643486,47.176900694434934,47.17493559827425
m262,cpu,memory,31.567781006630803,31.502858728031537,31.43003027968455,31.405869713155326,31.355815945604395,31.298452835844568,31.20022760950414,31.058400600571915,30.967906124769794,30.957546411464236,30.953095262700767,30.93010957410115,30.93775854735052,30.88265135087034
m282,cpu,memory,68.87428218562792,68.86752762189805,68.89624312488937,68.76772842031832,68.65090232305988,68.50984771231671,68.26456203494794,68.15153134767554,68.1592735070085,68.14247690209375,68.15999396175138,68.26582585937518,68.26155260284983,68.21578839670082
