name,machine_type,trace,-10,-9,-8,-7,-6,-5,-4,-3,-2,-1,0,1,2,3
m132,cpu,memory,45.98267991522557,45.91755169189724,45.91542470006811,45.91861639908278,45.91917065775405,45.919775786020985,45.900511126826004,45.86996872861728,45.849824281676945,45.79022773226696,45.71101611053986,45.61645259067242,45.481906779889414,46.372393734743284
