name,machine_type,trace,-10,-9,-8,-7,-6,-5,-4,-3,-2,-1,0,1,2,3
m171,cpu,memory,18.099476476420875,18.792843404930096,20.38710501382892,20.334983016119374,20.279020200764805,20.28314882621829,20.274575778169346,20.22037475374081,20.169448755812226,20.11996726379971,20.092487388785464,20.07374797536375,20.046155558090273,20.047479192715084
