name,machine_type,trace,-10,-9,-8,-7,-6,-5,-4,-3,-2,-1,0,1,2,3
m14,cpu,memory,11.512036420464316,11.519721050419962,11.517117180538161,11.519110456654476,11.527418173923635,11.545041724210183,11.575302687624166,11.567508631792334,11.561419062010462,11.543270290536627,11.531442989350772,11.541490527831051,11.573153822539584,11.565904409872635
