name,machine_type,trace,-10,-9,-8,-7,-6,-5,-4,-3,-2,-1,0,1,2,3
m191,cpu,memory,12.093813817421925,11.519191967590555,11.043155985929932,11.634339548043098,12.038574301454686,11.822372922784844,12.046270062025847,11.701739665231065,11.996208604370132,11.818876710699886,12.07410995263446,11.753742014502691,11.823768414240439,11.826964339544713
m29,cpu,memory,28.392895402319805,28.717108425400433,28.709145013278295,28.062684113252782,28.67533580650562,28.425610728922965,28.793014579788824,28.238631583047326,28.781944133956642,28.689326257633862,28.681854055853947,28.254923623987878,28.775595342550673,27.90383968035356
