name,machine_type,trace,-10,-9,-8,-7,-6,-5,-4,-3,-2,-1,0,1,2,3
m232,cpu,memory,15.504062770636752,15.479634527261709,15.494944752129824,15.483300815719652,15.457926697370409,15.513239344699626,15.455741638855777,15.477872911813238,15.473313473425332,15.460151583801784,15.468110074791074,15.468536748385882,15.50720273998955,15.51000291001235
