name,machine_type,trace,-10,-9,-8,-7,-6,-5,-4,-3,-2,-1,0,1,2,3
m25,cpu,memory,16.86166177454661,16.548579165003638,16.63181542220681,16.882717718928305,17.154814120878846,18.62387450301423,21.49118438593015,24.203269808739982,24.421800162700826,24.763207134061254,23.652367313825387,22.90195620794861,22.834820726823438,23.455675254009734
