name,machine_type,trace,-10,-9,-8,-7,-6,-5,-4,-3,-2,-1,0,1,2,3
m364,cpu,memory,0.43095698881807765,0.607474328465736,0.5535663976197505,0.4195686276196396,0.5147438202709075,0.8349799703438,0.8774472437597529,0.6145943005168361,0.5497634625514,0.6583160144994212,0.6714126096797224,0.5307989381097494,0.582300838760783,0.524939413617822
