name,machine_type,trace,-10,-9,-8,-7,-6,-5,-4,-3,-2,-1,0,1,2,3
m236,cpu,memory,26.628975929688064,26.624023941560235,26.609565699813444,26.576513325678903,26.563176071314928,26.532831741862275,26.515408164062663,26.425145332901117,26.066163549342182,26.503813293980116,26.508755084722615,26.47968464285807,26.450340806196387,26.423360396730875
