name,machine_type,trace,-10,-9,-8,-7,-6,-5,-4,-3,-2,-1,0,1,2,3
m321,cpu,memory,18.40039698286721,18.36653749902853,18.369528075834292,18.398244155245646,18.41236867918089,18.426728763285336,18.432419233679383,18.474274108769343,18.49910699147428,18.52493978715598,18.5279930588573,18.554525568947092,18.581875510493944,18.55760198532473
m140,cpu,memory,2.312422475641519,2.316223240107336,2.281970928831238,2.2280881491443116,2.195572668199653,2.2283242014835856,2.1888698418228985,2.1804020935612582,2.2230196302866867,2.159368056994627,2.2209212442471378,2.1494077967372123,2.2018824273007254,2.4326940639094805
m376,cpu,memory,1.4925277073579153,1.4248143428475513,1.2681016367244529,1.3481237961898584,1.4283844688449074,1.4080639779905177,1.4400382990093419,1.434609965968484,1.3831706971205961,1.3556483320606068,1.2812858508039575,1.2951898446868741,1.326351971506109,1.2677177945521285
m121,cpu,memory,17.327947185577678,17.48406413875598,17.325555996203416,17.209859078229965,17.137469492270082,17.01692689490476,17.13420284591212,17.16627971491965,17.28848561997922,17.488275473958264,17.510054731735206,17.43174933720592,17.487361880229916,17.333223324488003
