name,machine_type,trace,-10,-9,-8,-7,-6,-5,-4,-3,-2,-1,0,1,2,3
m56,cpu,memory,10.150418759500019,10.194137432117632,10.182701822592103,10.191937091154319,10.158214784012149,10.161286568880096,10.195290965193067,10.185306601095578,10.157402185854506,10.16671594929673,10.19323021123455,10.210707284135266,10.208147810454976,10.172940310643213
