name,machine_type,trace,-10,-9,-8,-7,-6,-5,-4,-3,-2,-1,0,1,2,3
m172,cpu,memory,4.841950787111698,4.817640689920072,4.834138722966158,4.841166015682144,4.848861915007407,4.8499739038176095,4.863542288252231,4.859198370003892,4.828918615725782,4.8117213983009135,4.820414497420756,4.817460177080672,4.799307973099165,4.800250630227566
