name,machine_type,trace,-10,-9,-8,-7,-6,-5,-4,-3,-2,-1,0,1,2,3
m212,cpu,memory,35.161804419441935,35.02368292108057,34.90971056704595,34.83807745974033,34.89522123150826,35.07101514423975,35.180231672101336,35.25655553880326,35.34421829793232,35.392008163541725,35.46568284342371,35.57742271400327,35.62892051323071,35.54494216388312
