name,machine_type,trace,-10,-9,-8,-7,-6,-5,-4,-3,-2,-1,0,1,2,3
m279,cpu,memory,32.40278853958391,32.39556573077008,32.35640534020302,32.35308040138129,32.334491278228214,32.3219548254068,32.31458984366247,32.31091469612058,32.29292262849193,32.28107417758335,32.27730803330959,32.27076424294171,32.27304223975934,32.33065917002986
