name,machine_type,trace,-10,-9,-8,-7,-6,-5,-4,-3,-2,-1,0,1,2,3
m96,cpu,memory,6.770586169284917,6.829027335553738,6.8483742544871005,6.766178029716082,6.737450866008307,6.758590238560493,6.7792535315849225,6.7762823635860405,6.7624491022527256,6.74421608110153,6.737246774280114,6.745345021955286,6.724537052436326,6.734974253242257
