name,machine_type,trace,-10,-9,-8,-7,-6,-5,-4,-3,-2,-1,0,1,2,3
m91,cpu,memory,32.09463605756991,32.00575039399351,31.86632769828382,31.905044471049223,31.84301155748598,31.813428552669862,31.87720601984878,31.793750633385027,31.823799306809494,31.86491994043561,31.86284808047008,31.877547813035463,31.788344536966697,31.795818656316943
