name,machine_type,trace,-10,-9,-8,-7,-6,-5,-4,-3,-2,-1,0,1,2,3
m87,cpu,memory,3.5987589757434963,3.566523463852395,3.5732747500518065,3.5875638102286693,3.5772950223705684,3.5749739483022127,3.5723448514860907,3.579478124698451,3.6016831095892847,3.6248086291315857,3.626376720846162,3.6334007323021247,3.667285266461786,3.6598788134927416
