name,machine_type,trace,-10,-9,-8,-7,-6,-5,-4,-3,-2,-1,0,1,2,3
m113,cpu,memory,12.556962893586894,12.564764559125253,12.564824477613712,12.544458631394054,12.54974261984917,12.577324007401996,12.54672576873331,12.573354365565212,12.571785100214306,12.582710796177622,12.588748057177563,12.619557386455153,12.616335300418493,12.563381094224008
m14,cpu,memory,38.53590811337672,38.5192339970219,38.419769503049366,38.39352881195414,38.29840107080156,38.22443007803364,38.164836813667314,38.08098223941442,37.897577862971495,37.720568163329105,37.54137918570961,37.46013270964734,37.26124213936245,36.3148052451216
m386,cpu,memory,40.629373864336486,40.42951798384907,42.49329462380367,43.455212665250265,43.64543801349618,43.75467836617526,43.46263908196258,43.32918184153202,43.529630344005376,43.659732247137704,43.720303139209136,43.54159739688371,43.723046722356294,43.88368891434914
m184,cpu,memory,10.675042502861098,10.658764469838031,10.696134034925054,10.701144755222165,10.68803135059767,10.639771979914192,10.622031343692145,10.545957397735691,10.474783446681869,10.535618115979316,10.529642111223955,10.500079587686868,10.496939353319416,9.954343994534701
m335,cpu,memory,61.175364225541465,61.122798947283044,61.08321332964958,61.01450951640368,60.99710971420456,60.95380278728482,60.891980974931066,60.858947530414746,60.78641730874922,60.65294240130598,60.57759848118738,60.54786949115551,60.510068506818385,60.41971446139845
m211,cpu,memory,0.61915188374537,0.560378384801249,0.5530350306101014,0.5297752243561067,0.4970527291065323,0.5003799754949277,0.4520086424799956,0.5197215526795224,0.4705545194849678,0.4632488731122552,0.5626575360687974,0.5730127944229528,0.48376351875722245,0.38148367440063224
m273,cpu,memory,14.662145940610005,14.685010244103635,14.679896925086444,14.680563701958825,14.667593985819504,14.673836418515322,14.668966812086014,14.650531383156611,14.665158677751931,14.659269496908596,14.674815079777588,14.66595114728933,14.650954775680693,14.6705794389455
m273,cpu,memory,14.662145940610005,14.685010244103635,14.679896925086444,14.680563701958825,14.667593985819504,14.673836418515322,14.668966812086014,14.650531383156611,14.665158677751931,14.659269496908596,14.674815079777588,14.66595114728933,14.650954775680693,14.6705794389455
