name,machine_type,trace,-10,-9,-8,-7,-6,-5,-4,-3,-2,-1,0,1,2,3
m177,cpu,memory,16.372188246407884,16.33424596557435,16.286324199583056,16.277038747710545,16.300463365654483,16.2738745040451,16.24079118637754,16.191743670064444,16.192187197371517,16.245526927704443,16.27514977062767,16.27461476737965,16.25157871494385,16.22145851923819
m411,cpu,memory,23.844601625695223,23.83416026815299,23.837762789779926,23.865579930499695,23.929635649085593,23.966237406491395,23.936185672578194,23.888219291691737,23.858990717470316,23.85116752175836,23.85870677511398,23.85588375670181,23.83444214075005,23.80272995646329
m12,cpu,memory,26.792012267510163,26.681471728829496,26.593774297338676,26.494153618956684,26.362930376311002,26.209606838399854,26.172062787881256,26.16908846166285,26.11481474034408,26.09771997203236,26.04344917820412,26.01558499966872,25.967132545582245,25.949687013636847
m37,cpu,memory,21.49740414031799,21.4899673654075,21.460048467796724,21.44363862287696,21.432259438783635,21.443808453287517,21.445137293249672,21.425387444325448,21.394618183769428,21.3838110727367,21.37024423220016,21.329273975685673,21.28259613464052,21.233665859516066
