name,machine_type,trace,-10,-9,-8,-7,-6,-5,-4,-3,-2,-1,0,1,2,3
m408,cpu,memory,43.49750804087095,44.74480579753048,44.66321064813777,44.561676161617946,43.2974959637423,43.22967054277416,43.040176586350114,43.04343399681508,43.41648809378169,43.41648809378169,43.4004748908978,43.48301695137389,42.78848447108218,42.77671273412808
