name,machine_type,trace,-10,-9,-8,-7,-6,-5,-4,-3,-2,-1,0,1,2,3
m109,cpu,memory,19.797858305644098,20.117674381611774,20.268347379135296,20.173617966367186,20.084391064241913,20.281814009867993,20.401061367035847,20.546909683792993,20.693361249623756,20.900428229988016,21.052399142464065,21.212927857074536,21.363096721005473,21.20610395685961
m412,cpu,memory,0.6442724336117087,0.6010524807158679,0.5714535996289432,0.5330085293528112,0.5182159665643276,0.5101144811821725,0.4926117649523237,0.4966626023009571,0.4940676166568768,0.4871653351964419,0.5092637210466945,0.49359706420702376,0.4616330156673332,0.4567287932698514
