name,machine_type,trace,-10,-9,-8,-7,-6,-5,-4,-3,-2,-1,0,1,2,3
m133,cpu,memory,27.372481862927035,27.3847056014285,27.3345852726601,27.308751895839126,27.235578220483838,27.222343488932175,27.179562703179165,27.179562703179165,27.143762202789095,27.12101556523446,27.108501270343965,27.12977477850681,27.03986040565051,27.03986040565051
m56,cpu,memory,43.70173464698927,43.715934637633495,43.73684262811914,43.79990288992273,43.84507037305159,43.872857892221234,43.90026984587232,43.90026984587232,43.968267003219125,44.04486477013901,44.02841372040536,44.0650849340168,44.14318026089375,44.14318026089375
