name,machine_type,trace,-10,-9,-8,-7,-6,-5,-4,-3,-2,-1,0,1,2,3
m58,cpu,memory,68.1520283771181,68.13571003725895,68.11471966507479,68.08249660887248,68.0695848923262,68.02893487551066,67.97095794688391,67.95430886873513,67.96850799997468,67.93440995372934,67.88037038569355,67.80579758439596,67.72395934196649,67.6762085470891
