name,machine_type,trace,-10,-9,-8,-7,-6,-5,-4,-3,-2,-1,0,1,2,3
m385,cpu,memory,1.0127893952462488,0.9795944293518178,0.8469659395896215,0.791278296523353,0.6850821917965879,0.5866543607048446,0.5554888896467467,0.5923726071523912,0.5742636383621222,0.5446576144866339,0.6872503271757355,0.7704938154930717,0.7357974784658178,0.6721157314190956
