name,machine_type,trace,-10,-9,-8,-7,-6,-5,-4,-3,-2,-1,0,1,2,3
m52,cpu,memory,31.586227297784582,31.591808457205218,31.545790301641805,31.47431332582731,31.515066774076857,31.537910280166834,31.57458381644243,31.49414424564442,31.553543470066153,31.529170299386603,31.528367077826047,31.352499515628928,31.40753745633846,31.40168441838309
