name,machine_type,trace,-10,-9,-8,-7,-6,-5,-4,-3,-2,-1,0,1,2,3
m8,cpu,memory,45.51003925608097,45.506645123404894,45.506645123404894,45.4256130636059,45.42952175933233,45.42952175933233,45.44152654103647,45.44152654103647,45.418848520238704,45.42461346223517,45.413000098960836,45.407336903726126,45.39593046338624,45.461277828344976
