name,machine_type,trace,-10,-9,-8,-7,-6,-5,-4,-3,-2,-1,0,1,2,3
m127,cpu,memory,41.05747980088586,41.16312625196709,41.29695628094122,41.361500624813694,41.465784043055706,41.55468924199812,41.667125217107575,41.71794644717113,41.72201495215713,41.740520344387605,41.72886010465444,41.718613072606566,41.78605652536954,41.96546917535799
