name,machine_type,trace,-10,-9,-8,-7,-6,-5,-4,-3,-2,-1,0,1,2,3
m120,cpu,memory,73.54084202939804,73.54328309263744,73.4826640947272,73.38505914612217,73.34042966924476,73.33624041790297,73.30826365366104,73.15910613676417,72.96820734842025,72.84526356684223,72.81533013504057,72.78081513177347,72.74217104874204,72.70613945367971
