name,machine_type,trace,-10,-9,-8,-7,-6,-5,-4,-3,-2,-1,0,1,2,3
m221,cpu,memory,6.491242159124975,6.485746095910107,6.481217083854757,6.4651165349321715,6.465340762506829,6.469065467766616,6.470668743394699,6.4834701121923635,6.467444524557954,6.45625871027453,6.473038100483077,6.487930788325919,6.486850550732256,6.484301097256078
