name,machine_type,trace,-10,-9,-8,-7,-6,-5,-4,-3,-2,-1,0,1,2,3
m294,cpu,memory,0.5835025287849832,0.5784627829470611,0.5701888739760516,0.5465828828639464,0.550867198123775,0.5637995977955869,0.5717681089321993,0.603051662929859,0.6740736344582292,0.6069293952233819,0.5864500217796615,0.5984144996052342,0.606081323093692,0.5990664608901064
