name,machine_type,trace,-10,-9,-8,-7,-6,-5,-4,-3,-2,-1,0,1,2,3
m268,cpu,memory,35.27306726364221,35.13686477425809,34.72336518478851,34.77665246329456,35.21750575619403,35.132165988703655,34.98106614153988,34.82795702897916,35.23606839159002,34.94321281112948,35.21635039262451,35.03843197098032,35.13007000104673,34.91762829632043
