name,machine_type,trace,-10,-9,-8,-7,-6,-5,-4,-3,-2,-1,0,1,2,3
m236,cpu,memory,0.3692665745162756,0.3278167554538956,0.35837962104539833,0.33132417394856273,0.4353510075190867,0.40095108308006516,0.36783201232866347,0.3467044130384242,0.46616055126925054,0.42989387622534453,0.3374895001193626,0.3180073641969502,0.3531413792307621,0.46449272569980676
