name,machine_type,trace,-10,-9,-8,-7,-6,-5,-4,-3,-2,-1,0,1,2,3
m16,cpu,memory,48.774406208542246,50.03321875412098,49.99966956458425,49.981886929786135,49.962116685074335,49.81202535685965,49.70371497846476,49.65251126978607,49.5883251746174,49.51910834410908,49.46382941610881,49.41304251301494,49.37511154656132,49.30605584496334
m402,cpu,memory,31.37028432165425,31.357890973773483,31.37447276470133,38.036667245963464,42.46968580649956,42.601118940712496,42.66931650024857,42.91000841323096,42.976562225047296,42.899184608966486,43.554371709010155,43.80220220818085,43.78992849548727,43.71178526531844
