name,machine_type,trace,-10,-9,-8,-7,-6,-5,-4,-3,-2,-1,0,1,2,3
m373,cpu,memory,29.31828579048662,29.33890342713015,29.28114633383875,29.223786915859996,29.265316175582896,29.189731523723413,29.069849746079615,29.09191713782234,29.13804382256593,29.148648446459863,29.21699012285837,29.235372093978018,29.20573684341559,29.1742453279885
