name,machine_type,trace,-10,-9,-8,-7,-6,-5,-4,-3,-2,-1,0,1,2,3
m236,cpu,memory,1.766979912979485,1.6908175910148158,1.800455882752913,1.8158138353785598,1.5274791272943227,1.3996199548440773,1.6409964890252737,1.666875548693914,1.4353890333361783,1.4673017321441153,1.6222966385056543,1.4024113794589776,1.33988604278966,1.6083765796804268
