name,machine_type,trace,-10,-9,-8,-7,-6,-5,-4,-3,-2,-1,0,1,2,3
m112,cpu,memory,3.680796874535278,3.6929899464873324,3.670204491100384,3.6608620178633813,3.6560346623419506,3.646928695755059,3.6371762446572293,3.6324575451444137,3.662617184748107,3.688551657656067,3.680339799973601,3.6986380523957907,3.686568161716304,3.68696982303866
