name,machine_type,trace,-10,-9,-8,-7,-6,-5,-4,-3,-2,-1,0,1,2,3
m141,cpu,memory,1.5164888938264063,1.4788115583802148,1.4562374460097,1.4190098025740767,1.4031970721930511,1.396996019510167,1.3823602696790647,1.3691746295746299,1.3314565828421274,1.319566460556945,1.3052827385324222,1.2799222241994,1.2764285612525494,1.2804326676773468
m141,cpu,memory,1.5164888938264063,1.4788115583802148,1.4562374460097,1.4190098025740767,1.4031970721930511,1.396996019510167,1.3823602696790647,1.3691746295746299,1.3314565828421274,1.319566460556945,1.3052827385324222,1.2799222241994,1.2764285612525494,1.2804326676773468
