name,machine_type,trace,-10,-9,-8,-7,-6,-5,-4,-3,-2,-1,0,1,2,3
m150,cpu,memory,70.05891866388274,70.13713756330746,70.13659834556046,70.11885639808375,70.110911510486,70.10039189193569,70.10230656035147,70.1001836169182,70.08711894905667,70.11021712097953,70.10502969951094,70.06317525355543,70.05804053214398,70.04312863641752
