name,machine_type,trace,-10,-9,-8,-7,-6,-5,-4,-3,-2,-1,0,1,2,3
m245,cpu,memory,41.371325753530556,41.44737223885774,41.369334054819326,41.16309162401647,41.03011019846963,41.03890994573348,41.02555340966038,41.02792334675226,41.10822152655286,41.11307275800176,41.08910099555557,41.08672939265728,41.027506743714355,40.83787654266545
