name,machine_type,trace,-10,-9,-8,-7,-6,-5,-4,-3,-2,-1,0,1,2,3
m397,cpu,memory,1.9608275326420823,2.0049845394993286,1.9859541021270168,1.8115312237843717,1.3506017084487763,0.8468269204733725,0.7174050197130015,0.7327733962357985,0.7672826076643995,0.7605802987098299,0.7610877134299311,0.7379897806449469,0.6974166805471247,0.6790780954877788
