name,machine_type,trace,-10,-9,-8,-7,-6,-5,-4,-3,-2,-1,0,1,2,3
m260,cpu,memory,39.98721756138845,41.57448492811682,41.1236208466979,40.984255948791535,40.480861368501756,40.03954937309344,39.83260705183705,39.782097984428766,39.75386650324399,39.680868443635866,39.62895787840413,39.76428733379568,39.70070516916688,39.63355621015353
