name,machine_type,trace,-10,-9,-8,-7,-6,-5,-4,-3,-2,-1,0,1,2,3
m267,cpu,memory,16.58218751603339,16.5565785187919,16.52898191182602,16.503680382126603,16.476089327785633,16.454904409668195,16.456204823898215,16.41713149227602,16.395935468719458,16.400839299898518,16.401698704565963,16.425810343640112,16.430724472531487,16.41448710032837
