name,machine_type,trace,-10,-9,-8,-7,-6,-5,-4,-3,-2,-1,0,1,2,3
m88,cpu,memory,9.841502054264884,9.851148272155937,9.841290698641325,9.836373288679223,9.828606844913606,9.821451247245287,9.820060463017857,9.826162311875182,9.820404161849204,9.813030141562955,9.820750384566551,9.819438625059144,9.840925470587282,9.855083323333448
m231,cpu,memory,10.381531099341062,10.368404873118251,10.3697216930805,10.390202618696126,10.370456187444049,10.355436696335486,10.351004843763715,10.345178521746437,10.358350242277911,10.370799873592553,10.364016495443474,10.349047243541683,10.364933509185953,10.378461270659862
m52,cpu,memory,6.948594557054808,6.956966142855862,6.972276064850086,6.952980145828933,6.961822549094495,6.957315911847888,6.974323126258555,6.987706871197001,6.987234703482825,6.990751422591097,6.991641215731863,6.998163933037975,6.996396196886748,6.9943480500539685
m82,cpu,memory,0.9210619675401267,0.907666688217406,0.9088680627416592,0.9002199530775652,0.857406267648083,0.8164389266950384,0.7987187596370686,0.798194194682855,0.7935026402425753,0.8021403007574088,0.740762326107984,0.7394285956930969,0.7783873905746918,0.7807185351999432
m280,cpu,memory,0.3783553656926626,0.3802836375567806,7.58761399643251,10.177361209402102,10.089502983035246,10.02334657962394,10.002181979233633,9.94244940480283,9.910492915484374,9.900254894691958,9.889286783511679,9.872858992032054,9.82309008537924,9.810167882392372
m233,cpu,memory,3.74628002714477,3.267864441036238,9.895299322430217,12.35856035346837,12.310640971411067,12.24128113388383,12.18313025531633,12.12132151840707,12.096534243399214,12.108673201819533,12.103670583209725,12.065573893627418,12.061132462479529,12.054094165408577
m211,cpu,memory,3.065221843048508,3.0815615487677546,3.1220866181773643,3.1184895364036547,3.116581998775057,3.1149915449345826,3.127776091548419,3.1408083386528083,3.146268233803319,3.166707867674821,3.193728951211014,3.1998256385293384,3.1824731476929395,3.166809784739348
m267,cpu,memory,4.607214561157537,4.594683507118839,4.634633381149044,4.652594825120918,4.634959046300998,4.62521889964431,4.623386449375144,4.62878152951285,4.636404057637871,4.633721528756271,4.646050212493294,4.6343086246187655,4.627756263530512,4.650906997324291
