name,machine_type,trace,-10,-9,-8,-7,-6,-5,-4,-3,-2,-1,0,1,2,3
m317,cpu,memory,37.8848414100815,37.800242271476044,37.81630528864457,37.761194658201056,37.76759236374052,37.84907392105265,37.77587465285352,37.74739844956432,37.79643191537267,37.74222051751335,37.76884474728233,37.80584846720975,37.80075619736014,37.778899151535136
