name,machine_type,trace,-10,-9,-8,-7,-6,-5,-4,-3,-2,-1,0,1,2,3
m35,cpu,memory,74.50200172383704,74.49191228843274,74.32717776474342,74.8764570335374,74.79484877271865,74.63773465836219,74.19445347913056,73.60193684219198,73.2176777071671,72.98284827234069,72.65399597842533,72.4390210364696,72.1310545229188,71.87176024695066
