name,machine_type,trace,-10,-9,-8,-7,-6,-5,-4,-3,-2,-1,0,1,2,3
m109,cpu,memory,39.11428013448327,39.084899246879836,39.071627312949474,39.05101492738205,39.021926313084016,39.00065335955898,38.98768323946161,38.96479975401794,38.92912777248489,38.928490323270026,38.90931411458664,38.86895480559706,38.846529013713585,38.84331415879109
