name,machine_type,trace,-10,-9,-8,-7,-6,-5,-4,-3,-2,-1,0,1,2,3
m364,cpu,memory,14.9948707801035,15.063637540008886,15.12541235523158,15.238600265886932,15.375224734888427,15.527304555894196,15.794355280789539,16.062643346426974,16.17379160340136,16.34763889508939,16.511236732495597,16.68570143261168,16.82959439552459,16.982479709455802
