name,machine_type,trace,-10,-9,-8,-7,-6,-5,-4,-3,-2,-1,0,1,2,3
m302,cpu,memory,32.95117860299516,32.8911093032303,32.8703795111062,32.807306410736416,32.7029253363639,32.63878409712649,32.61378083994313,32.58999450620479,32.54846022628237,32.44851381707397,32.31790630358738,32.093869018728796,31.987960985885547,31.823809947465964
