name,machine_type,trace,-10,-9,-8,-7,-6,-5,-4,-3,-2,-1,0,1,2,3
m46,cpu,memory,16.118405963464262,16.10808442500694,16.107813302331866,16.104140249753446,16.086631715827238,16.08292817388063,16.11278497726265,16.09185598758362,16.05611530346207,16.039296161055255,15.98342940594133,15.985706108984566,15.971252664003032,15.952805523886726
m305,cpu,memory,0.44983253142801227,0.38786025511083033,0.3572280818834407,0.36534314612435603,0.36326103955648115,0.35709240700605466,0.34838413901523946,0.3326748653013798,0.3671303544734565,0.3991012176946378,0.40796628601677887,0.3788826691379561,0.3631616212015601,0.3408277887787465
m138,cpu,memory,19.944544723676337,19.88045289800643,19.877580947439203,19.880335282609508,19.857120150254527,19.855830816097942,19.857309446436783,19.868895735723388,19.874980017895002,19.82030484438915,19.767202243238508,19.76584319697688,19.729304490693018,19.695077418276902
m38,cpu,memory,6.116658532546616,6.089837408814515,6.038965410082768,6.039387780407464,6.010748706683052,5.991815756844602,5.979410319941744,5.967102307347823,5.953337673314284,5.92830787203772,5.916109575511035,5.927896039263602,5.983096471815979,5.976720029916671
