name,machine_type,trace,-10,-9,-8,-7,-6,-5,-4,-3,-2,-1,0,1,2,3
m52,cpu,memory,9.289682469132153,9.349651789862033,9.348575048000969,9.347607971665058,9.349786064080181,9.335928397219837,9.3250245585295,9.329492024149225,9.321467178411986,9.335540428447526,9.342797501363084,9.310696730494513,9.299127099271946,9.29945617175518
m382,cpu,memory,26.119857687811646,26.0891229046957,26.088300702406954,26.030695905466036,25.983869684252753,25.943562115588673,25.898315027736285,25.907323254457506,25.92122536862933,25.924592569119305,25.91649791038216,25.864424802197604,25.85078386754028,25.86749170322405
