name,machine_type,trace,-10,-9,-8,-7,-6,-5,-4,-3,-2,-1,0,1,2,3
m56,cpu,memory,43.82159522346066,43.8197201311977,43.82281005063991,43.81647741187717,43.81622547190933,43.83119087409466,43.8436368709226,43.81965546762184,43.804809446966814,43.80415190774813,43.80675258552841,43.82247567786357,43.82671974937973,43.81856638421758
