name,machine_type,trace,-10,-9,-8,-7,-6,-5,-4,-3,-2,-1,0,1,2,3
m354,cpu,memory,52.994431381451435,52.85183703956581,52.91919972721965,52.86688371417403,52.88789801339563,52.82868011010799,52.694473760323525,52.80523918526681,52.788000612305005,52.79892931315592,52.79808984705535,52.8026078168965,52.811836586920776,52.83876571037164
m394,cpu,memory,3.5079058187586885,3.5268658506340453,3.4918133086770764,3.501609108411347,3.5310774129917513,3.5451328438204732,3.54064855601692,3.5298595949328235,3.5602506678596466,3.54425912836165,3.5468235364255225,3.552062775073854,3.5723212273225444,3.6063605677107597
