name,machine_type,trace,-10,-9,-8,-7,-6,-5,-4,-3,-2,-1,0,1,2,3
m215,cpu,memory,35.44716215606171,35.24753125976579,35.433333691355514,35.91614051919006,35.90753243998963,35.91258669727288,35.91678624632697,35.90340164330893,35.89418579653501,35.89230727233227,35.89054767534899,35.88283559744692,35.871333355665236,35.873579871646285
