name,machine_type,trace,-10,-9,-8,-7,-6,-5,-4,-3,-2,-1,0,1,2,3
m32,cpu,memory,1.0088541090560523,1.0643909431601388,1.021388613863935,1.0159813686591879,1.0105607966617354,0.9926297990234852,0.9527729461171117,0.9574931042934202,0.9063277610782297,0.8151691167722654,0.9558949997601176,1.4047319382281351,1.4629756256596005,1.420621564034815
