name,machine_type,trace,-10,-9,-8,-7,-6,-5,-4,-3,-2,-1,0,1,2,3
m42,cpu,memory,26.969078574634274,26.96064929135687,26.92737314263343,26.93326555419471,26.886606468259632,26.854140355759313,26.814944233950456,26.78281416003287,26.64442098379073,26.57947250392691,26.46573487715829,26.420529737339887,26.358421811378495,26.33893520806619
