name,machine_type,trace,-10,-9,-8,-7,-6,-5,-4,-3,-2,-1,0,1,2,3
m392,cpu,memory,0.8413902331673141,0.834854466974964,0.8004798955983096,0.7922188335345123,0.8385510428220675,1.1544001781526945,1.2483456144594964,1.186025386526146,1.0990328368339297,1.0456110816953257,0.9767000276137698,0.8748673134657248,0.782499988945103,0.7698944154355196
m117,cpu,memory,10.586551219518697,20.808481571426054,27.58161113622777,27.527560564404887,27.36051420619388,24.573951234032414,21.97235602412536,20.934347202044933,19.67829850755558,18.38091795140219,16.841374221227934,15.342713569896722,14.13325541094808,13.522501349454624
