name,machine_type,trace,-10,-9,-8,-7,-6,-5,-4,-3,-2,-1,0,1,2,3
m323,cpu,memory,24.62533240220308,24.46149001817001,24.341648624973732,24.15131027826478,24.03696720658683,23.629275551471267,22.633742699073405,22.037046302103622,21.697933449035197,21.387057932082467,21.413581053081618,21.368690447799654,21.37611974181394,20.927760503197106
