name,machine_type,trace,-10,-9,-8,-7,-6,-5,-4,-3,-2,-1,0,1,2,3
m365,cpu,memory,1.9600914957010795,2.181719137707445,2.1678155068954643,2.0615477628010206,1.8309310476742988,1.9931411338998593,1.762895499302827,1.5558996156765,1.4364586398748056,1.373707619133349,1.1887117967042597,1.1919283493470902,1.0539136610407813,1.2327055081542404
