name,machine_type,trace,-10,-9,-8,-7,-6,-5,-4,-3,-2,-1,0,1,2,3
m284,cpu,memory,5.595348911026009,5.625378970956877,5.602853066001491,5.580521871099173,5.577303103992478,5.577303103992478,5.594783445470372,5.599528646448704,5.58655293586718,5.575195884257288,4.558917331237607,5.686397762404034,5.75540630407624,5.778832413273121
m0,cpu,memory,16.91404805433509,16.90730045316446,16.907136017817706,16.90047377654243,16.87312499613836,16.87312499613836,16.8538265784076,16.879049411247987,16.90191063546062,16.86726125651262,16.547862363586354,16.912829895543034,16.91027078777227,16.941459277302915
