name,machine_type,trace,-10,-9,-8,-7,-6,-5,-4,-3,-2,-1,0,1,2,3
m196,cpu,memory,32.1730115920136,31.538323602701904,31.958353355821515,32.173547427037825,31.512465341004802,31.512465341004802,31.738214111139936,31.738214111139936,31.986362376132902,31.986362376132902,31.427760851502082,31.90250053290661,31.99182824092782,31.390110598036006
