name,machine_type,trace,-10,-9,-8,-7,-6,-5,-4,-3,-2,-1,0,1,2,3
m115,cpu,memory,16.525383870888554,16.28142637160682,16.187601996568922,16.079553098669468,15.95164905047369,15.837092351617992,15.720801094174336,15.534860451763064,15.388450631987263,15.357527182477462,15.305348674178628,15.052557554974186,14.989613419374455,14.877444225053535
