name,machine_type,trace,-10,-9,-8,-7,-6,-5,-4,-3,-2,-1,0,1,2,3
m101,cpu,memory,29.28795700982238,29.329870716840713,29.29561366180229,29.278210527990364,29.27540419883768,29.258223577009108,29.243961345780157,29.103063654218328,29.04322955399821,29.014141091137116,29.00593028026254,29.050403727868776,29.08183916051596,29.09946263508403
