name,machine_type,trace,-10,-9,-8,-7,-6,-5,-4,-3,-2,-1,0,1,2,3
m12,cpu,memory,0.8773715878269569,0.8405978300565021,0.8088753750624865,0.8108965573377523,0.8131803330534894,0.771623518570177,0.6613912989606325,0.6486268749490508,0.6009575581552391,0.57485239754737,1.6883928808275306,9.588023425011608,23.887024700676776,47.68724391839013
