name,machine_type,trace,-10,-9,-8,-7,-6,-5,-4,-3,-2,-1,0,1,2,3
m120,cpu,memory,25.129826590764853,24.96539521923254,24.903736707016336,24.766288270160604,24.72274923961995,24.60733558445363,24.583616748208396,24.545586185461435,24.513596847576473,24.436201059062167,24.33977479531631,24.343372683491754,24.35158957645267,24.362664362846314
