name,machine_type,trace,-10,-9,-8,-7,-6,-5,-4,-3,-2,-1,0,1,2,3
m109,cpu,memory,31.28135524678437,28.671914340479077,24.50883592176428,21.5101391672973,17.282851686108042,14.380673850189245,28.179376526597995,30.79746998534878,44.89179608177801,50.509570733577526,50.68774725488734,50.426535081110536,49.49466157507386,44.504528903588636
m197,cpu,memory,55.731089417398444,55.35803621316228,55.26632397899242,55.30199273113261,55.26989122768781,55.22511101993935,55.21583772745299,55.139655454295394,55.10362497040165,54.98647658041263,54.98568163677413,54.96536586507356,54.81005677878413,54.60675671672829
