name,machine_type,trace,-10,-9,-8,-7,-6,-5,-4,-3,-2,-1,0,1,2,3
m347,cpu,memory,11.56134850507656,11.618201291321009,11.574655521836268,11.60352230618509,11.5924763944632,11.578562216445677,11.592744172842618,11.573442322604187,11.70900104160603,11.73604213999546,11.724225022944212,11.692995355247147,11.682374817223177,11.689174512703167
