name,machine_type,trace,-10,-9,-8,-7,-6,-5,-4,-3,-2,-1,0,1,2,3
m364,cpu,memory,7.445670279343921,7.421365154395115,7.2424254925304945,6.8780598465256215,6.614142314179749,6.28036780217925,6.065737808977557,5.653230812401365,5.3393441483946384,5.024108786948569,4.822942005222636,4.521470811005722,4.330879792320584,4.113209134543307
