name,machine_type,trace,-10,-9,-8,-7,-6,-5,-4,-3,-2,-1,0,1,2,3
m159,cpu,memory,37.5650796734759,37.56098764654629,37.52580016101987,37.4628083487158,37.40787333401944,37.269950621257955,37.216188133615965,37.220408378421666,37.284057326743564,37.22860394338172,37.10278810901655,36.980901105556335,37.078384953821725,37.07790611019909
