name,machine_type,trace,-10,-9,-8,-7,-6,-5,-4,-3,-2,-1,0,1,2,3
m37,cpu,memory,19.2031099745621,18.802316761652516,18.09605410614198,17.916166613759362,17.800105960092132,17.695487022382228,17.613453342553733,17.60892810990189,17.660684355911503,17.643559835756502,17.607036382098336,17.59308566972868,17.5730459988631,17.556191516430705
m2,cpu,memory,28.40844041057059,28.03382256164188,27.9101838939479,27.73213574152071,27.649661310466797,27.54608643799244,27.477031475920963,27.440662055807252,27.424001729891785,27.41982324891703,27.417013100258956,27.38194847107927,27.370229575821387,27.358205894504835
