name,machine_type,trace,-10,-9,-8,-7,-6,-5,-4,-3,-2,-1,0,1,2,3
m33,cpu,memory,27.74645055461055,27.74409747812963,27.679847274022915,27.78942987419951,27.92404358936818,27.85729215233757,27.879151369389785,27.81454397663788,27.8260324376575,27.78263515209812,27.78125106763047,27.84550914645836,27.82431468838123,27.796142670806187
