name,machine_type,trace,-10,-9,-8,-7,-6,-5,-4,-3,-2,-1,0,1,2,3
m57,cpu,memory,40.48409384121994,40.45655770738033,40.44446248962884,40.427498017538944,40.416656646588756,40.41723942706618,40.41123066082056,40.39769446941976,40.36982113661181,40.37039578871118,40.404903322350926,40.40359036403079,40.38404106582291,40.31052736341432
