name,machine_type,trace,-10,-9,-8,-7,-6,-5,-4,-3,-2,-1,0,1,2,3
m279,cpu,memory,62.79237325654198,62.716403249549316,62.60302556108797,62.559832747249786,62.54375060412139,62.45516278739977,62.410266623755376,62.359938314814414,62.31520203893849,62.33051361689631,62.26934301707129,62.21110127424495,62.20143412060698,62.169155971093495
