name,machine_type,trace,-10,-9,-8,-7,-6,-5,-4,-3,-2,-1,0,1,2,3
m393,cpu,memory,32.541541374678566,32.585435827731025,32.60516109566993,32.61833086077184,32.53555754631199,32.54095667663081,32.52212599784075,32.607946223650195,32.793592169764935,32.831036620421656,32.76941970414854,32.782157266314165,32.83344754770885,32.8061761256505
