name,machine_type,trace,-10,-9,-8,-7,-6,-5,-4,-3,-2,-1,0,1,2,3
m52,cpu,memory,30.13073496067576,29.814437041331562,29.437648190516274,29.367078270897192,29.22859352451985,29.135892609640802,29.03124649991359,29.062546951132088,28.859728863657747,28.666457764447827,28.485800757075697,28.228549062632563,28.107315004172694,28.060654757852017
