name,machine_type,trace,-10,-9,-8,-7,-6,-5,-4,-3,-2,-1,0,1,2,3
m357,cpu,memory,0.3874201541131395,0.4753056769894771,0.5213746005206947,0.48347638168192053,0.4278459691551109,0.43278846724064507,0.4391097356063877,0.3765541746592563,0.3685500127479621,0.4016707997910594,0.4026780321507905,0.3690831338896138,0.3835539688867343,0.3992952336553953
