name,machine_type,trace,-10,-9,-8,-7,-6,-5,-4,-3,-2,-1,0,1,2,3
m249,cpu,memory,13.500710025013179,13.486052218886755,13.555151740527586,13.500348132171254,13.585981659577014,13.34243745100132,13.173353465674847,12.847493090966628,12.707447177591265,12.488774600199248,12.311626087996327,12.359346707446248,12.145531847460562,11.917925321408923
