name,machine_type,trace,-10,-9,-8,-7,-6,-5,-4,-3,-2,-1,0,1,2,3
m22,cpu,memory,0.5480292571333313,1.226061970758162,1.1611266286929942,0.8374634983957678,0.7591423165648818,0.7377330319293897,0.7208102056242651,0.6813604774164809,0.5837032584566479,0.596443118677924,0.6632525560587772,1.1172778212536423,1.0587930620798798,0.8607434836227909
m190,cpu,memory,3.878085141606568,3.5282865563411163,4.5022855166734805,4.504429333796771,4.363866810055244,4.298345571053882,4.40374391863299,4.0592499170579845,4.307357697276455,4.251116362877086,4.402100890806633,4.86233327871255,4.497367033969912,4.542844419557634
