name,machine_type,trace,-10,-9,-8,-7,-6,-5,-4,-3,-2,-1,0,1,2,3
m192,cpu,memory,13.418940840649809,12.88605502576518,13.53418753658338,13.517051790064961,13.33411684278834,12.578245576935693,13.449023386165242,13.310859737222978,12.566688931431228,12.937661102408871,13.268534448626559,12.474004939630873,12.535564285256081,12.850859565190607
