name,machine_type,trace,-10,-9,-8,-7,-6,-5,-4,-3,-2,-1,0,1,2,3
m8,cpu,memory,52.10434893518986,51.88668566101055,51.84479335096419,51.81573627000126,51.74225340733553,51.593420708415465,51.28130060463013,50.72129187863404,50.697804626625114,50.60246357299379,50.55507279677986,50.65341346456081,50.56228288724848,50.01514815479219
