name,machine_type,trace,-10,-9,-8,-7,-6,-5,-4,-3,-2,-1,0,1,2,3
m175,cpu,memory,29.479112837773293,29.42695684246941,29.405612713579853,29.398795679137457,29.39495554106573,29.419523105673733,29.3921219532628,29.38443526565766,29.406802150462177,29.41506692210647,29.377579009046297,29.363219454971162,29.384735716558133,29.378094500409823
m139,cpu,memory,22.18802860958895,22.169319559274875,22.164201369099025,22.183593754022542,22.185045326365092,22.014925403902023,21.948608388358956,21.939290221319645,21.93416895129491,21.971056240819514,21.951877457708054,21.957089008760992,21.962683392412924,21.949925335149647
