name,machine_type,trace,-10,-9,-8,-7,-6,-5,-4,-3,-2,-1,0,1,2,3
m37,cpu,memory,40.54519791016997,40.575215021795,40.55754742337833,40.532180986655305,40.53735215605022,40.565394642378905,40.590621377921266,40.582066576055524,40.59106490749947,40.592879289216505,40.63672497810931,40.62641161140707,40.55498255709235,40.57343667538943
