name,machine_type,trace,-10,-9,-8,-7,-6,-5,-4,-3,-2,-1,0,1,2,3
m394,cpu,memory,1.2519828396498995,1.2399369392327757,1.2095011923501504,1.1734688407277671,1.1675243348571323,1.1322511492701255,1.1177933504763995,1.1348364681828553,1.0679653959650597,1.0537550577668344,1.1076218734820338,1.1117539567331622,1.1445603859099494,1.1728698697478714
m347,cpu,memory,6.264274522230065,6.253206790905133,6.232069979194381,6.232966246075285,6.228249868658737,6.171608892159388,6.1426789837805575,6.186119252256153,6.195915998471335,6.198958934601107,6.175943421317089,6.12381882457096,6.086128276383754,6.112080732429028
