name,machine_type,trace,-10,-9,-8,-7,-6,-5,-4,-3,-2,-1,0,1,2,3
m362,cpu,memory,17.75393053078468,17.751576241483107,17.724388009417982,17.672579310140804,17.608864613008034,17.62860146587329,17.598281644029466,17.525885192864944,17.485402942251763,17.436659579278782,17.423696223301892,17.429391463959732,17.370796572267135,17.33665733384747
m158,cpu,memory,0.3740621282790869,0.39589409866350234,0.40024254746987936,0.34166380904518945,0.36991885130109475,0.34630651246332117,0.3802358087340168,0.40396967572079895,0.4135101906804674,0.336630373092629,0.3717797842096212,0.4138117142656208,0.36980250986748,0.3636357955120571
