name,machine_type,trace,-10,-9,-8,-7,-6,-5,-4,-3,-2,-1,0,1,2,3
m288,cpu,memory,17.8234991493181,17.82356154133977,17.906690051156005,17.881570069178213,17.800396080303013,17.757828492593312,17.72685691131113,17.689801830218467,17.730533472115702,17.76316530717682,17.79816796334299,17.795119259926434,17.78354993157776,17.80963378453921
m390,cpu,memory,37.78507293294172,37.759710979333036,37.7376159257392,37.730886976489295,37.686643764150645,37.77337892087668,37.72155936924937,37.70984693298691,37.694700612868346,37.701749094073904,37.70027409822176,37.69239170486563,37.69340138609328,37.69872580688785
