name,machine_type,trace,-10,-9,-8,-7,-6,-5,-4,-3,-2,-1,0,1,2,3
m141,cpu,memory,15.254381005156368,15.262945269294566,15.27563911786071,15.31018890184045,15.316109480673648,15.312322396075032,15.298302615964204,15.259496747164691,15.281728271380278,15.294068136085603,15.254919641196203,15.254692485777495,15.247818081341144,15.249278236372596
