name,machine_type,trace,-10,-9,-8,-7,-6,-5,-4,-3,-2,-1,0,1,2,3
m267,cpu,memory,0.6651713378806011,0.6489504092121579,0.6253595113093414,0.6428396003229182,0.648644910407177,0.6440682208902906,0.6517877192027075,0.673001751129765,0.6759527398002523,0.7219577190811036,0.7531192149193741,0.713100172120961,0.6973539604183803,0.756870951673987
m9,cpu,memory,32.280501081835254,32.281022076038795,32.30055829955936,32.30770592085445,32.25213406458398,32.23809131659947,32.27833492776246,32.25424034995322,32.2509690601599,32.28038896738539,32.20875828307091,31.94933069148048,31.77377307149441,31.5962235502502
