name,machine_type,trace,-10,-9,-8,-7,-6,-5,-4,-3,-2,-1,0,1,2,3
m380,cpu,memory,4.059338558213361,4.023747746126077,4.032767229723365,4.0315074257712125,3.9950429741328737,3.946371051349785,3.899978835172454,3.8752782578160696,3.8814206539156357,3.885049272433309,3.842992961029035,3.7936179040130247,3.787970063119222,3.794402940457234
