name,machine_type,trace,-10,-9,-8,-7,-6,-5,-4,-3,-2,-1,0,1,2,3
m139,cpu,memory,15.034367251917962,14.988790990687475,14.96214371656916,14.985017308069269,14.98651946167679,14.984818597619979,14.990166290487197,15.001820802117887,15.01677451904989,14.970616765123902,14.963785974527942,14.961058443697047,14.946882279763283,14.951709887616524
