name,machine_type,trace,-10,-9,-8,-7,-6,-5,-4,-3,-2,-1,0,1,2,3
m330,cpu,memory,0.4885803872701558,0.49108928101054605,0.49929770610962065,0.4936946905517762,0.49245121655658924,0.5038883278255212,0.5123020888159818,0.5202430005692212,0.5002689469615418,0.4895467442805748,0.5071661931435287,0.5082654739331283,0.4711675867268788,0.4455137895151237
