name,machine_type,trace,-10,-9,-8,-7,-6,-5,-4,-3,-2,-1,0,1,2,3
m111,cpu,memory,0.33403363329761643,0.36489095540418187,0.34930438347566084,0.35114536456657747,0.41348429496273464,0.4424185697798125,0.3822783397737447,0.46060013997846927,0.49144469089629533,0.411248732302397,0.36914426394935684,0.47417749697640993,0.7254899227495909,0.7071501261946785
m277,cpu,memory,0.7087462589774093,0.6833155536200063,0.6525332432869062,0.5405623051612256,0.4250456981238659,0.3406081673480925,0.3551618509616943,0.341793451696854,0.32138024357239514,0.3452129862776623,0.3419535331746254,0.6727757188810252,0.8081500759516858,0.6705117870076005
