name,machine_type,trace,-10,-9,-8,-7,-6,-5,-4,-3,-2,-1,0,1,2,3
m274,cpu,memory,8.747240440255066,8.667533850208327,8.744539461431765,8.718298114046679,8.765974944658883,8.720647380563348,8.759188815279092,8.687381693672013,8.66729187914532,8.56220353567712,8.624792904865615,8.589715880665507,8.628588230284228,8.579040106015555
