name,machine_type,trace,-10,-9,-8,-7,-6,-5,-4,-3,-2,-1,0,1,2,3
m349,cpu,memory,10.710146293541378,10.675177458356202,10.65180123495012,10.456913129892133,10.381113890555369,10.575626873805051,10.650611129852274,10.650837427191387,10.667792963744299,10.633105801278322,10.624781135754075,10.643895040059919,10.635432428160888,10.587960302440177
