name,machine_type,trace,-10,-9,-8,-7,-6,-5,-4,-3,-2,-1,0,1,2,3
m221,cpu,memory,23.04866544374266,22.981166992866896,23.008259492173767,22.857417693565644,22.708094050339216,22.882352998188026,22.704094373445084,20.422222862968766,18.96251979508037,18.33865916880137,16.799117104433524,16.165139682447933,14.810786805189878,14.106849426426512
