name,machine_type,trace,-10,-9,-8,-7,-6,-5,-4,-3,-2,-1,0,1,2,3
m137,cpu,memory,0.8682976926139757,0.8438433279192221,0.8418828757568406,0.8429056062098259,0.8449894827362282,0.8298374728527141,0.7557619001004113,0.6130295098841199,0.723119431823028,0.8061892782789729,0.7821981206221481,0.749196030844502,0.7984880065060199,0.7791950486749047
