name,machine_type,trace,-10,-9,-8,-7,-6,-5,-4,-3,-2,-1,0,1,2,3
m47,cpu,memory,4.2269770865603284,4.219767337690335,4.218520885365806,4.2282172037095265,4.2414708389458395,4.228737818752813,4.218485562698197,4.216112848631322,4.221260354539028,4.230619296543888,4.224799852414097,4.225081550309685,4.224041254210477,4.2035534255309726
