name,machine_type,trace,-10,-9,-8,-7,-6,-5,-4,-3,-2,-1,0,1,2,3
m310,cpu,memory,4.099015883411058,4.493316549980461,4.534121222344813,4.635645358539387,4.770670035151848,4.884711469610148,5.116866869274662,5.2366054121762335,5.266595442400624,5.306055758454982,5.333593330377688,5.4167301313667044,5.655878864012106,5.703535427249964
