name,machine_type,trace,-10,-9,-8,-7,-6,-5,-4,-3,-2,-1,0,1,2,3
m168,cpu,memory,11.683787168721839,11.662036267513,11.600750278257816,11.55538948643552,11.557135996048647,11.562554763385526,11.530736599034219,11.547549116263959,11.540133766374346,11.498846716795526,11.4194865891151,11.391311972503473,11.367180091420668,11.370262779748712
m391,cpu,memory,24.732137724512086,24.60468521074662,24.636774042704978,24.742313681522408,24.744094328241154,24.729899335016142,24.713457220062296,24.67941109018791,24.640242075592358,24.592650668100433,24.534785299285744,24.454424526809518,24.50024980092099,24.452048127145975
