name,machine_type,trace,-10,-9,-8,-7,-6,-5,-4,-3,-2,-1,0,1,2,3
m23,cpu,memory,21.413368486719676,26.873812872531104,26.849747118851532,26.81114367203155,26.319356531090822,25.393648225664794,24.551544875295008,21.562558511449936,18.962513940149453,18.678562725273814,18.142191942308155,17.53733193300599,16.995528097277763,17.064031659771338
