name,machine_type,trace,-10,-9,-8,-7,-6,-5,-4,-3,-2,-1,0,1,2,3
m189,cpu,memory,49.37021530281684,49.449962678922795,49.501280623758106,49.43193455720944,49.317432723018726,48.945576689846405,48.51570604923717,47.49114666859259,47.343092866452565,47.2851294959904,47.30795576813271,47.211711488507035,47.077462679225675,47.094529000251875
m137,cpu,memory,58.56547538856086,58.52836450672446,58.32617926758483,58.35041424522852,58.35669964604034,58.37295995022685,58.07445308426241,57.27855269696153,57.311541763356594,57.22603159913172,57.16405402915636,57.09146227402603,57.073615879141975,56.99838430791776
