name,machine_type,trace,-10,-9,-8,-7,-6,-5,-4,-3,-2,-1,0,1,2,3
m310,cpu,memory,35.23885987992201,35.219147735887425,35.10844621733528,34.951596915087066,34.905834084107234,35.04597595387255,34.993921421322355,34.992941624283,34.9694235688194,34.85086277565386,34.791073146785834,34.798468621144195,34.82769231719789,34.77490488093997
