name,machine_type,trace,-10,-9,-8,-7,-6,-5,-4,-3,-2,-1,0,1,2,3
m79,cpu,memory,41.16212239308747,41.237464405288364,41.17824178279828,41.20023685116907,41.13424751259449,41.14371925037226,41.15920343065855,41.04079245707649,40.39131168654826,40.06988044437535,40.87900112705736,41.17174548674379,41.05305092434511,41.045822259793155
