name,machine_type,trace,-10,-9,-8,-7,-6,-5,-4,-3,-2,-1,0,1,2,3
m38,cpu,memory,0.4356039829370541,0.46389023381092104,0.4472947637162651,0.41504134440632207,0.39446491248746635,0.4693479203860842,0.4398414915545735,0.49345213904988816,0.49443504054663656,0.47000128246270517,0.4824345964464351,0.4364357125026524,0.43632026706465704,0.4245593836055938
