name,machine_type,trace,-10,-9,-8,-7,-6,-5,-4,-3,-2,-1,0,1,2,3
m163,cpu,memory,1.19493858915485,1.1681221543511555,1.1843366207300199,1.1197681586334174,1.155135497741775,1.2748690067141593,1.1894711714365884,1.077172246009201,1.0204674497479964,1.024551455518982,1.069527109286,1.1147165469940874,1.182468648644441,1.2190491802114332
