name,machine_type,trace,-10,-9,-8,-7,-6,-5,-4,-3,-2,-1,0,1,2,3
m68,cpu,memory,3.1382664435357728,3.1957959360309105,3.2570872186486897,3.246132494109861,3.203091799779114,3.2083756711403097,3.145327422562551,3.0274268019095842,3.0061298803926415,2.9869254673524472,3.0030419010112492,3.0453818786391986,3.058965363544607,3.015031774102625
