name,machine_type,trace,-10,-9,-8,-7,-6,-5,-4,-3,-2,-1,0,1,2,3
m259,cpu,memory,28.47790352289887,28.41306619775327,28.349753842651925,28.251863991934837,28.20703805022873,28.1415698387669,28.123012200790125,28.123446067639858,28.130472741925214,28.14406117907231,28.1444099383585,28.157981011366793,28.17945880796953,28.17363630916725
