name,machine_type,trace,-10,-9,-8,-7,-6,-5,-4,-3,-2,-1,0,1,2,3
m297,cpu,memory,29.511043418123283,29.417789758392043,29.306320051323798,29.090113321250886,28.863388134906206,28.843082712027925,28.764365990145336,28.63408690578641,28.312554468083484,28.235551658443537,28.14751797912424,28.04735526239752,28.149258797926233,28.168810519125245
