name,machine_type,trace,-10,-9,-8,-7,-6,-5,-4,-3,-2,-1,0,1,2,3
m118,cpu,memory,30.988101718320305,30.912554755702324,30.895883038736507,30.845842446537453,30.845842446537453,30.863979605645664,30.856042188355072,30.87739483979317,30.870798683167497,30.89986224715288,30.90598363678844,30.914276738604286,30.892985572141626,30.896462905659998
