name,machine_type,trace,-10,-9,-8,-7,-6,-5,-4,-3,-2,-1,0,1,2,3
m169,cpu,memory,73.72804222399753,73.73563416129161,73.70520755046742,73.67484949136268,73.63324673361109,73.64938133123798,73.63740498959598,73.65645212289157,73.6273607827285,73.58725492996919,73.56996850293251,73.51017362488136,73.49748553148704,73.47367005196892
