name,machine_type,trace,-10,-9,-8,-7,-6,-5,-4,-3,-2,-1,0,1,2,3
m25,cpu,memory,38.57090064844392,38.53823549668683,38.504517706719454,38.43481052338062,38.44301901159105,38.4109145305173,38.50953683252425,38.535962933551104,38.316030854611384,37.541943642316596,36.96077458082102,36.63399343890346,36.13918230470192,35.9750099660654
m254,cpu,memory,49.06423537275084,49.04715419388569,49.0369842943532,49.03775005987817,49.03591565493662,49.02258738646242,49.02250434790615,49.031091479591055,49.027826296492584,48.99562353284101,48.94661873972538,48.93015249518718,48.932615465673756,48.93993183883644
