name,machine_type,trace,-10,-9,-8,-7,-6,-5,-4,-3,-2,-1,0,1,2,3
m282,cpu,memory,0.5017210341251912,0.43093850060739886,0.4008345883714163,0.4135886318717638,0.4614019333647643,0.41054926497286365,0.44952483320610287,0.44197687098780253,0.40282593427783137,0.48497107298490716,0.442951089822704,0.3985854397035927,0.38311722323340947,0.37453921099814164
