name,machine_type,trace,-10,-9,-8,-7,-6,-5,-4,-3,-2,-1,0,1,2,3
m211,cpu,memory,22.462089880734926,22.635328597879848,22.833764656673363,23.003896896639013,23.206856225566785,23.359035312733344,23.527179842458327,23.704352840345297,23.843686390803878,23.970799558982296,24.07836921005825,24.174637852552024,24.27115694714566,24.451992852660755
m357,cpu,memory,46.48137982802942,46.44290802913235,46.44571400430117,46.44813326062038,46.450064384553286,46.447573952869554,46.431606592740806,46.42531938506181,46.42863524842716,46.416441040130124,46.385174662224436,46.35536813647631,46.34437128899978,46.315887918957124
