name,machine_type,trace,-10,-9,-8,-7,-6,-5,-4,-3,-2,-1,0,1,2,3
m7,cpu,memory,27.893200426616044,27.83224019015695,27.91347011037512,27.933882296300194,27.897545455465092,27.901323201515144,27.890265781153264,27.798130835357693,27.828298085803688,27.846542652503516,27.846542652503516,27.795733539288594,27.78447475700579,27.719570296076185
