name,machine_type,trace,-10,-9,-8,-7,-6,-5,-4,-3,-2,-1,0,1,2,3
m328,cpu,memory,0.6865616802129476,0.5024572889393436,0.44777973008307803,0.4022869058946101,0.4113143440267922,0.4310314852746816,0.42528501264197727,0.47230133154194986,0.3789208989051918,0.3955669716387073,0.4038807701150672,0.419435358331408,0.4306494505529953,22.312483848835885
