name,machine_type,trace,-10,-9,-8,-7,-6,-5,-4,-3,-2,-1,0,1,2,3
m256,cpu,memory,0.676085411190833,0.6717296176925843,0.6422475954425293,0.6607069009997928,0.7076820863260554,0.7199428505171662,0.7432448572126783,0.7102607924984619,0.7189311507675339,0.7161229040445234,0.6731404547649967,0.6651005411084373,0.6670291032393211,0.6766260789465938
