name,machine_type,trace,-10,-9,-8,-7,-6,-5,-4,-3,-2,-1,0,1,2,3
m56,cpu,memory,32.831082708363155,32.945463133856755,33.02270748542525,33.02568110129308,32.97633022364632,32.9539836332855,32.880813793070864,32.83350458832744,32.80732649180081,32.82065062036751,32.86875436365559,32.96213412114568,33.01492105198279,33.04870456558464
