name,machine_type,trace,-10,-9,-8,-7,-6,-5,-4,-3,-2,-1,0,1,2,3
m105,cpu,memory,18.27395606789972,18.36462389123926,18.166919223109083,18.356263360335245,18.31075570004121,18.283178628441338,18.161568299523925,18.161568299523925,18.21108708288435,18.21108708288435,17.993695700200824,17.99746408233663,17.581901996815763,16.74661063425215
