name,machine_type,trace,-10,-9,-8,-7,-6,-5,-4,-3,-2,-1,0,1,2,3
m322,cpu,memory,1.09428950358424,0.9593311311776507,1.0055552018598455,1.0952010909055694,1.0662376266171876,0.9243090785320804,0.8957230329718816,0.9406328328867256,0.943031177656678,0.7891236642844929,0.8810222914578477,0.8626202795513904,0.7568121941390147,0.7908250836037947
m416,cpu,memory,5.011973841607313,4.9680518270307195,5.001182041080482,4.979600799793028,4.974009205041749,4.948800329576768,4.920508298979357,4.983124623944204,4.981441553728526,5.075802974718329,5.246426729225168,5.31707110527951,5.305161523290003,5.385005466835885
