name,machine_type,trace,-10,-9,-8,-7,-6,-5,-4,-3,-2,-1,0,1,2,3
m50,cpu,memory,0.3623869455052939,0.5795605493672026,0.6079455749889708,0.6014146295457055,0.6072500377229432,0.6065129183892367,0.5901454870828525,0.6144914117382169,0.5993278662917472,0.5987583245646294,0.6133408064500449,0.6511720018142448,0.6569050007568819,0.5711408444766191
