name,machine_type,trace,-10,-9,-8,-7,-6,-5,-4,-3,-2,-1,0,1,2,3
m302,cpu,memory,21.597370863676176,21.57494004322239,21.565564402005815,21.559865826303017,21.562610869146276,21.582341791961547,21.576028673009652,21.569425227167812,21.556249021520166,21.523797406647645,21.47412161960011,21.449650968105296,21.426892953079843,21.387512767174577
