name,machine_type,trace,-10,-9,-8,-7,-6,-5,-4,-3,-2,-1,0,1,2,3
m339,cpu,memory,38.22789556110145,38.21898945399167,38.21343812954231,38.20702033210607,38.18901665047705,38.20399951902112,38.226113653670126,38.22755331360393,38.20159692076595,38.17876103763323,38.159826270551434,38.139647195302956,38.10249870354831,38.075646661502866
m339,cpu,memory,38.22789556110145,38.21898945399167,38.21343812954231,38.20702033210607,38.18901665047705,38.20399951902112,38.226113653670126,38.22755331360393,38.20159692076595,38.17876103763323,38.159826270551434,38.139647195302956,38.10249870354831,38.075646661502866
m186,cpu,memory,0.9404020429813186,0.8234173430799767,0.6624552026798767,0.5046328044771546,0.5795004793850097,0.4343344617871886,0.4677049304757525,0.5674816861811849,0.8496063184582071,0.8686456779842665,0.7315282816673886,0.5367175230294706,0.6857997757642856,0.5827971228653676
m322,cpu,memory,0.9021160067314631,0.7597800554029037,0.8365489328208143,0.775229311880816,0.7440740754426154,0.8043736171156701,0.7509558750561302,0.7097816838611709,0.8109373865169386,0.7526630742125536,0.6904229185642978,0.749809749764985,0.6925291793250286,0.6135718487440517
m88,cpu,memory,1.5884745595925887,1.4695766810364175,1.3799064989869472,1.3761169156219386,1.4522156971807165,1.4638084982559916,1.4635305609751472,1.4547805342465263,1.475460157817893,1.4744287334060697,1.4624153035877654,1.4640255073993302,1.4601119476420692,1.449448653914091
m386,cpu,memory,7.909853480552558,7.877445229648374,7.876659814611799,7.91133749958582,8.024567030224876,8.07681615849324,7.991401329387714,7.91109986984146,7.862878661268324,7.82957274250219,7.779343820950102,7.7903798892705165,7.83110234405614,7.681310697631544
m146,cpu,memory,17.551923639919046,17.50250613001613,17.4752296102116,17.44351417065163,17.355553333071146,17.209579222754115,17.32267637213685,17.555138141425573,17.517304699797155,17.476156909172847,17.443456422633197,17.365438127376766,17.315313558373884,17.26635972322263
m391,cpu,memory,2.7215016212309386,2.6724261064937314,2.5467978905787505,2.602142857013054,2.784775763111971,2.9284614342117625,2.930341751049352,2.882547746100332,2.874506444278079,2.8609985967625446,2.840078440968455,2.80272104118988,2.8039553785587454,2.963101613365304
