name,machine_type,trace,-10,-9,-8,-7,-6,-5,-4,-3,-2,-1,0,1,2,3
m155,cpu,memory,32.65693516699648,32.57818063509445,32.65489354520311,32.59356153104206,32.41056164268138,32.41425685559597,32.88151494612994,32.90148311892992,32.92729620320015,32.93383731952729,32.92968057791185,32.94242662054644,32.92788110190186,32.91605629942561
