name,machine_type,trace,-10,-9,-8,-7,-6,-5,-4,-3,-2,-1,0,1,2,3
m266,cpu,memory,45.690225000093875,45.76841678086933,45.812783566105296,45.86850561548251,45.82474986345948,45.77634161962797,45.64314511550135,45.538972177983915,45.4364427345605,45.40350464298333,45.33777330891128,45.24845847599582,45.14238142050834,45.11655333813562
