name,machine_type,trace,-10,-9,-8,-7,-6,-5,-4,-3,-2,-1,0,1,2,3
m305,cpu,memory,15.938292362206463,15.876284056579024,15.888957536875958,15.878556292232355,15.830787854950787,15.846665791563035,15.813761773957522,15.749014478644087,15.677988254330897,15.554379462581778,15.551148807674837,15.513134398896181,15.44369546093045,15.534699322852726
