name,machine_type,trace,-10,-9,-8,-7,-6,-5,-4,-3,-2,-1,0,1,2,3
m236,cpu,memory,26.186985799636442,26.157532019752107,26.140791473688044,26.002206224288656,25.77606841074679,26.13276703247674,26.140995762127936,26.143605323578047,26.133302714171062,26.118918324436812,26.10976376040894,26.102821385392428,26.088146842470017,26.078052258209564
