name,machine_type,trace,-10,-9,-8,-7,-6,-5,-4,-3,-2,-1,0,1,2,3
m36,cpu,memory,20.751357032150246,20.770906809277463,20.76660976133174,20.738977767905435,20.710189301633985,20.681472767911796,20.6482222120322,20.625164220116993,20.60777830089988,20.479400759159468,20.49602384126355,20.564982623216217,20.55446497334619,20.55685439658707
