name,machine_type,trace,-10,-9,-8,-7,-6,-5,-4,-3,-2,-1,0,1,2,3
m110,cpu,memory,20.803539250654254,20.842208093626315,20.872984321248403,21.106602059854424,21.169310584742874,21.12076275071825,21.106625278924138,20.994963298044688,20.947806287431806,21.030948805165526,21.023163431781683,21.037922476519853,21.041551360052182,21.01630954705149
