name,machine_type,trace,-10,-9,-8,-7,-6,-5,-4,-3,-2,-1,0,1,2,3
m0,cpu,memory,50.904339138330435,50.90360678926053,50.85481431074291,50.493431543625256,50.502701756262724,50.4816070440229,50.46747030480502,50.45656280512652,50.460640144565346,50.42748453965076,50.3866582994473,50.340258121472544,50.31377614021268,50.29103036206272
