name,machine_type,trace,-10,-9,-8,-7,-6,-5,-4,-3,-2,-1,0,1,2,3
m112,cpu,memory,41.16666124459302,41.004900792975334,40.98090777824676,40.94940879319232,40.849120281580646,40.832335616255385,40.66521227696594,40.66521227696594,40.49111940433671,40.32917712616412,39.228321594875155,39.129295613080664,39.55317251958852,57.082462293260555
m199,cpu,memory,67.31002038280715,67.43108745742578,67.60670646048486,67.73757079752934,67.78347890765018,67.79238471188606,67.87249122173029,67.87249122173029,67.92099294320491,67.99454051637939,68.12896453027197,68.24088925614535,68.30242091341799,68.38926136993132
