name,machine_type,trace,-10,-9,-8,-7,-6,-5,-4,-3,-2,-1,0,1,2,3
m82,cpu,memory,25.50681851852446,25.94252446963601,26.430072485369827,26.553387944322814,26.305089556099546,26.16046888755207,26.110923816630816,26.057404182739937,25.95991064251001,25.89350311878333,25.88687583483402,25.871534261382354,25.64901301576319,25.48253136403013
m82,cpu,memory,25.50681851852446,25.94252446963601,26.430072485369827,26.553387944322814,26.305089556099546,26.16046888755207,26.110923816630816,26.057404182739937,25.95991064251001,25.89350311878333,25.88687583483402,25.871534261382354,25.64901301576319,25.48253136403013
m42,cpu,memory,9.106117645245144,9.086281563321148,9.069773346140456,9.056466278838668,9.054561189377594,9.055868784368993,9.042317524992093,9.02672998140627,9.015277095386073,8.995623570700246,8.981925720359808,8.962968149334818,8.935507305590852,8.928375723361286
m112,cpu,memory,10.196352513006767,10.128347203241283,10.041714959845585,9.974037990744295,9.930392348593795,9.88367285200019,9.832363251037146,9.777270098878027,9.737797604643081,9.674444942705648,9.60335006691393,9.55084145124963,9.501414148487317,9.48218410453759
m52,cpu,memory,0.3972387956498344,0.41366122380072695,0.38959472556248376,0.3953375805137238,0.40624928129918486,0.44794215665958204,0.4321973204966393,0.4228833804410765,0.4256611252455626,0.40206482609798905,0.39942106513130404,0.4064484335089739,0.4020902296456478,0.42964640300378815
m215,cpu,memory,8.271445861768902,8.217735934672767,8.172025033314613,8.124936017890397,8.052488810172637,7.991251154479556,7.984637347850544,7.980909967078516,7.986360611892489,7.9786733696495284,7.983282857948026,7.950697476170034,7.881828420607758,7.826619848319543
m288,cpu,memory,14.68217650543165,14.646741825024787,14.61141138358942,14.593771301499388,14.51564639463311,14.468015234942913,14.461479973546691,14.423000855134145,14.37202369612638,14.342056368950315,14.305437451627252,14.249064922290737,14.231065884097067,14.231023734084053
m52,cpu,memory,0.3972387956498344,0.41366122380072695,0.38959472556248376,0.3953375805137238,0.40624928129918486,0.44794215665958204,0.4321973204966393,0.4228833804410765,0.4256611252455626,0.40206482609798905,0.39942106513130404,0.4064484335089739,0.4020902296456478,0.42964640300378815
