name,machine_type,trace,-10,-9,-8,-7,-6,-5,-4,-3,-2,-1,0,1,2,3
m418,cpu,memory,27.52591479878785,27.543986678152454,27.53308548960867,27.526601262463185,27.486211666084447,27.422550048169064,27.370865173203587,27.28348459221453,27.430733901374328,27.423395772401417,27.340213981388764,27.350400438658312,27.344911757994552,27.35154393903609
