name,machine_type,trace,-10,-9,-8,-7,-6,-5,-4,-3,-2,-1,0,1,2,3
m36,cpu,memory,65.64198169804249,65.7456503826115,65.85014843811568,65.96306123705752,66.0345163567348,66.1308871945585,66.30511055472505,66.468722828426,66.56217477022926,66.5995619266105,66.53278631077853,66.482931854177,66.43745978213312,66.39309562278474
