name,machine_type,trace,-10,-9,-8,-7,-6,-5,-4,-3,-2,-1,0,1,2,3
m350,cpu,memory,0.8992631744539682,0.8842050417478342,1.0113987245397393,1.0725771557609551,0.9351567088634105,0.8574350028085496,0.8661995801100232,0.8697034398175341,0.8407147739037314,0.9381237119909167,1.0315413400752254,0.9570910380160647,0.8973639784834451,0.8813862070646727
m409,cpu,memory,19.390483178353772,19.41479827296461,19.380656005238144,19.343064408980066,19.336681493151325,19.315205865882838,19.303685781043015,19.2928906229698,19.2934176235412,19.284293396119494,19.27223969669966,19.251485641869433,19.25834757736626,19.27695854764942
