name,machine_type,trace,-10,-9,-8,-7,-6,-5,-4,-3,-2,-1,0,1,2,3
m14,cpu,memory,36.8854100652778,36.83593410071381,36.78274752777671,36.731840080873994,36.632564479882845,36.547668322316696,36.491153265637784,36.45041571826756,36.416024791076076,36.38153492634198,36.31674757538849,36.27242097240268,36.29631267392155,36.313004659835975
