name,machine_type,trace,-10,-9,-8,-7,-6,-5,-4,-3,-2,-1,0,1,2,3
m136,cpu,memory,58.45386932749612,58.41547281824956,58.31223116451696,58.28249565758575,58.266924915426365,58.20477168235856,58.20657897717835,58.108651887092016,58.00833324347845,58.01371343097794,58.019891207333515,57.962434557875774,57.98473421953274,57.941970762622084
m135,cpu,memory,29.229909365542902,29.22490071236553,29.205105478384002,29.23151110442887,29.19963422421529,29.16701169934901,29.165909058693494,29.13948899503747,29.091813959276227,29.11253782840398,29.21531677967989,29.20838306145263,29.21418854552475,29.127658841285047
m163,cpu,memory,53.260698678763596,53.173904407400535,53.055941393127185,52.98303141888302,52.840961245959406,52.59992096000399,52.45556090108018,52.451047560869824,52.43511790395235,52.33320014592232,52.10523192920226,52.019237770456655,52.03496187144031,51.94679181090397
m145,cpu,memory,19.108180976542542,19.118871235196206,19.12719916840208,19.133975943200724,19.076198239191456,19.065571636417474,19.05155306201841,18.989211436562833,18.989360857925607,18.985280890627134,18.983396815308463,18.88377373940959,18.781944927877216,18.77504205284582
m326,cpu,memory,51.400515068422784,51.33582621086936,51.35183673718802,51.265840861860646,51.31365668761477,51.29045908256663,51.128786611274045,50.986185083224,50.78102890245139,50.54718437808523,50.62662124976481,51.007690286306755,51.19424115364471,51.13984966650913
m166,cpu,memory,52.49444101086025,52.38971503561464,52.38656304696641,52.29665767673538,52.265063687985126,52.08341990700564,51.9877632177856,52.21355522983326,52.1436951731205,52.110282682929316,52.14875450824196,52.12277634891676,52.08691819009071,52.05806851052737
m276,cpu,memory,39.002617382087266,38.83812508261097,38.62298713410231,38.47380161542535,38.093895695161244,38.03801473676737,37.93376499218747,37.9155573623624,37.90376133352855,37.77145616654323,37.50216333220217,37.43568762434049,37.36601272902548,37.35718382956656
m157,cpu,memory,34.954052601183975,34.85699336773988,34.73210410657242,34.60562279797467,34.50588513210305,34.418854613051124,34.389980602247455,34.35956522671479,34.24963392739127,34.13279016153163,34.07176056866152,34.041120303501955,33.94882772079497,33.82304031406283
