name,machine_type,trace,-10,-9,-8,-7,-6,-5,-4,-3,-2,-1,0,1,2,3
m400,cpu,memory,10.321224957667315,10.316634474705518,10.313940121248596,10.307748243126989,10.311993083753535,10.320691104574118,10.29378504989181,10.266072593662388,10.270209914057412,10.280155787994275,10.266932465323514,10.247007666525668,10.254573418478858,10.22785589030053
m254,cpu,memory,1.1894108730273294,1.2054598576698663,1.2034190176697235,1.2889334544263535,1.5343228657491486,1.5024036677785975,1.4746419944849996,1.5027337624612163,1.4844766630858393,1.4536084627712864,1.442571094553988,1.440542735475819,1.4704611485183925,1.4831069537702681
