name,machine_type,trace,-10,-9,-8,-7,-6,-5,-4,-3,-2,-1,0,1,2,3
m286,cpu,memory,0.41572127206901727,0.6912139423936059,1.1591270741032673,1.2731024494766146,1.2061828180478453,1.0575395582368121,1.0004093142650352,1.0726899004355317,1.1322620267943648,1.1170370747738474,0.8707469913402502,0.6305344807136474,0.5786675121507032,0.5606067297016895
