name,machine_type,trace,-10,-9,-8,-7,-6,-5,-4,-3,-2,-1,0,1,2,3
m374,cpu,memory,45.965807213385126,45.96694146645064,45.94780712108628,45.90678742957519,45.82328558826162,45.85751550033183,45.889449599681,45.88225343882858,46.00172220399596,45.9211164131638,45.88636434110311,45.93128265965066,45.887199463231326,45.86541591305424
