name,machine_type,trace,-10,-9,-8,-7,-6,-5,-4,-3,-2,-1,0,1,2,3
m394,cpu,memory,12.437602778930046,12.394474382350786,12.366069922314663,11.984618251651677,12.095328906205468,12.201752507084068,12.091025257501869,12.03608104357895,11.97477561985262,11.598328662550994,11.641404258178245,11.710046701033969,11.400279286072932,11.617962929568312
