name,machine_type,trace,-10,-9,-8,-7,-6,-5,-4,-3,-2,-1,0,1,2,3
m256,cpu,memory,0.457834623707357,0.46887134831763555,0.4628268309703516,0.4570453848311124,0.4251182616540876,0.4123274807597846,0.40386368248479076,0.3855243276146603,0.37252731483335183,0.35938319368524896,0.36998218980367775,0.4254285938152788,0.5186823292649899,0.49984699316416653
