name,machine_type,trace,-10,-9,-8,-7,-6,-5,-4,-3,-2,-1,0,1,2,3
m288,cpu,memory,64.49307078106816,64.70431845469379,64.70247496164254,64.60834862190259,64.52097636994556,64.52612462035515,64.38006530082252,64.31310735490781,64.43017094020719,64.15553458725951,64.20373212112702,64.08938097218098,63.98209385322889,63.96494755647705
