name,machine_type,trace,-10,-9,-8,-7,-6,-5,-4,-3,-2,-1,0,1,2,3
m37,cpu,memory,38.196776056952025,38.18018719753807,38.1812407004671,38.183781946969106,38.16895518021835,38.16676277975666,38.18567374782744,38.17993605942786,38.1525586100714,38.190679730143366,38.2316697455156,38.21037015108546,38.20119416782717,38.19979323074555
