name,machine_type,trace,-10,-9,-8,-7,-6,-5,-4,-3,-2,-1,0,1,2,3
m29,cpu,memory,38.33419596802464,38.29590751005193,38.338219344800784,38.321107626782556,38.27226254853478,38.23208556962795,38.22606600214217,38.22313413176141,38.20043343071133,38.18616080144309,38.14938206760012,38.098530374101955,38.098530374101955,38.12511126829593
