name,machine_type,trace,-10,-9,-8,-7,-6,-5,-4,-3,-2,-1,0,1,2,3
m2,cpu,memory,34.850315473632385,34.57319186617006,34.42371825236067,34.365824546672755,33.85685176434033,33.64013292798049,33.483511301339874,33.32876139117076,33.40462591652332,33.41292953220654,33.34757904065461,33.33987954636933,33.305801144236206,33.3137624244606
