name,machine_type,trace,-10,-9,-8,-7,-6,-5,-4,-3,-2,-1,0,1,2,3
m139,cpu,memory,33.937297138853324,33.65861979133382,33.568553273564,33.507318129831255,33.449851897695744,33.422408040066095,33.39085514345894,33.38610951277828,33.40803091930525,33.37966950522097,33.30403432263859,33.281673143221006,33.29853049828025,33.31161061271025
