name,machine_type,trace,-10,-9,-8,-7,-6,-5,-4,-3,-2,-1,0,1,2,3
m87,cpu,memory,7.817955572761484,7.877009343576266,7.782289622772687,7.725356650665435,7.686394928072296,7.662611553754572,7.642485318642415,7.5733754153006805,7.463758526581515,7.459516563256939,7.508520852087537,7.500430383799978,7.4534662533139695,7.40661481728133
