name,machine_type,trace,-10,-9,-8,-7,-6,-5,-4,-3,-2,-1,0,1,2,3
m127,cpu,memory,42.57728998519916,42.60116305997369,42.6416707260602,42.65350724029124,42.70304281990192,42.79806728295042,42.85974452223794,42.89784070639944,42.96414308366873,43.04627410293145,43.109778480080074,43.18480740945842,43.24955084369763,43.35195866425587
