name,machine_type,trace,-10,-9,-8,-7,-6,-5,-4,-3,-2,-1,0,1,2,3
m320,cpu,memory,7.27824451990581,7.369471145575367,7.288844500364387,7.791976148257012,7.616250823779127,7.524783716239631,7.406410983152277,7.500506708020665,7.51848557992415,7.360216228069431,7.392416972687923,7.211441341981816,7.033590864984211,7.000888245833773
