name,machine_type,trace,-10,-9,-8,-7,-6,-5,-4,-3,-2,-1,0,1,2,3
m2,cpu,memory,0.38119918896172394,0.39662613794365675,0.39571866887134133,0.3434063359283199,0.3434063359283199,0.3421074370705363,0.3908240995245035,0.3436301560928565,0.3402460164023048,0.36469138249063593,0.4229042831874014,0.34906618881219253,0.335807414861126,0.3327707080588947
