name,machine_type,trace,-10,-9,-8,-7,-6,-5,-4,-3,-2,-1,0,1,2,3
m237,cpu,memory,1.2339486175995114,1.2015478753934106,1.2103828329965174,1.3761083720605558,1.3494626628537771,1.3252903606567783,1.2173835232385444,1.1746832388293598,1.2273578293294718,1.183632998282372,1.1689729049622313,1.2029214589582253,1.2108660430574005,1.1655950281675749
