name,machine_type,trace,-10,-9,-8,-7,-6,-5,-4,-3,-2,-1,0,1,2,3
m394,cpu,memory,0.389447781239761,0.33459135033583565,0.45945578144538207,0.43229296555397057,0.40455925761005485,0.3979073140470912,0.3470324885554557,0.3342937767373285,0.4707859403902688,0.446335032072225,0.40017130901293335,0.38586542670903107,0.3862236003190413,0.39100369490625475
