name,machine_type,trace,-10,-9,-8,-7,-6,-5,-4,-3,-2,-1,0,1,2,3
m138,cpu,memory,14.288586431554045,14.334784518249696,14.862541592914349,14.862541592914349,14.440703834098766,14.744761205440511,15.228623448460343,15.359252957911856,15.149163877248604,14.942619784049704,14.63569631707165,14.847035863138496,15.43859864854035,15.360385504287454
m346,cpu,memory,1.7807069149319918,2.539395829281133,2.3741532478893776,2.3741532478893776,2.8626347847499485,3.438479588813559,2.984950923223225,2.130513084727578,2.359983368588864,2.35924263994485,2.7088615327805563,3.0745010915499336,3.065684003430713,2.955309463178137
m29,cpu,memory,29.634016729905724,28.900578222603954,27.841282793064867,27.841282793064867,27.818034496018754,28.857073265376105,30.360618010541344,29.581945287527578,27.894437060715493,29.077924515466893,27.989071219644693,28.27356732925984,30.173197223421766,30.468936415094362
m376,cpu,memory,4.632864294748148,5.168926777268539,5.129193142703395,5.129193142703395,5.525682186528096,5.96607806356487,5.825169014232105,5.015034432824115,5.247382750664037,5.065810231236039,5.047732622443888,5.752266107568024,5.9888198040272655,5.843503030949895
m138,cpu,memory,14.288586431554045,14.334784518249696,14.862541592914349,14.862541592914349,14.440703834098766,14.744761205440511,15.228623448460343,15.359252957911856,15.149163877248604,14.942619784049704,14.63569631707165,14.847035863138496,15.43859864854035,15.360385504287454
m268,cpu,memory,5.9086310260622374,6.68404418239526,5.805192682766675,5.805192682766675,5.448693851799322,5.5881883664805585,6.037044445108075,6.454214387224633,6.491944372242674,6.377214139329926,5.5706168347848966,5.247397793274455,5.780303623201618,6.402287087642497
m297,cpu,memory,0.9585885474878397,1.5724967881738163,0.9015723670256408,0.9015723670256408,0.41208678436048274,0.649650868178924,0.7301282471034201,1.1274383316954923,1.5471526290309412,0.9140891795553642,0.6078420804625684,0.620858918857722,0.8040812680917933,1.2862887091195208
m29,cpu,memory,29.634016729905724,28.900578222603954,27.841282793064867,27.841282793064867,27.818034496018754,28.857073265376105,30.360618010541344,29.581945287527578,27.894437060715493,29.077924515466893,27.989071219644693,28.27356732925984,30.173197223421766,30.468936415094362
