name,machine_type,trace,-10,-9,-8,-7,-6,-5,-4,-3,-2,-1,0,1,2,3
m234,cpu,memory,36.95374709824096,36.92117230512352,36.87982693906983,36.83246503426927,36.70187111250002,36.649455151070164,36.65087744686517,36.64923708186821,36.67566439439063,36.64973551196682,36.63710789113089,36.65214623670709,36.634034226551854,36.62780713934034
