name,machine_type,trace,-10,-9,-8,-7,-6,-5,-4,-3,-2,-1,0,1,2,3
m222,cpu,memory,29.62100016977596,29.924435790235236,29.801057738606627,28.569503742945844,27.79358636405103,27.316633231029602,30.67271431182418,30.021551143194475,28.750006436070194,26.905676468534036,29.303227103142678,28.170378597589085,27.767037195897203,30.13528084413195
