name,machine_type,trace,-10,-9,-8,-7,-6,-5,-4,-3,-2,-1,0,1,2,3
m199,cpu,memory,12.908292430655964,12.895867433210702,12.887036942921782,12.853204717733345,12.822232227829495,12.808111944128733,12.787921461892317,12.766692425081569,12.725939682906784,12.700585806566197,12.667231188328442,12.643022654785367,12.626494675083249,12.635397653127134
m168,cpu,memory,12.86775518325506,12.865805735451708,12.848212750251825,12.840417306311084,12.841350839363502,12.833385256014152,12.835460547919467,12.83912342904613,12.785017431301084,12.752051501161128,12.732742079075406,12.714993896182463,12.707606019604967,12.694788610984594
m253,cpu,memory,17.54332353576677,17.525977594578276,17.532754246466116,17.527114633709463,17.506073378711516,17.447732598213978,17.42032856850108,17.413236322018186,17.385253500298422,17.366347960547163,17.308079062056798,17.25981449216438,17.260089501657962,17.23095636489786
m373,cpu,memory,17.874245366983512,17.888327993426852,17.908712112974868,17.907274597766815,17.877890555163905,17.85354158921929,17.869944254848754,17.851083439538584,17.841737003575304,17.832570222371828,17.81272612697255,17.77085694109121,17.791839741428078,17.80301896820436
