name,machine_type,trace,-10,-9,-8,-7,-6,-5,-4,-3,-2,-1,0,1,2,3
m21,cpu,memory,19.118204622933817,19.382229183341135,19.478040561977053,19.185386140890515,19.50692554469295,19.512552511896736,19.534100501416813,19.560241925594063,19.516422888140614,19.48477508978545,19.645962076190834,19.592756774289473,19.578100303473583,19.181361552618796
