name,machine_type,trace,-10,-9,-8,-7,-6,-5,-4,-3,-2,-1,0,1,2,3
m7,cpu,memory,54.45494430762453,54.42721721368922,54.4019576314559,54.352614628530326,54.31825257657848,54.34691171569821,54.33053815057085,54.3119156464713,54.30569744292963,54.313221032944135,54.31413389485344,54.30546948110918,54.259289490560654,54.22769449448258
