name,machine_type,trace,-10,-9,-8,-7,-6,-5,-4,-3,-2,-1,0,1,2,3
m3,cpu,memory,21.24500376497038,22.149103882227983,21.769584488927794,21.23316816010542,21.217200491540577,21.20159249493794,21.226012833216764,21.280863488937367,21.310077383687688,21.398513020700506,23.582414521648708,24.896746938229956,24.792974484401533,24.66893127239734
