name,machine_type,trace,-10,-9,-8,-7,-6,-5,-4,-3,-2,-1,0,1,2,3
m297,cpu,memory,14.405270768956226,14.352054109851814,14.33398122097067,14.291103061261515,14.280423349250972,14.251385718661593,14.282448036039995,14.258587883190748,14.236938482594837,14.214374201056534,14.199838197763142,14.195540795833557,14.194747064258511,14.192833002158402
