name,machine_type,trace,-10,-9,-8,-7,-6,-5,-4,-3,-2,-1,0,1,2,3
m134,cpu,memory,55.54262634089086,55.661429836370566,55.6194760477786,55.52749577021467,55.21412245227783,55.126371405409365,55.13475010874688,55.254174092503504,55.1995566410825,55.09395087542972,55.05007181783577,55.11901318453967,55.11318730490757,54.827155321788055
