name,machine_type,trace,-10,-9,-8,-7,-6,-5,-4,-3,-2,-1,0,1,2,3
m182,cpu,memory,1.0201076739968107,1.0630984523083564,1.134912842888833,1.2236835904318746,1.515311875398317,1.9482705325328662,1.9355667900231643,1.4179993269271365,1.0246270320036543,0.8334528928083564,0.6929921220683549,0.6108325941759107,0.7493989770494885,1.0248812315432436
