name,machine_type,trace,-10,-9,-8,-7,-6,-5,-4,-3,-2,-1,0,1,2,3
m252,cpu,memory,1.9911683033265064,2.095657499201473,1.9907158097324407,5.662464251037388,22.209169131504876,22.132702736135478,22.09350593286037,22.06930045398979,22.078853550842016,22.08892365342722,22.098062367685756,22.10022001668108,22.06526809132387,22.091884851465494
