name,machine_type,trace,-10,-9,-8,-7,-6,-5,-4,-3,-2,-1,0,1,2,3
m208,cpu,memory,15.948169836996604,15.941062093592453,15.906958695186866,15.919072338460847,15.933641178395085,15.956126838982122,15.985086731876223,16.005491245059144,16.01635543244607,16.009820221591927,16.05265653416196,16.065668072264014,16.01454601327551,16.015415160449564
