name,machine_type,trace,-10,-9,-8,-7,-6,-5,-4,-3,-2,-1,0,1,2,3
m31,cpu,memory,8.246858977344447,8.178698181597511,8.205065382215672,8.222400790617808,8.171846551217596,8.131860601356102,8.097753555519608,8.106549275929423,8.245446635304033,8.222171128328052,8.22867749611621,8.111923458450162,8.03175798247303,7.9767951960505785
m411,cpu,memory,9.982359352362481,9.964483036816217,9.976210865197531,9.934348810428947,9.90050483957261,9.849314458859848,9.815873790894173,9.831495249819188,9.818901968327445,9.805591084488452,9.795191793251549,9.777865697544911,9.775574957021078,9.795166810787725
