name,machine_type,trace,-10,-9,-8,-7,-6,-5,-4,-3,-2,-1,0,1,2,3
m54,cpu,memory,3.5970071910136587,3.7472139766487857,3.8679010070011723,3.974037458254134,4.8367919361159,5.079446673894954,4.645645042944792,4.480549166094286,4.372073594600025,4.229498991195214,4.100417545922194,3.9719447257343647,3.888498248874021,3.8041933768627727
