name,machine_type,trace,-10,-9,-8,-7,-6,-5,-4,-3,-2,-1,0,1,2,3
m330,cpu,memory,23.15793391447665,23.502156628688905,23.68554810838294,23.94760863193014,23.911137263977192,24.071749068253904,24.028466874773336,24.01784781325959,23.962370705407224,23.880032115308815,23.879115518585827,23.85752363885293,23.852390986448757,23.852390986448757
