name,machine_type,trace,-10,-9,-8,-7,-6,-5,-4,-3,-2,-1,0,1,2,3
m400,cpu,memory,14.798734090110193,14.79684168349333,14.812014252177706,14.832885796712196,14.808495160431088,14.745121776808473,14.748875368665672,14.72989514532374,14.672555363037974,14.653600858611139,14.676481921063674,14.63988627448819,14.589795248768802,14.57291055934084
