name,machine_type,trace,-10,-9,-8,-7,-6,-5,-4,-3,-2,-1,0,1,2,3
m102,cpu,memory,19.31369497947454,19.317600186215955,19.49069438140461,19.626582135598337,19.596058099708024,19.56174329608328,19.54345163060034,19.505939387301865,19.460920287771387,19.451314869454386,19.445675054718713,19.425044496717785,19.397503997708213,19.37985540921564
