name,machine_type,trace,-10,-9,-8,-7,-6,-5,-4,-3,-2,-1,0,1,2,3
m231,cpu,memory,1.3692360751153905,1.361002448371965,1.348462838278335,1.3405628775928808,1.348100777774096,1.3240563262185936,1.2554074852276287,1.2359920067945518,1.2258194823486914,1.2227474072329072,1.2156213903111006,1.1896650978000998,1.176222292509577,1.1445483971580495
