name,machine_type,trace,-10,-9,-8,-7,-6,-5,-4,-3,-2,-1,0,1,2,3
m172,cpu,memory,3.117894994954424,3.127982096336795,3.131807696461724,3.127529943475857,3.127024270337422,3.164109058247859,3.197784079203703,3.200202426333346,3.194652098149798,3.2010824894610486,3.213479395542157,3.2149796056457753,3.224039648978851,3.2337759466762654
