name,machine_type,trace,-10,-9,-8,-7,-6,-5,-4,-3,-2,-1,0,1,2,3
m406,cpu,memory,2.1860180569779692,2.167773438600284,2.1515890693281974,2.1166251053016802,2.0950187760233034,2.122093102139495,2.1178689578324428,2.0706144723685425,2.084537698743576,2.067461100846042,2.0797401763004695,2.111226781952484,2.1064606574992393,2.0612712671232027
