name,machine_type,trace,-10,-9,-8,-7,-6,-5,-4,-3,-2,-1,0,1,2,3
m416,cpu,memory,8.494096207952245,8.622546426175912,8.727005814148947,8.806844962065348,8.801351359700847,8.884404807334045,8.987788816189228,12.889418137457618,15.393276372244372,15.18380871308823,15.01327662847568,14.874516898538337,12.94220095488869,11.902764184629259
m146,cpu,memory,32.61420041807501,32.6398300610939,32.78498540238704,32.83893723732126,32.72955251412286,32.712785112609424,33.67002349877375,37.77642164310176,39.90311569060305,39.71082453986944,39.725418669773624,39.35433641549415,37.078080768107576,35.937560366552525
