name,machine_type,trace,-10,-9,-8,-7,-6,-5,-4,-3,-2,-1,0,1,2,3
m31,cpu,memory,56.58726906209043,56.637311714729194,56.63845313707391,56.62313499839901,56.644815133844546,56.62512471170993,56.58053782448211,56.55735813548079,56.52522129770613,56.50267459624248,56.50101869030591,56.44599508672125,56.45475277700542,56.413765586711534
