name,machine_type,trace,-10,-9,-8,-7,-6,-5,-4,-3,-2,-1,0,1,2,3
m373,cpu,memory,26.78014382125752,26.453010236350064,26.54414165872279,26.350964047218405,26.26887684245003,26.25588748986054,26.215557357091534,26.260792329988256,26.52142066512197,26.504732465131188,26.130325160942643,26.18031984815599,26.208638708458498,26.42147712687284
