name,machine_type,trace,-10,-9,-8,-7,-6,-5,-4,-3,-2,-1,0,1,2,3
m16,cpu,memory,37.502540860186684,37.444196242655536,37.36166295575479,37.305281315025134,37.42533971736475,37.55786693429411,37.65947799586347,37.722335635033566,37.847342391014315,37.93278054140949,38.126208480078255,38.2077925602027,38.39199435249227,38.45127252768434
