name,machine_type,trace,-10,-9,-8,-7,-6,-5,-4,-3,-2,-1,0,1,2,3
m141,cpu,memory,21.948985769227903,21.901182955759634,21.880697095760425,21.848060465259124,21.84369918154691,21.844634683279622,21.840249069329104,21.82838789737736,21.819498548658597,21.816380664491387,21.817304833061666,21.82118214890359,21.80585180828737,21.786691854467158
