name,machine_type,trace,-10,-9,-8,-7,-6,-5,-4,-3,-2,-1,0,1,2,3
m13,cpu,memory,5.348845680966817,5.279892653618092,5.302954355170581,5.2704591414109725,5.284605598526967,5.274353923043742,5.230046198566183,5.132796016940282,5.071690956786801,5.080064385196893,5.0665279791342295,5.033894150216425,5.010046491104503,4.955877722745423
