name,machine_type,trace,-10,-9,-8,-7,-6,-5,-4,-3,-2,-1,0,1,2,3
m114,cpu,memory,87.0907086918174,87.05735944826614,87.01348150184077,87.04056317340603,87.05577238907411,87.0479891358075,87.04890139196904,87.06334746765019,87.0500185934282,87.00909063870712,86.94346988102387,86.90716852565109,86.87587731208629,86.8714106282598
m390,cpu,memory,79.58988290615191,79.59520722661951,79.58112106734153,79.59500520973381,79.58845818736579,79.56697534223387,79.55663623652295,79.5607926752645,79.5783774330844,79.55624452025411,79.5339963127981,79.51716470201964,79.48706590107315,79.47377619980313
