name,machine_type,trace,-10,-9,-8,-7,-6,-5,-4,-3,-2,-1,0,1,2,3
m255,cpu,memory,11.707052199472042,11.695463796010904,12.348031453260091,12.247265453445939,12.238593143801303,12.204305123461225,12.12397878907673,12.031862180609783,11.856260030683123,11.78654015744273,11.662069579427019,11.381639786727701,11.074134948799069,11.147583043031366
