name,machine_type,trace,-10,-9,-8,-7,-6,-5,-4,-3,-2,-1,0,1,2,3
m42,cpu,memory,31.36674145430714,31.337062235920467,31.30242366010559,31.226120489155267,31.217200902264356,31.130618948617506,31.097744410674345,31.050127082856182,31.071642638368395,31.087677387938022,31.0824442325118,31.012449873613754,30.901765064235615,30.89167830358637
