name,machine_type,trace,-10,-9,-8,-7,-6,-5,-4,-3,-2,-1,0,1,2,3
m300,cpu,memory,1.925379475241907,1.5838038655915936,2.2244726426052948,2.766790051369532,2.5356826837713085,2.1310737043009484,1.750406035256732,1.4707314382334733,1.2301554754662758,0.9987362233456589,0.7127581770309709,0.6477276063411436,0.5512617039747232,0.4908442181729969
