name,machine_type,trace,-10,-9,-8,-7,-6,-5,-4,-3,-2,-1,0,1,2,3
m242,cpu,memory,25.920001152359436,25.88276760225825,25.841651814614405,25.790059015204935,25.756524060741118,25.733454762164946,25.727245544513043,25.740803643161005,25.732308484812176,25.71564582655527,25.720166976572283,25.71204379847232,25.696849726498815,25.657823971254
