name,machine_type,trace,-10,-9,-8,-7,-6,-5,-4,-3,-2,-1,0,1,2,3
m395,cpu,memory,9.92446363002476,9.933494950880215,9.859769514444995,9.792167582161053,9.772768824960153,9.892526423740504,9.900078874418853,9.806078819840979,9.728183781575588,9.640974916832343,9.70667928096042,9.873906355125635,9.895130369340778,9.878967958425834
