name,machine_type,trace,-10,-9,-8,-7,-6,-5,-4,-3,-2,-1,0,1,2,3
m92,cpu,memory,22.466842098922733,22.40940350402983,22.384960394089816,22.459540136878402,22.456634767963163,22.700479649267187,22.723110689322198,22.452687993673084,22.63978301531373,22.461289712521793,22.654798694565066,22.593484222481226,22.43776055105118,22.642648705856207
m392,cpu,memory,17.044690335032133,17.051049979924006,16.94417113440992,16.906125378183486,16.879480400795746,16.92979340790129,16.814669830204657,16.79154563573563,16.79368768615765,16.90536887492072,17.021048175666373,16.981117180901606,17.004633470799718,17.216156634163347
m373,cpu,memory,14.123435507373738,14.198735610537128,14.197322098084983,14.178778795508087,14.156317617164191,14.137508138978653,14.147842196160395,14.102785010238046,14.085795955578032,14.082304324271387,14.08545676199582,14.086602331948757,14.068162738503347,14.099703419827858
m30,cpu,memory,18.781084957012506,18.78502168667926,18.778608559179833,18.760248873899727,18.776260655595678,18.797020944517076,18.84093296425525,18.830817051993936,18.755628785015027,18.73994877649094,18.737034574447947,18.73796144427475,18.757595698609222,18.752444066044742
m158,cpu,memory,19.236893456037038,19.219284795788187,19.235262353302275,19.247965666109643,19.247170294661768,19.248948315842465,19.255272777010127,19.30493849206722,19.310373109741327,19.336105629556396,19.32764055604981,19.33063007279695,19.332792743819994,19.36266731586676
m293,cpu,memory,26.26045366776043,26.27911266816391,26.26973821579777,26.2601566999097,26.27087671875633,26.262109125341997,26.27453452674531,26.280244456786892,26.284685547769538,26.28113657183463,26.280297308280982,26.266677926886974,26.267953531391456,26.25740165677168
m253,cpu,memory,5.632450003584513,5.804543049881634,5.835701643109035,5.799092342032034,5.793764070953117,5.776646118086532,5.786139397345165,5.7918459579147035,5.775008176080704,5.78476268407085,5.7741429410908465,5.761987450867041,5.791283369661038,5.7220134478203715
m30,cpu,memory,18.781084957012506,18.78502168667926,18.778608559179833,18.760248873899727,18.776260655595678,18.797020944517076,18.84093296425525,18.830817051993936,18.755628785015027,18.73994877649094,18.737034574447947,18.73796144427475,18.757595698609222,18.752444066044742
