name,machine_type,trace,-10,-9,-8,-7,-6,-5,-4,-3,-2,-1,0,1,2,3
m39,cpu,memory,35.45223463688843,35.43652895980203,35.470877181774796,35.57322155025275,35.74626440831677,35.75607611025543,35.73437363044212,35.735824951020746,35.601034459719315,35.55095577611102,35.62178172449549,35.62366519690044,35.65195715253656,35.62234678685026
