name,machine_type,trace,-10,-9,-8,-7,-6,-5,-4,-3,-2,-1,0,1,2,3
m253,cpu,memory,53.0274783549659,53.12983923007094,53.25213627556339,53.30138023872642,53.32519531315071,53.31004798408349,53.38168503064266,53.476900202022954,53.54418081085217,53.54943870161052,53.564210061958306,53.65288628823866,53.805989040447656,53.87248157141091
