name,machine_type,trace,-10,-9,-8,-7,-6,-5,-4,-3,-2,-1,0,1,2,3
m314,cpu,memory,17.48120682646253,17.465780853415033,17.43608679420767,17.38291450612838,17.324393111896576,17.304818675155698,17.274895491849332,17.241661038828067,17.194203249075127,17.161255213860464,17.12105902763791,17.087487425433206,17.060888131650316,17.022560955036493
