name,machine_type,trace,-10,-9,-8,-7,-6,-5,-4,-3,-2,-1,0,1,2,3
m111,cpu,memory,4.142375006860094,4.115418385110028,4.018656865142553,3.9911171731026056,3.920118232616053,3.8893457405648273,3.8856987224582387,3.8650668267011925,3.8474272619576277,3.8314169315955082,3.821924649359867,3.812024029893411,3.8119454592949307,3.8085910427333256
