name,machine_type,trace,-10,-9,-8,-7,-6,-5,-4,-3,-2,-1,0,1,2,3
m57,cpu,memory,77.75756986346627,77.74955672891593,77.74802519597304,77.63177533249345,77.54007662732174,77.53571928097011,77.46579569423572,77.36326450178366,77.27558240983551,77.15733892818139,76.89657682500753,76.75103511695566,76.70812666985734,76.60975373528314
m217,cpu,memory,60.27051121054394,60.33670066506866,60.37931764715628,60.623595838779266,60.780215662944606,60.926380585138425,60.97852951212286,61.05622100588236,61.12026278164168,61.15221163664509,61.15521190541539,61.099578514634956,61.04103935173842,60.96217240440558
