name,machine_type,trace,-10,-9,-8,-7,-6,-5,-4,-3,-2,-1,0,1,2,3
m222,cpu,memory,37.38226196376102,37.2696148855491,37.195758078131284,37.26786457732949,37.32281498748434,37.294232272912275,37.25490944948975,37.234866718602476,37.28168138139086,37.17652922050073,37.092048908787774,37.02130392805933,37.06810824202544,37.16909664409065
