name,machine_type,trace,-10,-9,-8,-7,-6,-5,-4,-3,-2,-1,0,1,2,3
m333,cpu,memory,-1.0,-1.0,92.61742424196542,80.30872712938712,75.08109075723331,67.88204122415405,60.3882434349719,55.989555694905555,49.081495794891126,44.09705563040537,37.50149294181805,32.38288049374978,25.5240641084543,20.92291492231029
m403,cpu,memory,41.89127875133346,41.72208695690092,41.659956326413784,41.34574647738175,41.01371681480914,40.23153197479805,33.73576852486031,23.77165616232291,17.658615933954724,11.678412310825214,8.291525634475848,2.9574915958991697,0.6374779836359714,0.39491670653514604
