name,machine_type,trace,-10,-9,-8,-7,-6,-5,-4,-3,-2,-1,0,1,2,3
m369,cpu,memory,27.956931554089554,27.88680418433608,27.77956507089581,27.617082060606766,27.527575810319412,27.470563434710474,27.433510448558653,27.31435349924745,27.245469879236907,27.2096947180338,27.197064573879754,27.09962600526116,27.02590478312685,27.009773619332712
