name,machine_type,trace,-10,-9,-8,-7,-6,-5,-4,-3,-2,-1,0,1,2,3
m35,cpu,memory,35.43307962937746,35.42139541149689,35.38443480188201,35.32533794782404,35.29974005545379,35.32990917236014,35.29389928389103,35.29317233544119,35.26826893479737,35.218863994160955,35.19376281497295,35.19180089823007,35.17363815669798,35.166437178488
