name,machine_type,trace,-10,-9,-8,-7,-6,-5,-4,-3,-2,-1,0,1,2,3
m146,cpu,memory,2.5465477419206723,2.251219107733818,2.409065294219876,2.588360126264491,2.145929365810541,2.5137442657643287,2.7502603806846175,2.7546769634905512,2.7791228996225645,2.784830974561561,2.686012474065666,2.5058336540263055,2.6046517002113636,2.4211509216588816
m236,cpu,memory,8.531070055617036,8.504477904736289,8.51553767293872,8.528910123141861,8.533977392644683,8.530125972520494,8.529355587600792,8.539554058173957,8.540660342922301,8.531217189292729,8.521999285437198,8.501666805887698,8.504415714504347,8.498899598577001
