name,machine_type,trace,-10,-9,-8,-7,-6,-5,-4,-3,-2,-1,0,1,2,3
m315,cpu,memory,26.000348547274466,25.99905002657416,26.017574600186776,26.019498254492326,25.89562384177238,25.95285630637354,25.998895206905573,26.003198539484544,26.046496836391345,26.085726577202166,26.060474920799987,26.0279930588573,25.95822585537796,25.832613351613997
