name,machine_type,trace,-10,-9,-8,-7,-6,-5,-4,-3,-2,-1,0,1,2,3
m128,cpu,memory,4.177280326929347,4.296073297541312,11.566191256624382,11.563181371608032,11.545782048896141,11.55272743940084,11.567508379460522,11.525400478599808,11.442061572323771,11.361620046096196,11.324883752457291,11.171678628872932,11.171482000681648,11.176789701512329
