name,machine_type,trace,-10,-9,-8,-7,-6,-5,-4,-3,-2,-1,0,1,2,3
m399,cpu,memory,24.643561649162876,24.656328970581313,24.67876026530481,24.67635887854521,24.654232350675144,24.650493851402558,24.712768939143608,24.74115279050437,24.711972456527146,24.74443536424311,24.726078202281112,24.700445203040903,24.785014735723447,24.794791707491544
