name,machine_type,trace,-10,-9,-8,-7,-6,-5,-4,-3,-2,-1,0,1,2,3
m166,cpu,memory,17.643743088997898,17.651381007066956,17.66682686052021,17.682265142689367,17.64421063756103,17.615347934086653,17.616323213007338,17.62003747569829,17.62003747569829,17.615587816355344,17.64114799900025,17.630312710767768,17.61019066748332,17.631098587947566
m304,cpu,memory,17.757424265351467,17.750657283473846,17.83250009555916,17.88996805310339,17.826051190149222,17.819589210095554,17.756606687063528,17.758985544549105,17.758985544549105,17.72325921496226,17.74776829756523,17.737132709049824,17.753190888496057,17.84472876584571
m188,cpu,memory,36.0151454152986,35.93674788200918,35.72299319400697,35.670986394828766,35.50378981651914,35.47887532758165,35.03694146578849,34.80560941969208,34.80560941969208,34.429877990789734,34.16677499733767,34.16377662041987,34.12395833472154,33.9123726072198
m71,cpu,memory,40.77124148402802,40.773029848744535,40.76955690701012,40.765270424400185,40.77460347036951,40.79159568609903,40.770067111153566,40.8144178443513,40.8144178443513,40.69603899855695,40.66002637008818,40.66272080526782,40.69733028374922,40.68385780496942
