name,machine_type,trace,-10,-9,-8,-7,-6,-5,-4,-3,-2,-1,0,1,2,3
m415,cpu,memory,55.740026114771275,55.63103987328726,55.57273786064784,55.58430098008174,55.59332450193448,55.56353291733402,55.521838994541056,55.38623599291542,55.2793463448361,55.22654270482498,55.17291969061008,55.04502190111398,54.986281024205624,55.00074537264725
