name,machine_type,trace,-10,-9,-8,-7,-6,-5,-4,-3,-2,-1,0,1,2,3
m23,cpu,memory,40.602491939995716,40.579657166138624,40.56767648393517,40.550061995256875,40.55084618687222,40.560804578208426,40.48393250976269,40.42303168769631,40.337202729653974,40.23892817798457,40.144004017304155,40.10179465236468,39.93829974229672,39.84744428914922
