name,machine_type,trace,-10,-9,-8,-7,-6,-5,-4,-3,-2,-1,0,1,2,3
m250,cpu,memory,0.39707791912809753,0.41367394450417455,0.4157545367025913,0.48470302094294215,0.4831204291408056,0.4184975393351409,0.7774367072881635,0.9994294007319009,0.9146370784252872,0.900383694275217,0.8270239401480907,0.6697038961538408,0.5155866678448966,0.42843869336099216
