name,machine_type,trace,-10,-9,-8,-7,-6,-5,-4,-3,-2,-1,0,1,2,3
m117,cpu,memory,2.934372182137031,2.932844574629066,2.9412893801934166,2.931280988163628,2.9469467237555684,2.960098101194226,2.998048326073547,3.017694619645212,3.032622705874136,3.0539353737382045,3.1001921674267487,3.1320379941970575,3.126114008032579,3.102027923943035
