name,machine_type,trace,-10,-9,-8,-7,-6,-5,-4,-3,-2,-1,0,1,2,3
m127,cpu,memory,1.589212688499624,1.5315975307539664,1.443628402057489,1.3953208366417258,1.3422689409911404,1.273988369400263,1.1824571534906125,1.1379859780632375,1.142401551295843,1.1413361166636309,1.1030426347702498,0.8994796157087603,1.0083704020752373,0.9673645582787215
