name,machine_type,trace,-10,-9,-8,-7,-6,-5,-4,-3,-2,-1,0,1,2,3
m402,cpu,memory,20.532751868338174,20.52422798807961,20.473499715692277,20.486224559047415,20.454018109799176,20.4842605221873,20.45257713614987,20.491103755221317,20.46591196752271,20.484954203726062,20.431731488468895,20.481106293153093,20.52406062564599,20.475615592699068
m348,cpu,memory,43.5019079938324,40.625443924155896,38.48145148799217,35.161397962679395,32.06717776232044,29.870217931697212,27.692708410629272,24.890727137594578,23.35815659985531,22.929167609866443,22.85759987221145,22.8239532576086,22.796833980463784,22.724766803761526
m40,cpu,memory,14.837332010806724,14.848700129807208,14.838840903169036,14.821143224497519,14.820687676988145,14.825550695910312,14.825319123643782,14.81422856319927,14.831051112937374,14.8155999256384,14.810835845583927,14.80975829599605,14.822848051280607,14.802555601437584
m147,cpu,memory,15.379400532950529,13.480538802696199,11.573192514679237,10.281589302616812,9.895649116598634,9.847233589247638,9.814294917757927,9.776757661429816,9.691036033754932,9.635715701000713,9.515401521091743,9.349412115718907,9.179929766838288,9.089900149141162
