name,machine_type,trace,-10,-9,-8,-7,-6,-5,-4,-3,-2,-1,0,1,2,3
m271,cpu,memory,6.7751730555163,6.77473613475126,6.774412274159811,6.777633653553822,6.79182713184149,6.8004017440447875,6.853424361879541,6.90005006865091,6.901611900908628,6.919684688894906,6.884608459738762,6.83986612372029,6.846137026751215,6.82861429561134
m25,cpu,memory,6.55059968727665,7.210139009424284,9.280174449947697,9.199111022725779,9.332366650796581,9.215184237279646,9.179192849294312,9.089862252045474,8.900413610643861,9.087901938641263,8.930809365622457,9.116222830659694,8.956902039596704,9.000343368130919
