name,machine_type,trace,-10,-9,-8,-7,-6,-5,-4,-3,-2,-1,0,1,2,3
m185,cpu,memory,9.058632962940775,8.925268401353156,8.82442956788043,8.748449891422739,8.682267768907039,8.735827243397516,8.743007070977164,8.60887084974935,8.468466325095081,8.364040530947625,8.285155132915904,8.223661510925176,8.11816616798228,7.997794896344741
m155,cpu,memory,32.030155214994736,31.974204512702865,31.764146730270383,31.64656755138755,31.59626029831806,31.439845116576464,31.220175729627748,31.14330128930084,31.164494990193248,31.041338894017215,30.91413276816257,30.84437253078274,30.84913300228409,30.93236315089947
