name,machine_type,trace,-10,-9,-8,-7,-6,-5,-4,-3,-2,-1,0,1,2,3
m297,cpu,memory,35.16665979079834,35.22791881235151,35.24982250075582,35.17131910241989,34.44285529878782,34.36799123313348,34.429909459711745,34.42976650323491,34.40151180108745,34.36837658905059,34.34490906241692,34.33429590694406,34.382743311772145,34.41081144360237
m110,cpu,memory,70.85921466518715,70.7909680911906,70.72443315788253,70.66202902125515,74.10381220704144,74.07316136921048,74.06874183338411,73.98755466949461,73.85232904873793,73.80545921368426,73.7365945744019,73.59128779616296,73.58577226004982,73.51042087030389
m217,cpu,memory,31.65255612540942,31.648757329623894,31.70492862443583,31.64421422124974,30.70522974165887,30.628723039453384,30.622711901326593,30.680585701393237,30.647082649015015,30.72528236516463,30.796281659635046,30.708348434120783,30.69768071023746,30.732702220871268
m139,cpu,memory,8.617664023324682,8.651512830858682,8.683247427192297,8.607984855215074,7.811897262026077,7.833277205753319,7.8114351016438714,7.811276421090358,7.771660389807179,7.81648994082359,7.824993150506941,7.802160850750955,7.739136907880784,7.815023576877359
