name,machine_type,trace,-10,-9,-8,-7,-6,-5,-4,-3,-2,-1,0,1,2,3
m204,cpu,memory,0.5655406178762168,0.5599411610865989,0.5658088631925294,0.5735198558028003,0.590437205125765,0.6033670051363171,0.6129817746847219,0.630719849161533,0.6575501347720671,0.6400628903438714,0.634889804275168,0.6453355588304973,0.6441806628225508,0.6421108226472863
