name,machine_type,trace,-10,-9,-8,-7,-6,-5,-4,-3,-2,-1,0,1,2,3
m236,cpu,memory,25.671574394823136,25.72482174508546,25.826032204823193,25.94993791388096,26.108191591254606,26.19118999212588,26.31326391988719,26.322117732033654,26.088610845271965,26.129993716578245,25.943493060341385,25.725057886393937,25.637258480029796,25.467774339082222
