name,machine_type,trace,-10,-9,-8,-7,-6,-5,-4,-3,-2,-1,0,1,2,3
m58,cpu,memory,16.616351236696186,16.62970060525864,16.660000614228252,16.64472441232016,16.598517794802756,16.607756533731884,16.584218512632052,16.570101964312855,16.52653446362639,16.493160082867202,16.48892461864845,16.447701437601527,16.47347148784558,16.498104221450244
