name,machine_type,trace,-10,-9,-8,-7,-6,-5,-4,-3,-2,-1,0,1,2,3
m141,cpu,memory,0.4397746573761817,0.46434893631976476,0.4634000576694606,0.4353242410389156,0.44973050078577603,0.44633698812646516,0.42140880104053535,0.39854803113873744,0.39235499200685514,0.39252759226583656,0.39685997612990287,0.4008556778042079,0.40511513215281364,0.43772834041280867
