name,machine_type,trace,-10,-9,-8,-7,-6,-5,-4,-3,-2,-1,0,1,2,3
m69,cpu,memory,0.7455968244179779,0.6262400792899618,0.5277397351343588,0.5089713720228178,0.5648303281340286,0.4858607563936224,0.6190921040110134,0.5104625590021057,0.5567263566493934,0.5844697313246596,0.5148750908697394,0.6939863561028574,0.5752175649169299,0.6158186934757814
m16,cpu,memory,9.693988587204451,9.611778517288133,9.628903461430616,9.647476899959724,9.638858371042144,9.75180638020965,9.42327071577157,9.336562110295949,9.359043505472114,9.333139483883807,9.10473953117908,9.126350567685622,9.125410522844536,9.027501565138694
m185,cpu,memory,0.557822381544658,0.44437627089670845,0.4689951858800676,0.5172207734417881,0.5533674599582542,0.4537224165364359,0.8470000129024277,0.6071787992659973,0.8680969966964334,0.7203582420595097,0.798737966896005,0.8040030256761038,0.6302085601732584,0.5103317048548748
m399,cpu,memory,25.661291120128208,25.6259943974539,25.52566035443151,25.296323738283398,25.15402823449478,25.2140302782878,25.321434709762915,25.247184217395972,24.8863698934629,24.88611810493199,24.565276168591964,24.529522460325186,24.507129227385057,24.38587008150215
