name,machine_type,trace,-10,-9,-8,-7,-6,-5,-4,-3,-2,-1,0,1,2,3
m408,cpu,memory,20.569361050246428,20.600599223699458,20.610140884743814,20.67302010605344,20.578435008907686,20.583466603548345,20.58432327494422,20.513834066974926,20.564160205848236,20.58525645816373,20.58656786074466,20.53542689004603,20.571945094737135,20.629775461173256
