name,machine_type,trace,-10,-9,-8,-7,-6,-5,-4,-3,-2,-1,0,1,2,3
m407,cpu,memory,52.74004053156852,52.73718463331754,52.78899726995531,52.82918439513752,52.89410208219137,52.92413182599762,52.991806876960695,53.07752927450315,53.179539220987756,53.290518069804676,53.49408082385151,53.61732283588578,53.75162761968502,53.912412868481674
