name,machine_type,trace,-10,-9,-8,-7,-6,-5,-4,-3,-2,-1,0,1,2,3
m211,cpu,memory,20.37105595346791,20.350150864892743,20.34310897119433,20.3391607071433,20.32840237474938,20.323370882225003,20.335709080556036,20.358413694358205,20.353423316964616,20.330674988995078,20.304951606506723,20.293339421502388,20.295030366439246,20.356364071015204
