name,machine_type,trace,-10,-9,-8,-7,-6,-5,-4,-3,-2,-1,0,1,2,3
m412,cpu,memory,0.8270118504256073,0.6064635751780852,0.7392915073979068,0.98932000025926,0.9610613740019471,0.8652954889175111,0.7204472112651702,0.7067395680085454,0.739598558431582,0.7299123358779385,0.7077607073341095,0.70483822666867,0.7830422467887947,0.9004055642878306
