name,machine_type,trace,-10,-9,-8,-7,-6,-5,-4,-3,-2,-1,0,1,2,3
m222,cpu,memory,20.146239175514268,20.07247613217441,20.00806704610304,19.931310700092396,19.846716204922295,19.736887796081188,19.556691359571218,19.449922558174656,19.388029975550204,19.362426177139067,19.284593998456916,19.22455800817953,18.878862341188835,18.639689391314946
