name,machine_type,trace,-10,-9,-8,-7,-6,-5,-4,-3,-2,-1,0,1,2,3
m191,cpu,memory,79.95547269195103,79.8816799915783,79.83470021330197,79.80245999361482,79.76129095127601,79.71579040908631,79.64897239090952,79.57548105005894,79.53503850185913,79.41669638364333,79.32314479632973,79.26648537102446,79.2031085037842,79.18508508424225
