name,machine_type,trace,-10,-9,-8,-7,-6,-5,-4,-3,-2,-1,0,1,2,3
m88,cpu,memory,0.3755587796144791,0.40153597042400097,0.38812562312517274,0.394483842105692,0.3927659918777703,0.3837051408178843,0.38966997709849355,0.39798837067233334,0.39273740815424957,0.41297445725150067,0.4128127730786725,0.37388527515956754,0.378175534319519,0.6274232056622455
