name,machine_type,trace,-10,-9,-8,-7,-6,-5,-4,-3,-2,-1,0,1,2,3
m402,cpu,memory,49.07341487465776,49.35432208009427,49.55494953182057,49.60718639445351,49.72648942930745,49.8448677901703,49.888317524022895,49.916514074383166,50.05836480786195,50.11055411929391,50.20545430182692,50.251212894465226,50.303149506851646,50.319161137678535
