name,machine_type,trace,-10,-9,-8,-7,-6,-5,-4,-3,-2,-1,0,1,2,3
m320,cpu,memory,12.628424940936561,12.624757440983053,12.587467266714869,12.569447342716224,12.575671628344235,12.564259087776549,12.585036489072825,12.577656260061092,12.603555990872835,12.614485233110829,12.61637172100396,12.63079482805425,12.613886893055106,12.57823376485392
