name,machine_type,trace,-10,-9,-8,-7,-6,-5,-4,-3,-2,-1,0,1,2,3
m88,cpu,memory,44.924821348699254,44.812792284663175,44.71864378401917,44.606833394932835,44.46227057529866,44.40080065318995,44.37448091200902,44.33024769450879,44.27754168021775,44.23777878103072,44.1786214525214,44.09543875288707,44.04868108150028,43.96884493771429
