name,machine_type,trace,-10,-9,-8,-7,-6,-5,-4,-3,-2,-1,0,1,2,3
m2,cpu,memory,39.71100467538483,39.701445476272355,39.50846139394759,39.45008227028155,39.64999219941493,39.523986254012485,39.380619010340745,39.40815846718988,39.57156861165696,39.5380672790772,39.43978182632652,39.22464606964978,39.46133790738525,39.44087368490796
