name,machine_type,trace,-10,-9,-8,-7,-6,-5,-4,-3,-2,-1,0,1,2,3
m114,cpu,memory,24.472189240938057,24.34620536267301,24.24409450996549,24.186615708563476,24.10146251139033,24.00990153812083,23.871999320456993,23.784076820464414,23.69482619574158,23.588070669686278,23.422110566794565,23.314118660296703,23.218315307818912,23.083834503178693
m382,cpu,memory,13.827965469128033,13.576694726317397,12.918975146229029,12.321695212164979,11.752299703854453,11.297059144486656,10.715338940152481,10.156850564285861,9.54552617857166,11.554213427114398,13.148758652236321,12.970159294365315,12.787533455260771,12.694304404033225
