name,machine_type,trace,-10,-9,-8,-7,-6,-5,-4,-3,-2,-1,0,1,2,3
m377,cpu,memory,28.17548090640121,28.14109677186918,28.148367950232664,28.091328116661288,28.083867787948677,28.07032393056426,28.038250277984783,28.026006993658505,28.015344045086234,28.032868474611675,28.097611447272726,28.124427932279055,28.085276995569085,28.07518391882578
