name,machine_type,trace,-10,-9,-8,-7,-6,-5,-4,-3,-2,-1,0,1,2,3
m26,cpu,memory,54.28597356657926,54.09490340210605,53.91935491296453,53.785461232420595,53.718438469562024,53.57626360105204,53.56862310848894,53.39743460073353,53.28173088141347,53.03255691009951,52.933656156966116,52.7753984741307,52.61905671992012,52.600987103420394
m189,cpu,memory,49.72089920125868,49.87746720806358,49.77140113294699,49.67135806090441,49.73730483669288,49.77809653404651,49.45840580786472,49.264193852011296,49.12189520561363,49.07563104256469,49.5672406756066,49.67132646050442,50.11364891945759,50.01482984290498
m66,cpu,memory,30.579839714878116,30.415987858655797,30.223200556629845,30.19183342623723,30.157529050287927,30.16194092514474,30.048989895746924,29.953401001284337,30.23743967960452,30.112657839958306,30.012414715341528,30.10156086197816,30.106476681929074,29.93211876983042
m251,cpu,memory,57.955571865396,57.79651295988187,57.73914545833808,57.5957792555811,57.535160723088744,57.43225789321701,57.39606343504867,57.26647632801187,57.081608068961074,56.68572196127622,56.571035621426525,56.20971194485882,56.14265192755701,55.872880085882706
m72,cpu,memory,23.42226408139205,23.49860757202314,23.4722724666706,23.370782579707246,23.314567997930467,23.30601320636696,23.269958174466858,23.305309712996614,23.401610076460656,23.34308228603925,23.161060105167778,23.074978615798138,22.97765890413299,22.88134526460892
m98,cpu,memory,38.241039387911314,38.11015256497145,38.03482110189193,37.907041643289254,37.88775196876103,37.75325393861243,37.60809088969547,37.442029309645484,37.365686525485856,37.259160120233105,37.38855621041261,37.62485690356333,37.66199185999501,37.435738357017264
m84,cpu,memory,56.63827191585002,56.560923412406446,56.1029776620844,55.96028062484848,55.77613625370409,55.63144100549925,55.417962747737505,55.39128977790173,55.4558765643383,55.498052733724975,55.248759326331836,54.78015294902538,54.810884936592934,54.88123010900468
m137,cpu,memory,21.982412699956434,21.95459377401852,21.902006748688642,21.900697088265055,27.180340836247865,28.6571370291583,28.463879177828865,28.591341736957432,29.142256320777395,29.172234238127764,32.70683114136846,33.378334485091436,33.32771401983609,33.237303229881874
