name,machine_type,trace,-10,-9,-8,-7,-6,-5,-4,-3,-2,-1,0,1,2,3
m7,cpu,memory,10.375591982164847,10.270142373179585,10.482885550437862,10.49436433217579,10.314877036266605,10.090888429110336,10.345637640706881,10.043811011295318,10.340755692166487,9.938255522708545,9.997305028112452,10.205488577686639,9.81961724493672,9.903870552667922
