name,machine_type,trace,-10,-9,-8,-7,-6,-5,-4,-3,-2,-1,0,1,2,3
m275,cpu,memory,13.832727113508533,13.832727113508533,13.777918637631137,13.783626245765747,13.737676995148446,13.726911544650186,13.726911544650186,13.720734255017453,13.731829383746733,13.731829383746733,13.68878078175507,13.672729752713765,13.691341580508636,13.673641251690567
m267,cpu,memory,0.4461244211398465,0.4461244211398465,0.39276156234710546,0.39252274628357076,0.389103931028255,0.3867132843093576,0.3867132843093576,0.3765203411279242,0.3731333150051722,0.3731333150051722,0.3919960485860605,0.3792524781596122,0.3829600584184677,0.39102010056276393
