name,machine_type,trace,-10,-9,-8,-7,-6,-5,-4,-3,-2,-1,0,1,2,3
m147,cpu,memory,66.12408908973433,66.05916544552962,66.00384714392344,65.90643401671173,65.80917868679757,65.74704531942928,65.66764561502814,65.60274509145913,65.54810542991707,65.51038702982538,65.4558239953779,65.40395411557462,65.36621653410079,65.33737960800667
