name,machine_type,trace,-10,-9,-8,-7,-6,-5,-4,-3,-2,-1,0,1,2,3
m35,cpu,memory,30.811228132202153,30.800589283558473,30.821216106745723,30.79191694398305,30.808782527747333,30.82454004548621,30.791965958443527,30.82197697517846,30.803776222972967,30.771950840190346,30.78275329184547,30.795858090497628,30.799074914100423,30.818887207173194
m256,cpu,memory,60.388664335451374,60.3620013359313,60.35431268153882,60.34844429734196,60.35412560580079,60.33664190753368,60.30133206095507,60.31667474368237,60.27287867542768,60.26650318000928,60.27023004324555,60.23646979982337,60.23250659462468,60.23105603123078
