name,machine_type,trace,-10,-9,-8,-7,-6,-5,-4,-3,-2,-1,0,1,2,3
m51,cpu,memory,0.4052589089257299,0.43269415988264487,0.38256531278604544,0.37155887556492795,0.38071593957069205,0.3822718532182562,0.410189506584963,0.4768370831039316,0.45357335211540145,0.42264052606529684,0.39728579158832583,0.4020946213170762,0.4117593019651791,0.39855394980567915
