name,machine_type,trace,-10,-9,-8,-7,-6,-5,-4,-3,-2,-1,0,1,2,3
m407,cpu,memory,29.524904138898936,29.57932270250012,29.45514501268769,29.30820978186053,29.22746107903912,29.149535210104528,29.13193283638189,29.096291445111895,30.300019810602663,30.09692358267588,29.963412228145696,30.949553163711638,31.071862827687593,31.080014829917232
