name,machine_type,trace,-10,-9,-8,-7,-6,-5,-4,-3,-2,-1,0,1,2,3
m221,cpu,memory,32.60226213821638,32.66178175501003,32.61288140227704,32.60485776746748,32.549775355405856,32.4970550568249,32.49484493492785,32.50053472385564,32.493230617085565,32.4967968568323,32.4997418000074,32.50589114895574,32.47688163585339,32.44198910028039
