name,machine_type,trace,-10,-9,-8,-7,-6,-5,-4,-3,-2,-1,0,1,2,3
m262,cpu,memory,4.474599022022404,4.230623358305723,4.238239317454985,4.115266792091978,3.996665656682557,3.939047975121059,3.8058410282183934,3.8616956356813485,3.9462400008922893,3.923737307592916,3.7692986597396017,3.72413526985362,3.507826431609505,2.578318834792476
m282,cpu,memory,5.2525560485526555,5.230714646835753,5.122025767823161,5.096031252888733,5.048329815691062,4.915967302835251,4.355752804850686,4.373780674187905,4.368792718201091,4.350484834776242,4.345354070090328,4.263603838552449,3.9077687811157897,3.8339145228148026
