name,machine_type,trace,-10,-9,-8,-7,-6,-5,-4,-3,-2,-1,0,1,2,3
m185,cpu,memory,0.4166477749013676,0.4274053759873461,0.43108040992890884,0.43429994677067074,0.41837371439876414,0.38907823723275997,0.3758811383868064,0.34932757856155017,0.3485792781459648,0.3516910549747309,0.36170502493833334,0.36200118511903645,0.3578217273370522,0.38401774453326254
