name,machine_type,trace,-10,-9,-8,-7,-6,-5,-4,-3,-2,-1,0,1,2,3
m196,cpu,memory,0.5565175251011281,0.5723922815375163,0.570092862952411,0.5292409295781252,0.5297869102530445,0.5275387025888024,0.5125029068321747,0.5003373207425729,0.5265740492440237,0.4902380917974118,0.45791518816252524,0.6159798097600627,0.6664110953670531,0.6664110953670531
m263,cpu,memory,6.710333106157723,6.820243466995015,6.759076772193887,6.719597412754298,6.253493700881806,5.921986515327448,5.498764736404914,5.343818605290262,5.254277472827518,4.779372876589005,4.916754858559105,4.695892503029193,4.510069520878036,4.510069520878036
m179,cpu,memory,23.08418073914677,21.982599900605877,21.788312129460294,21.69385691789107,21.664537967998466,21.622676555943443,21.544356193765026,21.490594160433876,21.413623455426443,21.20277840152973,21.337916743495676,21.316867059138733,21.21980179394932,21.21980179394932
m298,cpu,memory,7.569688405157556,7.577759527375287,7.559808456834201,7.513358404426418,7.498779014448053,7.4580130467169035,7.447606905548959,7.464125142744464,7.442497953026803,7.254677776139062,7.2301646525451915,7.413545518402285,7.392181645920916,7.392181645920916
