name,machine_type,trace,-10,-9,-8,-7,-6,-5,-4,-3,-2,-1,0,1,2,3
m164,cpu,memory,22.211693888265337,22.319540163531308,22.268791750030182,22.24441812503979,22.27137427998547,22.338887899164316,22.36056296889043,22.256917251627204,22.308818579205248,22.414185579904462,22.369664429660293,22.365996323959003,22.42590099379587,22.39880907562828
m305,cpu,memory,34.8564350495117,34.853262799480945,34.8238979130838,34.84229336209161,34.738611653945256,34.79642270800637,34.781160589734235,34.7934025006692,34.931065296521716,34.91813036090574,34.93764644331252,34.91264198311587,34.75409835320802,34.80306745831441
m129,cpu,memory,42.083306503123445,42.05673103605102,41.92773962004228,41.956067515451565,42.09451743133137,42.207256180005466,42.11353074307807,41.94943043921076,41.97573180541128,41.943811320226686,41.94285302723363,42.11040256119855,41.9628863179203,41.86329714212436
m242,cpu,memory,27.236106432550798,27.340610645859794,27.353340889835017,27.29628480005871,27.19820115926799,27.332419724335086,27.28121919583226,27.26763686727297,27.37225521292913,27.250790313453884,27.222538742265286,27.236978709358635,27.1112868015251,27.153948557838707
