name,machine_type,trace,-10,-9,-8,-7,-6,-5,-4,-3,-2,-1,0,1,2,3
m277,cpu,memory,13.66218805030293,13.664381261046946,13.663124712989129,13.654056921006129,13.680380170602502,13.656735815401028,13.594477462010376,13.574345030666285,13.58293347417373,13.557178138489814,13.552514890075559,13.552112067799715,13.685569864193162,13.719611829551539
