name,machine_type,trace,-10,-9,-8,-7,-6,-5,-4,-3,-2,-1,0,1,2,3
m120,cpu,memory,69.08199468625929,69.15334632339263,69.23869184548694,69.17879721970552,69.17879721970552,69.23716162436659,69.3544745770987,69.38039139567681,69.57227825898214,69.64849909934391,69.83423328208808,69.87881732977473,69.91219867606553,70.01189012290986
