name,machine_type,trace,-10,-9,-8,-7,-6,-5,-4,-3,-2,-1,0,1,2,3
m58,cpu,memory,10.757183618424992,10.758892559182012,10.722475355870765,10.696289308147287,10.660713072055334,10.636785189032075,10.634290366434097,10.63616184938675,10.633751591640161,10.60481782161921,10.646945850910871,10.67837065779545,10.659986894040962,10.649572322946131
