name,machine_type,trace,-10,-9,-8,-7,-6,-5,-4,-3,-2,-1,0,1,2,3
m146,cpu,memory,1.5035438365435643,1.4885329521645216,1.435049410752029,1.4248358090346191,1.4180995150928422,1.3804719014501663,1.3731142490936954,1.3606393404351607,1.3547792228025757,1.3433444461802484,1.3017121329910475,1.2707457762835022,1.2544898782877036,1.2228234285797013
m245,cpu,memory,18.05033321882681,17.988473952330438,17.906753528412693,17.851591889084126,17.786495304455197,17.70079645535781,17.526490814387614,16.332082231957667,16.740120299086758,16.391974181091086,16.247148568571042,16.458818246990447,16.10990611057011,16.271833194506037
