name,machine_type,trace,-10,-9,-8,-7,-6,-5,-4,-3,-2,-1,0,1,2,3
m11,cpu,memory,26.22086860476477,26.191169851012095,26.16708471340346,26.179964476754158,26.183954738056187,26.15121442435697,26.130916472999,26.100835693049063,26.0806790834715,26.071651724585138,26.060275478342366,26.04247931454611,26.043208231676235,26.05559234190331
