name,machine_type,trace,-10,-9,-8,-7,-6,-5,-4,-3,-2,-1,0,1,2,3
m190,cpu,memory,13.204080133261181,13.485514541248122,13.345439985205218,13.15686764637335,13.007765403961686,12.845439409744822,12.82262333891843,12.908169262066238,12.99546655330299,13.00063335473844,12.9469017848419,12.874505434761538,12.72820623967465,12.691243409047669
