name,machine_type,trace,-10,-9,-8,-7,-6,-5,-4,-3,-2,-1,0,1,2,3
m381,cpu,memory,5.783935358859524,5.142157697493009,4.799915222568999,4.71982983817872,4.47053721529627,4.388446704848666,4.308042002975312,4.232811346334417,4.142131736089502,4.04058501061361,3.9526261922555026,3.838690082193008,3.623015615693253,3.620194307533667
m155,cpu,memory,31.38375130637081,31.356480895154085,31.323513172379283,31.276553181232888,31.1567783691828,31.114301517380024,31.11768749605128,31.114400860016477,31.076998054519844,31.03955754122371,31.027706540155837,30.98385655845548,30.9538316606315,30.90337635333898
m343,cpu,memory,61.68997483178535,61.806715049988426,61.93721775560633,62.024736801073814,62.101289791874756,62.19968968411828,62.393556939473854,62.4650239715599,62.53759800771977,62.55265629186285,62.73008163481149,62.763685896286525,62.91299838428895,63.023381379834085
m376,cpu,memory,23.139611304746804,23.130628318778527,23.13025376410158,23.131226443604486,22.92881072409515,22.91447625744305,22.874219092673414,22.84440320244315,22.835599315271793,22.753227484763777,22.876765126324763,22.904758497520763,22.801125703507903,22.707188911714137
