name,machine_type,trace,-10,-9,-8,-7,-6,-5,-4,-3,-2,-1,0,1,2,3
m63,cpu,memory,34.9133270838587,34.93813114186607,34.96177655769405,34.96241249253946,34.9380910621854,34.948724761972926,34.9439387487377,34.944460903326835,34.96670901045587,34.96417456173088,34.998925403432565,35.00397521982738,35.026383193261225,34.99306549970467
m399,cpu,memory,26.47054108261727,26.48529225263426,27.050502737343944,27.410541501567586,27.318126802516108,26.520947979304143,26.510684593959084,26.50174264551016,26.485925662268592,26.473873704373638,26.672588053163576,27.29339068858743,27.18675737214739,27.14922796536407
m162,cpu,memory,30.322905567600515,30.29445692583545,30.30383460759447,30.207537468453417,30.171854583460263,30.161510531440097,30.137410855884667,30.13379625853521,30.133487427492742,30.128558457780684,30.05311125955802,29.997643237922404,29.99229645367686,30.022991965406835
m237,cpu,memory,23.231365992371455,23.23720787320984,23.24933113329777,23.22320747835315,23.19804451289125,23.131495344510267,23.09438814393185,23.046597169046823,23.018664118972257,22.965951946876405,22.759221080813358,21.315862174676337,19.240860825751742,19.1201860750427
