name,machine_type,trace,-10,-9,-8,-7,-6,-5,-4,-3,-2,-1,0,1,2,3
m322,cpu,memory,6.156857873579347,6.136732711208654,6.177221296807873,6.1574760013328875,6.1093069754704254,6.078325904202744,6.1193740241403205,6.132349772581081,6.09421802534582,6.095825806223041,6.043073402252388,6.019864049867035,6.007250147325433,6.030756858836718
m352,cpu,memory,0.466657542092202,0.4951404843254887,0.5109128189012208,0.4442364945957303,0.4675043270078525,0.48168722988570567,0.37075790032538347,0.36909545076751576,0.36360621484126293,0.4691410827512955,0.47896775044611806,0.42654696828610505,0.47534086084619576,0.5000523668958594
m339,cpu,memory,1.2218789415818958,1.0695382958026647,0.9838016379541208,0.9368561090360548,0.944960938657073,1.1331348974266078,0.946558775105444,1.228522530879659,1.4706860071497319,1.1848551953866733,1.0697749160304852,1.1683532502131777,1.200846520412095,1.269141327075878
m265,cpu,memory,2.148754724908428,2.1101097073217523,1.8537278415189344,1.981243580209275,1.9869229957062777,1.9556964703258397,1.6825090155903428,1.8985736214649391,1.7191145812857795,1.8922162101355113,1.7394683630350654,1.684902375567139,1.6599131215328133,1.8583026759332344
