name,machine_type,trace,-10,-9,-8,-7,-6,-5,-4,-3,-2,-1,0,1,2,3
m213,cpu,memory,35.40979160651942,35.416784538109724,35.41826926396972,35.425634739992454,35.43738927403993,35.47251536791216,35.45265339850175,35.42904609604329,35.39324089077373,35.33539948090931,35.276421103297295,35.23269877380786,35.16814368923664,35.113183289649726
m295,cpu,memory,10.080885756796452,10.070551434817022,10.061489518659267,10.048076101801673,10.057529038172659,9.99112768775664,9.966731479301856,9.85904099915084,9.850122295281988,9.843217098662729,9.855064263763154,9.853916039418957,9.843041881626823,9.778513954938964
m214,cpu,memory,34.340438250366574,34.33618659990388,34.32005855550409,34.289159175090916,34.223511091344385,34.16591996243298,34.10642219351981,34.07425555627305,34.03716795008728,34.05194059909264,34.01232817145258,33.977243219509596,33.96795293058595,33.875965501143746
m62,cpu,memory,39.326193423373184,39.26828012909179,39.3046400621077,39.2826622122064,39.16275242611233,39.12144966670297,39.06312808795417,39.068863051333956,38.991741608421506,38.960473066006756,38.96215804737166,39.04649534201336,39.06618537535335,39.0126237839453
m80,cpu,memory,15.059862741304299,15.080121081332326,15.080738556313392,15.077918122366368,15.067854576584173,15.013265610611228,14.987803359448195,15.119549508368557,15.593701396581244,15.848846729647473,15.969809281632568,16.349413784677072,16.52381051635991,16.44146305270904
m73,cpu,memory,10.91394417454997,10.930789846292408,10.898204323720394,10.878170974027414,10.87383325444276,10.838672329180502,10.816799327063602,10.806209170796054,10.746400645307533,10.731500230977549,10.754444576231617,10.77069119879831,10.757824735472251,10.742661722749647
m417,cpu,memory,34.94266722913809,34.980794476595676,35.01718489919311,34.90250436482749,34.83605137308974,34.79326146476717,34.7935312316113,34.77953335387275,34.72618595052561,34.706572041188515,34.68936669748386,34.675418340895476,34.69182417850319,34.69967310361859
m291,cpu,memory,35.50368643316753,35.53481246976483,35.569914232396734,35.60736676024094,35.617463925886554,35.58985777767978,35.52043104314622,35.445218764754124,35.35199088350457,35.36025834108811,35.33514612040709,35.28570942349022,35.23645536496694,35.19541591042166
