name,machine_type,trace,-10,-9,-8,-7,-6,-5,-4,-3,-2,-1,0,1,2,3
m101,cpu,memory,3.809258261233698,3.71801795569694,3.6685977956474725,3.4414147648735463,3.3817676892814927,3.3009364022146497,3.2437783190874576,3.2102129257975327,3.17013846970301,3.104132304424788,3.0943817968308607,3.083442938346809,3.0836925064334957,3.0740669596855468
