name,machine_type,trace,-10,-9,-8,-7,-6,-5,-4,-3,-2,-1,0,1,2,3
m227,cpu,memory,41.51195514993439,41.447954059603525,41.38023357755671,41.278211112915564,41.2767543898239,41.22531277370335,40.97755006906736,41.032844492853116,40.98327488914664,40.79962402446591,40.686284222553915,40.73918054197587,40.705175830106164,40.634972690769814
