name,machine_type,trace,-10,-9,-8,-7,-6,-5,-4,-3,-2,-1,0,1,2,3
m254,cpu,memory,0.5085814218873695,0.507228963757565,0.4942983687030474,0.45062519026159276,0.4835083348774854,0.603146853676353,0.5695743680831553,0.47607096359510337,0.3984623556866481,0.43206618872762736,0.4960125339779075,0.5002704613309998,0.47539089813072904,0.4655769889985905
