name,machine_type,trace,-10,-9,-8,-7,-6,-5,-4,-3,-2,-1,0,1,2,3
m8,cpu,memory,37.5143742029837,37.513657685859535,37.506920596705996,37.4981220254213,37.860788365857374,38.046075627399,38.020952201914994,38.02267099542612,38.0225765162902,38.03947102100816,38.0184141349993,38.1668742166862,38.25845468274936,38.18423940237828
