name,machine_type,trace,-10,-9,-8,-7,-6,-5,-4,-3,-2,-1,0,1,2,3
m330,cpu,memory,50.37438140847081,50.342518569652604,50.309521922421155,50.29549346061952,50.25991789331098,50.22204694510489,56.157729090328566,64.41695029229147,67.00258833945512,71.33281533821231,71.18044796381214,71.04510422223771,70.86217293481349,70.63547061544762
