name,machine_type,trace,-10,-9,-8,-7,-6,-5,-4,-3,-2,-1,0,1,2,3
m13,cpu,memory,4.346191632453022,4.328499821963154,4.2291211308390375,4.212571041342831,4.143935753882798,4.143935753882798,4.079290325281108,3.988257526219339,3.9645927397130247,3.88932938537468,3.8435874015834,3.6962159445188942,0.47892027496360823,0.4166208065178886
m82,cpu,memory,0.6048237906957261,0.4932852176763745,0.48457404715040797,0.5112416642290366,0.4160664337185324,0.4160664337185324,0.580663010332664,0.556718103335847,0.5006660020263172,0.5026007478198683,0.49307576775427064,0.43088095484522815,0.45557586594220034,0.3727210026870366
