name,machine_type,trace,-10,-9,-8,-7,-6,-5,-4,-3,-2,-1,0,1,2,3
m186,cpu,memory,21.853260961415018,21.837729891127132,21.813441070826393,21.79000463798362,21.72472166040798,21.650043937915456,21.634872984684698,21.62877179268512,21.56816808990642,21.51540553852462,21.51042588854568,21.482538017790933,21.491049834203803,21.469352605466597
