name,machine_type,trace,-10,-9,-8,-7,-6,-5,-4,-3,-2,-1,0,1,2,3
m265,cpu,memory,0.3942935742093432,0.3956439374550876,0.5093377989463744,0.5608489498582278,0.4440325847482036,0.5215436167782687,0.5856472545299485,0.4610823909323858,0.48258595767376733,0.49017527069808375,0.39477102966628563,0.35919812511141974,0.4863943697053479,0.5645464090938249
