name,machine_type,trace,-10,-9,-8,-7,-6,-5,-4,-3,-2,-1,0,1,2,3
m399,cpu,memory,60.77761599600594,60.73139996346432,60.696522016948094,60.63353444298553,60.544399262432414,60.47667898293251,60.98270341722314,60.7664514586134,60.69216063290891,60.7142219671738,60.68433326038111,60.53110713817125,60.43498233427452,60.41314664105888
