name,machine_type,trace,-10,-9,-8,-7,-6,-5,-4,-3,-2,-1,0,1,2,3
m215,cpu,memory,15.53318094031561,15.457154217509853,15.38359748183226,15.317304015302158,15.288988638049405,15.298471468158777,15.269936355897661,15.157756409553588,15.126035366826622,15.133460295103056,15.066620368354016,15.114495366703355,15.031152094121575,14.947062035417952
m150,cpu,memory,19.252229651584173,19.364066593245997,19.41375144046823,19.222473654665976,18.24381188754735,18.536445511987417,18.64003910976489,18.520735140355697,18.292979804187183,18.249233683623142,18.231361019560747,18.147786527939118,18.06081326122431,18.080213444582647
m193,cpu,memory,11.415790593839388,11.382191051518182,11.46638336801946,11.628396026512611,11.536471604573178,11.527763450160071,11.456922748599043,11.38499763243479,11.435997885576787,11.555297311877606,11.53138722269548,11.71252162235642,11.820493527251775,11.951949062207028
m293,cpu,memory,7.39281285404065,7.361324342743967,7.398455621796769,7.371823011885802,7.3850152142641985,7.351958005505157,7.346640486449392,7.380168247658285,7.409863745516635,7.395520622350118,7.364355277495785,7.334552385666468,7.326054678065951,7.3595631058878626
