name,machine_type,trace,-10,-9,-8,-7,-6,-5,-4,-3,-2,-1,0,1,2,3
m147,cpu,memory,9.126213769581478,9.061217411034276,8.983545111339774,9.177655587681052,9.00849261931914,8.889009651440006,9.182351622194078,8.980782850906207,8.919935385186838,9.078473777269327,8.957977342996081,9.590338263797223,9.493366940624178,9.539404731312695
