name,machine_type,trace,-10,-9,-8,-7,-6,-5,-4,-3,-2,-1,0,1,2,3
m403,cpu,memory,26.53881388644347,26.511576338884424,26.50180511662965,26.52342827181853,26.422473227050563,26.32857348254092,26.27958483929644,26.22476493583413,26.15584119491094,26.18458849067279,26.23864287087997,26.252488909375852,26.219764607125473,26.124098022148935
