name,machine_type,trace,-10,-9,-8,-7,-6,-5,-4,-3,-2,-1,0,1,2,3
m129,cpu,memory,19.305141063590735,19.293003746368314,19.156766930014506,19.36990398208598,19.360053817056052,19.3038543549722,19.401634995042862,19.401634995042862,19.43780189901627,19.364719059326998,19.479440193340153,19.422925742409028,19.414308980192715,19.3903252542278
m223,cpu,memory,30.901145132489457,30.88073062390023,30.870331852032656,30.90517396099566,30.873375028568578,30.950582580959253,30.971149232569047,30.971149232569047,30.958110006114417,30.905577186472367,30.90282588004098,30.956064749834344,30.991953791620702,31.00927131244828
