name,machine_type,trace,-10,-9,-8,-7,-6,-5,-4,-3,-2,-1,0,1,2,3
m397,cpu,memory,76.59655681185795,76.57280887511062,76.54072190961261,76.50382571180968,76.4734882462366,76.3770578444762,76.18681063820011,76.03370990388842,75.91314206766312,75.76390802399864,75.9318580594682,76.16572172978124,76.13214977548564,76.11105056935446
