name,machine_type,trace,-10,-9,-8,-7,-6,-5,-4,-3,-2,-1,0,1,2,3
m418,cpu,memory,42.942396384267255,43.149501602460326,42.99181919446327,42.98268068085869,42.98793912814782,43.00286540849117,42.992183652081856,42.993548604384365,42.975442803143906,43.00172246464417,43.02646766478959,43.027274217962955,43.04866862391852,43.054636551405785
