name,machine_type,trace,-10,-9,-8,-7,-6,-5,-4,-3,-2,-1,0,1,2,3
m204,cpu,memory,0.8479036876433388,0.7238495829858107,0.7238495829858107,0.7566887730281835,0.6142912625811543,0.5525677719138194,0.5000898853991826,0.5353819753712341,0.5480329673385036,0.45822201204078183,0.45822201204078183,0.4391372088049257,0.4669522257626834,0.5394456596081503
