name,machine_type,trace,-10,-9,-8,-7,-6,-5,-4,-3,-2,-1,0,1,2,3
m349,cpu,memory,12.689551883539416,12.091866073284216,11.502638117347097,10.806303453834538,10.260720963434581,9.61684471404949,9.161812178692447,8.804865138471518,8.571207635741567,8.266570942363643,7.697413391847761,7.102823381899262,6.883958201987022,6.391638218226817
m39,cpu,memory,16.765308856824607,16.75687684768218,16.739203045506013,16.83757557687936,16.9694747336845,17.088245821657797,17.232739232060826,17.301914997980436,17.308673452069083,17.327957483289993,17.382947721361592,17.367601202168565,17.300096770290626,17.183079271607674
