name,machine_type,trace,-10,-9,-8,-7,-6,-5,-4,-3,-2,-1,0,1,2,3
m273,cpu,memory,17.8370423068184,17.845901317605918,17.85177999894721,17.815069108855965,17.790101775319545,17.77776572171426,17.774423331707002,17.736589561839004,17.682835579274485,17.6769417796043,17.746746210638737,17.787002491963094,17.787356425471128,17.806559892047567
