name,machine_type,trace,-10,-9,-8,-7,-6,-5,-4,-3,-2,-1,0,1,2,3
m349,cpu,memory,37.690891065059674,37.62692935022768,37.62739456452519,37.59178860760755,37.581382971860414,37.570498592817614,37.576537998543294,37.5654479681281,37.55411523539874,37.52465933539715,37.469674196964704,37.465037398338104,37.46637670668681,37.45285904170337
