name,machine_type,trace,-10,-9,-8,-7,-6,-5,-4,-3,-2,-1,0,1,2,3
m46,cpu,memory,26.062006856943757,26.0199722521327,25.907226637686076,25.93990501367446,25.922732266567067,25.849588070306236,25.844378841917454,25.85843728823436,25.801413100543652,25.790150229463315,25.68691177725733,25.68691177725733,25.540959171554498,25.567122124386547
