name,machine_type,trace,-10,-9,-8,-7,-6,-5,-4,-3,-2,-1,0,1,2,3
m349,cpu,memory,11.633231256755224,11.63289217675072,11.611137262652118,11.622105676516993,11.577482723353896,11.528555086794269,11.51637683048651,11.498348413525354,11.486059153936322,11.517324712189541,11.508593728656855,11.67312292845616,11.627502851406252,11.627502851406252
