name,machine_type,trace,-10,-9,-8,-7,-6,-5,-4,-3,-2,-1,0,1,2,3
m370,cpu,memory,21.12579111173195,21.351121229259725,21.430494697965813,20.805142118734697,20.830029449788825,20.73334735473463,20.555337093497993,20.630997283878493,20.575307040217474,20.27481678991729,20.388287614963275,20.564855705212075,20.275145012920323,20.08845941322253
m355,cpu,memory,52.74664016411825,52.70104839833758,52.46838935275887,52.18734920279732,51.94025350467388,51.84107642200815,51.6608021711526,51.52280959320692,51.494849982111816,51.55773194843525,51.40846874061445,51.34617264811488,51.35153446129893,51.19620120152547
m238,cpu,memory,54.621347252572654,54.60247449463893,54.479770271687265,54.43515055459448,54.122021002207525,53.957391093752896,53.93930885693191,53.89410578977664,53.75522425418119,53.652792910334064,53.51347502298569,53.43488692640424,53.433589381405426,53.25730438479345
m282,cpu,memory,38.34240206458067,38.25147199498694,38.42129380001864,38.40490739756936,39.270306660252444,38.617928606917644,38.3617904277949,38.536689992996166,38.52646289112168,38.52609478920588,38.22376902535955,38.264103674299726,38.44216956429505,38.690172947998
