name,machine_type,trace,-10,-9,-8,-7,-6,-5,-4,-3,-2,-1,0,1,2,3
m403,cpu,memory,56.80220627481364,56.63223305919445,56.75760293592704,56.62870008458305,56.454379064798275,56.454379064798275,56.435785498930386,56.28088049421914,56.22470760221521,56.0820338111757,56.09892104826782,56.26514951747205,56.241287479297874,56.33651306095322
