name,machine_type,trace,-10,-9,-8,-7,-6,-5,-4,-3,-2,-1,0,1,2,3
m383,cpu,memory,48.035699679624884,47.63122849161274,47.70279401452871,47.88273023672111,48.513423687233605,48.158143174893844,48.0873613442976,47.79799466292812,47.607547035014576,47.07536806588248,47.357216286119645,47.088445855763545,47.10669627613514,47.26544206969387
