name,machine_type,trace,-10,-9,-8,-7,-6,-5,-4,-3,-2,-1,0,1,2,3
m409,cpu,memory,0.4478404415172928,0.46168046589773243,0.4597810427717904,0.4533517872376332,0.4497781781905236,0.4770251551645662,0.4645308120916768,0.4773729679698442,0.5290096853618806,0.5106843005500008,0.5163283681462137,0.5845361490325208,0.5707336557625302,0.5474029139254812
m16,cpu,memory,8.054522848193065,8.02198659502114,8.006351134324813,8.081347088876104,8.109935166209015,8.287348999949783,8.800178291259405,13.310566580472289,16.42266711839298,16.001890553975127,15.548200456600563,21.066284396024937,24.221457310212706,23.213399789493558
