name,machine_type,trace,-10,-9,-8,-7,-6,-5,-4,-3,-2,-1,0,1,2,3
m339,cpu,memory,5.2372639862771475,5.095136450102041,4.978403577158729,4.9592353194828895,5.255906732385354,5.087518351318389,4.969552239113365,4.910654524071235,5.2325136364426585,5.1523998197658045,5.0433663167039615,4.912157939527108,4.7307874748440515,4.613583304949001
m322,cpu,memory,10.164695868841006,10.294421160782665,10.58560924385655,10.201312148700358,10.37106847219233,10.61757683861413,10.313783005417323,10.679708098358718,10.694413130649318,10.688312127378037,10.609811328646582,10.538439966851058,10.188356175274574,10.147265589956543
m234,cpu,memory,8.885322060914785,8.885617817269944,8.881802666294274,8.871726001378319,8.84663009787491,8.78016986140824,8.748080259014419,8.757588429635822,8.710163602784283,8.715674103051084,8.704654478132838,8.652767410236205,8.555578737186693,8.51361848734814
m211,cpu,memory,9.597978674164693,9.444706564908207,9.335168688604812,9.259229483670888,9.181373768469326,9.013544984776347,8.915944731473825,8.766083335652844,8.70088763554288,8.61480229418341,8.5507202613729,8.359298055834318,8.214076006566549,8.087108242464602
