name,machine_type,trace,-10,-9,-8,-7,-6,-5,-4,-3,-2,-1,0,1,2,3
m87,cpu,memory,14.07897755744594,14.04882918740116,14.008294716407363,13.999877396648678,13.990950693546381,13.978329988835766,13.94290727194762,13.930219834085987,13.916758503078501,13.895996926943063,13.844903287558289,13.765119237513767,13.71893937379369,13.774513022699004
