name,machine_type,trace,-10,-9,-8,-7,-6,-5,-4,-3,-2,-1,0,1,2,3
m172,cpu,memory,0.7085169834414603,0.6926491173861062,1.4938366525989821,1.383613801624022,0.974029638996734,1.1132690202835251,1.2909708366099242,0.9042660453955871,0.5324418523016083,1.134004296932475,1.2890435490859538,1.0433162440778312,1.4789413650948806,1.5636681909035037
