name,machine_type,trace,-10,-9,-8,-7,-6,-5,-4,-3,-2,-1,0,1,2,3
m21,cpu,memory,0.4434400498385046,0.4430103601308379,0.43375055878340035,0.42406176180167804,0.4010818110235314,0.4389464234863923,0.4817323076102638,0.43400420304156867,0.4220175397034356,0.48001044430327827,0.5078061909096824,0.40900342717330646,0.4141688404430657,0.4299514474979315
