name,machine_type,trace,-10,-9,-8,-7,-6,-5,-4,-3,-2,-1,0,1,2,3
m128,cpu,memory,41.68692201439487,41.21860906520639,41.07215186970716,41.54202931587572,41.48951401180942,40.88372544094047,40.79234798464078,41.37003127051781,41.31406603027915,41.290551658519256,41.26121529337789,41.22283112725543,41.19482150119626,41.1964130523867
