name,machine_type,trace,-10,-9,-8,-7,-6,-5,-4,-3,-2,-1,0,1,2,3
m22,cpu,memory,6.486848519016331,6.438360099952321,6.382007863355839,6.384782339639934,6.396212800309306,6.406657381095799,6.407155848485761,6.387194338911403,6.336557370319546,6.307025525446829,6.281546625224634,6.261494897089812,6.2619606414166356,6.240526521122032
