name,machine_type,trace,-10,-9,-8,-7,-6,-5,-4,-3,-2,-1,0,1,2,3
m339,cpu,memory,0.631300799144878,0.6789435437614308,0.6793913175769956,0.7246843412903251,0.7831716117997487,0.8378819943955003,0.8685028981964829,0.914703332089077,1.013595948419607,1.0530349750895311,1.029623794982149,0.9753720644288789,0.8793441429429081,0.835579105386697
