name,machine_type,trace,-10,-9,-8,-7,-6,-5,-4,-3,-2,-1,0,1,2,3
m317,cpu,memory,48.33769380938183,48.359027740886056,48.36330608636897,48.354606287489354,48.34133515996073,48.3082336180358,48.284791684245974,48.27029023375262,48.25754530039366,48.25362954417601,48.237278442826586,48.223773347109656,48.221867058835855,48.22148786072356
m271,cpu,memory,47.11742681249277,47.11515591516345,47.1196099275035,47.11146882873396,47.11313730989287,47.106508411247134,47.09083615061579,47.053903859709784,46.989395658157385,46.968826937540314,46.97786706634713,46.998766576363806,47.00766470842542,46.979139591002735
