name,machine_type,trace,-10,-9,-8,-7,-6,-5,-4,-3,-2,-1,0,1,2,3
m297,cpu,memory,0.4942000861252198,0.4886720066223679,0.4760610444751532,0.47657699014951127,0.4672767677635992,0.47038146491514893,0.47038146491514893,0.49421598700452934,0.43607218811424725,0.4317209882096646,0.4249487279932588,0.4195163818733368,0.3955871738335917,0.40214848238449097
