name,machine_type,trace,-10,-9,-8,-7,-6,-5,-4,-3,-2,-1,0,1,2,3
m33,cpu,memory,33.296217753243916,33.29297336811699,33.28560338627549,33.295004037233255,33.28410138353702,33.26877980165516,33.25400218128262,33.232760524095404,33.220053853173766,33.14628609068008,33.12858048617741,33.125420905740135,33.12689004666136,33.13908405241148
