name,machine_type,trace,-10,-9,-8,-7,-6,-5,-4,-3,-2,-1,0,1,2,3
m212,cpu,memory,0.7196301332240786,0.7691373316581479,0.7472572800434394,0.7301928097276248,0.7051122265889234,0.5653982923992706,0.6232646966640741,0.6063275343343901,0.5820287065691712,0.5859611959446579,0.5656169168637215,0.6220374642623953,0.6294259340373375,0.6406153828074604
