name,machine_type,trace,-10,-9,-8,-7,-6,-5,-4,-3,-2,-1,0,1,2,3
m91,cpu,memory,6.892841581629269,6.49895191493078,6.855958532907036,7.108420781607268,6.718906633126008,6.682898284202746,6.895700786884542,6.780468666757004,6.7929876940520595,16.044464931171,21.39613438114777,22.12978452158131,21.840004625490074,21.73546654141519
m268,cpu,memory,7.129355955024682,6.941289226295621,6.719328839330913,6.861907354730626,6.903299438514208,7.009849236910744,7.072505844103175,6.669971979924792,6.606514220746972,17.7153671125354,22.424030520359757,22.41131458717592,22.367521899751043,21.94395902235882
m102,cpu,memory,11.05566891788792,10.751056984450637,10.76800940405261,10.919482126836195,10.637280741260831,10.53482169658778,10.663104147851888,10.040075061842305,10.457960770683213,10.724198203461109,10.62563497511376,10.702108399050406,10.541991958274155,9.95764614017361
m259,cpu,memory,16.84250696958256,16.8387971178263,16.742276483497523,16.810707785391557,16.770268896286954,16.442443950611928,16.52493142783657,16.26113114554599,15.951815580572,16.304345798148727,16.452615894543186,16.4715358208043,16.493743518877313,16.502056246248525
