name,machine_type,trace,-10,-9,-8,-7,-6,-5,-4,-3,-2,-1,0,1,2,3
m109,cpu,memory,25.226926748919542,25.162674778679445,25.535613598804524,25.5389847858721,25.508547273480772,25.502225184194273,25.49107609337021,25.468419712235278,25.48310112093021,25.469022279842633,25.20874260366813,25.046304496326474,24.993553580980997,25.3303304188334
m185,cpu,memory,9.070581035090909,9.031079856237575,8.986355389778709,8.93711003850678,8.947509440730638,8.838171662985436,8.825668271555035,8.851777086246852,8.85349980776594,8.860423214737104,8.84315970578921,8.848684680777884,8.853456900568196,8.80129217303143
