name,machine_type,trace,-10,-9,-8,-7,-6,-5,-4,-3,-2,-1,0,1,2,3
m105,cpu,memory,37.68725011768165,37.56564443295677,37.44924111274111,37.31581163448864,37.14274787812609,37.010856090621324,36.93526285607293,36.68258056892256,36.58891792911067,36.326672904253506,36.1833413180987,35.888308831542204,35.435638964871536,35.493217917204696
