name,machine_type,trace,-10,-9,-8,-7,-6,-5,-4,-3,-2,-1,0,1,2,3
m65,cpu,memory,10.138970896264723,10.161770144907289,10.118627424853807,9.818522507255496,10.02936241229605,9.748654359126114,9.924856381743707,9.892270596196958,9.610334502974252,9.757974684709794,9.768756692377227,9.789750699048085,9.761362026313563,9.515689844353712
