name,machine_type,trace,-10,-9,-8,-7,-6,-5,-4,-3,-2,-1,0,1,2,3
m149,cpu,memory,0.3797594511949314,0.3879231519286313,0.3697860789588601,0.35138009183257546,0.41219559180604365,0.3769727463774617,0.3489909847163171,0.40074756445095844,0.37185159055511396,0.3779571496176127,0.35417130189918283,0.47705761315626033,0.4209387533868116,0.3887863930050124
