name,machine_type,trace,-10,-9,-8,-7,-6,-5,-4,-3,-2,-1,0,1,2,3
m315,cpu,memory,2.7102677005408298,2.974425929229214,3.5274186333454707,4.2736180379211435,6.692561829130545,6.496839773494852,6.840848697166755,7.612647621491956,8.313814877783418,9.573233044316932,7.357509746974001,6.712272710559596,6.04094583942438,5.96142758639614
