name,machine_type,trace,-10,-9,-8,-7,-6,-5,-4,-3,-2,-1,0,1,2,3
m204,cpu,memory,19.84390212787687,19.844903126088642,19.847428766862276,19.846142840036972,19.827861547984824,19.809034679726913,19.728510860770022,19.65196579390728,19.707662385004085,19.700079028505947,19.699591956178267,19.69882755358581,19.709170848421248,19.69360391218571
m35,cpu,memory,60.02159066823733,59.765671316043395,59.43582307244544,60.04780288918674,60.0901467793511,60.04981942355709,59.97110088443114,59.95012151603405,59.908671809924705,58.772334399686684,57.87026681554332,59.71745399504595,59.616483914958216,58.34103279148992
