name,machine_type,trace,-10,-9,-8,-7,-6,-5,-4,-3,-2,-1,0,1,2,3
m208,cpu,memory,16.007925391983935,16.007436906938846,16.02979409845376,16.042184366485646,16.057227153518173,16.12111501898777,16.11689108915329,16.082679968726453,16.049903359945148,15.98969945070337,15.973008928805614,15.977088236167553,15.95711390499488,15.965915622264102
