name,machine_type,trace,-10,-9,-8,-7,-6,-5,-4,-3,-2,-1,0,1,2,3
m392,cpu,memory,7.642656177376519,7.551423998892753,7.517401064236766,7.582140207131518,7.5228516331429685,7.474993747168509,7.483761870612152,7.440754005158912,7.451591161051011,7.366453739253807,7.4332814626458665,7.420930694480444,7.4710032573859895,7.418027332672625
m234,cpu,memory,31.572807158194244,31.508436361061655,31.500220804531793,31.776725486189832,32.070524267058815,32.15999816094973,32.23068983587324,32.32205331075691,32.431345000560626,32.4393853937612,32.45326585244977,32.526892526819935,32.60733219794493,32.642335433925304
m386,cpu,memory,16.292739822059165,16.291735441692502,16.3286579902812,16.323912965916207,16.274414386705203,16.25253119283066,16.23056299228744,16.233991499564073,16.23498636457954,16.224046509072497,16.21563252092662,16.199617483336333,16.17921814437526,16.18396099808093
m323,cpu,memory,34.78860856160282,35.08602557430796,35.1979582752295,35.10668439990778,34.76954355874763,34.576159790450035,34.47397740839413,34.42195498047644,34.40169796820381,34.37791610768766,34.35508860280397,34.33756825679599,34.37898828126396,34.561633352860625
