name,machine_type,trace,-10,-9,-8,-7,-6,-5,-4,-3,-2,-1,0,1,2,3
m82,cpu,memory,70.6812145679192,70.58941339104514,68.71473389409022,68.71473389409022,68.48571655813383,66.03153516901969,67.71254351957089,67.67350024875033,67.60851178953281,67.28504328158773,67.24123126134376,67.18017117682741,67.1866276417948,67.17259165736289
