name,machine_type,trace,-10,-9,-8,-7,-6,-5,-4,-3,-2,-1,0,1,2,3
m121,cpu,memory,10.61601169992,10.148191765634245,9.861736200694477,9.379187976053398,9.255214019475154,9.06207706822283,9.146142089288313,8.872356130509814,8.578255195642603,8.352598926979892,8.30172475777812,8.269130138346434,8.31249934503521,10.433937911518543
