name,machine_type,trace,-10,-9,-8,-7,-6,-5,-4,-3,-2,-1,0,1,2,3
m190,cpu,memory,18.980369086743142,18.975826256634377,18.977928631144486,18.926622802854357,18.88784537902426,18.86484321736787,18.85543653486584,18.852498860096247,18.814952492375,18.75292614038532,18.701600625860127,18.66288975856771,18.522780346850876,18.43255249819169
