name,machine_type,trace,-10,-9,-8,-7,-6,-5,-4,-3,-2,-1,0,1,2,3
m92,cpu,memory,24.15397271771045,23.926618638338347,23.64094397069247,23.293112790434105,23.076873703964758,22.792023231896426,22.713894388237446,22.574691881846956,22.2269340992903,22.043678282491207,21.90359592744559,21.738523699367132,21.59774231137968,21.07715852657243
m117,cpu,memory,16.51356593361695,16.516955319619488,16.501969800928865,16.440063437542346,16.443649767292904,16.50753601730888,16.599139317204735,16.67690809491656,16.702295035053414,16.75850994370574,16.774753171407664,16.85934683367456,16.833579585014004,16.82980098069506
m236,cpu,memory,8.310091005426834,8.27663729688444,8.209327322538464,7.9481768587491874,7.730662244061718,7.507605239136806,7.381169536061105,7.154500696943112,7.166374552306957,7.070106855726204,7.060494749007194,6.757082637808681,6.475531888388123,6.3867656587770645
m357,cpu,memory,5.341765284424934,4.99774362736674,4.714890116443502,4.376184829981136,4.9058626805135965,4.5722806446819195,4.031811927609991,3.626591912746151,3.3704882491063253,2.9990775167336308,2.7044034310750793,2.5017597351694922,2.307813454336703,1.9695235594166793
