name,machine_type,trace,-10,-9,-8,-7,-6,-5,-4,-3,-2,-1,0,1,2,3
m141,cpu,memory,0.40885961256008335,0.39959490213796256,0.39319314501659475,0.38921181724501547,0.43939080257780205,0.43939884136198515,0.40900786933002653,0.42151115980877396,0.43493704200167294,0.43450742801247916,0.4335459169843259,0.4335946039624021,0.4375018286011206,0.44757830416410416
