name,machine_type,trace,-10,-9,-8,-7,-6,-5,-4,-3,-2,-1,0,1,2,3
m330,cpu,memory,38.64568212985282,38.635939585381394,38.63396161632226,38.726061629400355,38.88802637135089,38.96780345472801,39.00480192357934,38.803505020225614,38.940988717281215,39.036351287919736,38.76769311095464,38.585534909138744,38.562648595610106,38.632507721315555
