name,machine_type,trace,-10,-9,-8,-7,-6,-5,-4,-3,-2,-1,0,1,2,3
m210,cpu,memory,0.41191394432002715,0.398521390862331,0.49707799384330076,0.4111189382137867,0.4460940958914491,0.4025663474032592,0.4389463982532112,0.5380366524051428,0.48081664411745306,0.4466026590146991,0.45320477982249285,0.4422282135389354,0.4497093753318362,0.4429275493546636
