name,machine_type,trace,-10,-9,-8,-7,-6,-5,-4,-3,-2,-1,0,1,2,3
m113,cpu,memory,8.270753025058998,8.256599803822523,8.241873532500277,8.229556875506898,8.227517322720793,8.229480904702186,8.229305868769226,8.236795813848193,8.265706868327271,8.239137130114502,8.123169379657027,8.191047507564427,8.238816083789395,8.228319484222723
