name,machine_type,trace,-10,-9,-8,-7,-6,-5,-4,-3,-2,-1,0,1,2,3
m407,cpu,memory,13.904907729166045,13.907794697924484,13.94044233278075,13.982225704266604,14.006724163842419,14.046531712319961,14.053447635655854,14.041064485160422,14.049503334331101,14.07378629894374,14.110458875487696,14.135078938930992,14.163065395137457,14.160082541615935
