name,machine_type,trace,-10,-9,-8,-7,-6,-5,-4,-3,-2,-1,0,1,2,3
m115,cpu,memory,16.290483159234856,16.28428009995565,16.273507834794827,16.2798381514613,16.2758777724546,16.269246651471686,16.236622287362994,16.237595118302842,16.255456601207644,16.248170111665367,16.24600350328173,16.245863020338103,16.269255939667463,16.283506635754954
m179,cpu,memory,14.033821028887143,14.030170388976698,13.947805777657189,13.976258457677705,13.983113023874155,14.00694541322024,13.915710635132005,13.942798085909695,13.9186779158245,13.925326956909101,13.906358318493522,13.874211157377454,13.91562217077926,13.895179495485998
