name,machine_type,trace,-10,-9,-8,-7,-6,-5,-4,-3,-2,-1,0,1,2,3
m56,cpu,memory,39.76819607280386,39.72078797973483,39.606183073577576,39.494065922456045,39.49147110149964,39.48691572673288,39.412683304579495,39.32097097008266,39.268452131856634,39.23253532789219,39.204292337499524,39.038434554873206,38.930309787063905,38.89133107949222
m309,cpu,memory,32.22865452332162,32.254628282191355,32.18868077279606,31.9957964946557,31.900140539543187,31.924641371568054,31.877754524466486,31.82170710507622,31.760310730213202,31.716624805835124,31.53821724285598,31.349377088353343,31.32984313638696,31.381363297172413
m39,cpu,memory,4.611744292538381,4.934095600349359,5.060955225789154,4.928027976241785,4.8557434369802115,4.829720209339165,4.624880538965302,4.42142588572138,4.354060927081233,4.335065560044718,4.266709459277122,4.138386548982795,4.028234621040553,3.9741531307150404
m165,cpu,memory,33.7055015406892,33.48638585832432,33.44459582418074,33.19858837407361,33.028884901318534,32.99882012446784,32.72700019583826,32.51771181341745,32.3477500895598,32.18559776834339,32.07071583479526,31.796227738617528,31.68308808523792,31.685329403145808
