name,machine_type,trace,-10,-9,-8,-7,-6,-5,-4,-3,-2,-1,0,1,2,3
m76,cpu,memory,3.7722455972820126,3.5014015545582544,3.4116833144557295,3.491021396514002,3.6075419873476644,3.7355090816640413,4.01779508457001,4.17354308980659,4.163466721983962,4.133908097710591,4.005777144420271,3.9482516398921303,3.9254209257632224,3.8174080785230378
