name,machine_type,trace,-10,-9,-8,-7,-6,-5,-4,-3,-2,-1,0,1,2,3
m309,cpu,memory,24.570189137097746,24.56211618495382,24.534103806528154,24.54503758051675,24.53624716934061,24.493569714694612,24.480899742623823,24.498749185723543,24.506270579902342,24.477989200243922,24.44675389152063,24.40940795059715,24.305099039838275,24.305478010795152
m56,cpu,memory,18.295630480768082,18.313041110708827,18.30591327654367,18.302407586966755,18.30267613521375,18.29073179844518,18.308317868087638,18.29406497616443,18.28653820654194,18.294948080713894,18.315266552345907,18.282687417341933,18.28355671595293,18.289842712136355
m165,cpu,memory,17.951501631528654,18.046726571349122,18.001669915456084,17.915165547878274,18.025600233964024,17.983628272938564,17.982355521127545,18.047011802836543,18.022861900567893,17.979373399614357,17.986115473336465,17.981570068231733,17.893769501481994,17.76085165351881
m65,cpu,memory,22.179307683362428,22.207140885379737,22.2337913156333,22.256499537420705,22.281143477359358,22.276317181896548,22.239224822138823,22.221206678281476,22.238484068318417,22.21707898605817,22.181519268518965,22.138411581509935,22.13390138606299,22.159878728309458
