name,machine_type,trace,-10,-9,-8,-7,-6,-5,-4,-3,-2,-1,0,1,2,3
m235,cpu,memory,17.15490225718131,17.127272737856106,17.123899000401067,17.119324923171494,17.11425870104445,17.112796173563943,17.111304014794843,17.1367133170576,17.07680455842319,17.03617135054073,17.043177404225066,17.065094923744226,17.08564191391676,17.06171830898722
m235,cpu,memory,17.15490225718131,17.127272737856106,17.123899000401067,17.119324923171494,17.11425870104445,17.112796173563943,17.111304014794843,17.1367133170576,17.07680455842319,17.03617135054073,17.043177404225066,17.065094923744226,17.08564191391676,17.06171830898722
m235,cpu,memory,17.15490225718131,17.127272737856106,17.123899000401067,17.119324923171494,17.11425870104445,17.112796173563943,17.111304014794843,17.1367133170576,17.07680455842319,17.03617135054073,17.043177404225066,17.065094923744226,17.08564191391676,17.06171830898722
m235,cpu,memory,17.15490225718131,17.127272737856106,17.123899000401067,17.119324923171494,17.11425870104445,17.112796173563943,17.111304014794843,17.1367133170576,17.07680455842319,17.03617135054073,17.043177404225066,17.065094923744226,17.08564191391676,17.06171830898722
