name,machine_type,trace,-10,-9,-8,-7,-6,-5,-4,-3,-2,-1,0,1,2,3
m317,cpu,memory,6.37605876383475,6.329460353572862,6.300340972398436,6.238284004969312,6.183904676219935,6.071055921098262,5.930001012810293,5.43302733384626,4.934663551931757,5.317141826333201,5.627900686295581,5.542438356531151,5.47016015244491,5.37905545869312
