name,machine_type,trace,-10,-9,-8,-7,-6,-5,-4,-3,-2,-1,0,1,2,3
m125,cpu,memory,7.604407634396806,7.6067185243305575,7.363593246784493,7.273028804336863,7.333632431397095,7.14494862229027,7.146567571642244,7.058956685913898,7.058956685913898,7.144408181689928,7.173325142209893,7.126734833824605,7.174663339957893,7.110297867726915
