name,machine_type,trace,-10,-9,-8,-7,-6,-5,-4,-3,-2,-1,0,1,2,3
m411,cpu,memory,0.48341511631804873,0.43927650300255905,0.40388531013412277,0.429398335854493,0.45122710429109697,0.4654364736219703,0.44825088534823615,0.4335499166585007,0.4250346817161432,0.42815645507953143,0.46195502848394543,0.4473028386983149,0.40346446917533396,0.8962648158123189
m333,cpu,memory,2.0265063537294608,1.95780967565676,1.9225812725349394,1.8412255005683282,1.7513089700838478,1.7099143397116643,1.5800261446783235,1.4645353182996033,1.4087038015572948,1.3444362619599382,1.172675135966681,0.9913086311172362,0.9642665776589426,0.9771254807685902
