name,machine_type,trace,-10,-9,-8,-7,-6,-5,-4,-3,-2,-1,0,1,2,3
m255,cpu,memory,34.31646506687203,34.30925380758583,34.30682489890719,34.30682489890719,34.36428896896541,34.325945868355035,34.32236507500743,34.32236507500743,34.33932546317571,34.34462392336174,34.267567650737234,34.356244432278025,34.31812667561702,34.282701738262034
