name,machine_type,trace,-10,-9,-8,-7,-6,-5,-4,-3,-2,-1,0,1,2,3
m101,cpu,memory,0.4231381100099761,0.4396170746269457,0.45510007629166177,0.42277260431521996,0.4165736591424513,0.40515117414591534,0.3967312673520238,0.4193200186399193,0.4203458525108034,0.4348892384120903,0.45413835073414505,0.3969639375931981,0.36884281608267633,0.47072340953877695
