name,machine_type,trace,-10,-9,-8,-7,-6,-5,-4,-3,-2,-1,0,1,2,3
m134,cpu,memory,4.208053626707383,4.168330504327129,4.158840152912547,4.1638609564494,4.1835655532452005,4.172773676999896,4.111363004596233,4.097453445405558,4.07336270462993,4.0475960868935505,4.046895892998228,4.056493537488913,4.0582477830691195,4.15967589555721
