name,machine_type,trace,-10,-9,-8,-7,-6,-5,-4,-3,-2,-1,0,1,2,3
m279,cpu,memory,54.907181717203116,54.92176824728243,54.98994887346349,54.93553000024468,54.93614785064205,54.968300838011764,54.97038432250163,54.958019164971596,55.013234850088864,55.013234850088864,55.015414532205334,54.940095988379554,54.86565733071489,54.87762973363183
