name,machine_type,trace,-10,-9,-8,-7,-6,-5,-4,-3,-2,-1,0,1,2,3
m388,cpu,memory,44.04189554594261,43.876689953024865,43.82163343668097,43.827878039468224,43.818987176380006,43.79001890334391,43.886902306012146,43.91007407629066,44.0894529558402,43.93633011362738,43.791919942434575,43.87689646190898,43.83859402062728,43.83828518958482
