name,machine_type,trace,-10,-9,-8,-7,-6,-5,-4,-3,-2,-1,0,1,2,3
m143,cpu,memory,20.2956684706189,20.299399095170305,20.256723406657688,20.253032585414527,20.255226579276847,20.267842083264153,20.26640633608244,20.28139210653698,20.275793355822124,20.26052636695922,20.271770560185253,20.272108364901374,20.260031168146437,20.269740472208262
m114,cpu,memory,18.598397281281287,18.58428520035199,18.58128106993958,18.576060054077526,18.58340711839813,18.60380204051138,18.591008344455876,18.58586569721328,18.597550824472705,18.565050436680547,18.543227994197665,18.548109387532357,18.557389241592265,18.56135037778369
