name,machine_type,trace,-10,-9,-8,-7,-6,-5,-4,-3,-2,-1,0,1,2,3
m141,cpu,memory,0.3428858799646558,0.37501885641739197,0.41480026941465564,0.4537068942494909,0.4537068942494909,0.3250036248893829,0.36250981765719653,0.36250981765719653,0.4520374786110458,0.4619048702182346,0.44276245785055485,0.37088264650949043,0.37774719491830916,0.38275029301534647
