name,machine_type,trace,-10,-9,-8,-7,-6,-5,-4,-3,-2,-1,0,1,2,3
m300,cpu,memory,13.371742992603638,13.60183941769375,13.575615864339088,13.671199507552798,13.684384365239321,13.550696283793382,13.69093451799831,13.893454376341467,13.538798539251335,13.66705318934234,13.569492915204215,13.552037787977797,13.722570856930489,13.647810525584031
