name,machine_type,trace,-10,-9,-8,-7,-6,-5,-4,-3,-2,-1,0,1,2,3
m399,cpu,memory,32.953198230174586,32.88968082944862,32.82856365509666,33.02417415224538,33.050773194264345,33.05080832763577,33.05562412283935,33.04761477421266,33.020884387144676,33.01023089833426,33.00657480726166,32.92836226818865,32.845757554159455,32.990337535385514
