name,machine_type,trace,-10,-9,-8,-7,-6,-5,-4,-3,-2,-1,0,1,2,3
m362,cpu,memory,14.929372938110264,14.920639695706235,14.731478368050054,14.605952586546064,14.635766129503667,14.381378309684736,14.376258579773742,14.351064671390006,14.362192207625688,14.332898648787193,14.285862282878037,13.997792463320913,14.000393392865117,13.833035678968455
m52,cpu,memory,6.235964445270415,15.554332895720943,15.343954393877864,15.30414894015188,15.190124012320668,15.323520855343432,15.183711288589995,14.868706515259605,14.88663233368998,14.795207275079337,14.830952401225103,14.683912073914737,14.452832469630382,14.458860770484831
m196,cpu,memory,17.387987972052432,17.318653449671537,16.91903552925032,16.835741069717876,16.72954348848089,16.660882229584647,16.59036788732467,16.586528026950447,16.492775761075144,17.034663341434403,16.87898121426959,16.811412118626496,16.642364166624922,16.63276134791239
m294,cpu,memory,0.40199397884053334,0.3925963698724132,0.38282840924620076,0.3960378501843078,0.41590869951342097,0.41515333202774496,0.39315555079479864,0.3916532710592306,0.38768219051467423,0.3898159623142497,0.39561414223600044,0.4208648269240776,0.3925297628683696,0.39697928321001624
