name,machine_type,trace,-10,-9,-8,-7,-6,-5,-4,-3,-2,-1,0,1,2,3
m351,cpu,memory,40.2473397158431,40.22587296601864,40.21071360696995,40.20716690335911,40.23554541896712,40.24512006178451,40.26107527507055,40.29405939494471,40.337345223037985,40.357744036882714,40.361090021537606,40.42199449377413,40.48336015364851,40.458162942836125
