name,machine_type,trace,-10,-9,-8,-7,-6,-5,-4,-3,-2,-1,0,1,2,3
m86,cpu,memory,4.323767480442373,4.297268665073025,4.269141523943907,4.236469204865476,4.221534518446565,4.182805907665805,4.16282691980705,4.142458650596259,4.128790166340462,4.118700023725626,4.086903186807286,4.012531518382234,3.9328046609611484,3.9071113512000863
m375,cpu,memory,6.283708602098577,6.285601879477877,6.28483201190464,6.283777985585444,6.2825803716759365,6.264639636706401,6.252145293633512,6.247092599936724,6.278847097545868,6.28712108223535,6.263870261303238,6.267409746495461,6.267568704935772,6.262885845437032
m275,cpu,memory,39.997557624938054,39.85744997992249,39.65403760276284,39.54878816824354,39.3969432513064,39.2942461350717,39.18928594511889,39.12796609702347,39.00127657370094,38.885888384550015,38.70342342259188,38.60453989185343,38.47260464194521,38.365689351805045
m331,cpu,memory,22.243019226252915,22.14557636628987,22.039631457596958,22.235970341846492,22.443546123847195,23.584305265747307,23.95401857925371,24.572251581471168,24.680062193336397,24.581041663271954,24.409514486488522,24.25234769668343,24.120185367074978,24.01048096048398
