name,machine_type,trace,-10,-9,-8,-7,-6,-5,-4,-3,-2,-1,0,1,2,3
m164,cpu,memory,15.586854812735801,15.585042112494513,15.569510663614263,15.584738027107335,15.57034379397161,15.555896860778745,15.555762384770869,15.565327142267922,15.563288498103494,15.563779608118743,15.55605902457131,15.536474264752426,15.53517652584535,15.525806920218654
