name,machine_type,trace,-10,-9,-8,-7,-6,-5,-4,-3,-2,-1,0,1,2,3
m401,cpu,memory,20.484411656259212,20.471747414183863,20.46293956315045,20.458261776221505,20.43175915032001,20.410209951197324,20.413420439056896,20.389434165165373,20.389434165165373,20.399690862676312,20.397423548723715,20.408826347541975,20.39730156626387,20.39813459629424
m395,cpu,memory,17.27949796350624,17.2838946323538,17.17855261931853,17.1038785566784,17.011778341621277,17.025374098283848,16.958939946831094,16.907463247881203,16.907463247881203,16.86679715281581,16.71933398818707,16.64992682661427,16.623404412447062,16.554475513925503
