name,machine_type,trace,-10,-9,-8,-7,-6,-5,-4,-3,-2,-1,0,1,2,3
m212,cpu,memory,38.25790087434241,38.219555424968114,38.19407186749194,38.185511742693365,38.18097968921625,38.09622754818557,38.01767887020285,37.98315185230706,37.983914134782275,37.99136114881218,37.989136337531384,37.957922811119786,37.94387577179082,37.87276320248495
m407,cpu,memory,44.43405938666462,44.36593507339331,44.330398222832926,44.29850030175326,44.19409285665263,44.10134620781595,44.047167117136055,44.01503078319372,43.95463939501304,43.8933444336867,43.806589790811664,43.73653808842113,43.71680752018912,43.71719711634071
