name,machine_type,trace,-10,-9,-8,-7,-6,-5,-4,-3,-2,-1,0,1,2,3
m25,cpu,memory,0.6134706131457809,0.5974493414643262,0.591697009077918,0.5462141339009109,0.48196887737172217,0.4719267906214918,0.5491884312349967,0.5719897999948027,0.5904836962681272,0.622797993230284,0.5719038973872947,0.557100039939223,0.4222185596418662,0.3954429553948231
