name,machine_type,trace,-10,-9,-8,-7,-6,-5,-4,-3,-2,-1,0,1,2,3
m279,cpu,memory,7.4418350706794785,7.416310033163388,7.390616427229688,7.388610234319159,7.3679133986071115,7.274872697313317,7.2427797954187545,7.2137750035096575,7.167202543039182,7.167202543039182,7.135813313875678,7.065220643303592,7.065608022901744,7.094690500053235
