name,machine_type,trace,-10,-9,-8,-7,-6,-5,-4,-3,-2,-1,0,1,2,3
m273,cpu,memory,6.042209770033306,6.039208352803077,6.089978472329532,6.117141692122208,6.109398291948746,6.134803808287853,6.130218827598184,6.140313854243818,6.135224298144274,6.16062380754763,6.172974626255132,6.137967578417534,6.125230683899545,6.123003765752244
