name,machine_type,trace,-10,-9,-8,-7,-6,-5,-4,-3,-2,-1,0,1,2,3
m0,cpu,memory,18.85870825436149,18.930176270787673,19.04617015661185,18.981537070689132,18.83304092871948,18.766502714908565,18.738498515403045,18.779838075742823,18.816212346679933,18.81546142140777,18.8513972066683,18.923617536664853,18.86584638623896,18.67938437159967
