name,machine_type,trace,-10,-9,-8,-7,-6,-5,-4,-3,-2,-1,0,1,2,3
m56,cpu,memory,9.491451288436133,9.472637746629452,9.343897715950751,9.340065692438468,9.325339345397747,9.328066548178361,9.3123713959597,9.28399207445658,9.243828182162716,9.196561733180095,9.20052387888806,9.199086868532923,9.22023213553625,9.288929739110182
