name,machine_type,trace,-10,-9,-8,-7,-6,-5,-4,-3,-2,-1,0,1,2,3
m46,cpu,memory,25.56405547512403,25.51782359281307,25.49774991957184,25.49935742275156,25.553124353174947,25.570691038888345,25.52825446931315,25.42595000447042,25.37804878159588,25.363486226294892,25.344953978615045,25.31309134234375,25.274217251200152,25.20345856542812
