name,machine_type,trace,-10,-9,-8,-7,-6,-5,-4,-3,-2,-1,0,1,2,3
m404,cpu,memory,59.48902978649632,59.48902978649632,59.48314206948036,59.48075885515426,59.46323002867731,59.42698521228825,59.42698521228825,59.37593783575464,59.39776777436634,59.391679706271084,59.391679706271084,59.41573445616358,59.40409804124791,59.383744107437
