name,machine_type,trace,-10,-9,-8,-7,-6,-5,-4,-3,-2,-1,0,1,2,3
m171,cpu,memory,14.414241287877937,14.504993739293786,14.755574560555727,14.696219076802821,14.658525688983586,14.274477303834486,13.466074883389007,13.555409733555175,13.524255797013856,13.269727998914924,12.855195962133736,12.81055098757787,12.961253464195854,12.968950650735158
