name,machine_type,trace,-10,-9,-8,-7,-6,-5,-4,-3,-2,-1,0,1,2,3
m323,cpu,memory,16.518076937358593,16.53240113090688,16.526845918881833,16.534924600453305,16.556216256441143,16.565768368953222,16.572121300266694,16.564022300968087,16.527436094025322,16.5256950234594,16.47978317776771,16.5558438981678,16.595331283765518,16.600378980043093
