name,machine_type,trace,-10,-9,-8,-7,-6,-5,-4,-3,-2,-1,0,1,2,3
m170,cpu,memory,22.775174016108814,22.792233354744567,22.82378764493917,22.859330499040006,22.831305171121702,22.816973766126708,22.810479335050996,22.793717615913483,22.78026493766618,22.79727966102824,22.81006528213045,22.833398095954706,22.878461767019054,22.898695594401556
m12,cpu,memory,17.732067910346206,17.685236338952862,17.607205480447,17.600513082271583,17.57533938904219,17.567287717721413,17.553423257686635,17.54243627291437,17.523995151933352,17.503786836945725,17.502043010248805,17.502198153998812,17.473399177089757,17.445866483296392
