name,machine_type,trace,-10,-9,-8,-7,-6,-5,-4,-3,-2,-1,0,1,2,3
m388,cpu,memory,14.960561881951751,14.998698550887749,14.98406368444514,14.97934511119288,14.944596187629404,15.138692921067852,16.5753718943084,17.08983848401683,20.381276306111857,19.45681912351506,19.43496149655078,19.420211840903253,19.404488142820306,19.366802301671967
