name,machine_type,trace,-10,-9,-8,-7,-6,-5,-4,-3,-2,-1,0,1,2,3
m199,cpu,memory,60.03265747768985,60.27272824743052,60.412705353798806,60.62594614017816,60.737829270108456,60.96893083274995,61.098121994090214,61.328538556315856,61.44325426510043,61.68647421534613,61.81543761551989,62.04068472616353,62.16303992344317,62.34884033524263
m246,cpu,memory,35.53465535502847,35.57617396494816,35.692456338154095,36.4688499351335,36.57282805649277,36.53248399152474,36.51644172121779,36.530242472962904,36.595840817978186,36.71896410344694,36.93616193722018,37.04111586714824,37.239794022508136,37.31381508979514
