name,machine_type,trace,-10,-9,-8,-7,-6,-5,-4,-3,-2,-1,0,1,2,3
m215,cpu,memory,5.090616120305387,5.10109307092834,5.103540897720334,5.091469618931944,5.0557985706290705,4.962767409630457,4.897562787423537,4.957967085603853,4.996419803445748,5.0240426595453345,5.050367032235958,5.060538483997143,5.0747440140155495,5.084086954246234
