name,machine_type,trace,-10,-9,-8,-7,-6,-5,-4,-3,-2,-1,0,1,2,3
m53,cpu,memory,19.02999328346858,17.734052614404405,17.302507595925764,17.114932948869253,16.53487058800573,16.23864934660107,15.292919865444036,15.030881324862477,14.12655783432235,13.581646007802577,12.813748023482843,12.317611664568558,11.310858230425366,10.872589966758682
m357,cpu,memory,28.210207322630538,26.662499323834037,24.329097782669326,23.34019383081016,22.804022440517233,21.779041562838973,20.97883496044255,19.968316210761703,19.243545399600002,19.53837677789246,18.99993509412503,17.777658983843857,17.09044180880892,16.233672346200787
