name,machine_type,trace,-10,-9,-8,-7,-6,-5,-4,-3,-2,-1,0,1,2,3
m297,cpu,memory,0.3912240230363459,0.5808822153117169,0.42110764344062074,0.383111242975673,0.4139142370779308,1.5933736709931494,1.8168838383523276,1.7991325510019947,1.9478993984379338,1.7449351736862133,1.6243142455606714,1.5268562671362262,1.4376314990036057,1.3738374362283878
m347,cpu,memory,1.7018161408886963,1.7349151841040154,1.7652342866791337,1.7673895499178878,1.7905444860869122,1.8083150059293622,1.8833201350987165,1.893406365718649,1.9199182425245727,1.9598575790042003,1.9497373507899345,1.9762661506745516,2.0110803687380594,2.017069636909024
m347,cpu,memory,1.7018161408886963,1.7349151841040154,1.7652342866791337,1.7673895499178878,1.7905444860869122,1.8083150059293622,1.8833201350987165,1.893406365718649,1.9199182425245727,1.9598575790042003,1.9497373507899345,1.9762661506745516,2.0110803687380594,2.017069636909024
m347,cpu,memory,1.7018161408886963,1.7349151841040154,1.7652342866791337,1.7673895499178878,1.7905444860869122,1.8083150059293622,1.8833201350987165,1.893406365718649,1.9199182425245727,1.9598575790042003,1.9497373507899345,1.9762661506745516,2.0110803687380594,2.017069636909024
m297,cpu,memory,0.3912240230363459,0.5808822153117169,0.42110764344062074,0.383111242975673,0.4139142370779308,1.5933736709931494,1.8168838383523276,1.7991325510019947,1.9478993984379338,1.7449351736862133,1.6243142455606714,1.5268562671362262,1.4376314990036057,1.3738374362283878
m347,cpu,memory,1.7018161408886963,1.7349151841040154,1.7652342866791337,1.7673895499178878,1.7905444860869122,1.8083150059293622,1.8833201350987165,1.893406365718649,1.9199182425245727,1.9598575790042003,1.9497373507899345,1.9762661506745516,2.0110803687380594,2.017069636909024
m297,cpu,memory,0.3912240230363459,0.5808822153117169,0.42110764344062074,0.383111242975673,0.4139142370779308,1.5933736709931494,1.8168838383523276,1.7991325510019947,1.9478993984379338,1.7449351736862133,1.6243142455606714,1.5268562671362262,1.4376314990036057,1.3738374362283878
m297,cpu,memory,0.3912240230363459,0.5808822153117169,0.42110764344062074,0.383111242975673,0.4139142370779308,1.5933736709931494,1.8168838383523276,1.7991325510019947,1.9478993984379338,1.7449351736862133,1.6243142455606714,1.5268562671362262,1.4376314990036057,1.3738374362283878
