name,machine_type,trace,-10,-9,-8,-7,-6,-5,-4,-3,-2,-1,0,1,2,3
m244,cpu,memory,44.33881285194235,44.33831123435053,44.359029770739106,44.321693932780036,44.321693932780036,44.309328040916974,44.33228995334911,44.3291444340403,44.332142280491354,44.40930029069898,44.40012097644551,44.40012097644551,44.3716724607309,44.34710132560284
