name,machine_type,trace,-10,-9,-8,-7,-6,-5,-4,-3,-2,-1,0,1,2,3
m300,cpu,memory,0.4795561334658629,0.5334531734588761,0.5267045121728349,0.5191874850569593,0.45153424101407996,0.4528285852159318,0.46295588048135866,0.38859331089911087,0.44189058486826294,0.47028790213475213,0.4642006795498216,0.4551892852787963,0.38364303904404884,0.42895391970985774
