name,machine_type,trace,-10,-9,-8,-7,-6,-5,-4,-3,-2,-1,0,1,2,3
m184,cpu,memory,25.4453260834208,25.385060993652914,25.39170549219703,25.383370200153,25.540592629784946,25.540592629784946,25.410821578519965,25.410821578519965,25.436303470189728,25.435663143672897,25.410544954329954,25.64121098431531,25.808811906514826,25.65170738190296
m401,cpu,memory,32.21869481826991,32.24507967733754,32.27658153969395,32.28778580467627,32.338310267543044,32.338310267543044,32.362614788069145,32.362614788069145,32.36536755776002,32.34547873791965,32.334320106568,32.335743159547725,32.273426756021934,32.2046043165375
m52,cpu,memory,0.3430554136254847,0.3968379420542882,0.49115032270683123,0.520048959356353,0.4579174344835312,0.4579174344835312,0.40910554616007083,0.40910554616007083,0.46496366936807965,0.4454731917875926,0.3828233613416974,0.4652255038473768,0.47782132230001106,0.33132041325809863
m146,cpu,memory,5.092086989500755,5.101115963083549,5.132154075727014,5.1635183833624465,5.175423333842263,5.175423333842263,5.130860936717165,5.130860936717165,5.102873843150456,5.095392454258924,5.081943023545235,4.94576157064585,4.895582812392764,4.864122948044528
