name,machine_type,trace,-10,-9,-8,-7,-6,-5,-4,-3,-2,-1,0,1,2,3
m352,cpu,memory,0.5884920480421899,0.5906428817313496,0.578507153972182,0.5789053321879956,0.5765477491896458,0.589381841050449,0.6090371072611532,0.6040785947186001,0.5889753842879081,0.5792619409432559,0.5304450047342218,0.5366789444675268,0.5053782023575886,0.4349478192769359
