name,machine_type,trace,-10,-9,-8,-7,-6,-5,-4,-3,-2,-1,0,1,2,3
m56,cpu,memory,43.76629277351678,43.76390223910731,43.762247084399625,43.75978340783829,43.761123422261754,43.772995372738116,43.768931208313575,43.756904994699404,43.75525190899899,43.75393471044438,43.75200858393069,43.751845889540924,43.749302456819116,43.747747097165764
