name,machine_type,trace,-10,-9,-8,-7,-6,-5,-4,-3,-2,-1,0,1,2,3
m158,cpu,memory,12.206953205218989,12.150727784192478,12.04092356816065,12.009924450530729,11.965226485726676,11.95409449459464,11.98980537081426,12.055013160514198,12.072926409678068,12.057398305093473,12.070241786044916,12.035105083005316,12.048878348944767,12.049362820910789
