name,machine_type,trace,-10,-9,-8,-7,-6,-5,-4,-3,-2,-1,0,1,2,3
m290,cpu,memory,14.621325985796968,14.433451064453319,15.797103205066039,17.01722118743254,17.142868900854292,17.23448636010458,17.154172583623634,16.924475548112397,16.443844363768264,16.140958962950105,15.733785701676425,15.376137420184401,15.18114506347207,15.112209627985449
