name,machine_type,trace,-10,-9,-8,-7,-6,-5,-4,-3,-2,-1,0,1,2,3
m406,cpu,memory,8.462149486316793,8.473023378351096,8.498486251433427,8.495283688079931,8.460991700324033,8.453436107329058,8.44688085625599,8.432214213231154,8.433411852317056,8.429955013838006,8.436075678735849,8.440582025791407,8.41851525247931,8.405100690122392
