name,machine_type,trace,-10,-9,-8,-7,-6,-5,-4,-3,-2,-1,0,1,2,3
m97,cpu,memory,0.40165867220933965,0.39178657343077555,0.3573342265753244,0.3667627412875145,0.3722894452507284,0.35808916498334403,0.36887796208015844,0.3880790562643377,0.38122484342707014,0.38374379509830103,0.3885626953839475,0.37261615783524765,0.36237059031514696,0.3605859311420144
