name,machine_type,trace,-10,-9,-8,-7,-6,-5,-4,-3,-2,-1,0,1,2,3
m329,cpu,memory,23.305890677222813,25.544447452097565,25.182895078209345,25.07733321676869,25.24651877694094,24.98730424006313,24.98730424006313,24.879358521264045,24.677809541887022,24.39501849860601,24.086648087384965,23.778668474952916,23.778668474952916,23.50309164803227
