name,machine_type,trace,-10,-9,-8,-7,-6,-5,-4,-3,-2,-1,0,1,2,3
m15,cpu,memory,21.78329835505858,21.751710828607845,21.74216401638887,21.745572988867387,21.735686704232922,21.735686704232922,21.82342409716776,21.86583724512632,21.85398296166265,21.838326603803576,21.84294441980902,21.80093237910289,21.792041010593863,21.78639463485251
