name,machine_type,trace,-10,-9,-8,-7,-6,-5,-4,-3,-2,-1,0,1,2,3
m315,cpu,memory,10.912544876067335,11.05435391516902,10.877561250603552,10.773585880285703,10.729884685952484,10.725014776649283,10.92751188159133,10.942625780952758,10.853423261500833,10.669092873310698,10.592395057679607,10.58409956894382,10.586319432590297,10.777393408872001
m42,cpu,memory,1.4961266820934473,1.476398233978683,1.480645358842261,1.443653969668149,1.4294169659414069,1.367564917933139,1.3133213902081233,1.2359021542003976,1.2150406043907567,1.162249104568483,1.1208366273392996,1.056909943658793,1.0246131755231132,0.9968364090012969
m253,cpu,memory,28.07385955410542,28.046927704789546,28.004312842819168,27.985862825400897,27.99270086036175,27.98328572256715,27.99172621217855,27.97865033798303,27.98621128181319,28.026769932933423,27.98338930543808,27.96354500805978,27.945370706209843,27.896993821781486
m273,cpu,memory,18.423969809288185,18.411298474284887,18.40551847947948,18.388526547328198,18.369796522997124,18.382578911823778,18.365458435071197,18.3550770286675,18.34481901800894,18.34849408980974,18.3421237432475,18.32486235441685,18.306977953991154,18.304873131881408
