name,machine_type,trace,-10,-9,-8,-7,-6,-5,-4,-3,-2,-1,0,1,2,3
m36,cpu,memory,3.71138309933246,3.6771434582177287,3.6726042241685373,3.660554600863397,3.6450735047676286,3.6396525921371152,3.632340787259198,3.6191453038100754,3.599677604939595,3.556411413233203,3.523636747955798,3.510715062504691,3.515080939110172,3.4985994757268073
