name,machine_type,trace,-10,-9,-8,-7,-6,-5,-4,-3,-2,-1,0,1,2,3
m193,cpu,memory,7.044369692475783,7.282251705611605,7.569079060746872,7.6542953938756835,7.877432016774852,7.950548007904524,18.082636271595742,18.136850155481824,17.709660362669677,17.513723115134,16.80879231000615,14.511737504187986,12.9059845064255,12.101785874700708
m158,cpu,memory,20.343204124706265,20.260450143065512,20.255639951028925,20.245662603573027,20.20383049456702,20.188186049116695,20.177690760804676,20.16040617751281,20.085291105120803,20.11288907445131,20.125757580358048,20.08275847363916,20.064299824314972,20.005388429405638
m49,cpu,memory,23.255707613056313,23.29846558294047,23.393772070799074,23.310519761279643,23.22608639501988,23.224817150867118,23.219786669184355,23.227565277122643,23.20029759177094,23.106831768878628,23.139746740486324,23.092175449499685,23.075234904447225,23.03880856437715
m49,cpu,memory,23.255707613056313,23.29846558294047,23.393772070799074,23.310519761279643,23.22608639501988,23.224817150867118,23.219786669184355,23.227565277122643,23.20029759177094,23.106831768878628,23.139746740486324,23.092175449499685,23.075234904447225,23.03880856437715
