name,machine_type,trace,-10,-9,-8,-7,-6,-5,-4,-3,-2,-1,0,1,2,3
m60,cpu,memory,19.22187765059306,19.264384415303326,19.31958616083452,19.28312133005874,19.181887731705977,19.17369609524368,19.202407458600014,19.191711041605153,19.172702694156527,19.2920344813497,20.63849799655902,20.198482132829596,19.713138969734732,19.118003479262118
