name,machine_type,trace,-10,-9,-8,-7,-6,-5,-4,-3,-2,-1,0,1,2,3
m12,cpu,memory,36.50511622690061,36.42642181901467,36.25425151077286,36.23187206827002,36.25560783144522,36.217947700665505,36.15517075642721,36.14022720536409,36.12443354420854,36.108397679201786,36.133911840261575,36.107427350086745,36.01212091609393,35.96843718548592
