name,machine_type,trace,-10,-9,-8,-7,-6,-5,-4,-3,-2,-1,0,1,2,3
m331,cpu,memory,5.329420485336027,5.3201968901014824,5.327444536067162,5.338984271175776,5.336994755617417,5.328820694135773,5.313274505329702,5.3259361735448625,5.282772454297995,5.236528608468317,5.213417210421212,5.1887818518463895,5.170855465527469,5.1724164145291995
