name,machine_type,trace,-10,-9,-8,-7,-6,-5,-4,-3,-2,-1,0,1,2,3
m325,cpu,memory,0.355618622649479,0.3457193914244347,0.43293460389334704,0.5348518955756243,0.4286794528716413,0.4185781921348376,0.5294022982699359,0.4326474794441004,0.4150694107265878,0.4150694107265878,0.5434034137014757,0.42705124068958084,0.36324050722426926,0.3648100249827044
