name,machine_type,trace,-10,-9,-8,-7,-6,-5,-4,-3,-2,-1,0,1,2,3
m289,cpu,memory,16.584547055085977,16.679779187972077,16.668199208495118,16.508454179511297,16.56279922047529,16.536090437780587,16.49852607423918,16.49991457441887,16.43677528713808,16.34170052241506,16.34170052241506,16.381241314712565,16.330437172415383,16.319309358482204
m384,cpu,memory,0.393544390405264,0.43563449748163385,0.4271319313485139,0.40339609566250667,0.3738521230944916,0.4243319631722308,0.4030294163503503,0.4025710419485791,0.4100305482582298,0.42402108205211114,0.42402108205211114,0.4269455755606453,0.42224381175257913,0.466053371770857
