name,machine_type,trace,-10,-9,-8,-7,-6,-5,-4,-3,-2,-1,0,1,2,3
m109,cpu,memory,40.53183453903896,40.53597765322223,40.353004164107126,39.97106403414334,39.93269294081523,39.76982401997126,39.524923219954104,39.4600138108223,39.47008881049974,39.49240153009467,39.56914260558229,39.69467464711103,39.77557408080348,39.84370495697343
