name,machine_type,trace,-10,-9,-8,-7,-6,-5,-4,-3,-2,-1,0,1,2,3
m274,cpu,memory,19.071706514472133,19.049666356771148,19.04755529924516,19.0494722903251,19.059387118930886,19.055610230392535,19.06301804686198,19.083469984985328,19.069177087774854,19.043428087834155,19.04616859113242,19.048713085805808,19.051915674335696,19.065657517108892
