name,machine_type,trace,-10,-9,-8,-7,-6,-5,-4,-3,-2,-1,0,1,2,3
m315,cpu,memory,2.30184396137001,2.30447026928548,2.3004011585516957,2.297509470071547,2.2952519362955046,2.3103846392038996,2.3284202997727657,2.317654622119086,2.287126776264512,2.243212056027006,2.247665236031744,2.2478039901333378,2.247870710790809,2.221585370972966
m6,cpu,memory,0.9888817417381,1.0659929297459476,1.2236291993351494,1.2243482724201944,1.212130844428765,1.175707230223713,1.093201605798757,1.068771545312872,1.0578840744387397,1.0303451774995471,1.0303451774995471,1.0289446507655047,1.025922461497308,1.025922461497308
m267,cpu,memory,0.48784514827221653,0.44685256783451405,0.4371091147414114,0.39920343763305627,0.3983063377732323,0.43580751419221625,0.495420137879099,0.45805496446350347,0.43302513795375736,0.45550327715986794,0.45521997649350293,0.4589824652712681,0.42860643503058204,0.4102465478282397
m357,cpu,memory,0.4940746963340932,0.44327360800900945,0.4256279226951948,0.4184697506555857,0.37928443135517714,0.3923362769179929,0.47763143297709715,0.5945329687620109,0.47785242996631855,0.4071263031376342,0.4696979416531318,0.8957963663128878,1.9251674129756993,2.057709735172521
