name,machine_type,trace,-10,-9,-8,-7,-6,-5,-4,-3,-2,-1,0,1,2,3
m23,cpu,memory,35.483444882797194,35.51283334224792,35.51068642066724,35.50822723610431,35.51890727559725,35.57193357902867,35.64786330647064,38.041604696144496,48.827071789168755,48.75481425622562,48.717425988675785,48.70709718067718,48.67380497963749,48.639460797245256
