name,machine_type,trace,-10,-9,-8,-7,-6,-5,-4,-3,-2,-1,0,1,2,3
m263,cpu,memory,5.774649851090538,5.760086563781213,5.757331509285417,5.807047564444144,5.7296680807671985,5.716741271636326,5.681703406380256,5.732159470857504,5.70930335764179,5.6819503243203915,5.7062444700906285,5.7305209988223655,5.799216999814823,5.806139699954042
m392,cpu,memory,5.878617573653328,5.8360371895217025,5.782962792934328,5.817112190122907,5.93671358169366,5.944992740415692,5.728558451723204,5.712107326271082,5.5894337839228605,5.521425041649703,5.451601617772119,5.340720331639642,5.077312838927242,5.01601198348568
