name,machine_type,trace,-10,-9,-8,-7,-6,-5,-4,-3,-2,-1,0,1,2,3
m350,cpu,memory,14.548129871840127,14.544920165773787,14.502574660345102,14.502158561970818,14.502769004299356,14.472218114852627,14.472633657831919,14.423439063113225,14.293472645694608,14.343574145739648,14.359907756121824,14.216141646827417,14.285521398313026,14.244899068524976
