name,machine_type,trace,-10,-9,-8,-7,-6,-5,-4,-3,-2,-1,0,1,2,3
m22,cpu,memory,58.32363864356777,58.331303573469725,58.335800039264576,58.34955051394368,58.336930970375846,58.289365534320126,58.27754335738193,58.263147458439796,58.268151741530936,58.23791442878196,58.227671636968566,58.1841728886555,58.16557804640706,58.16147127898374
