name,machine_type,trace,-10,-9,-8,-7,-6,-5,-4,-3,-2,-1,0,1,2,3
m140,cpu,memory,61.13747157263513,61.10505598896473,61.10603820899522,61.09239525454764,61.03364832016145,60.94940394721005,60.859502798585055,60.72877657203513,60.657768393894884,60.662833857512126,60.63260098565159,60.56620426505803,60.50480718412026,60.49599173663104
