name,machine_type,trace,-10,-9,-8,-7,-6,-5,-4,-3,-2,-1,0,1,2,3
m170,cpu,memory,36.023807611605605,36.01098731787178,36.16887265367728,36.03554210197727,36.01670577848022,36.026815298497745,36.02740054413018,36.023962250785544,36.003538405269104,35.985703903553876,35.95464131367001,35.954087460017455,35.918130528013606,35.91447445798955
