name,machine_type,trace,-10,-9,-8,-7,-6,-5,-4,-3,-2,-1,0,1,2,3
m347,cpu,memory,17.45193133897337,17.3850448201871,17.09573195563673,16.94510691384013,17.247231444900486,17.384444473591852,17.297197156547217,17.261330224554943,17.335874606816684,17.345049565615234,17.317928319222236,17.27946838275973,17.30609907453248,17.28028922154807
