name,machine_type,trace,-10,-9,-8,-7,-6,-5,-4,-3,-2,-1,0,1,2,3
m375,cpu,memory,15.883648965282838,15.917748602941172,15.972108686515588,15.871217657838638,15.816538319816777,15.753752259212076,15.689295268523752,15.67141303875738,15.630527410662651,15.62442384545684,15.63689306267957,15.617470820069226,15.750323878195994,15.763191929791894
m352,cpu,memory,0.5293104391362496,0.47457446369665707,0.5170361465716705,0.5216787742523997,0.547115638039289,0.5944750693634214,0.6637553898112677,0.6637134922625716,0.7034119935130773,0.6250824952762274,0.5924080307716542,0.6984396118828573,0.5352360911071319,0.5239896641861497
