name,machine_type,trace,-10,-9,-8,-7,-6,-5,-4,-3,-2,-1,0,1,2,3
m364,cpu,memory,5.359856282703944,5.741937994286406,4.062659614540879,4.062659614540879,4.225121075352541,3.687956030971823,3.910960506206159,3.910960506206159,4.131009424428451,4.2216149820068685,3.8848608091542545,4.151413685090263,3.656910649354961,3.887703028295206
