name,machine_type,trace,-10,-9,-8,-7,-6,-5,-4,-3,-2,-1,0,1,2,3
m259,cpu,memory,30.346545278041564,30.309377553794793,30.289867375535938,30.24219992208872,30.176280125654507,30.149349135743297,30.156648850841933,30.135144147679853,30.081728248096848,30.09110093243665,30.106084457838474,30.115559513553638,30.162969575302963,30.139950756339708
