name,machine_type,trace,-10,-9,-8,-7,-6,-5,-4,-3,-2,-1,0,1,2,3
m110,cpu,memory,20.64572183662001,20.657194851071154,20.673382476237574,20.694145390129133,20.694145390129133,20.518249333177696,20.498534060077215,20.50426095105673,20.632265200725733,20.62810795368949,20.626546839432194,20.60151380876276,20.60648331246633,20.56162019299003
