name,machine_type,trace,-10,-9,-8,-7,-6,-5,-4,-3,-2,-1,0,1,2,3
m334,cpu,memory,1.289524692669016,1.292212868269258,1.2682454392989428,1.2451328432869735,1.2435547289427284,1.2847180617809515,1.2985611667679704,1.2538896566854643,1.2340408628540975,1.2303448485555393,1.2574668908707713,1.2870669089952096,1.3614764503003312,1.4350310072062815
