name,machine_type,trace,-10,-9,-8,-7,-6,-5,-4,-3,-2,-1,0,1,2,3
m356,cpu,memory,7.147308009905915,7.218020620987186,7.2481964389783915,7.22699977181481,7.209582857240815,7.21575364776772,7.264447402647397,7.275460957404967,7.251934622126354,7.282736379556655,7.288269140865194,7.287602414534894,7.321263061663731,7.312091636457015
