name,machine_type,trace,-10,-9,-8,-7,-6,-5,-4,-3,-2,-1,0,1,2,3
m140,cpu,memory,65.27207676568968,65.17333291092521,65.043518535443,64.94339347540583,64.91074336701634,64.69803230707342,64.52724626270276,64.18853148625487,63.93241223729248,63.97400691777598,63.991263057423495,63.87668404698399,63.771842028958865,63.67580152433098
