name,machine_type,trace,-10,-9,-8,-7,-6,-5,-4,-3,-2,-1,0,1,2,3
m325,cpu,memory,0.5774368354984677,0.54745139898132,0.5465851544181335,0.5572844017946853,0.5339164695613859,0.5140829999247055,0.5182398431354026,0.44489191369717496,0.4500915517166862,0.3929280420358371,0.4626297231593309,0.45512743591249033,0.4723174474563772,0.5193871925292399
