name,machine_type,trace,-10,-9,-8,-7,-6,-5,-4,-3,-2,-1,0,1,2,3
m88,cpu,memory,30.699534501001025,30.715654358134202,30.687197639101043,30.68563501236725,30.629470532217876,30.577312770780612,30.549046307661357,30.501187032820805,30.465785114472094,30.394677188601573,30.363735391180715,30.431433964087397,30.782396254637224,30.67613214147106
