name,machine_type,trace,-10,-9,-8,-7,-6,-5,-4,-3,-2,-1,0,1,2,3
m407,cpu,memory,29.370161829987673,29.364976628963305,29.324383450219436,29.31574700120017,29.32096380143624,29.32680846114258,29.32744853400253,29.323560996166766,29.326981099260795,29.344840361153494,29.3466342832135,29.332023444135306,29.329086527118328,29.29228270395937
