name,machine_type,trace,-10,-9,-8,-7,-6,-5,-4,-3,-2,-1,0,1,2,3
m215,cpu,memory,62.990752372290046,62.974589707718216,62.976405942119214,62.931709024690946,62.872981474233825,62.8264801344863,62.72458285898234,62.68506094519309,62.66329551872031,62.59996761672352,62.46733439393207,62.38046652733155,62.43929756033264,62.4220972517011
