name,machine_type,trace,-10,-9,-8,-7,-6,-5,-4,-3,-2,-1,0,1,2,3
m194,cpu,memory,0.3924489207724908,0.3519540252311215,0.39972720754330443,0.40912245661270924,0.4070977194141135,0.43705524104794125,0.43297337175147305,0.395326184883552,0.3476838314854189,0.3704316546588274,0.4417910403095771,0.4249777029351993,0.4024776305861985,0.39383836737630823
m109,cpu,memory,0.3955889027513428,0.3626751300131611,0.35107430277975843,0.3312206667961049,0.38331864849900843,0.3954426398948761,0.36111230073245204,0.4040049226699351,0.3983548859404183,0.3585756561717431,0.4172143383748611,0.37784785000197774,0.38280477245659983,0.3362229193638849
