name,machine_type,trace,-10,-9,-8,-7,-6,-5,-4,-3,-2,-1,0,1,2,3
m297,cpu,memory,53.835887942732725,53.7659951488083,53.72162452688826,53.67516044252238,53.67942329032686,53.662092240501124,53.64926290754635,53.60549369284808,53.56445892397023,53.554606739150046,53.527134663138504,53.518279236295605,53.46186352225315,53.41813014889402
