name,machine_type,trace,-10,-9,-8,-7,-6,-5,-4,-3,-2,-1,0,1,2,3
m110,cpu,memory,2.9540102099016017,2.942640954934727,2.937469988983265,2.930047407979491,2.8963707842528716,2.864210763679254,2.8393299133217322,2.838081492316907,2.83565957392549,2.8254465148634456,2.79830681833945,2.7602183063522165,2.737909410540169,2.7201458189379895
