name,machine_type,trace,-10,-9,-8,-7,-6,-5,-4,-3,-2,-1,0,1,2,3
m201,cpu,memory,0.48348062191640306,0.47485464727957766,0.47313869001347847,0.49556624929861975,0.464979797402808,0.39617294456602137,0.3926160188161314,0.44820439496442477,0.4244995660120008,0.40965498463263306,0.4118118001000817,0.41807202676953925,0.43175248709439207,0.4889829823905788
