name,machine_type,trace,-10,-9,-8,-7,-6,-5,-4,-3,-2,-1,0,1,2,3
m384,cpu,memory,13.961301762548867,13.938532813789012,13.948312510854244,14.02217254955789,13.966076771239834,13.991905604384547,13.96308457916975,13.918677007202826,13.858673701561454,13.924860531116021,13.98129956644814,13.979023923463526,14.004594051762723,14.061743477807612
m212,cpu,memory,1.5185556421703372,1.455431940268907,1.4403276445274837,1.4398670238236362,1.378183070825212,1.4182299906477085,1.4160396192707088,1.3625201999281158,1.3698552755536066,1.4178262849833732,1.3909884780108406,1.3336873878647275,1.3740740564562084,1.3535083576498161
