name,machine_type,trace,-10,-9,-8,-7,-6,-5,-4,-3,-2,-1,0,1,2,3
m293,cpu,memory,75.20217791428742,75.38299564547606,75.52244928543266,75.67359123206737,75.74925155318275,75.86503630458476,76.01537361561644,76.11954820180439,76.19813367896494,76.24931139159892,76.29131828344889,76.4045622257742,76.57970692831901,76.66881757608692
