name,machine_type,trace,-10,-9,-8,-7,-6,-5,-4,-3,-2,-1,0,1,2,3
m322,cpu,memory,29.768188601283548,29.801168944434817,29.785016074047462,29.764305000808374,29.778921191289633,29.738568342978756,29.706333171820784,29.70733669335067,29.66309338068504,29.6140414395693,29.589835455277914,29.58186113969568,29.59341850452563,29.59534049113182
