name,machine_type,trace,-10,-9,-8,-7,-6,-5,-4,-3,-2,-1,0,1,2,3
m239,cpu,memory,0.7864382680548662,0.800295557974032,0.7083962670926718,0.7125154575651296,0.7365340735574141,0.7862470487968996,0.795050556399653,0.7050717371180495,0.588170423994333,0.7436261988888726,0.8642142379909544,0.9896600444218345,0.8086124357724312,0.6968579905450041
