name,machine_type,trace,-10,-9,-8,-7,-6,-5,-4,-3,-2,-1,0,1,2,3
m277,cpu,memory,27.547418087907452,27.415336803566476,27.324201241286243,27.15130189433687,26.95075021219345,26.590324929774145,26.518705906104493,26.39258053462209,26.3217831567104,26.212720237021838,26.102862273367794,26.016519590095317,25.983657167107822,25.90434176386849
