name,machine_type,trace,-10,-9,-8,-7,-6,-5,-4,-3,-2,-1,0,1,2,3
m300,cpu,memory,11.361534143488687,11.357665383834203,11.333339335221186,11.278861938366555,11.274123097739947,11.309918867050538,11.288158475856196,11.274505476028105,11.262682225780551,11.27201900763854,11.287311867610672,11.313660192515126,11.310944473766002,11.293706141210349
