name,machine_type,trace,-10,-9,-8,-7,-6,-5,-4,-3,-2,-1,0,1,2,3
m11,cpu,memory,52.50963032969459,52.461906590920535,52.438436186984895,52.42658200574116,52.41335126266005,52.37818134381935,52.30449778026754,52.13812369987596,52.082161287722265,52.069582227035966,52.029906858403606,52.03877742894109,52.035678423282135,52.02455628823443
