name,machine_type,trace,-10,-9,-8,-7,-6,-5,-4,-3,-2,-1,0,1,2,3
m327,cpu,memory,27.96043721905797,27.92965453075718,27.92902081635599,27.894674665283457,27.863448013074585,27.83486762116667,27.805229796176167,27.793993577998297,27.79727875077361,27.77140196265916,27.736581459962405,27.59382790862973,27.515304571726926,27.651764907119787
