name,machine_type,trace,-10,-9,-8,-7,-6,-5,-4,-3,-2,-1,0,1,2,3
m379,cpu,memory,2.8863840037780246,2.8507630012857934,2.849728811883719,2.8432919205016836,2.8564513710937502,2.853395547673027,2.8525775652652414,2.8673647523627492,2.885848912833568,2.864566226830008,2.828156621450273,2.8647006053483572,2.9089222352417585,2.9410325869309717
