name,machine_type,trace,-10,-9,-8,-7,-6,-5,-4,-3,-2,-1,0,1,2,3
m120,cpu,memory,27.809592391710925,27.776214780233797,27.734637969309908,27.699811409135318,27.66739996537243,27.614832970197632,27.575258558898156,27.563719063627804,27.548357502392253,27.511680685613808,27.458978709010335,27.408407552454275,27.36534463967124,27.321019753601792
