name,machine_type,trace,-10,-9,-8,-7,-6,-5,-4,-3,-2,-1,0,1,2,3
m164,cpu,memory,8.618806539362309,8.539386076741824,8.507184196535535,8.408419557050266,8.381365296140096,8.35463140008878,8.348635443515807,8.390161914905946,8.410700184771246,8.400837626520268,8.391369940105477,8.47241448825125,8.605292520791233,8.630080199757144
