name,machine_type,trace,-10,-9,-8,-7,-6,-5,-4,-3,-2,-1,0,1,2,3
m170,cpu,memory,8.252610803737642,8.22815678223625,8.199317454862896,8.311831128598095,8.277393660325826,8.295234823652876,8.251466985416661,8.230675393111937,8.268667310694397,8.24356432540807,8.121438913681923,8.121438913681923,8.035051156439765,8.035051156439765
m37,cpu,memory,8.29331031582861,8.242597049831444,8.275621469826453,8.362153986819676,8.330725694167281,8.282284822859493,8.230012651119681,8.291004258026275,8.311002644613339,8.337235341834598,8.328729494242284,8.328729494242284,8.19601185852452,8.19601185852452
