name,machine_type,trace,-10,-9,-8,-7,-6,-5,-4,-3,-2,-1,0,1,2,3
m179,cpu,memory,37.34663531298473,37.38797497365149,37.51455723039938,37.49470803592884,37.48312946992647,37.48056862006293,37.45105280214079,37.44758045519341,37.45120999369053,37.368207454804704,37.19449367996079,37.17815100797037,37.26651098279791,37.27720975125512
