name,machine_type,trace,-10,-9,-8,-7,-6,-5,-4,-3,-2,-1,0,1,2,3
m168,cpu,memory,0.42623288806050524,0.5230430696971582,0.6215258976523397,0.5622403272831042,0.42459365884063754,0.46286706271264405,0.48353059610851873,0.3804206627595531,0.47247675912336423,0.46197620964576414,0.6509398489763256,0.4965263090497325,0.47976833448617234,0.41689163886940567
m339,cpu,memory,7.953835628279481,7.796499607687447,8.124172232971386,7.984076324319119,7.875353292361865,7.747168593456979,7.789850011397144,7.9997625165815895,7.949945175282509,7.784468901506985,7.717879325205752,8.041070578036638,7.933635643374715,7.752146843401356
