name,machine_type,trace,-10,-9,-8,-7,-6,-5,-4,-3,-2,-1,0,1,2,3
m11,cpu,memory,11.237779719939782,10.764866305066032,10.649922899475671,10.318356918527105,10.238241057451482,10.182076223886138,10.231839969189245,10.113224936988601,10.065831306147897,10.005624166188177,9.986412067705823,9.931589167459338,9.941496349067249,9.948874357066876
