name,machine_type,trace,-10,-9,-8,-7,-6,-5,-4,-3,-2,-1,0,1,2,3
m55,cpu,memory,9.720922619862495,9.69175920820678,9.576021074207677,9.612000031680608,9.647517333624254,9.679765629254431,9.642290752454445,9.433725644812458,9.5486519948168,9.5486519948168,9.666435922129244,9.366224367744694,9.375173647634757,9.481887944413677
