name,machine_type,trace,-10,-9,-8,-7,-6,-5,-4,-3,-2,-1,0,1,2,3
m15,cpu,memory,62.86547010139491,62.76593766334368,62.5550517214716,62.38058959635149,62.24629854220435,62.14084946457348,62.09885246534199,62.06043594093014,62.021352993629776,61.92473632253307,61.87016187920469,61.83012800821164,61.815635795371975,61.80739328495872
