name,machine_type,trace,-10,-9,-8,-7,-6,-5,-4,-3,-2,-1,0,1,2,3
m178,cpu,memory,57.670761546090894,57.64380245380176,57.57101019981224,57.52630416069132,57.312523829214,57.271198656562376,57.22608211209431,57.19836662361103,57.131297621325004,57.07632601511694,57.05099945493418,56.9805810858707,56.94767501380232,56.873412370098606
m27,cpu,memory,27.99546218695213,27.990544196096973,27.929060180040125,27.915349181959062,27.941353994869665,27.939801221346034,27.937569942945576,27.941650869621682,27.902389784698393,27.924325634758162,27.946618683751453,27.96380529952633,27.987499226137377,27.968076233706633
