name,machine_type,trace,-10,-9,-8,-7,-6,-5,-4,-3,-2,-1,0,1,2,3
m67,cpu,memory,32.58539655634505,32.56546119425235,32.545684689515795,32.53794651524204,32.508461085036025,32.48828468643557,32.47173207362125,32.446885459939146,32.42975592157832,32.40980582088486,32.39107973391438,32.36720822272631,32.34642052428561,32.33175764200803
