name,machine_type,trace,-10,-9,-8,-7,-6,-5,-4,-3,-2,-1,0,1,2,3
m351,cpu,memory,18.980896510628117,19.040822753991712,19.108773667553475,19.05354014041477,19.116353902369863,19.141346056362135,19.146065521235336,19.06398876558285,18.998706483727602,19.01236457347031,18.96176945673649,18.981068359697456,18.968280290692313,18.968280290692313
