name,machine_type,trace,-10,-9,-8,-7,-6,-5,-4,-3,-2,-1,0,1,2,3
m207,cpu,memory,14.239346456293692,14.254829218195864,14.250056077101032,14.229172922274502,14.222269214789137,14.210359203854484,14.189169540649644,14.171334104710228,14.179625782345978,14.173434030484923,14.239098251139518,14.252988401224737,14.26543336317045,14.294776164382018
