name,machine_type,trace,-10,-9,-8,-7,-6,-5,-4,-3,-2,-1,0,1,2,3
m25,cpu,memory,22.536125737732654,22.489460645429716,22.468209699478834,22.436307286400762,22.404795226659008,22.693701937320732,26.63980013715341,27.034988779430936,27.059475325272935,26.898071607989596,26.83742242301718,26.773244759100468,26.74714086478431,26.715815729343653
