name,machine_type,trace,-10,-9,-8,-7,-6,-5,-4,-3,-2,-1,0,1,2,3
m189,cpu,memory,39.096293023127195,38.89157385060351,38.87737480947229,38.78524123963281,38.80508291521531,38.710679449564694,38.68420355497647,38.60221919569414,38.56814092089834,38.436518701306476,38.35134580616131,38.22456732068709,38.10109014375853,38.166711927533996
m137,cpu,memory,49.357577740188816,49.30171610947743,49.33124737704457,49.375489860399405,49.37868566656628,49.30117864592016,49.310668232120776,49.25119211204006,49.26438972731925,49.17118742827762,49.147259421225804,49.278592354775505,49.26829356940982,49.28499476862746
