name,machine_type,trace,-10,-9,-8,-7,-6,-5,-4,-3,-2,-1,0,1,2,3
m134,cpu,memory,7.535598219814786,7.549215038706374,7.560402998283432,7.555916451608536,7.431208707309394,7.448970292372042,7.44973328224709,7.448323795367556,7.426802573652721,7.416363368688509,7.405823332084078,7.3990853723358985,7.661067704634171,8.294452566344374
