name,machine_type,trace,-10,-9,-8,-7,-6,-5,-4,-3,-2,-1,0,1,2,3
m21,cpu,memory,11.058121767275516,11.044626716371202,11.032286750581715,11.030963406147952,11.029557377331075,11.031827013190641,11.038029113306091,11.026402415720646,10.994606474741135,10.983429140926676,10.98144626341754,11.18177962459508,13.38827990708556,13.352724985743725
