name,machine_type,trace,-10,-9,-8,-7,-6,-5,-4,-3,-2,-1,0,1,2,3
m221,cpu,memory,3.827674508213061,3.846604176980785,3.937981255255998,3.9372720003203194,3.9212010446377965,3.8851012783413488,3.86759207563173,3.8771723554157274,3.898068760975014,3.8958367696900287,3.8521609537280783,3.840350462043208,3.8352685031566423,3.8225694930514975
