name,machine_type,trace,-10,-9,-8,-7,-6,-5,-4,-3,-2,-1,0,1,2,3
m180,cpu,memory,15.86228745658646,15.86228745658646,15.738596899533793,15.678957432739981,15.678957432739981,15.698191527727785,15.562405190470761,15.522065039685371,15.5283988500674,15.549384207526513,15.445801357612488,15.388034002312075,15.352007239113798,15.337696283212034
m417,cpu,memory,24.257418035833076,24.257418035833076,24.27013093816138,24.28190016196899,24.28190016196899,24.29613363090042,24.249387633875205,24.221634790240522,24.670139669482214,25.120612522260284,25.921636762757284,30.759892710686596,31.501679963373128,32.05912193291438
m176,cpu,memory,25.625265602221408,25.625265602221408,25.59419322565204,25.61268051595042,25.61268051595042,25.850756802055574,26.08801995238943,26.73557093009746,27.257778979898227,27.70723066718528,28.548057444291885,28.46388118122391,28.29132102317299,28.201155780484218
m312,cpu,memory,14.30400905891763,14.30400905891763,14.178292980814629,14.22322166293779,14.22322166293779,14.111303232056171,15.051603461525369,15.187891673680395,14.842178871091026,14.748874815105896,14.30644977998071,14.267628126359561,14.234738005553396,14.209617607067756
