name,machine_type,trace,-10,-9,-8,-7,-6,-5,-4,-3,-2,-1,0,1,2,3
m275,cpu,memory,23.8016417911544,23.743502925322627,23.692164589199116,23.679471346948645,26.207858959624552,26.94164804345586,26.8591866379944,26.806755332216007,26.70589948669539,26.64214983280453,26.571816357367815,26.545033925207473,26.469558256838994,26.32463890352443
m382,cpu,memory,32.30345246214061,32.203064102471686,32.128580143551325,32.06368880652604,31.962068861286845,31.8547850228376,31.817338452063634,31.737421743822477,31.653634002479688,31.592384926547933,31.569656663973717,31.521950594105306,31.48929634580832,31.401909253030603
