name,machine_type,trace,-10,-9,-8,-7,-6,-5,-4,-3,-2,-1,0,1,2,3
m41,cpu,memory,0.5767679763680829,0.5468329809799436,0.4820755394479312,0.4610644330282525,0.4441506677066952,0.4384894372692442,0.41393017581647684,0.434428327441477,0.4668907675958676,0.48869823044717337,0.4591150988026123,0.42884617232291733,0.4604731727065375,0.4295431734920409
