name,machine_type,trace,-10,-9,-8,-7,-6,-5,-4,-3,-2,-1,0,1,2,3
m143,cpu,memory,7.839093141656965,7.855807451838054,7.829248957818511,7.821927460976063,7.82805543270654,7.825131349402832,7.881457475809008,7.81125755450776,7.7544866072496745,7.75026439376368,7.760126573422295,7.786995803561081,7.782242475529758,7.767129774981053
