name,machine_type,trace,-10,-9,-8,-7,-6,-5,-4,-3,-2,-1,0,1,2,3
m111,cpu,memory,64.10817995143235,64.1431779382296,64.19466276498967,64.29345245403873,64.36414867207063,64.40071887723921,64.44855053944566,64.49298042242852,64.53161612721091,64.61944713278676,64.69662949553445,64.7335954565524,64.77954425210169,64.80504219608771
