name,machine_type,trace,-10,-9,-8,-7,-6,-5,-4,-3,-2,-1,0,1,2,3
m170,cpu,memory,11.828441469145718,11.815941228405613,11.773951788432509,11.794523282581283,11.762365501985213,11.764536553795995,11.74326701402688,11.675480479777772,11.60984685363583,11.566993171823269,11.575738674298442,11.58534430559107,11.598437160654866,11.583344951440752
