name,machine_type,trace,-10,-9,-8,-7,-6,-5,-4,-3,-2,-1,0,1,2,3
m128,cpu,memory,6.725529904564135,6.681697061172227,6.658104093637461,6.4953407495211115,6.399979642899264,6.302040700678153,6.326328536638745,6.324106300353921,6.280944663365059,6.280944663365059,6.261318775921841,6.171493194332793,6.200700080885501,6.202040297855877
