name,machine_type,trace,-10,-9,-8,-7,-6,-5,-4,-3,-2,-1,0,1,2,3
m148,cpu,memory,3.9511767892472016,3.9774811595781356,3.9743279394925803,3.9481599129549516,3.946570985977484,3.9229396291769567,3.882813898993435,3.803174016921322,3.7721500763151345,3.773957198565819,3.7821175803695564,3.7788938537028844,3.748379397524466,3.750539620379984
