name,machine_type,trace,-10,-9,-8,-7,-6,-5,-4,-3,-2,-1,0,1,2,3
m26,cpu,memory,17.12795340429285,17.144809171837966,17.16674840432859,17.18258588375838,17.173562332862332,17.16560638905827,17.144888829712546,17.12145457338574,17.140958940272828,17.170559059105415,17.123173426763035,17.016343534094602,17.015959480159374,17.027244446937498
m151,cpu,memory,30.762910269856647,30.720546970341466,30.69582516411037,30.709810522235813,30.72897313791086,30.722700458889936,30.700032190262018,30.71334444464771,30.73792147344897,30.75945509667437,30.73139255655013,30.68802293274489,30.686497418569967,30.690918784223356
m104,cpu,memory,41.004496348549665,41.03305480740422,41.03014441760644,41.004883381325946,41.013893302547636,41.03971396341359,41.04499975330289,41.02652629409517,41.06734358494843,41.107206242808836,41.061018961724116,41.03187498266002,41.02831491171787,41.02737426201371
m84,cpu,memory,40.324904379505135,40.33087882080661,40.31992041118244,40.31075748399361,40.31642000792581,40.30857401016156,40.31029957766788,40.314498981045546,40.3019889087162,40.28361868217647,40.273629342399104,40.225836434942416,40.229572783006255,40.253381098173755
