name,machine_type,trace,-10,-9,-8,-7,-6,-5,-4,-3,-2,-1,0,1,2,3
m315,cpu,memory,43.413761899082296,43.439582504089856,43.439817534229746,43.40620822422554,43.41596500376987,43.396103342252765,43.346367209015874,43.71714219583935,45.4215169642544,45.38313920770068,45.40557065386112,45.43308513221748,45.43973063971024,45.48840742040126
