name,machine_type,trace,-10,-9,-8,-7,-6,-5,-4,-3,-2,-1,0,1,2,3
m373,cpu,memory,4.355540087449384,4.355332088804321,4.359918508144975,4.332839878569376,4.310773004173117,4.290807986372613,4.283195440403171,4.254371626287721,4.244011319972274,4.258166434170572,4.2998376414216635,4.289637946670086,4.278465875289495,4.264148079952165
m97,cpu,memory,0.997112150446427,1.2252097467385175,0.9921120810883058,0.8896367821199731,0.8686263697736764,1.0554429739647786,1.1292369104415834,1.3223727007404238,1.0182300703981901,1.2700173140888877,0.9734827497001397,1.046942477463608,1.1072335008084613,0.8680689430022229
m143,cpu,memory,1.2267110042747016,1.2610832157526408,1.1585462062288923,1.254365662132907,1.3554034206600034,1.1766877844478012,1.2845854725568693,1.1709516053293025,1.340403338770475,1.3407201953463912,1.1620972385450217,1.1270813948142295,1.084375040320087,1.0986805314055692
m158,cpu,memory,2.998678114471914,3.021579709313451,3.005532339935237,2.9746609720519483,2.9421249587182885,2.9511065073606533,2.9663092244907947,2.9430456953487836,3.0518995311572734,3.10238452009117,3.107322323688173,3.1360388068682834,3.1647406512067313,3.161454090890395
m278,cpu,memory,6.259426571284005,6.337564829967204,6.349611626323157,6.344556282479817,6.312098259173248,6.1162592184969204,6.027577175144884,6.217086416501212,6.269395387728859,6.049797101751271,5.9872188631782945,5.942999640912714,5.933787731499388,5.911540697679701
m193,cpu,memory,2.162439892404656,2.140256537820681,2.0765395564508777,2.1428172608557725,2.183001332122666,2.160842346204121,2.2132634564901363,2.218483816062323,2.296396433696271,2.3461967004797097,2.159350237977103,2.0483957572577216,2.033763919554029,2.033806700491219
m193,cpu,memory,2.162439892404656,2.140256537820681,2.0765395564508777,2.1428172608557725,2.183001332122666,2.160842346204121,2.2132634564901363,2.218483816062323,2.296396433696271,2.3461967004797097,2.159350237977103,2.0483957572577216,2.033763919554029,2.033806700491219
m253,cpu,memory,0.3868401884699423,0.38372251820741543,0.40730064492149237,0.3797622149191923,0.36944299855813856,0.4280018482576361,1.3151081568724419,1.425361131173562,1.019357821333601,0.9118662113947095,0.8043841924686954,0.7283729036053563,0.6275232802502417,0.573437385759754
