name,machine_type,trace,-10,-9,-8,-7,-6,-5,-4,-3,-2,-1,0,1,2,3
m256,cpu,memory,26.76178890624121,26.76928478329464,26.763966317757962,26.7657229863293,26.72497751312792,26.71434689129632,26.774050100778258,26.679103073119023,26.82443206147904,26.42905442589315,26.527568399373873,26.48702529704206,26.485245204961124,26.495536456597172
