name,machine_type,trace,-10,-9,-8,-7,-6,-5,-4,-3,-2,-1,0,1,2,3
m162,cpu,memory,47.42985364951833,47.43962951011783,47.451292526825995,47.442501966105866,47.4412436254132,47.446485363528325,47.43776865292778,47.442862991784665,47.42975905253717,47.42973098559223,47.43866546252084,47.42987575931242,47.43021447265021,47.43748359748581
