name,machine_type,trace,-10,-9,-8,-7,-6,-5,-4,-3,-2,-1,0,1,2,3
m254,cpu,memory,0.4056929650716439,0.4545978104277179,0.4282285367394511,0.40153714406033103,0.4058416256671327,0.41374667209739746,0.4005434526811942,0.4036968620629311,0.4065145862211097,0.43622901369768374,0.46002679970165106,0.40975112186003826,0.3910117084383271,0.4246629033841069
