name,machine_type,trace,-10,-9,-8,-7,-6,-5,-4,-3,-2,-1,0,1,2,3
m23,cpu,memory,0.5640950512768528,0.6552522936488375,0.5360944357159554,0.6113017332079597,0.44727353731067127,0.446907526819786,0.3931805883761483,0.5439080142309538,0.6116823952044221,0.6712520612839878,0.5177878543185365,0.5686737094740346,0.5313876997218588,0.5316888320885923
m16,cpu,memory,7.600777804383567,7.511154883287243,7.462574138228372,7.461678426553172,7.066873020643399,7.07514106143276,6.9688079819885145,6.9236434020951965,7.008676458660349,6.988325036809778,6.904453261780689,6.881266120084288,6.848231286133991,6.907451031841375
m185,cpu,memory,15.943154447330564,13.852797443211296,12.192681850481941,10.126825564809833,9.139932821094328,7.524661935758813,6.973302807342645,6.120055667009782,5.747761893123255,4.968442509174505,4.742130897128822,4.25209824217445,3.3109841426739557,2.834152523982918
m69,cpu,memory,0.4980867153393087,0.497881707573925,0.5573986988295317,0.5148045969714671,0.6353676888097668,0.38708995847886674,0.5494931728552486,0.5577931163548813,0.8250516253659246,0.5583630493004188,0.7178690225149486,0.40871476312142074,0.40793054689756886,0.43479536013174647
