name,machine_type,trace,-10,-9,-8,-7,-6,-5,-4,-3,-2,-1,0,1,2,3
m23,cpu,memory,44.55372370085424,44.534719575651266,44.54938654672638,44.5439306767699,44.54763250180013,44.53896339351054,44.53070175093214,44.52999151165631,44.531433393927294,44.54496458790887,44.52786382256775,44.54479962196493,44.557518962480046,44.54909134500904
