name,machine_type,trace,-10,-9,-8,-7,-6,-5,-4,-3,-2,-1,0,1,2,3
m92,cpu,memory,8.27284835718324,8.172290994450684,8.19051799578987,8.137779801715732,8.165866534356711,8.167523570100556,8.091090819666706,8.088459186281739,8.07936693723199,8.041516711278982,8.112656122215611,9.347457721038428,9.350229648070835,9.394105348118403
