name,machine_type,trace,-10,-9,-8,-7,-6,-5,-4,-3,-2,-1,0,1,2,3
m77,cpu,memory,15.597998148955922,15.614690134870349,15.671715836930517,15.675703474587456,15.729694834564526,15.736369821719645,15.65671403876822,15.623985536582895,15.70857619528727,15.544710491289617,15.435123170634121,15.453248456698516,15.513794260211133,15.59098459914277
