name,machine_type,trace,-10,-9,-8,-7,-6,-5,-4,-3,-2,-1,0,1,2,3
m390,cpu,memory,42.09240973191965,42.105287929790926,42.120945449928556,42.17953988731032,42.15727623328583,42.286458005535444,42.26028525851892,41.986535417452,41.91250627478985,41.94157378824245,41.87891119985854,41.80838565126458,41.689983918002106,41.85340861243718
