name,machine_type,trace,-10,-9,-8,-7,-6,-5,-4,-3,-2,-1,0,1,2,3
m150,cpu,memory,35.7207120492502,35.88433361171482,35.999047098162215,36.007966228849334,36.046378261262774,35.99363726503725,35.937658245929484,36.02675501071538,36.15775756047437,36.16759147253409,36.09557467322482,36.10013943708222,36.14919450726386,36.22450894639502
