name,machine_type,trace,-10,-9,-8,-7,-6,-5,-4,-3,-2,-1,0,1,2,3
m7,cpu,memory,53.688189269044756,53.37278548453856,52.8602350265054,52.792559369794546,52.7516148573364,52.720823183145846,52.575091877930795,52.40545776329691,52.3833101099729,52.32797050686733,52.291633817469176,52.252668283018814,52.206771278905,52.03643379076781
