name,machine_type,trace,-10,-9,-8,-7,-6,-5,-4,-3,-2,-1,0,1,2,3
m230,cpu,memory,71.88983798124617,71.80697632793695,71.82528586297948,71.88640581430644,71.87121396277716,71.81871713401824,71.76748944719215,71.67009974159708,71.59033527859643,71.58615329622805,71.50177475014267,71.4560486672307,71.46277852510228,71.38759391854364
