name,machine_type,trace,-10,-9,-8,-7,-6,-5,-4,-3,-2,-1,0,1,2,3
m364,cpu,memory,0.38001757546905623,0.508859750367704,0.40293706504659016,0.4551255681838488,0.4532563314764842,0.508226857511948,0.39905780575755395,0.547222779678446,0.48899837847375904,0.5069379019477275,0.44631000711693064,0.40698391454934085,0.4743230783666205,0.4025124610837337
m182,cpu,memory,1.4805903746048783,1.4676452289964377,1.4415709923378357,1.4197321189463308,1.4374724523512736,1.4016035264455247,1.4164080527527267,1.428124893293742,1.4684446393812323,1.4539138606056836,1.4582389628702956,1.4415888618974406,1.4502704391265577,1.4580178775554757
