name,machine_type,trace,-10,-9,-8,-7,-6,-5,-4,-3,-2,-1,0,1,2,3
m191,cpu,memory,68.51721095086289,68.46349682082362,68.42983238777114,68.39877822224354,68.36855913114506,68.36855913114506,68.25763979704784,68.24046826143602,68.27247355131026,68.19516690804706,68.19616366602435,68.146325464286,68.04628086648404,67.985507605436
