name,machine_type,trace,-10,-9,-8,-7,-6,-5,-4,-3,-2,-1,0,1,2,3
m2,cpu,memory,30.540833398035392,30.77805021953681,30.66076890754623,30.518732850674148,30.383301248784036,30.353472489795344,30.384338248146058,30.418622364592323,30.396327862466475,30.269126140139086,30.263895165753954,30.289279670476155,30.28431133976139,30.238881107818745
