name,machine_type,trace,-10,-9,-8,-7,-6,-5,-4,-3,-2,-1,0,1,2,3
m279,cpu,memory,33.41097847748628,33.36431890657116,33.358273301734506,33.31483338975333,33.317633949309034,33.31714550428905,33.30883981922508,33.28255221092685,33.25520433664382,33.22914545680723,33.22128158283077,33.21650937694825,33.20892116818364,33.20152529902949
