name,machine_type,trace,-10,-9,-8,-7,-6,-5,-4,-3,-2,-1,0,1,2,3
m348,cpu,memory,37.709422606664766,37.75186901964143,37.856215990290714,37.98000135808653,38.033205599929275,38.13451525086651,38.21027925517979,38.32546053035278,38.39306380020354,38.48556794738002,38.514512596252565,38.620616489130065,38.64870804257692,38.64553680149481
