name,machine_type,trace,-10,-9,-8,-7,-6,-5,-4,-3,-2,-1,0,1,2,3
m267,cpu,memory,0.41027675949892783,0.41828644885874394,0.48710547974361235,0.4640894238799466,0.4752732694830748,0.5088419565265719,0.5234056223714711,0.49852159176236926,0.48186846205059797,0.47662810011872053,0.44244378403128903,0.4786578095033468,0.48389751520214924,0.6017851200336177
m254,cpu,memory,0.3920114446692408,0.4298715645090193,0.3972690199465779,0.3607151573420781,0.3261561862507247,0.33755344436972884,0.4090132958268945,0.3932544896057012,0.36294418298056497,0.34362816078057506,0.35523162553447396,0.354303695649053,0.35614051222396,0.3843820513395779
