name,machine_type,trace,-10,-9,-8,-7,-6,-5,-4,-3,-2,-1,0,1,2,3
m364,cpu,memory,0.998844702684147,1.1068018676536802,0.9414185634800355,0.6631501720573575,0.6395952530552254,0.8357565263758334,0.8731366668158826,0.6381904987127557,0.6261375564776518,0.8707211970449987,1.109828524311778,0.8653153523905928,0.5496773201813475,0.7789448552053815
