name,machine_type,trace,-10,-9,-8,-7,-6,-5,-4,-3,-2,-1,0,1,2,3
m142,cpu,memory,0.8496166043023249,0.8096561659465553,0.5311708229500455,0.762114246368661,1.141066241171454,1.0738977924652495,1.1160769904412973,0.9831152767417543,1.317664568852814,1.2252011608938838,1.1191093405339612,1.1157358951951946,1.0847012781242273,1.0714871573939044
m176,cpu,memory,0.41153615435436597,0.3998298289724231,0.43511554147546255,0.6921970457544534,0.7530586907483224,0.9601760299702605,0.993069381236409,1.1625677086633481,0.9039573587611366,0.9246995525317332,0.9227340020485703,0.8394033340485378,0.776036403466953,0.8266448987642308
m224,cpu,memory,0.44498014792257085,0.4035690528226272,0.6815059107967387,2.4569867617531425,2.1371468278352634,2.1106268100209737,1.6441084423061267,1.5877013214455502,1.402453478962686,1.3516722340359542,1.2441728591837604,1.153777667636534,0.9863826815642458,0.9082625276712711
m291,cpu,memory,0.3804849797581163,0.4185636649358393,0.39203668405651576,0.4857743151270365,0.3895330643178881,0.3934681027456949,0.39607813490233706,0.5442750481233513,1.2395967219391355,1.0889169364029703,0.6985061715392651,0.7180581918038044,0.5869900941949824,0.5283255527075257
