name,machine_type,trace,-10,-9,-8,-7,-6,-5,-4,-3,-2,-1,0,1,2,3
m321,cpu,memory,18.88764601228511,18.88704990592434,18.83429624010534,18.663716705186673,18.607217120441923,18.70981065380569,18.714766755907448,18.70369065769126,18.725455326979322,18.709575194531357,18.67670542685199,18.65618723506485,18.632875788812335,18.652822684721425
