name,machine_type,trace,-10,-9,-8,-7,-6,-5,-4,-3,-2,-1,0,1,2,3
m369,cpu,memory,0.49436159362792104,0.4756667279014577,0.5049826490551456,0.5278368819350928,0.4356394822747901,0.46004547691234726,0.4217846801660791,0.44297775070219797,0.4655288320498244,0.45424551760648335,0.46129995533821594,0.45175337027466,0.4745537925535546,0.44625312991772553
