name,machine_type,trace,-10,-9,-8,-7,-6,-5,-4,-3,-2,-1,0,1,2,3
m383,cpu,memory,46.96212634258789,46.873920882475105,46.791331684632034,46.74804550451314,46.659855790923004,46.60270136441196,46.613335615721134,46.645705117777325,46.65072881493124,46.58508110776423,46.4186624690172,46.185451169215646,46.17820928288398,46.154710978027424
