name,machine_type,trace,-10,-9,-8,-7,-6,-5,-4,-3,-2,-1,0,1,2,3
m369,cpu,memory,46.39668407265254,45.667604374961876,45.57961915546523,45.566747569709605,45.54984271455935,45.54273840423076,45.547742081574114,45.52993178492489,45.518410462088035,45.46143089718637,45.336965579396846,45.25958064323267,45.10849487970485,45.02461122955836
