name,machine_type,trace,-10,-9,-8,-7,-6,-5,-4,-3,-2,-1,0,1,2,3
m185,cpu,memory,21.633072399399072,22.085205119222977,21.77730223379793,21.29768927361815,21.29768927361815,21.650213244420865,21.61852148013441,21.085393264484445,21.02256798171078,20.73374140580189,20.604708295416046,20.604708295416046,20.53859836989637,21.476086855009605
