name,machine_type,trace,-10,-9,-8,-7,-6,-5,-4,-3,-2,-1,0,1,2,3
m99,cpu,memory,35.14707021036288,35.13389337883448,35.113271706396354,35.10995836634911,35.0994109856207,35.05535252635593,35.06551465149422,35.03348402054006,34.98125119748765,34.990601671706386,35.00774175954345,34.99612604037939,34.98620136837213,34.92943946947155
