name,machine_type,trace,-10,-9,-8,-7,-6,-5,-4,-3,-2,-1,0,1,2,3
m35,cpu,memory,13.14566630980298,13.145516437579417,13.145516437579417,13.139429883853618,13.141885181598036,13.145574740803553,13.134367245860487,13.107821813088226,13.101403814430135,13.101061566932616,13.067113593375506,13.07213287004935,13.053560037268028,13.050532711826516
