name,machine_type,trace,-10,-9,-8,-7,-6,-5,-4,-3,-2,-1,0,1,2,3
m290,cpu,memory,35.74443343531501,35.946396612013274,36.08802634977113,36.251040195772234,36.35700799605246,36.37273063407679,36.465581925843026,36.38016351336077,36.577523005013596,36.46015533432704,36.55090452984855,36.62234006304986,36.74023937963613,36.7149129891012
m277,cpu,memory,42.17253653431461,42.31191597016777,42.388101574938176,42.576806749905096,42.641036962442,42.70463240430502,42.6228591283253,42.45379795076737,42.37945624224908,42.308032318582626,42.247520538030024,42.18548631075128,42.140063607151724,42.01207462800574
