name,machine_type,trace,-10,-9,-8,-7,-6,-5,-4,-3,-2,-1,0,1,2,3
m349,cpu,memory,32.32905136345951,32.27817844228747,32.25909698391516,32.26812807761519,32.26855593809706,32.24578002210192,32.2261788321316,32.208824864217085,32.08682857439197,31.97415928416604,31.940251946252484,31.934804456437984,31.938512844366855,31.94039843688905
