name,machine_type,trace,-10,-9,-8,-7,-6,-5,-4,-3,-2,-1,0,1,2,3
m227,cpu,memory,35.39491252161535,35.38467977575036,35.41908312077139,35.4201893676605,35.438201883742344,35.44147095309144,35.42866065008186,35.44539074699666,35.47273798785488,35.46214547891662,35.455533539315844,35.42589581465232,35.47324156680965,35.48853922165408
