name,machine_type,trace,-10,-9,-8,-7,-6,-5,-4,-3,-2,-1,0,1,2,3
m294,cpu,memory,75.40202087152447,75.35727993705493,75.31221623934391,75.27481686578707,75.24243146917885,75.18213775782822,75.15851238278705,75.14163493772398,75.12578100386764,75.13593989772009,75.12875865742303,75.13153479951353,75.1246670336943,75.09103470527432
