name,machine_type,trace,-10,-9,-8,-7,-6,-5,-4,-3,-2,-1,0,1,2,3
m227,cpu,memory,41.460794701112235,41.38548132203969,40.981329278376904,40.63508697455393,40.11537556877445,39.81158820950708,39.493356037164084,39.45028449247513,39.09891594770967,38.78830251700016,38.51157411375616,38.33167731985197,38.100024426400765,38.304641787338184
