name,machine_type,trace,-10,-9,-8,-7,-6,-5,-4,-3,-2,-1,0,1,2,3
m222,cpu,memory,22.359358337203556,22.35911523168853,22.378246967126856,22.368084033693872,22.36106836319559,22.365488304115797,22.375229231997828,22.386136832003302,22.39523208385839,22.375958957422654,22.35947060309037,22.358101713427267,22.358285684707916,22.35699370040478
