name,machine_type,trace,-10,-9,-8,-7,-6,-5,-4,-3,-2,-1,0,1,2,3
m113,cpu,memory,0.41268902384183903,0.38762724413652805,0.39123192299070886,0.45185069374552084,0.45358212283220284,0.4610823909323858,0.41466653796545433,0.36921311727440637,0.3620280147105547,0.3981989816047119,0.364707174044392,0.35617362642979944,0.36489440059469896,0.39769250073946655
