name,machine_type,trace,-10,-9,-8,-7,-6,-5,-4,-3,-2,-1,0,1,2,3
m126,cpu,memory,27.97970055320219,27.954441981810483,27.950536371868203,27.926376526628278,27.93406043725843,27.764460244500402,27.749412964144398,27.746838738612624,27.722553198814722,27.722553198814722,27.684487907790164,27.657577310756665,27.657577310756665,27.642149166481964
