name,machine_type,trace,-10,-9,-8,-7,-6,-5,-4,-3,-2,-1,0,1,2,3
m388,cpu,memory,41.842670621811,41.83023603386397,41.83401029686427,41.986596094450256,42.080365042998096,42.23223489592132,42.141462632767045,42.31312902932068,42.43853083507602,42.62182541973324,42.56577456840319,42.49717501949448,42.49717501949448,42.345836229438724
