name,machine_type,trace,-10,-9,-8,-7,-6,-5,-4,-3,-2,-1,0,1,2,3
m127,cpu,memory,0.7164837782863771,0.7015941191824513,0.7507592089298913,0.7699013310497348,0.6893593642678529,0.6955816307492052,0.7360234728742509,0.8069628102965735,0.7988700199127469,0.6378060255405376,0.6593688924911869,0.7799694144882816,0.6979653492278322,0.6317855488084002
