name,machine_type,trace,-10,-9,-8,-7,-6,-5,-4,-3,-2,-1,0,1,2,3
m235,cpu,memory,8.033217360901077,8.057770085256275,7.99749247676397,7.255928657994257,7.2033875717879265,7.133770644868791,6.938806026293936,6.663230158534493,6.615311571521157,6.4204922566958,6.3841511756262115,6.3020734362348385,6.345558151454028,6.5930018049466685
