name,machine_type,trace,-10,-9,-8,-7,-6,-5,-4,-3,-2,-1,0,1,2,3
m395,cpu,memory,28.41143088128549,28.44092574979915,28.46268325044079,28.487465300874014,28.468007521691373,28.430004117267682,28.393196055767202,28.352354117231336,28.36787499013388,28.413756750226142,28.42202349055073,28.42574056149548,28.45154713397706,28.479065296037117
