name,machine_type,trace,-10,-9,-8,-7,-6,-5,-4,-3,-2,-1,0,1,2,3
m41,cpu,memory,52.51890907391098,52.52923343912819,52.5196940208181,52.48076755899272,52.422104823548395,52.43748486009134,52.363455111681425,52.3724478407242,52.37136143207498,52.32485120865765,52.24058391761745,52.25125244979548,52.2787992334383,52.262073022774125
m112,cpu,memory,52.87505949200417,52.89216197236869,52.93860839161485,52.91152490280625,52.958737996199055,52.86269436250528,52.805961336951384,52.77827765430956,52.717843106599304,52.60715693428867,52.57757413012649,52.52734895777459,52.44406237239545,52.39677891193281
