name,machine_type,trace,-10,-9,-8,-7,-6,-5,-4,-3,-2,-1,0,1,2,3
m294,cpu,memory,37.92792198987723,37.96309190871793,37.95131586893823,37.954003066431575,37.95547281310058,37.773892646106816,37.773928082352136,37.76999844504544,37.6550634574563,37.62370889213819,37.64325177888437,37.54541684866864,37.54541684866864,37.64590147112512
m290,cpu,memory,7.248907018987345,7.2270321793212124,7.257322572044764,7.176139168713236,7.1133698672567345,7.120263075050757,6.842807142785535,7.020812236904808,7.000486862208916,6.926871886342817,6.907966573746976,6.9216383390735,6.9216383390735,6.826016293911187
