name,machine_type,trace,-10,-9,-8,-7,-6,-5,-4,-3,-2,-1,0,1,2,3
m249,cpu,memory,20.954007340064255,20.926424110154908,20.857126504670617,20.000404044124284,16.04491353274011,13.737628647467444,12.015222670564471,12.113288884037399,13.485551303366384,11.66295343882136,11.345356079180048,12.158984538224816,16.082437035599135,14.846133394652734
