name,machine_type,trace,-10,-9,-8,-7,-6,-5,-4,-3,-2,-1,0,1,2,3
m59,cpu,memory,28.09582457447278,28.013363522995185,28.169562403561166,28.216942834779083,28.23288954837323,28.231986378428452,28.23068306096288,28.23753947090415,28.272226052230845,28.289951746737337,28.285685767974005,28.293651199886405,28.304275107382423,28.310431927851074
