name,machine_type,trace,-10,-9,-8,-7,-6,-5,-4,-3,-2,-1,0,1,2,3
m319,cpu,memory,1.7012070236334318,1.6913724433581907,3.0163115965612546,2.7854171491195365,2.6933062704405804,2.4185082458704206,2.3937448727236075,2.2183602940566267,2.2612019069197657,2.289630760987008,2.228253707585313,2.243635334784079,2.1917856718130593,2.3181759438050205
