name,machine_type,trace,-10,-9,-8,-7,-6,-5,-4,-3,-2,-1,0,1,2,3
m41,cpu,memory,31.229114901101674,31.165789473205994,31.15007511310371,31.160870498332343,31.138589983696907,31.127077343875925,31.07432246656136,31.125067220967285,31.10478355389922,31.046114609540123,30.99050560010797,30.991238403488715,30.978806944607573,30.958232972914413
