name,machine_type,trace,-10,-9,-8,-7,-6,-5,-4,-3,-2,-1,0,1,2,3
m407,cpu,memory,11.415965629772348,11.423322789826235,11.46300106169414,11.477922118787927,11.445906215644635,11.807061789484353,11.741074818839012,11.676554325528313,11.628768586575685,11.630291360784229,11.644943112446294,11.5706594415696,11.539664450596453,11.539664450596453
m343,cpu,memory,28.43249030871694,28.391783451936732,28.391930748975025,28.35799382974707,28.375105195674404,28.345170351723215,28.35489467265117,28.382057160435508,28.39824506386732,28.388117263805764,28.391840290008417,28.349792510183075,28.354136024662658,28.354136024662658
