name,machine_type,trace,-10,-9,-8,-7,-6,-5,-4,-3,-2,-1,0,1,2,3
m117,cpu,memory,26.309952296756325,26.422424113204933,26.397537368732184,26.397537368732184,26.42858153942137,26.316155911241232,26.290546611883038,26.405894870897278,26.423660444430485,26.26749997773877,26.133400947531882,26.320860400289643,26.431766964466412,26.37473298448419
m201,cpu,memory,27.343698445184764,27.37677893737422,27.594252083514935,27.587851954984334,27.568258437188288,27.559831525792045,27.54521165160707,27.521661692164912,27.488787759969533,27.452545567225556,27.442697471202898,27.470603414064165,27.55377884283213,27.58139776157113
