name,machine_type,trace,-10,-9,-8,-7,-6,-5,-4,-3,-2,-1,0,1,2,3
m343,cpu,memory,4.183473883540204,4.149654315830291,4.207564081603676,4.551666833146349,4.749926189632615,4.974161777764647,5.023608035510874,5.1276415070738315,5.18056639753646,5.148851361934542,5.162017239460761,5.16540740782442,5.463386150703627,5.374143954771902
