name,machine_type,trace,-10,-9,-8,-7,-6,-5,-4,-3,-2,-1,0,1,2,3
m273,cpu,memory,16.171757981832535,16.149154175251375,16.13092454894203,16.14837220521602,16.135085178133156,16.124975096194262,16.133065968439873,16.141892268847098,16.146016351192213,16.110871924868373,16.095053124383462,16.092486015820253,16.09674846099175,16.094995023138356
