name,machine_type,trace,-10,-9,-8,-7,-6,-5,-4,-3,-2,-1,0,1,2,3
m318,cpu,memory,64.52388619312106,64.46619406100481,64.45207427441382,64.39610275281936,64.23465112153706,64.0967241908876,64.08915576815448,64.10116027047924,64.12209921024522,64.12702555179303,64.10854801320964,64.03564948217254,63.95667077549994,63.870201163655985
