name,machine_type,trace,-10,-9,-8,-7,-6,-5,-4,-3,-2,-1,0,1,2,3
m331,cpu,memory,52.7529764780261,52.711033290020346,52.65669872281411,54.06824229400986,63.49130246131679,63.512393993380755,63.47243513478585,63.43225113866954,63.20069687988706,63.18863745236476,62.919440612290465,62.89673597387979,62.785217100914124,62.70435522358423
