name,machine_type,trace,-10,-9,-8,-7,-6,-5,-4,-3,-2,-1,0,1,2,3
m313,cpu,memory,24.115593395677298,24.078961252797875,24.05611471796898,24.076343665189633,24.0888122261225,24.07008603882504,24.051032115475397,24.040616609825314,24.036990654704926,24.037614953514005,24.039120212146805,24.041202419041657,24.040296120030984,24.03556593591879
