name,machine_type,trace,-10,-9,-8,-7,-6,-5,-4,-3,-2,-1,0,1,2,3
m300,cpu,memory,6.2511949510801115,6.168668478841926,6.018571750007163,5.971603328933888,6.069147260375415,6.015250548489474,6.087323101203312,6.08552698330759,6.0891896372788334,6.026628649834834,5.8552657821376,5.747410344936412,5.644709278658277,5.562725985568301
