name,machine_type,trace,-10,-9,-8,-7,-6,-5,-4,-3,-2,-1,0,1,2,3
m236,cpu,memory,48.51905434169421,48.50874713996184,48.4961687361333,48.44618076325553,48.43877241675678,48.48843545705881,48.43651085740812,48.40152771143157,48.43371583680937,48.417762054895775,48.412836013595644,48.36294730763586,48.36294730763586,48.298605913879264
