name,machine_type,trace,-10,-9,-8,-7,-6,-5,-4,-3,-2,-1,0,1,2,3
m390,cpu,memory,0.536664027928365,0.5013543460374191,0.4723470660053375,0.4327537881800556,0.41533576306214837,0.3875632115416336,0.3794545707637892,0.36912124553359443,0.366229885160518,0.3666881712177608,0.36665340381264316,0.37862713191796527,0.37585001809444346,0.3738352757342708
