name,machine_type,trace,-10,-9,-8,-7,-6,-5,-4,-3,-2,-1,0,1,2,3
m406,cpu,memory,22.2140887121263,22.130119348668483,22.103900918804296,22.0503581150607,21.986144812351753,21.946317450242816,21.926873803913143,21.920581498487962,21.917429792771866,21.88509336140712,21.840601868195826,21.757604375946215,21.780204068553445,21.876241972251783
