name,machine_type,trace,-10,-9,-8,-7,-6,-5,-4,-3,-2,-1,0,1,2,3
m39,cpu,memory,16.462442335082592,16.382075555670614,16.32881134536522,16.275999956893475,16.218585945138575,16.184769570476664,16.160458640381837,16.121432077410205,16.113661544847055,16.071516642829483,16.077800771227476,16.16494405127964,16.225197884171454,16.342738622678556
m349,cpu,memory,0.3520435875774396,0.4479536280082268,0.5293072589603878,0.3836551287665321,0.4361291914982875,0.47861419566295493,0.47930388999944334,0.4528185777514533,0.40549089770064806,0.5603010888475412,0.4439526008076375,0.46889032842115297,0.37418792189575917,0.40725029213701214
