name,machine_type,trace,-10,-9,-8,-7,-6,-5,-4,-3,-2,-1,0,1,2,3
m199,cpu,memory,10.999503630011738,11.00247203398778,11.003882984694693,11.01420202425311,11.026794763481536,11.018400613575558,11.02661644647785,11.01167197988239,11.016425522575583,11.021428494412067,11.02476454943329,11.02225367432976,10.921630461891468,10.907367474045676
