name,machine_type,trace,-10,-9,-8,-7,-6,-5,-4,-3,-2,-1,0,1,2,3
m194,cpu,memory,20.754027774126463,20.696819539436635,20.65158575342697,20.556499655541522,20.381640335921066,20.314772797862993,20.032215232591096,19.89167230668332,19.518399013454932,19.360822107792092,19.1239768692786,18.95823314517394,18.743811932978428,18.611689255241277
