name,machine_type,trace,-10,-9,-8,-7,-6,-5,-4,-3,-2,-1,0,1,2,3
m6,cpu,memory,52.72010678606521,52.638631083684,52.62533532493613,52.38644636912053,52.29824525164914,52.08876757304606,52.01905973284948,51.91302802617812,51.82991963097421,51.565502142802494,51.504397032296225,51.35751167533421,51.2649394818591,51.17447246447759
