name,machine_type,trace,-10,-9,-8,-7,-6,-5,-4,-3,-2,-1,0,1,2,3
m399,cpu,memory,10.113292907000877,10.100898348192427,10.071799587619024,10.07990933894078,9.976782734844933,9.914136576801761,9.868537435909612,9.849915537557846,9.858802059516718,9.83471665689343,9.827327707574472,9.812407331946938,9.786103908096916,9.768811840601892
