name,machine_type,trace,-10,-9,-8,-7,-6,-5,-4,-3,-2,-1,0,1,2,3
m281,cpu,memory,45.21509710046103,45.24244540137787,45.265601524433954,45.23826331868251,45.23293798737331,45.2234669201287,45.23497511716828,45.251454536720765,45.25360186150231,45.25848237139172,45.23563911895863,45.24597933394518,45.232523252688715,45.21386601841861
