name,machine_type,trace,-10,-9,-8,-7,-6,-5,-4,-3,-2,-1,0,1,2,3
m342,cpu,memory,1.4427598907063672,1.457569995874146,1.477522122778772,1.5043409806356856,1.499809871115982,1.554624433414437,1.5975825924949076,1.5614136265879934,1.558771943321393,1.5702208697816067,1.6017135953518085,1.6527779275359282,1.6172303233388847,1.6423880772788
m387,cpu,memory,43.94034163339108,43.92229044193947,43.914326017449135,43.960687758365616,43.96571407938697,43.986780154806446,44.03498695004112,43.98972103494297,43.94889344611354,43.9043749922008,43.89005399047183,43.940776672152055,43.94941036438601,43.93408475419155
m301,cpu,memory,3.4086817159289593,3.430275464005661,3.5008916231163187,3.604478372308957,4.530641106869623,5.132722756155525,5.875070026246516,6.427642382258984,7.2025108165108795,7.660763643638854,8.129158414150243,8.15153304172692,8.096911155744431,8.01355488467598
m239,cpu,memory,5.089751557084287,4.988052934156921,4.963645872468167,4.923199914747902,4.692397028415993,4.461466578402915,4.454513172868249,4.511205702422533,4.502874892068123,4.523676753448519,4.4659287823467,4.403255602189907,4.351352489775018,4.352636909851759
m226,cpu,memory,41.55989260543522,41.501171627252276,41.52173088020195,41.50785521521013,41.46772491067716,41.458512361630035,41.45252227119078,41.446888521015566,41.320147845015214,41.45862397351894,41.50537421088729,41.43248710420789,41.40804309118471,41.44322279510941
m264,cpu,memory,22.090610468874125,22.068591224894597,22.113232093727575,22.111745802726638,22.102199478098566,22.1172233167019,22.129273766123752,22.12529329544809,22.221102637020934,22.290642447118984,22.317866358680448,22.360554044445337,22.304403975703316,22.33820253929314
m387,cpu,memory,43.94034163339108,43.92229044193947,43.914326017449135,43.960687758365616,43.96571407938697,43.986780154806446,44.03498695004112,43.98972103494297,43.94889344611354,43.9043749922008,43.89005399047183,43.940776672152055,43.94941036438601,43.93408475419155
m226,cpu,memory,41.55989260543522,41.501171627252276,41.52173088020195,41.50785521521013,41.46772491067716,41.458512361630035,41.45252227119078,41.446888521015566,41.320147845015214,41.45862397351894,41.50537421088729,41.43248710420789,41.40804309118471,41.44322279510941
