name,machine_type,trace,-10,-9,-8,-7,-6,-5,-4,-3,-2,-1,0,1,2,3
m132,cpu,memory,6.18930689568389,5.448325353152108,4.75908935732203,3.9611552163051367,3.1000097133711964,2.3303566551042776,1.644244627801261,0.9985885210756911,0.611883121382615,0.5046488731364445,0.41736827015576095,1.192367954203298,1.5599379726303633,0.8582089529640466
