name,machine_type,trace,-10,-9,-8,-7,-6,-5,-4,-3,-2,-1,0,1,2,3
m9,cpu,memory,5.762151557974212,5.772611358363054,5.746458841429526,5.76996637316117,5.766830126696389,5.732979842652167,5.73599902835784,5.626873464315792,5.557606028691183,5.443111078250135,5.392007860667833,5.419117610535795,5.431615638637465,5.418152515563024
