name,machine_type,trace,-10,-9,-8,-7,-6,-5,-4,-3,-2,-1,0,1,2,3
m185,cpu,memory,26.954592116398555,26.943940092740593,26.97569990332568,27.000324256788357,26.983432374105465,26.94974259997307,26.920651108373065,26.87892916974513,26.92047791561703,26.90103507758206,26.92907090223285,26.900709739912497,26.874325285938703,26.875836878421755
