name,machine_type,trace,-10,-9,-8,-7,-6,-5,-4,-3,-2,-1,0,1,2,3
m274,cpu,memory,25.988705014822344,25.894458988785246,25.827925974940452,25.789062306444652,25.704393809718024,24.618011107339658,18.701536012826345,13.540118312234027,8.635962736304482,8.635962736304482,4.418650248294502,2.9151877082144426,2.9151877082144426,2.557811811245841
