name,machine_type,trace,-10,-9,-8,-7,-6,-5,-4,-3,-2,-1,0,1,2,3
m52,cpu,memory,6.936576319245983,6.945356784800709,6.921448172128806,6.931266737947028,6.927134465323998,6.918069197416292,6.918873062583862,6.917459550131717,6.91787441164475,6.904528639520463,6.893907622009264,6.90387785192871,6.876000985528928,6.884986850124248
m117,cpu,memory,17.35723322311096,17.31130971696374,17.33243335366021,17.385969746509996,17.412552987976632,17.3993804472248,17.20744290175964,17.45319699842433,17.51139174335333,17.520334473595486,17.48804942914026,17.512557605857,17.515826473227072,17.673304491321485
