name,machine_type,trace,-10,-9,-8,-7,-6,-5,-4,-3,-2,-1,0,1,2,3
m236,cpu,memory,16.540634984805724,16.54652479676253,16.344201503575032,16.545275467136033,15.909596625887929,16.225741845680783,16.526909446680595,16.476126177505545,16.16589633714765,16.39783452587909,16.39783452587909,16.33286097127508,16.33286097127508,16.440924280860774
m6,cpu,memory,12.728798358132748,12.681077509911397,12.678160758616716,12.690769663739108,12.679319137674417,12.672207280107044,12.691030627455966,12.766928060969242,12.95803245090066,12.775228673384794,12.775228673384794,12.758443604101481,12.758443604101481,12.814005542009182
