name,machine_type,trace,-10,-9,-8,-7,-6,-5,-4,-3,-2,-1,0,1,2,3
m315,cpu,memory,39.29185999422662,39.2841720951259,39.26129370742842,39.150452666232184,39.123956349572445,39.05984067258357,39.11361123749366,39.06339540312242,39.06050194661593,38.895096154055835,38.86198648564581,38.796748458341604,38.772869982946986,38.690998626936356
m335,cpu,memory,28.038726688099434,27.926105151621396,27.8643722838648,27.76099506430649,27.727354861165335,27.601177597920493,27.536632546080295,27.371926695083708,27.3246864452606,27.196206937238653,27.16724790185626,27.202459869057925,27.155071211027934,27.22804746371586
m14,cpu,memory,18.945984773560273,18.893845638867347,18.836784096793103,18.81765453125692,18.67707516015517,18.571476562580923,18.439663346242526,18.415344818934717,18.3543954866929,18.26853649302533,18.195768794188165,18.142642113995255,17.99879604599346,17.886547599607802
m416,cpu,memory,45.02542328557173,45.12347583067859,45.15937128203368,44.79518062217687,44.888396574108604,44.9374766313863,44.902127916622575,44.86735749033787,44.820622837366834,44.90343966344714,44.9328204507236,44.85664160950578,44.89249440675213,44.99568475311931
