name,machine_type,trace,-10,-9,-8,-7,-6,-5,-4,-3,-2,-1,0,1,2,3
m320,cpu,memory,28.763441013280353,28.771284235577493,28.76887759963476,28.84331244187472,28.784541025813276,28.664451427462822,28.653297187782595,28.637413772938835,28.617461803892063,28.553922092718054,28.430653124907433,28.423034080400054,28.430643735816798,28.452381551548445
