name,machine_type,trace,-10,-9,-8,-7,-6,-5,-4,-3,-2,-1,0,1,2,3
m409,cpu,memory,2.1007138904205895,2.1426022203927295,2.1119867052293784,2.097580647329037,2.1487704491743993,2.076651405318199,2.0844543075285182,2.0124703579215244,1.723311706724061,1.5561259747882623,1.599185694769386,1.5828675561888617,1.4783168643635611,1.373282344103539
