name,machine_type,trace,-10,-9,-8,-7,-6,-5,-4,-3,-2,-1,0,1,2,3
m256,cpu,memory,13.731781403411308,13.749454372684264,13.739884718662866,13.748146336064872,13.802715983195892,13.815306450870132,13.797480505105515,13.768551328735022,13.748879518037988,13.74690813705389,13.72937163783479,13.685186375304303,13.649705254297158,13.567260456925547
