name,machine_type,trace,-10,-9,-8,-7,-6,-5,-4,-3,-2,-1,0,1,2,3
m161,cpu,memory,14.543310088165985,14.521742842113174,14.531806937762626,14.527636212838207,14.490554857435443,14.492096435190954,14.478343714134052,14.441113092444805,14.378252499686374,14.352284899757223,14.338036399505443,14.3309454150602,14.345315418284594,14.302150386457999
