name,machine_type,trace,-10,-9,-8,-7,-6,-5,-4,-3,-2,-1,0,1,2,3
m81,cpu,memory,0.4170755716661414,0.40463139208154986,0.41456045638491784,0.4008127075708357,0.39980919802340253,0.3862135928734924,0.421724938290959,0.45120309889889587,0.41164253145390794,0.4270184672168694,0.4131480923359216,0.4941297184307123,0.4763259329265474,0.41385945476278585
