name,machine_type,trace,-10,-9,-8,-7,-6,-5,-4,-3,-2,-1,0,1,2,3
m146,cpu,memory,65.26183296492762,65.25750075710901,65.29333184965509,65.30048472202628,65.26319226295317,65.24361570609506,65.23912691247448,65.23325984199312,65.23790098118117,65.26155432094734,65.31389153516538,65.33901462160057,65.31481287754366,65.31978404705364
