name,machine_type,trace,-10,-9,-8,-7,-6,-5,-4,-3,-2,-1,0,1,2,3
m170,cpu,memory,0.4013864328687584,0.43189229233152826,0.4501304750810674,0.5092221024006058,0.6795979634174363,0.7897070876143183,1.224543878767946,1.1736349168041558,0.9630174544677185,0.8791033267966086,0.7298385813742742,0.7840281446078274,0.7050423757093657,0.837050749172611
