name,machine_type,trace,-10,-9,-8,-7,-6,-5,-4,-3,-2,-1,0,1,2,3
m351,cpu,memory,36.61573761791874,37.79498379796376,37.784081955320815,37.70491343591426,37.63002463967414,37.58512812400411,37.5543270172416,36.40641641727607,34.54857041143908,35.64782713317537,37.45663579245465,37.22606925247987,36.097713713925174,33.34369999608457
