name,machine_type,trace,-10,-9,-8,-7,-6,-5,-4,-3,-2,-1,0,1,2,3
m81,cpu,memory,12.96191675801848,12.880407790619161,12.882860564288283,12.907965983142887,12.953326749599496,12.971350522557412,12.96294986086276,12.951528183536247,12.9130800845212,12.867995589406526,12.80540667452887,12.759551794494492,12.734387290054633,12.696468488341564
