name,machine_type,trace,-10,-9,-8,-7,-6,-5,-4,-3,-2,-1,0,1,2,3
m223,cpu,memory,3.6391333148499494,3.634543185304122,3.6798964304555204,3.6962127643430316,3.697283928402793,3.702716362924032,3.676789436497673,3.6463271249813958,3.651614482908553,3.621678263342004,3.6045203564874164,3.638425574283729,3.60906475207561,3.5933897409707387
