name,machine_type,trace,-10,-9,-8,-7,-6,-5,-4,-3,-2,-1,0,1,2,3
m327,cpu,memory,32.26665671624975,32.2706590944004,32.28460078283209,32.287389545299064,32.28979466687234,32.2835873156808,32.26070130691902,32.25586637955029,32.25580393641866,32.2285704758167,32.197485619699066,32.2298785370446,32.21746333302662,32.201184366773376
