name,machine_type,trace,-10,-9,-8,-7,-6,-5,-4,-3,-2,-1,0,1,2,3
m275,cpu,memory,7.753262693853677,7.742177446385113,7.694205477848379,7.719049175612097,7.7853087202663405,7.7335807117048825,7.630933291964799,7.6475758463992625,7.694011701593378,7.689165429136565,7.760517911666647,7.822265581816809,7.84487694775171,7.831512889616217
