name,machine_type,trace,-10,-9,-8,-7,-6,-5,-4,-3,-2,-1,0,1,2,3
m329,cpu,memory,74.2332896993153,74.1191407340617,74.05381477074698,73.96519606661555,73.88287425683984,73.80965676093302,73.77636376696067,73.81428815770046,73.77271117934066,73.73884182100177,73.63975178150707,73.57941019824752,73.46041806820813,73.20427791231634
