name,machine_type,trace,-10,-9,-8,-7,-6,-5,-4,-3,-2,-1,0,1,2,3
m165,cpu,memory,45.093133821997135,45.12667528824963,45.38940425636857,45.513319858044824,45.6873594759791,45.804594185027234,46.03346871594373,46.124394132960184,46.33495059914816,46.428942917191065,46.62460041090295,46.760005333003484,46.77216440792909,46.78315277304369
