name,machine_type,trace,-10,-9,-8,-7,-6,-5,-4,-3,-2,-1,0,1,2,3
m397,cpu,memory,1.876683007123261,1.863291917549731,1.8453304609518018,1.8308136143752671,1.8119912639925466,1.7933221046876338,1.7682765665947602,1.7520146111211294,1.7465007919243645,1.735910982974338,1.7363904197376314,1.7230329113068337,1.712675696898438,1.7217522595414512
m401,cpu,memory,71.1818137225164,71.16727143515764,71.15322162074665,71.14092776693927,71.1274890498216,71.11415391746783,71.09894924301517,71.09637299769314,71.08718945809863,71.08009352601908,71.07010868243437,71.0633997228613,71.05375662324626,71.03040100662258
m235,cpu,memory,3.8664599835669713,4.038757053100032,4.127430615983103,4.292850113586796,4.404547001250142,4.546696268816267,4.795253362452942,4.910702832456948,5.009344871051743,5.275331688367177,5.455829636404133,5.643455330394225,5.808248636227013,5.8982893339975755
m375,cpu,memory,8.35632287505495,8.366497330378657,8.370505853651276,8.374306744377646,8.386016278161744,8.365897375058614,8.326004845278083,8.321609791694847,8.324701376943459,8.290417364803606,8.21298119316685,8.146813696999265,8.131645974486448,8.109132196980275
