name,machine_type,trace,-10,-9,-8,-7,-6,-5,-4,-3,-2,-1,0,1,2,3
m133,cpu,memory,36.90075946234069,36.82993745131681,36.68496570081899,36.59279804653609,36.49910410849343,36.458722740819724,36.42342783728173,36.39704610727999,36.36189850078029,36.27740466006919,36.179107746841765,36.13522677167749,36.03987601312074,35.96115383950809
