name,machine_type,trace,-10,-9,-8,-7,-6,-5,-4,-3,-2,-1,0,1,2,3
m275,cpu,memory,12.442792927020841,12.507386488468592,12.614464726087515,12.668322935129986,12.835279732206175,12.91564595641245,13.034730367426617,13.087074219693879,13.179913951710148,13.23802497718451,13.361690608141092,13.419137607784489,13.549235775535251,13.70435889839102
