name,machine_type,trace,-10,-9,-8,-7,-6,-5,-4,-3,-2,-1,0,1,2,3
m102,cpu,memory,11.974792353635133,11.968149811845652,11.998406610743627,12.00112191304115,12.000744746644779,12.016655419003012,12.032094920291465,12.01103837016199,11.98143586727121,11.967230223675095,11.957036687296215,11.887203584136943,11.851053767929907,11.786075834148013
m409,cpu,memory,3.2720528210476876,3.291611192789469,3.2471032813523997,3.2069999765197017,3.2138036977615987,3.169147163455769,2.9860066910672978,2.890509947294794,2.839226860480112,2.9901126766973856,2.8700941774251008,2.8742698240502587,2.8059344828270807,2.7411729018986617
m268,cpu,memory,0.8706622502138442,0.8391000017506111,0.767283326989892,0.7573153560175074,1.4792270508931418,1.5014063545388165,1.2663581431673983,1.1966715047679015,0.8286620966832826,0.7155156797510813,0.576683928863161,0.5034261548929791,0.7137344405352848,0.6633394808656693
m376,cpu,memory,0.4323301811834023,0.5730278623990605,0.6066564553806789,0.5767665755763342,0.5744711069778753,0.5076169452127177,0.5073537730340895,0.43432661229918773,0.4865789839683397,0.525127208037746,0.5253650523871884,0.4700252978446707,0.5571444992899424,0.45122011030318826
