name,machine_type,trace,-10,-9,-8,-7,-6,-5,-4,-3,-2,-1,0,1,2,3
m133,cpu,memory,29.553901285281704,29.553901285281704,29.55478325405407,29.606295439791367,29.637830569058853,29.575052332065358,29.572332675955646,29.568774210603117,29.47851647908071,29.482595987853788,29.54145725713406,29.55386463754082,29.599070737090862,29.610374393926627
