name,machine_type,trace,-10,-9,-8,-7,-6,-5,-4,-3,-2,-1,0,1,2,3
m56,cpu,memory,16.599409985568965,16.590623210015302,16.566960632027545,16.547952014258275,16.547952014258275,16.536453280702734,16.536453280702734,16.517993243269643,16.486730776790967,16.46673723830257,16.449870039841848,16.42211818464083,16.394069159799354,16.37418962815476
