name,machine_type,trace,-10,-9,-8,-7,-6,-5,-4,-3,-2,-1,0,1,2,3
m286,cpu,memory,0.48944574555924003,0.47765749068275465,0.49586310104440867,0.425983356774354,0.4447221398022353,0.4401033965269651,0.43704974370760347,0.46260336391418316,0.4790693735053548,0.5195304752855235,0.59077752830005,0.6582848005869604,0.5340462803997771,0.44615391185586606
m269,cpu,memory,23.90948622079297,23.9932688391782,23.981083708129187,23.957316281984756,23.914089870468423,23.898822262867593,23.884767342670244,23.860183953354287,23.84265518277757,23.806565723077245,23.774482781874692,23.753667745369576,23.703649869294452,23.782543270581506
m10,cpu,memory,0.4245241739311822,0.43278244410712846,0.47854978003068555,0.5370795896656295,0.5150685237405909,0.500912340113319,0.5228652022783,0.5453200402993125,0.5059193271917213,0.5254493885364625,0.4787758811841922,0.4650350997431685,0.4704575899658459,0.46290023841632144
m328,cpu,memory,0.5167652667572606,0.5132707192176227,0.5220194557468099,0.43331294132128373,0.4345785827885805,0.5124733327849156,0.5591473954176913,0.4959643644819046,0.49909227378132837,0.4932367132785376,0.42140812749142875,0.5369696436258132,0.6940871282309445,0.7367929364121778
m45,cpu,memory,11.879764706994107,11.66486270329265,11.591107285648535,11.483930795661621,11.390634211009651,11.242286664399497,11.176566191938042,11.104120938856797,11.052669069598448,11.141317430996594,11.232171225146592,11.091032413304065,11.019335177196064,11.057328348789788
m282,cpu,memory,29.538973942515973,29.462946003834,29.16820288215517,28.653226131805134,28.572461073347153,28.29558196225877,27.815329785418044,27.43131926297627,27.265153795276717,27.202380310560304,27.491597457199486,27.66814974686969,27.598329922684,27.502730932418746
m78,cpu,memory,7.144666817461347,7.091891001994899,7.0014477137220785,6.922730286675062,6.934293349012708,6.846802702528176,6.72746914877777,6.700512479769021,6.598469177596959,6.494019480620967,6.448074201749347,6.373311601372853,6.348781771603851,6.271373601004791
m262,cpu,memory,0.5079023438451238,0.5028599700961917,0.5033608353912122,0.4517037638133721,0.4051245536205928,0.3752794537565745,0.39123283615108173,0.4437044574502163,0.48735500398804277,0.4424059028484081,0.42694308777274037,0.49097176428199063,0.4801001302512257,0.5584333519221899
