name,machine_type,trace,-10,-9,-8,-7,-6,-5,-4,-3,-2,-1,0,1,2,3
m254,cpu,memory,0.38029287521047467,0.3752910390942956,0.34875102024963356,0.3233016755407707,0.3245489859448948,0.40902038811123664,0.40189230155748057,0.3553531536834826,0.3356066845721673,0.39262635438768256,0.39113752730711004,0.33019536295453117,0.4180439541457106,0.4180439541457106
