name,machine_type,trace,-10,-9,-8,-7,-6,-5,-4,-3,-2,-1,0,1,2,3
m182,cpu,memory,31.23412675793307,31.230948651078435,31.224627724070494,31.214971750422105,31.193406120390797,31.166017789010294,31.160873021650456,31.115403170050783,31.061942395914812,31.009298622208494,30.97351528341031,30.95322762976465,30.94091005146676,30.896571534179227
