name,machine_type,trace,-10,-9,-8,-7,-6,-5,-4,-3,-2,-1,0,1,2,3
m394,cpu,memory,6.519432828052858,6.512503149131288,6.512121048540629,6.502300274203849,6.501882043218772,6.473627089307394,6.469775328450077,6.442323381626676,6.416744570879487,6.389853508644111,6.362535570834905,6.358470876948941,6.28315802790571,6.156026371169168
