name,machine_type,trace,-10,-9,-8,-7,-6,-5,-4,-3,-2,-1,0,1,2,3
m305,cpu,memory,7.439834480023983,7.53903479091949,7.508342358470513,7.44555797635506,7.441912876386685,7.4212432476537415,7.395957820812658,7.400564747176625,7.444310628091699,7.421576156602703,7.346747325214658,7.309834796830073,7.345398766529418,7.34224141978709
