name,machine_type,trace,-10,-9,-8,-7,-6,-5,-4,-3,-2,-1,0,1,2,3
m133,cpu,memory,17.493280995046437,17.277198393484188,17.281179317373432,17.16280135971145,17.22377472007486,17.15126872964574,16.71255852261841,16.674950873286896,16.837215005511396,16.610515563447507,16.3080217785712,16.246155697412263,16.844598036106625,16.663185106043116
m91,cpu,memory,10.881406108396991,10.855714300511838,10.871312987396024,10.909371136275624,10.913555995378083,10.895444893844518,10.872661760553838,10.482101624405056,10.470051458577059,10.450007529444946,10.438462052415234,10.442487208575498,10.440086617427752,10.41596866854396
