name,machine_type,trace,-10,-9,-8,-7,-6,-5,-4,-3,-2,-1,0,1,2,3
m58,cpu,memory,55.741521605721076,55.52885527078713,55.6519478637729,55.82815686517284,55.71303530726647,55.43862933913037,55.38001031974639,55.40974021839994,55.524725685602,55.50819179985899,55.46661811800101,55.4675276482975,55.49213181142939,55.69277526436196
