name,machine_type,trace,-10,-9,-8,-7,-6,-5,-4,-3,-2,-1,0,1,2,3
m352,cpu,memory,61.941401452998115,61.935418381816284,61.99921482972339,61.854558321729726,61.818116434764214,61.95207210529338,61.99146701270211,62.095276433303745,62.145164306360336,62.21428679165142,62.162288998738894,62.29463963829649,62.399781300820344,62.49356751318001
