name,machine_type,trace,-10,-9,-8,-7,-6,-5,-4,-3,-2,-1,0,1,2,3
m399,cpu,memory,16.034510905004755,16.010831113557963,15.920143300541582,15.851732013690084,15.847433879752161,15.86746431831325,15.855354637765549,15.79389698204945,15.778895335324103,15.777588434481805,15.782667150156877,15.736792154185105,15.724338661228344,15.724678712890151
