name,machine_type,trace,-10,-9,-8,-7,-6,-5,-4,-3,-2,-1,0,1,2,3
m69,cpu,memory,4.539186914442547,4.543173327921078,4.554534443152115,4.523220160061583,4.495468771854244,4.468047894781125,4.467936512907486,4.465933456425321,4.457814846042234,4.439477649148582,4.425750798633021,4.424073104428919,4.404275714644577,4.3736620419009675
