name,machine_type,trace,-10,-9,-8,-7,-6,-5,-4,-3,-2,-1,0,1,2,3
m31,cpu,memory,25.809854812282968,25.825678352666532,25.826808670305407,25.74848692563117,25.710771881868855,25.678294878682422,25.653118862451755,25.663711831638047,25.68104880447245,25.672742462926475,25.605034732894445,25.547517224425693,25.5773895909786,25.609092188083018
