name,machine_type,trace,-10,-9,-8,-7,-6,-5,-4,-3,-2,-1,0,1,2,3
m91,cpu,memory,45.553281141523826,45.5468915113595,45.515971216091984,45.50823041628018,45.51069358931366,45.50776333362934,45.48508979090253,45.437032690193746,45.41249213057911,45.375181550182475,45.31954588784786,45.31567293906886,45.31302420466679,45.326590734566715
