name,machine_type,trace,-10,-9,-8,-7,-6,-5,-4,-3,-2,-1,0,1,2,3
m254,cpu,memory,1.5063727291764961,1.5466558148970462,1.570293834923189,1.6009141582095694,1.5981479100058387,1.588946083756534,1.5887974357871004,1.5460518843571753,1.5203832463247313,1.5302460317311284,1.5490056619851045,1.5086633139334529,1.4758682551536566,1.495437063475432
