name,machine_type,trace,-10,-9,-8,-7,-6,-5,-4,-3,-2,-1,0,1,2,3
m407,cpu,memory,0.4100268633051683,0.4083990044633617,0.4354009312259105,0.4076519407765238,0.5098609378756582,0.5710031504336458,0.5199894951219434,0.46402332165310267,0.4494602110896246,0.4353491650425559,0.454338903735683,0.44517060816274817,0.414708788873334,0.4055003751358162
