name,machine_type,trace,-10,-9,-8,-7,-6,-5,-4,-3,-2,-1,0,1,2,3
m346,cpu,memory,0.46122465331691426,0.3870086494460951,0.3762941321901278,0.37651154515901214,0.3681651736094348,0.38626617935292323,0.37768593867373096,0.38249391026609836,0.36512492548545084,0.3547309497584611,0.3761118273405595,0.36980638413565337,0.3715628886439918,0.3736864637018361
