name,machine_type,trace,-10,-9,-8,-7,-6,-5,-4,-3,-2,-1,0,1,2,3
m314,cpu,memory,5.180018852082509,5.1870335376727565,4.9954349332687045,5.146967435786646,5.077895177019492,5.003117115056824,5.000095922622323,5.018594033953738,4.988684492655338,5.0637947442414735,5.16160790539625,5.113323333144138,5.226074461788551,5.245297791970583
m56,cpu,memory,1.0248157098120723,1.1452552795878868,1.1540846087908179,0.9739965878833119,0.9575054452182602,1.1518374485780707,1.1636293387517875,1.014163483607193,1.0660610385123235,1.034196332609081,0.9894732292152338,0.9792955559132159,0.8872534674668917,1.079782979953201
m55,cpu,memory,7.372689231215807,7.228476256860018,7.381055668160704,7.473175683598488,7.339796167423175,7.434368729374666,7.436766897531282,7.3414826703358225,7.241509134888582,7.281640417697019,7.250566364144614,7.2712188299606,7.41976431444101,7.440793984512605
m212,cpu,memory,23.99221448464402,24.13612339954621,23.958254043472458,23.909419262937,23.963574377362455,24.088401983436313,23.835453621572157,23.99478174596925,24.110460995037048,24.12737132841882,24.040235039831853,23.97945657881769,24.125249418542705,24.073703513476463
