name,machine_type,trace,-10,-9,-8,-7,-6,-5,-4,-3,-2,-1,0,1,2,3
m252,cpu,memory,18.062744637489025,18.02609030909704,18.027252663374572,18.01175306679502,18.01175306679502,17.986175139493113,17.945833851500083,17.945833851500083,17.846147453184933,17.79150531810966,17.733593760458614,17.747715558528835,17.747715558528835,17.904883231779213
