name,machine_type,trace,-10,-9,-8,-7,-6,-5,-4,-3,-2,-1,0,1,2,3
m101,cpu,memory,22.18788613203145,22.139458162242395,22.140485434764265,22.150386912310314,22.125631363342602,22.124525671091313,22.142451010602343,22.162443665077568,22.134618843202247,22.10472953066177,22.09486013313973,22.086055286236725,22.078963291517756,22.078042454560283
