name,machine_type,trace,-10,-9,-8,-7,-6,-5,-4,-3,-2,-1,0,1,2,3
m186,cpu,memory,0.6638057552218033,0.6094305783055914,0.5980666741739009,0.621195802969721,0.9478388716083349,1.1524295796432946,1.2067535834978798,1.048639883703846,0.5843664008423286,0.5575295529767628,0.5199278097997089,0.40169159711899693,0.8824937033085823,0.9792614826004098
m245,cpu,memory,8.506430330736473,8.511724742975158,8.505382891924418,8.501960719823114,8.508815891767348,8.507284561371367,8.489189688767395,8.483009496467007,8.49596348852965,8.490947139699854,8.459047048150165,8.447571560165807,8.45980524239573,8.451827443195851
m114,cpu,memory,4.426681681538885,4.428416757662604,4.413332691379501,4.428957299347108,4.404906891151849,4.391585008395058,4.364637018361608,4.322636044478181,4.31765914497277,4.3127248749676,4.301248680340596,4.2921355078159324,4.318915554276486,4.323085105564575
m258,cpu,memory,10.29106188555595,10.259490538249914,10.225187773294472,10.155241281722027,10.195835456731709,10.243215054478533,10.250042046468003,10.220117941857117,10.200473137478518,10.206499898787118,10.294090750732606,10.31015063883524,10.225152551521726,10.28894308070511
