name,machine_type,trace,-10,-9,-8,-7,-6,-5,-4,-3,-2,-1,0,1,2,3
m91,cpu,memory,49.32056037341262,49.50435687121821,49.884030798397994,50.48899918676846,50.656873501872155,50.63540716336733,50.60823498361846,50.60892997887273,50.55414655255913,50.50946477882543,50.49411028401636,50.50090152496096,50.482661045165706,50.48362635536824
