name,machine_type,trace,-10,-9,-8,-7,-6,-5,-4,-3,-2,-1,0,1,2,3
m114,cpu,memory,10.766631151232446,10.540844104084188,10.493444668097464,10.533192853292247,10.703919357766816,10.797290116116399,10.505584282807648,10.481346042446807,10.606950974931369,10.652687103223844,10.549236815339182,10.378244564390414,10.520888563586345,10.447637187827123
