name,machine_type,trace,-10,-9,-8,-7,-6,-5,-4,-3,-2,-1,0,1,2,3
m258,cpu,memory,38.198293020919316,38.19035293008683,38.16828654729276,38.14105000684192,38.11848938496671,38.10399444626202,38.23437347900518,38.38612546476756,38.32716858766452,38.28380345784762,38.2645633427731,38.20507946509866,38.18401943191943,38.17534744632787
