name,machine_type,trace,-10,-9,-8,-7,-6,-5,-4,-3,-2,-1,0,1,2,3
m91,cpu,memory,55.73515459077163,55.574407098991486,55.32068842849399,55.403888492267114,55.680617200277965,55.62023302996071,55.594211013815226,55.58745319121864,55.55427497108917,55.51271643292575,55.48571421654005,55.29453203856057,54.9784776809352,55.06475776963909
