name,machine_type,trace,-10,-9,-8,-7,-6,-5,-4,-3,-2,-1,0,1,2,3
m284,cpu,memory,13.660876606352259,13.569809746471234,13.4932877996763,13.335218672829626,13.321042862311833,13.320134795842705,13.32535563509142,13.314649345896886,13.292703507479562,13.282360464975937,13.293348931742582,13.296672669829114,13.22555939444848,12.937975510684755
