name,machine_type,trace,-10,-9,-8,-7,-6,-5,-4,-3,-2,-1,0,1,2,3
m392,cpu,memory,35.915584845925935,35.806167160583314,35.53739914072254,35.56215680980749,35.66999581610006,35.53854258999034,35.594375020027535,35.700591430555775,35.71883205989501,35.56352161067306,35.46334107360374,35.7508307376536,35.59015825827159,35.655964123012595
m275,cpu,memory,59.288491076820264,59.149855096044035,59.30522485933174,59.176754840727405,59.297212330529184,59.16179872541277,59.2860241689731,59.110450899871644,59.05189245337302,59.118139453937154,59.156792119657474,59.335364243486744,59.26443562085302,59.22010366646413
m114,cpu,memory,11.065789650955105,11.007011545734473,10.822393818622515,10.818763496439203,10.9448868102721,11.00990838307078,11.049486958886263,10.949484208791327,10.863650075959258,10.958143057795729,11.050499529341545,11.13352441842761,10.88432126960374,10.96671812449916
m288,cpu,memory,55.063483073756274,54.931050455701026,54.71758342252465,54.78827570319594,54.801780850022844,54.68998141361361,54.6312325616571,54.57030342088186,54.63805328169616,54.52414554012742,54.479380173199644,54.682783515252524,54.4392750265151,54.605539971978715
