name,machine_type,trace,-10,-9,-8,-7,-6,-5,-4,-3,-2,-1,0,1,2,3
m16,cpu,memory,20.240854228779792,20.232666763803373,20.197889623183084,20.158763592071633,20.093889443139698,20.096293907855223,20.114453014900608,20.078088385385946,20.054008775225835,20.01097640159588,19.86262175416865,19.857704217945994,19.94793022342825,19.94302480216126
