name,machine_type,trace,-10,-9,-8,-7,-6,-5,-4,-3,-2,-1,0,1,2,3
m400,cpu,memory,17.248757172129473,17.159931528693576,17.1249221841254,17.03429830267654,16.999236636643584,16.88543616354245,16.799130481426833,16.75925773934412,16.77877599297811,16.71357688553687,16.6581992717579,16.56961900671629,16.515828553024225,16.534236824387538
