name,machine_type,trace,-10,-9,-8,-7,-6,-5,-4,-3,-2,-1,0,1,2,3
m200,cpu,memory,18.57059305075606,18.540414730849065,18.4990278710485,18.513184205866718,18.578911089575552,18.59899628276377,18.618612059366257,18.625659963976467,18.494958504607858,18.449886938065188,18.314082074294685,18.249461062231397,18.05491780458294,18.044900296811903
