name,machine_type,trace,-10,-9,-8,-7,-6,-5,-4,-3,-2,-1,0,1,2,3
m53,cpu,memory,31.215823634352223,31.187422341241234,31.14902621160006,31.116505631016246,31.103173930602264,31.111058646622556,31.118088249319854,31.10527930734982,31.10159545220617,31.10374984530716,31.09867221562428,31.0583970544666,31.018185750483035,31.022779893107934
