name,machine_type,trace,-10,-9,-8,-7,-6,-5,-4,-3,-2,-1,0,1,2,3
m325,cpu,memory,52.023772853803806,51.96357989913209,51.93897442417767,51.92557316309559,51.824358463123374,51.78754353585037,51.72568719776593,51.698877204081455,51.659141663871644,51.55947364053691,51.48494061604611,51.47493679173319,51.452140988281144,51.42971913375826
