name,machine_type,trace,-10,-9,-8,-7,-6,-5,-4,-3,-2,-1,0,1,2,3
m230,cpu,memory,42.77708594587304,42.617795985479255,42.607457284862164,42.600636261949205,42.596186639387625,42.595287054712536,42.598398124217184,42.59920200263549,42.61131620111517,42.62643435206885,42.607334821590015,42.58960387790039,42.59512920630503,42.59529296075342
m91,cpu,memory,25.61624771496793,25.629838575106152,25.638814191774056,25.577431900546998,25.530874580239505,25.523537611652188,25.51899046559047,25.475111710870408,25.4384073836778,25.465998943439573,25.500592088170706,25.496405916677823,25.4985617730383,25.503569541072157
m38,cpu,memory,26.860703330116607,24.75334889176323,22.06170828954029,19.8151769111388,14.618723516517623,11.220733119240363,10.913498095922705,10.64297567904478,10.248889977219946,10.014269121042096,9.799439306790415,9.583212057579235,9.444734517707552,9.277791185836696
m324,cpu,memory,16.3913859494515,16.38927098106638,16.390161026538962,16.38770376011425,16.389275827048653,16.38477103222178,16.173068441443057,16.02997274350773,16.024104940450147,16.023602144613683,16.023718902498896,16.021669960622155,16.017700116806346,16.012735004206313
