name,machine_type,trace,-10,-9,-8,-7,-6,-5,-4,-3,-2,-1,0,1,2,3
m350,cpu,memory,66.12016091568712,66.36019483513999,66.84580344901885,66.85023419117921,66.84757354436839,66.82442418675785,66.77806045397708,66.73790230246853,66.71312772355562,66.6608547186026,66.61445322691233,66.60167497742529,66.61051637174221,66.61767358467485
