name,machine_type,trace,-10,-9,-8,-7,-6,-5,-4,-3,-2,-1,0,1,2,3
m414,cpu,memory,8.796383346979162,8.696914892163834,8.450110869071652,8.296190703647385,8.788061874996139,9.073694417279325,8.9238620948337,8.757087582106672,8.503427984253547,7.99628663080992,7.582437722383281,7.52724349793356,7.499907015332718,7.50826695275555
m312,cpu,memory,3.726272200846518,3.8300274406991037,4.897834888898164,7.487705175590186,18.71759948738492,26.45954205854,26.6961419480306,27.07591369172269,27.378832497844392,27.83286865255464,28.512857750178124,28.857009652929126,29.245969160105542,29.482828770613068
