name,machine_type,trace,-10,-9,-8,-7,-6,-5,-4,-3,-2,-1,0,1,2,3
m395,cpu,memory,23.750588281424484,24.006611897955608,23.956611255484365,24.07497830968625,24.037551577152186,23.98194499071116,23.961761298528803,23.90712075297357,23.91515410435617,24.000553373315515,24.000553373315515,24.001026500193447,24.35392077218789,24.35392077218789
