name,machine_type,trace,-10,-9,-8,-7,-6,-5,-4,-3,-2,-1,0,1,2,3
m155,cpu,memory,19.092664327712942,19.091919257939583,19.087625717652113,19.08629913000686,19.090545473077206,18.988050979475993,18.889515804254966,18.892530106119136,18.9752036236317,19.09724037362281,19.18133762558136,19.29166277221321,19.41035544045708,19.351549572490473
