name,machine_type,trace,-10,-9,-8,-7,-6,-5,-4,-3,-2,-1,0,1,2,3
m384,cpu,memory,46.89206915287868,46.879825576137314,46.894675382715995,46.88166795801998,46.91007515717186,46.89283037529528,46.88761397826008,46.900459314314105,46.916020268790284,46.92416479949961,46.94647782196842,46.95332943514443,46.93955059064649,46.94177055594502
