name,machine_type,trace,-10,-9,-8,-7,-6,-5,-4,-3,-2,-1,0,1,2,3
m412,cpu,memory,0.4916819042458437,0.5187956041004521,0.4813189352335076,0.44556626241684516,0.3627102002921703,0.38300527497284587,0.4193405762053124,0.4003226576142103,0.3624125762083714,0.3684168239541265,0.37801398895758137,0.4105744845343807,0.48931682513760616,0.5321042614901722
