name,machine_type,trace,-10,-9,-8,-7,-6,-5,-4,-3,-2,-1,0,1,2,3
m17,cpu,memory,26.377618615486508,26.391446777318816,26.391885741914734,26.439643200017738,26.45435449100801,26.462627188483445,26.425957034930633,26.41576098791648,26.43789834352817,26.418736672791585,26.3205494510229,26.329387714380957,26.3117915495731,26.502183629896344
