name,machine_type,trace,-10,-9,-8,-7,-6,-5,-4,-3,-2,-1,0,1,2,3
m334,cpu,memory,13.779147058613294,13.689822867540524,13.597871026692475,13.618421294657931,13.638453684973276,13.590098629169756,13.574592905857477,13.588496990991937,13.574726325225352,13.57958939303607,13.55491508849172,13.537531701108147,13.595462208911044,13.659806033529726
