name,machine_type,trace,-10,-9,-8,-7,-6,-5,-4,-3,-2,-1,0,1,2,3
m270,cpu,memory,31.385630487431314,31.40713332224007,31.419018699494643,31.39814084496122,31.386676613852927,31.418007757554417,31.42285792894469,31.385682581740667,31.355591555188383,31.320184082889682,31.313289058420196,31.294464234561048,31.28432280517437,31.316592201082095
