name,machine_type,trace,-10,-9,-8,-7,-6,-5,-4,-3,-2,-1,0,1,2,3
m111,cpu,memory,53.5846107386755,53.44723309859192,53.65427345066224,53.55379200838161,53.425135116586155,53.498974660192154,53.534827762205346,53.5691199506152,53.629818201158066,53.59242417900428,53.49189770884079,53.74522224007833,53.796470016908245,53.67108598038552
m199,cpu,memory,26.77812779230798,26.797858209103044,26.812617959915976,26.79832736076115,26.792285783808254,26.781411853914715,26.770032830696945,26.707646917613033,26.62374479215915,26.431536780308786,26.286895416009713,26.11744514582803,25.90776832764122,25.723913526611504
