name,machine_type,trace,-10,-9,-8,-7,-6,-5,-4,-3,-2,-1,0,1,2,3
m390,cpu,memory,44.91017916406624,42.45897770006168,40.97818696175145,39.0864647509156,37.60726319191465,35.76615615656908,34.303754609134884,32.44690221833016,30.988981589795355,29.27162524129206,27.864311709086476,25.920204732831607,24.568291505338365,22.700032480574727
m196,cpu,memory,36.6953115700825,36.729202149605044,37.422146165834604,38.19485085914117,38.17466875704674,38.129543524825756,38.11481072978918,38.110434807803195,38.16172589559961,38.25938737940243,38.29376129454601,38.2872768156366,38.28065518407131,38.26351206749533
m54,cpu,memory,37.32998305276711,37.34319597739858,37.363336434332915,37.40971596766603,37.40899452205622,37.376594790048124,37.4397036138943,37.619273504649506,37.650750179255915,37.696360766888205,37.69971807286673,37.667560134551124,37.65991211447712,37.680285129343204
m146,cpu,memory,28.89717629194342,28.879611323146392,28.817559680618874,28.995404503907405,29.06695709786782,29.095871156477312,29.1603877381717,29.24205000897718,29.31553710959328,29.371311739934185,29.40777447598122,29.466650434645235,29.53006965312035,29.61467838336336
