name,machine_type,trace,-10,-9,-8,-7,-6,-5,-4,-3,-2,-1,0,1,2,3
m128,cpu,memory,0.4621529744207552,0.43750073068326345,0.40119372292648137,0.4124719894653191,0.39746921958893233,0.4040393619490504,0.4722545254053952,0.5564040609694836,1.0709208141662114,0.633978292691241,0.4814170411412082,0.40003125507124465,0.3779775305128788,0.40999970560657734
