name,machine_type,trace,-10,-9,-8,-7,-6,-5,-4,-3,-2,-1,0,1,2,3
m56,cpu,memory,0.9216037079616339,0.9188805183358038,0.9102678701502092,0.905967212326289,0.9190274121732347,1.0158160645304022,7.841742821214874,10.433210522008604,10.36158668964803,10.117725100305776,9.957293645505857,9.841291708347164,9.78034941773403,9.64849993224711
