name,machine_type,trace,-10,-9,-8,-7,-6,-5,-4,-3,-2,-1,0,1,2,3
m296,cpu,memory,29.827802260420544,29.79767721166542,29.801143300481005,29.782757340890804,29.765319073707452,29.767938629995992,29.76734075693395,29.823931583195737,29.862587326871985,29.961027399123157,29.98839518429604,29.989967150903468,30.008969661410006,29.984267770338118
