name,machine_type,trace,-10,-9,-8,-7,-6,-5,-4,-3,-2,-1,0,1,2,3
m93,cpu,memory,0.4722540820041776,0.39758295191699244,0.44034777153764176,0.4797728666258221,0.4541648286798395,0.44384595366468016,0.40821258350750034,0.4212491146239258,0.4542193473772691,0.8737280535740701,1.8628441225482184,2.2452791048369107,2.15700803326949,2.0957415364416905
