name,machine_type,trace,-10,-9,-8,-7,-6,-5,-4,-3,-2,-1,0,1,2,3
m109,cpu,memory,20.46697520631921,20.42496064040201,20.387655360298478,20.407930546897568,20.39129853001368,20.3382614253421,20.34697101840619,20.371742971781057,20.226032564864532,20.299698461403658,20.34843642262078,20.302924269003263,20.252123130836495,20.220696178658283
