name,machine_type,trace,-10,-9,-8,-7,-6,-5,-4,-3,-2,-1,0,1,2,3
m350,cpu,memory,13.681744768921153,13.65675830378748,13.652368373884007,13.628258501511128,13.619486062114529,13.517461325919204,13.570848048713751,13.588014335142441,13.501479528927819,13.535780653253251,13.421324054408023,13.50462633811957,13.441845174039212,13.481855067452742
