name,machine_type,trace,-10,-9,-8,-7,-6,-5,-4,-3,-2,-1,0,1,2,3
m330,cpu,memory,37.41521196841316,37.454980521877154,37.521144383558045,37.68703719733585,37.84410608315548,37.75372195100034,37.71597679767921,37.71282100316558,37.73481363616705,37.75330630769407,37.73219498850018,37.664818974395104,37.5801884372319,37.58729749321578
