name,machine_type,trace,-10,-9,-8,-7,-6,-5,-4,-3,-2,-1,0,1,2,3
m158,cpu,memory,2.407384318945047,2.403940844587168,2.403940844587168,2.368547948094502,2.386509114558173,2.3573208799261907,2.357687433053512,2.352636001394371,2.3532736012889948,2.3529531860773596,2.206772111808199,2.1932539665803494,2.1953218128989267,2.1903197243184294
