name,machine_type,trace,-10,-9,-8,-7,-6,-5,-4,-3,-2,-1,0,1,2,3
m37,cpu,memory,64.35114606220046,64.26242550910628,64.0846682649791,63.887231804166305,63.69218315967544,63.43867595485399,63.41851556077424,63.37720193543537,63.24604954949199,63.16226190122181,63.062138242568146,62.89191227633427,62.860405301412065,62.79550923709188
