name,machine_type,trace,-10,-9,-8,-7,-6,-5,-4,-3,-2,-1,0,1,2,3
m196,cpu,memory,6.59722260495807,7.065034323789514,6.681399449714484,6.84110979339094,6.84110979339094,6.89445154565936,6.869092432061298,6.683670360294541,6.3139356184603095,6.52668066331472,6.52668066331472,6.712350309311476,6.5461906257759255,6.443361696362745
m54,cpu,memory,0.44032280865363405,0.4749408149017407,0.4679624616281494,0.4566837912637661,0.4566837912637661,0.4444982407304991,0.3714920666386468,0.45944985017131457,0.4744355581581173,0.4815885497858955,0.4815885497858955,0.46203456333626136,0.45166331577719776,0.49015589939507603
m267,cpu,memory,0.3721725485546222,0.39145688257370237,0.37304681927593636,0.44306023335236994,0.44306023335236994,0.42453173373692893,0.38126507516936253,0.3718223758506289,0.4243777349891005,0.3693932704510598,0.3693932704510598,0.37055712016842696,0.49723934990905605,0.46558658001146797
m278,cpu,memory,0.9892764873705221,0.9679129745518996,0.9136313604350141,1.025322032936809,1.025322032936809,0.9697800911420229,0.9648273458294658,0.9842704867383335,0.9980635530584478,1.009695039969813,1.009695039969813,1.0149654432058148,1.0255511381061937,1.046579533589805
