name,machine_type,trace,-10,-9,-8,-7,-6,-5,-4,-3,-2,-1,0,1,2,3
m237,cpu,memory,24.773254218230694,24.773006013076518,24.70963416975694,24.73129427183392,24.699614722830106,24.695304725132555,24.650966234346495,24.59299442996741,24.534671216155584,24.49766138953332,24.43395426481573,24.39182914992809,24.34660283354578,24.307832400991586
