name,machine_type,trace,-10,-9,-8,-7,-6,-5,-4,-3,-2,-1,0,1,2,3
m391,cpu,memory,7.7129702442756685,7.749554053592989,7.794373597088135,7.802971757736505,7.799442633292225,7.790308751765226,7.767434768989906,7.7666748962550916,7.757363164718088,7.819132490162202,7.9664656209965745,7.939772852758888,7.95896848266268,7.9564465905213435
