name,machine_type,trace,-10,-9,-8,-7,-6,-5,-4,-3,-2,-1,0,1,2,3
m386,cpu,memory,6.817560837218548,6.590666230790753,6.493601269043119,6.745761779628835,6.771265679440636,6.759795744270489,6.369482437849824,6.577454404645032,6.552260836994423,6.538440814897955,6.2395302742444345,6.2395302742444345,6.3811710985117935,6.387379483260493
m315,cpu,memory,14.994145296238228,14.990466287076837,14.999238499318018,14.991930530905828,14.990589607292804,14.990543368482252,14.985266043252755,15.001186861886355,14.821439763403093,14.696683003886296,14.883255479094707,14.883255479094707,14.8802685240928,14.876433004847922
