name,machine_type,trace,-10,-9,-8,-7,-6,-5,-4,-3,-2,-1,0,1,2,3
m302,cpu,memory,31.69942215901844,31.569536058461875,31.600944113047436,31.611911364322932,31.704756697450314,31.723325481471132,31.57132207751201,31.50285917485072,31.570991804419467,31.407785153475906,31.435863928725908,31.398161302775232,31.56364988716708,31.55775543910632
