name,machine_type,trace,-10,-9,-8,-7,-6,-5,-4,-3,-2,-1,0,1,2,3
m362,cpu,memory,4.512113963752416,4.507145759188543,4.55382579396422,4.492729895935257,4.472410944626717,4.635029085888433,4.616520310935183,4.582111805132331,4.56794583782672,4.542206567141902,4.510097303121522,4.489310172001478,4.452110721146674,4.495507426134661
m236,cpu,memory,26.52033985963976,26.571861989105507,26.568813968480278,26.329798511704954,26.46799976811975,26.310634974508012,26.24277244460603,26.18840501558256,26.154044578327156,26.162841399072036,26.17657269236899,26.159124127473323,25.979043843100783,25.874880917557668
