name,machine_type,trace,-10,-9,-8,-7,-6,-5,-4,-3,-2,-1,0,1,2,3
m394,cpu,memory,0.42423712578492034,0.3427757095865826,0.3485824078365348,0.45292544174989996,0.4083214056546919,0.3793159302399046,0.3773621412504185,0.38714037435576454,0.3757860107516597,0.3392850879857741,0.3484909272952132,0.46495382596660234,0.4213012050905408,0.4213012050905408
