name,machine_type,trace,-10,-9,-8,-7,-6,-5,-4,-3,-2,-1,0,1,2,3
m260,cpu,utilization,21.95,25.97,24.82,24.233333333,24.2,25.871666667,16.02,25.36,25.7,25.7,27.885,28.36,21.525,25.346666667
