name,machine_type,trace,-10,-9,-8,-7,-6,-5,-4,-3,-2,-1,0,1,2,3
m406,cpu,utilization,27.385,27.4,27.773333333,27.89,27.9,28.19,28.586666667,27.47,28.755,27.886666667,27.73,28.07,28.64,27.144166667
