name,machine_type,trace,-10,-9,-8,-7,-6,-5,-4,-3,-2,-1,0,1,2,3
m168,cpu,utilization,10.178333333,10.053333333,9.9,9.9266666667,9.97,9.9,9.9433333333,10.06,9.9,9.9916666667,10.4,10.326666667,10.013333333,10.1
