name,machine_type,trace,-10,-9,-8,-7,-6,-5,-4,-3,-2,-1,0,1,2,3
m204,cpu,utilization,35.541666667,37.1,37.066666667,36.673333333,36.513333333,36.46,35.2,35.2,35.165,34.9,34.866666667,34.515,34.8,34.8
