name,machine_type,trace,-10,-9,-8,-7,-6,-5,-4,-3,-2,-1,0,1,2,3
m9,cpu,utilization,8.8,8.8066666667,9.0,9.0,8.8,8.8,8.8,8.6066666667,8.9,8.9,8.6,8.89,8.9,8.9
m215,cpu,utilization,13.126666667,12.103333333,11.425,11.425,13.2,13.0,14.546666667,11.99,11.0,13.223333333,12.3,13.073333333,12.34,12.34
