name,machine_type,trace,-10,-9,-8,-7,-6,-5,-4,-3,-2,-1,0,1,2,3
m99,cpu,utilization,26.958333333,26.691666667,26.69,26.866666667,23.633333333,22.0,22.715,22.766666667,22.6,22.25,22.1,22.833333333,23.028333333,23.0
