name,machine_type,trace,-10,-9,-8,-7,-6,-5,-4,-3,-2,-1,0,1,2,3
m409,cpu,utilization,19.181666667,19.8,19.8,19.695,19.11,20.025,18.7,18.3,18.373333333,18.76,19.1,19.14,19.14,18.5
