name,machine_type,trace,-10,-9,-8,-7,-6,-5,-4,-3,-2,-1,0,1,2,3
m193,cpu,utilization,19.683333333,19.7,17.46,19.023333333,6.8416666667,15.193333333,12.333333333,17.05,19.346666667,19.18,19.1,18.96,18.9,19.6
