name,machine_type,trace,-10,-9,-8,-7,-6,-5,-4,-3,-2,-1,0,1,2,3
m143,cpu,utilization,31.241666667,31.3,30.433333333,30.383333333,29.233333333,29.0,28.583333333,28.916666667,29.085,28.493333333,27.32,28.226666667,28.93,29.093333333
