name,machine_type,trace,-10,-9,-8,-7,-6,-5,-4,-3,-2,-1,0,1,2,3
m343,cpu,utilization,10.9,10.9,10.9,10.9,10.9,12.45,20.2,20.226666667,20.4,20.4,20.415,20.476666667,20.3,20.313333333
