name,machine_type,trace,-10,-9,-8,-7,-6,-5,-4,-3,-2,-1,0,1,2,3
m134,cpu,utilization,3.1,3.1733333333,3.2,3.1216666667,3.1,3.1,3.1,3.1,3.1,3.1,3.1,3.1,3.1,3.1
