name,machine_type,trace,-10,-9,-8,-7,-6,-5,-4,-3,-2,-1,0,1,2,3
m383,cpu,utilization,10.966666667,11.3,11.313333333,11.4,10.29,0.30666666667,0.4,0.4,0.41666666667,0.86,0.3,0.31666666667,0.49,0.3
