name,machine_type,trace,-10,-9,-8,-7,-6,-5,-4,-3,-2,-1,0,1,2,3
m280,cpu,utilization,28.286666667,28.1,28.4,28.5,28.26,28.2,28.2,28.291666667,28.3,28.113333333,28.1,28.1,27.93,28.063333333
