name,machine_type,trace,-10,-9,-8,-7,-6,-5,-4,-3,-2,-1,0,1,2,3
m193,cpu,utilization,26.533333333,37.433333333,46.583333333,26.025,39.51,47.738333333,27.02,48.13,32.155,49.98,31.01,50.32,29.305,23.713333333
m391,cpu,utilization,27.45,29.616666667,48.466666667,27.33,31.19,49.253333333,30.663333333,49.545,32.025,50.566666667,33.98,51.0,27.105,25.283333333
m317,cpu,utilization,38.668333333,44.1,54.766666667,37.25,48.685,57.63,38.583333333,56.185,43.028333333,58.56,41.64,57.02,40.46,39.576666667
m179,cpu,utilization,25.821666667,35.716666667,46.65,25.17,37.45,47.003333333,26.218333333,48.725,32.073333333,49.3,30.6,49.833333333,29.025,23.786666667
m150,cpu,utilization,30.73,35.716666667,49.116666667,29.175,37.565,50.801666667,30.993333333,49.9,35.291666667,51.986666667,34.19,50.773333333,31.995,28.103333333
m382,cpu,utilization,36.113333333,45.716666667,53.816666667,35.46,46.22,54.475,37.12,53.545,40.681666667,55.926666667,40.0,55.86,38.285,34.246666667
m271,cpu,utilization,35.89,47.233333333,53.466666667,35.885,49.095,54.27,36.318333333,54.095,40.416666667,55.953333333,40.43,56.546666667,38.725,33.543333333
m294,cpu,utilization,34.398333333,49.633333333,52.3,32.965,51.41,51.453333333,32.91,52.76,38.48,55.28,39.99,54.773333333,35.89,30.0
