name,machine_type,trace,-10,-9,-8,-7,-6,-5,-4,-3,-2,-1,0,1,2,3
m194,cpu,utilization,18.1,19.47,21.851666667,23.35,23.01,21.7,21.3,21.886666667,21.64,21.5,22.38,22.6,22.68,21.95
