name,machine_type,trace,-10,-9,-8,-7,-6,-5,-4,-3,-2,-1,0,1,2,3
m254,cpu,utilization,13.8025,19.0,19.0,17.356666667,17.3,17.3,17.1,17.1,16.7,16.798333333,16.993333333,17.0,18.836666667,18.9
