name,machine_type,trace,-10,-9,-8,-7,-6,-5,-4,-3,-2,-1,0,1,2,3
m354,cpu,utilization,28.973333333,29.905,29.986666667,29.6,29.0,28.186666667,25.76,26.786666667,29.738333333,30.23,30.4,29.635,28.458333333,26.7
m29,cpu,utilization,18.806666667,21.115,30.316666667,29.766666667,29.15,30.353333333,26.886666667,22.666666667,25.631666667,29.04,28.7,29.42,30.831666667,30.05
