name,machine_type,trace,-10,-9,-8,-7,-6,-5,-4,-3,-2,-1,0,1,2,3
m266,cpu,utilization,26.71,26.285,25.131666667,25.24,26.075,25.82,25.4,25.4,25.141666667,24.9,25.431666667,25.69,25.186666667,25.495
