name,machine_type,trace,-10,-9,-8,-7,-6,-5,-4,-3,-2,-1,0,1,2,3
m148,cpu,utilization,17.216666667,17.411666667,17.48,17.3,17.34,17.66,17.1,17.1,17.198333333,16.905,17.7,17.7,17.306666667,17.393333333
