name,machine_type,trace,-10,-9,-8,-7,-6,-5,-4,-3,-2,-1,0,1,2,3
m155,cpu,utilization,5.52,5.6,5.66,5.9266666667,5.6,5.6266666667,5.6783333333,5.6,5.57,5.5533333333,5.7,5.675,5.6,5.66
