name,machine_type,trace,-10,-9,-8,-7,-6,-5,-4,-3,-2,-1,0,1,2,3
m234,cpu,utilization,30.6,30.57,30.5,30.523333333,30.575,30.543333333,30.683333333,30.6,30.61,30.686666667,30.61,30.7,30.74,31.1
