name,machine_type,trace,-10,-9,-8,-7,-6,-5,-4,-3,-2,-1,0,1,2,3
m346,cpu,utilization,29.483333333,28.86,28.455,29.1,29.166666667,28.823333333,28.08,28.2,28.286666667,28.746666667,29.2,28.95,28.433333333,28.766666667
