name,machine_type,trace,-10,-9,-8,-7,-6,-5,-4,-3,-2,-1,0,1,2,3
m170,cpu,utilization,3.18,2.6133333333,2.8,2.79,2.6066666667,2.7,2.6883333333,2.6116666667,2.7,2.6916666667,2.605,2.7233333333,3.3766666667,2.7
