name,machine_type,trace,-10,-9,-8,-7,-6,-5,-4,-3,-2,-1,0,1,2,3
m310,cpu,utilization,15.851666667,15.7,16.583333333,16.2,16.683333333,16.8,16.28,16.533333333,16.6,16.6,16.6,16.6,16.68,16.366666667
