name,machine_type,trace,-10,-9,-8,-7,-6,-5,-4,-3,-2,-1,0,1,2,3
m131,cpu,utilization,25.051666667,25.1,25.1,46.0,55.526666667,36.473333333,46.473333333,61.505,41.475,44.291666667,57.3,49.2,57.566666667,45.195
m105,cpu,utilization,28.796666667,28.755,28.8,47.885,56.086666667,38.56,47.81,63.131666667,45.133333333,46.386666667,57.45,46.95,55.813333333,48.801666667
m393,cpu,utilization,28.603333333,28.7,28.7,49.05,64.473333333,44.84,47.923333333,60.393333333,41.93,46.29,57.55,39.3,48.273333333,46.386666667
m56,cpu,utilization,28.6,28.6,28.658333333,48.995,64.8,45.166666667,47.871666667,59.858333333,41.365,41.695,55.45,41.85,48.066666667,56.781666667
