name,machine_type,trace,-10,-9,-8,-7,-6,-5,-4,-3,-2,-1,0,1,2,3
m271,cpu,utilization,27.41,30.575,45.04,47.59,47.8,47.725,47.525,47.36,47.81,49.36,46.64,47.0,46.643333333,46.406666667
m158,cpu,utilization,24.448333333,22.8,23.021666667,23.17,22.773333333,23.475,22.725,23.4,23.64,23.88,22.766666667,22.05,22.2,22.433333333
