name,machine_type,trace,-10,-9,-8,-7,-6,-5,-4,-3,-2,-1,0,1,2,3
m69,cpu,utilization,28.3,28.3,28.3,28.3,28.3,28.3,28.3,28.311666667,28.385,28.3,28.333333333,28.45,28.2,28.2
m394,cpu,utilization,28.225,28.49,28.2,28.213333333,28.388333333,28.3,28.32,28.5,28.5,28.485,28.4,28.383333333,28.263333333,28.1
