name,machine_type,trace,-10,-9,-8,-7,-6,-5,-4,-3,-2,-1,0,1,2,3
m99,cpu,utilization,81.19,80.7,81.026666667,82.186666667,73.423333333,42.675,43.843333333,62.261666667,80.96,81.6,81.28,80.201666667,81.21,74.483333333
