name,machine_type,trace,-10,-9,-8,-7,-6,-5,-4,-3,-2,-1,0,1,2,3
m325,cpu,utilization,28.266666667,27.895,27.845,28.641666667,27.993333333,27.851666667,27.851666667,26.461666667,27.49,27.308333333,27.4,27.47,28.083333333,27.9
