name,machine_type,trace,-10,-9,-8,-7,-6,-5,-4,-3,-2,-1,0,1,2,3
m156,cpu,utilization,22.165,24.106666667,24.451666667,21.99,22.85,22.825,20.648333333,23.3,22.393333333,20.863333333,23.3,22.251666667,20.416666667,23.1
