name,machine_type,trace,-10,-9,-8,-7,-6,-5,-4,-3,-2,-1,0,1,2,3
m397,cpu,utilization,31.64,32.3,32.1,31.566666667,31.3,31.395,31.568333333,31.5,31.74,32.0,31.26,32.1,31.733333333,31.0
