name,machine_type,trace,-10,-9,-8,-7,-6,-5,-4,-3,-2,-1,0,1,2,3
m161,cpu,utilization,16.986666667,16.75,16.59,16.84,17.1,17.155,16.56,16.0,16.241666667,16.63,16.8,16.333333333,16.091666667,16.74
m243,cpu,utilization,33.36,31.2,31.965,33.9,34.25,33.84,33.3,33.7,32.553333333,30.9,32.253333333,33.28,32.8,32.8
