name,machine_type,trace,-10,-9,-8,-7,-6,-5,-4,-3,-2,-1,0,1,2,3
m8,cpu,utilization,22.266666667,24.38,16.34,16.376666667,18.303333333,20.4,18.525,15.973333333,16.1,18.281666667,21.746666667,16.468333333,17.075,16.1
m318,cpu,utilization,20.0,15.8,17.33,18.246666667,17.651666667,17.533333333,16.191666667,19.386666667,23.725,21.481666667,17.84,18.226666667,23.125,22.01
