name,machine_type,trace,-10,-9,-8,-7,-6,-5,-4,-3,-2,-1,0,1,2,3
m362,cpu,utilization,9.2566666667,10.426666667,11.33,9.5,5.38,5.56,5.325,6.42,6.06,4.8916666667,3.61,6.55,11.2,9.75
