name,machine_type,trace,-10,-9,-8,-7,-6,-5,-4,-3,-2,-1,0,1,2,3
m218,cpu,utilization,24.94,20.556666667,30.5,30.5,30.5,30.545,30.45,30.058333333,30.16,30.6,30.6,30.36,30.44,30.946666667
m137,cpu,utilization,9.3,9.3,9.19,9.0,9.16,9.355,9.3,9.3483333333,9.4,9.4,9.3566666667,9.3,9.3,9.1466666667
