name,machine_type,trace,-10,-9,-8,-7,-6,-5,-4,-3,-2,-1,0,1,2,3
m25,cpu,utilization,25.12,25.1,25.1,25.1,25.1,25.1,25.1,25.1,25.1,25.023333333,25.0,25.078333333,25.1,25.1
