name,machine_type,trace,-10,-9,-8,-7,-6,-5,-4,-3,-2,-1,0,1,2,3
m184,cpu,utilization,16.6,16.66,17.2,17.2,17.203333333,17.366666667,16.9,16.93,17.408333333,16.4,16.505,17.1,17.108333333,17.19
