name,machine_type,trace,-10,-9,-8,-7,-6,-5,-4,-3,-2,-1,0,1,2,3
m57,cpu,utilization,0.3,0.39,0.4,0.31833333333,0.38333333333,0.4,0.315,0.3,0.3,0.3,0.56,0.6,0.6,0.44333333333
m217,cpu,utilization,9.3916666667,9.94,10.0,8.8566666667,9.0166666667,8.6833333333,9.79,8.7633333333,9.15,9.2,9.1133333333,9.27,9.3,8.9083333333
