name,machine_type,trace,-10,-9,-8,-7,-6,-5,-4,-3,-2,-1,0,1,2,3
m185,cpu,utilization,18.286666667,19.025,19.25,16.113333333,13.15,13.621666667,13.678333333,13.718333333,12.271666667,10.723333333,13.053333333,17.49,19.645,19.48
