name,machine_type,trace,-10,-9,-8,-7,-6,-5,-4,-3,-2,-1,0,1,2,3
m375,cpu,utilization,26.458333333,26.04,23.65,25.04,25.613333333,26.18,26.241666667,24.9,24.996666667,25.1,26.42,27.616666667,26.898333333,25.29
