name,machine_type,trace,-10,-9,-8,-7,-6,-5,-4,-3,-2,-1,0,1,2,3
m132,cpu,utilization,2.6166666667,2.7,2.6783333333,2.6183333333,2.7,2.6783333333,2.6183333333,2.7,2.6866666667,2.615,2.7,2.6783333333,2.6233333333,2.7
