name,machine_type,trace,-10,-9,-8,-7,-6,-5,-4,-3,-2,-1,0,1,2,3
m168,cpu,utilization,18.09,17.498333333,17.473333333,18.4,16.95,16.668333333,18.65,18.065,17.666666667,16.941666667,18.5,18.5,18.501666667,18.606666667
