name,machine_type,trace,-10,-9,-8,-7,-6,-5,-4,-3,-2,-1,0,1,2,3
m218,cpu,utilization,0.31166666667,0.4,0.39,0.3,0.3,0.31166666667,0.44,0.755,0.665,1.25,1.555,8.0733333333,7.9,7.3333333333
