name,machine_type,trace,-10,-9,-8,-7,-6,-5,-4,-3,-2,-1,0,1,2,3
m221,cpu,utilization,20.65,19.18,18.34,20.075,20.915,21.0,20.498333333,20.75,20.9,20.5,20.476666667,20.5,20.265,20.2
m221,cpu,utilization,20.65,19.18,18.34,20.075,20.915,21.0,20.498333333,20.75,20.9,20.5,20.476666667,20.5,20.265,20.2
m364,cpu,utilization,20.033333333,22.06,22.623333333,22.6,22.6,22.75,22.8,24.675,22.871666667,20.04,22.106666667,20.48,21.95,20.12
m134,cpu,utilization,25.2,25.2,25.2,25.2,25.2,17.175,11.346666667,10.325,11.026666667,13.28,19.243333333,23.833333333,24.978333333,25.0
m204,cpu,utilization,17.716666667,17.7,17.546666667,17.875,19.003333333,19.1,17.71,15.925,15.5,17.18,17.6,17.6,17.835,16.22
m87,cpu,utilization,26.2,21.08,24.246666667,26.275,26.5,26.425,26.113333333,26.0,26.156666667,23.96,25.47,26.1,26.178333333,26.6
m300,cpu,utilization,34.85,34.14,35.05,34.575,34.085,33.1,32.8,33.625,33.743333333,32.74,31.503333333,32.006666667,33.083333333,33.94
m300,cpu,utilization,34.85,34.14,35.05,34.575,34.085,33.1,32.8,33.625,33.743333333,32.74,31.503333333,32.006666667,33.083333333,33.94
