name,machine_type,trace,-10,-9,-8,-7,-6,-5,-4,-3,-2,-1,0,1,2,3
m403,cpu,utilization,0.4,0.34833333333,0.34833333333,0.4,0.35,0.35,0.4,0.35333333333,0.34333333333,0.4,0.35333333333,0.35,0.4,0.45
