name,machine_type,trace,-10,-9,-8,-7,-6,-5,-4,-3,-2,-1,0,1,2,3
m276,cpu,utilization,18.71,19.4,19.53,19.798333333,19.02,19.8,19.671666667,19.118333333,19.305,19.9,19.483333333,15.88,9.965,10.613333333
