name,machine_type,trace,-10,-9,-8,-7,-6,-5,-4,-3,-2,-1,0,1,2,3
m277,cpu,utilization,37.16,37.3,29.575,27.788333333,34.553333333,36.34,36.566666667,31.811666667,34.115,27.796666667,26.595,33.72,36.8,36.8
