name,machine_type,trace,-10,-9,-8,-7,-6,-5,-4,-3,-2,-1,0,1,2,3
m309,cpu,utilization,1.32,1.3666666667,1.6333333333,1.7,1.5666666667,1.4283333333,1.4,1.26,1.2,1.2,1.48,1.6683333333,1.7,1.57
