name,machine_type,trace,-10,-9,-8,-7,-6,-5,-4,-3,-2,-1,0,1,2,3
m15,cpu,utilization,80.703333333,47.28,39.0,75.4,81.173333333,82.645,81.045,81.625,81.883333333,71.1,41.153333333,39.591666667,82.0,80.8
