name,machine_type,trace,-10,-9,-8,-7,-6,-5,-4,-3,-2,-1,0,1,2,3
m101,cpu,utilization,27.2,26.6,26.8,27.4,27.175,26.673333333,27.323333333,27.3,26.9,26.965,27.25,27.4,27.35,27.153333333
