name,machine_type,trace,-10,-9,-8,-7,-6,-5,-4,-3,-2,-1,0,1,2,3
m397,cpu,utilization,53.06,44.491666667,61.7,63.7,63.788333333,63.8,63.711666667,53.011666667,54.49,50.166666667,49.2,61.366666667,63.8,63.8
