name,machine_type,trace,-10,-9,-8,-7,-6,-5,-4,-3,-2,-1,0,1,2,3
m237,cpu,utilization,39.7,39.591666667,39.2,39.2,39.283333333,39.64,39.516666667,39.74,38.3,38.501666667,39.455,39.7,39.566666667,39.11
