name,machine_type,trace,-10,-9,-8,-7,-6,-5,-4,-3,-2,-1,0,1,2,3
m399,cpu,utilization,20.3,20.838333333,21.556666667,20.6,20.533333333,20.495,20.7,20.665,20.408333333,20.1,20.195,21.03,21.99,20.7
