name,machine_type,trace,-10,-9,-8,-7,-6,-5,-4,-3,-2,-1,0,1,2,3
m36,cpu,utilization,34.233333333,35.5,36.078333333,36.156666667,36.51,31.87,35.226666667,36.08,35.53,35.63,35.7,35.84,36.31,36.5
