name,machine_type,trace,-10,-9,-8,-7,-6,-5,-4,-3,-2,-1,0,1,2,3
m324,cpu,utilization,17.1,17.033333333,17.0,17.0,16.933333333,16.966666667,17.0,17.065,17.1,17.1,17.038333333,17.18,17.3,17.12
