name,machine_type,trace,-10,-9,-8,-7,-6,-5,-4,-3,-2,-1,0,1,2,3
m413,cpu,utilization,26.3,26.3,26.231666667,26.2,26.2,26.48,26.6,26.6,26.395,26.231666667,26.2,26.2,26.265,26.3
