name,machine_type,trace,-10,-9,-8,-7,-6,-5,-4,-3,-2,-1,0,1,2,3
m241,cpu,utilization,16.133333333,14.533333333,23.891666667,19.84,13.818333333,13.395,14.995,17.951666667,21.795,23.685,21.445,18.153333333,21.075,21.075
m262,cpu,utilization,9.81,10.096666667,10.625,17.06,12.761666667,10.47,12.88,16.03,12.288333333,10.975,11.47,11.78,10.663333333,10.663333333
