name,machine_type,trace,-10,-9,-8,-7,-6,-5,-4,-3,-2,-1,0,1,2,3
m129,cpu,utilization,25.0,25.025,25.73,26.725,25.7,25.7,25.84,25.466666667,24.31,24.8,24.98,25.4,25.273333333,25.0
