name,machine_type,trace,-10,-9,-8,-7,-6,-5,-4,-3,-2,-1,0,1,2,3
m191,cpu,utilization,17.3,17.28,17.0,17.0,16.973333333,16.8,16.85,17.063333333,16.9,16.881666667,16.833333333,17.016666667,17.12,17.2
