name,machine_type,trace,-10,-9,-8,-7,-6,-5,-4,-3,-2,-1,0,1,2,3
m21,cpu,utilization,20.5,20.586666667,20.253333333,20.2,20.56,20.786666667,20.8,20.613333333,20.6,20.595,20.3,20.18,18.393333333,15.315
