name,machine_type,trace,-10,-9,-8,-7,-6,-5,-4,-3,-2,-1,0,1,2,3
m78,cpu,utilization,0.4,0.4,0.4,0.4,0.4,0.4,0.4,0.4,0.45833333333,0.5,0.44,0.52666666667,0.6,0.46
m269,cpu,utilization,0.34833333333,0.63833333333,0.72,0.35,0.3,0.3,0.355,0.34166666667,0.3,0.41333333333,0.38,0.3,0.36666666667,0.33
m328,cpu,utilization,0.865,0.865,0.44666666667,0.5,0.44833333333,0.66666666667,0.625,0.4,0.4,0.4,0.4,0.4,0.46666666667,0.5
m45,cpu,utilization,0.45166666667,0.5,0.96666666667,1.0,0.5,0.5,0.5,0.5,0.5,0.5,0.5,0.37333333333,0.83333333333,0.61
m10,cpu,utilization,0.69,0.59333333333,0.8,0.6,0.4,0.34666666667,0.3,0.3,0.41666666667,0.38666666667,0.3,0.36333333333,0.33333333333,0.3
m286,cpu,utilization,0.4,0.44833333333,0.45333333333,0.4,0.4,0.34666666667,0.41,0.5,0.44166666667,0.45666666667,0.44,0.46333333333,0.5,0.43
m262,cpu,utilization,0.44833333333,0.4,0.4,0.5,0.49666666667,0.4,0.455,0.44166666667,0.4,0.4,0.4,0.4,0.4,0.61
m282,cpu,utilization,0.44833333333,0.4,0.44666666667,0.45,0.4,0.45333333333,0.885,1.2,0.79166666667,0.44333333333,0.4,0.46333333333,0.43333333333,0.4
