name,machine_type,trace,-10,-9,-8,-7,-6,-5,-4,-3,-2,-1,0,1,2,3
m408,cpu,utilization,17.086666667,17.005,17.28,17.106666667,17.1,16.815,16.705,16.7,16.79,16.98,17.0,16.541666667,16.5,16.5
m37,cpu,utilization,16.64,16.885,16.9,16.416666667,16.4,16.685,16.7,17.365,17.4,17.13,17.01,17.0,16.45,17.333333333
