name,machine_type,trace,-10,-9,-8,-7,-6,-5,-4,-3,-2,-1,0,1,2,3
m307,cpu,utilization,0.36333333333,0.5,0.4,0.235,0.26333333333,0.2,0.2,0.2,0.655,1.08,0.26166666667,0.2,0.2,0.23833333333
