name,machine_type,trace,-10,-9,-8,-7,-6,-5,-4,-3,-2,-1,0,1,2,3
m143,cpu,utilization,18.7,18.7,18.0,18.2,18.2,18.203333333,18.4,18.4,18.695,18.9,18.9,18.703333333,18.7,18.68
