name,machine_type,trace,-10,-9,-8,-7,-6,-5,-4,-3,-2,-1,0,1,2,3
m125,cpu,utilization,8.5,8.5,8.5,8.61,8.7,8.7,8.5933333333,8.5,8.5,8.5966666667,8.7,8.7,8.7,8.5833333333
