name,machine_type,trace,-10,-9,-8,-7,-6,-5,-4,-3,-2,-1,0,1,2,3
m390,cpu,utilization,16.0,16.0,17.076666667,16.8,16.791666667,16.79,17.46,16.2,16.26,16.893333333,16.893333333,16.6,16.6,16.575
