name,machine_type,trace,-10,-9,-8,-7,-6,-5,-4,-3,-2,-1,0,1,2,3
m295,cpu,utilization,8.8,8.8,8.4133333333,8.4,8.4,8.8,8.8,10.795,9.0633333333,8.6266666667,8.6,8.4066666667,8.4933333333,8.5
m62,cpu,utilization,8.7525,8.7525,8.9,8.9,8.7033333333,8.7,10.053333333,10.29,8.3666666667,8.4866666667,8.8666666667,8.5133333333,8.5933333333,8.6
