name,machine_type,trace,-10,-9,-8,-7,-6,-5,-4,-3,-2,-1,0,1,2,3
m156,cpu,utilization,22.31,25.1,25.46,25.761666667,25.8,25.74,25.758333333,25.8,20.53,17.916666667,18.825,22.44,25.406666667,25.5
