name,machine_type,trace,-10,-9,-8,-7,-6,-5,-4,-3,-2,-1,0,1,2,3
m150,cpu,utilization,36.84,28.646666667,29.83,35.99,36.235,31.35,34.826666667,38.5,40.16,39.773333333,40.746666667,37.933333333,33.14,35.0
