name,machine_type,trace,-10,-9,-8,-7,-6,-5,-4,-3,-2,-1,0,1,2,3
m273,cpu,utilization,18.78,19.92,19.803333333,19.126666667,19.625,19.37,18.5,19.463333333,18.84,17.853333333,18.753333333,19.675,19.08,19.993333333
m395,cpu,utilization,39.77,39.62,35.223333333,31.48,35.875,39.648333333,39.985,40.3,38.316666667,38.4,39.8,38.633333333,33.72,31.0
