name,machine_type,trace,-10,-9,-8,-7,-6,-5,-4,-3,-2,-1,0,1,2,3
m87,cpu,utilization,24.153333333,25.316666667,25.4,21.24,22.04,22.14,22.0,22.66,24.7,25.535,26.48,27.643333333,25.45,22.945
