name,machine_type,trace,-10,-9,-8,-7,-6,-5,-4,-3,-2,-1,0,1,2,3
m362,cpu,utilization,16.866666667,17.326666667,17.4,16.88,15.18,17.291666667,17.058333333,17.0,16.558333333,16.588333333,16.6,16.335,16.565,16.6
