name,machine_type,trace,-10,-9,-8,-7,-6,-5,-4,-3,-2,-1,0,1,2,3
m252,cpu,utilization,23.653333333,23.5,22.8,19.72,16.6,16.621666667,16.656666667,16.5,16.53,16.686666667,15.226666667,6.405,7.0,7.02
