name,machine_type,trace,-10,-9,-8,-7,-6,-5,-4,-3,-2,-1,0,1,2,3
m59,cpu,utilization,15.633333333,15.7,15.7,15.093333333,14.91,14.9,14.811666667,15.753333333,14.751666667,14.6,16.3,16.6,15.805,14.17
