name,machine_type,trace,-10,-9,-8,-7,-6,-5,-4,-3,-2,-1,0,1,2,3
m329,cpu,utilization,17.31,17.573333333,17.2,17.208333333,17.3,17.3,17.28,17.09,17.0,17.045,17.7475,17.7475,20.113333333,13.513333333
