name,machine_type,trace,-10,-9,-8,-7,-6,-5,-4,-3,-2,-1,0,1,2,3
m277,cpu,utilization,6.8,6.8,6.54,6.4,6.465,4.81,3.1483333333,2.155,1.525,1.4,1.775,1.5933333333,1.5,1.4233333333
