name,machine_type,trace,-10,-9,-8,-7,-6,-5,-4,-3,-2,-1,0,1,2,3
m15,cpu,utilization,12.5,12.5,12.84,12.233333333,12.1,12.1,12.1,12.345,13.6,14.063333333,24.555,26.825,26.12,27.386666667
