name,machine_type,trace,-10,-9,-8,-7,-6,-5,-4,-3,-2,-1,0,1,2,3
m170,cpu,utilization,19.105,20.435,15.878333333,18.16,16.771666667,16.771666667,19.1,22.0,23.376666667,16.773333333,19.006666667,17.840833333,17.840833333,17.871666667
