name,machine_type,trace,-10,-9,-8,-7,-6,-5,-4,-3,-2,-1,0,1,2,3
m270,cpu,utilization,33.2,31.653333333,32.803333333,35.8,35.533333333,35.506666667,33.85,33.96,36.666666667,36.593333333,34.22,32.126666667,31.86,34.133333333
m391,cpu,utilization,16.2,16.2,16.345,16.34,16.2,16.251666667,16.35,16.4,16.4,16.306666667,15.826666667,15.4,15.4,15.65
m111,cpu,utilization,37.766666667,30.231666667,32.526666667,40.146666667,38.973333333,39.168333333,33.7,33.393333333,40.226666667,40.086666667,39.08,38.6,35.04,33.991666667
m277,cpu,utilization,36.843333333,36.513333333,31.605,28.346666667,29.646666667,29.445,29.45,29.413333333,25.653333333,22.626666667,29.446666667,36.29,36.88,37.0
