name,machine_type,trace,-10,-9,-8,-7,-6,-5,-4,-3,-2,-1,0,1,2,3
m392,cpu,utilization,32.54,50.8,68.25,56.6,72.525,69.24,61.65,68.29,59.761666667,71.496666667,58.181666667,34.753333333,71.685,54.686666667
m275,cpu,utilization,30.986666667,46.25,64.8,52.85,70.15,66.03,56.125,65.07,57.223333333,68.665,57.955,34.306666667,68.195,54.04
m114,cpu,utilization,30.04,42.05,63.45,51.275,69.2,63.856666667,51.875,65.636666667,58.63,68.518333333,61.303333333,34.186666667,67.85,56.548333333
m288,cpu,utilization,25.2,36.075,64.475,56.075,68.9,61.433333333,44.725,64.093333333,54.413333333,68.273333333,60.716666667,31.36,65.98,47.106666667
