name,machine_type,trace,-10,-9,-8,-7,-6,-5,-4,-3,-2,-1,0,1,2,3
m35,cpu,utilization,20.513333333,20.416666667,20.155,20.1,20.266666667,20.473333333,20.5,20.316666667,20.106666667,20.39,20.4,20.493333333,20.32,20.3
m256,cpu,utilization,20.4,20.4,20.4,20.318333333,20.466666667,20.5,20.326666667,20.3,20.396666667,20.69,20.7,20.513333333,20.5,20.5
