name,machine_type,trace,-10,-9,-8,-7,-6,-5,-4,-3,-2,-1,0,1,2,3
m11,cpu,utilization,22.98,18.976666667,15.933333333,24.23,18.866666667,21.54,20.953333333,22.775,21.521666667,19.273333333,26.31,23.513333333,21.29,21.733333333
m245,cpu,utilization,25.04,25.69,21.2,17.66,21.7,21.6,20.123333333,22.16,18.916666667,20.976666667,26.52,24.003333333,15.605,18.116666667
