name,machine_type,trace,-10,-9,-8,-7,-6,-5,-4,-3,-2,-1,0,1,2,3
m114,cpu,utilization,17.538333333,18.45,18.58,18.5,18.656666667,17.725,18.32,18.675,18.413333333,18.778333333,19.0,18.753333333,18.78,18.9
m143,cpu,utilization,16.3,16.3,16.3,16.3,16.143333333,16.175,16.2,16.125,16.243333333,16.3,16.236666667,16.261666667,16.3,16.19
