name,machine_type,trace,-10,-9,-8,-7,-6,-5,-4,-3,-2,-1,0,1,2,3
m116,cpu,utilization,18.583333333,20.391666667,18.103333333,18.2525,18.2525,17.5,18.756666667,18.606666667,18.206666667,18.01,17.613333333,18.253333333,18.113333333,19.476666667
