name,machine_type,trace,-10,-9,-8,-7,-6,-5,-4,-3,-2,-1,0,1,2,3
m385,cpu,utilization,21.58,21.3,21.328333333,21.426666667,21.196666667,20.46,21.518333333,21.413333333,19.2,16.16,21.0,20.933333333,20.653333333,20.62
