name,machine_type,trace,-10,-9,-8,-7,-6,-5,-4,-3,-2,-1,0,1,2,3
m17,cpu,utilization,18.0,17.903333333,18.096666667,18.1,17.913333333,18.093333333,18.1,18.1,18.006666667,18.0,17.903333333,18.18,18.2,17.813333333
