name,machine_type,trace,-10,-9,-8,-7,-6,-5,-4,-3,-2,-1,0,1,2,3
m34,cpu,utilization,0.4,0.4,0.4,0.44166666667,0.5,0.455,0.445,0.5,0.45166666667,0.44833333333,0.5,0.45333333333,0.45,0.5
