name,machine_type,trace,-10,-9,-8,-7,-6,-5,-4,-3,-2,-1,0,1,2,3
m394,cpu,utilization,25.49,26.516666667,28.915,28.46,26.053333333,29.238333333,30.1,26.496666667,26.261666667,28.646666667,29.381666667,26.188333333,25.14,24.943333333
