name,machine_type,trace,-10,-9,-8,-7,-6,-5,-4,-3,-2,-1,0,1,2,3
m37,cpu,utilization,73.046666667,72.185,70.583333333,72.72,71.76,71.576666667,72.2,73.266666667,73.491666667,73.87,73.583333333,72.745,72.31,72.878333333
