name,machine_type,trace,-10,-9,-8,-7,-6,-5,-4,-3,-2,-1,0,1,2,3
m29,cpu,utilization,18.491666667,18.5,18.403333333,18.491666667,18.5,18.41,18.49,18.5,18.403333333,18.491666667,18.5,18.326666667,18.473333333,18.5
m116,cpu,utilization,27.4,27.013333333,27.0,25.991666667,26.908333333,26.91,27.44,26.94,24.386666667,26.866666667,27.011666667,26.826666667,27.666666667,27.065
m121,cpu,utilization,24.6,24.31,24.493333333,24.5,24.133333333,24.28,26.19,24.346666667,24.393333333,24.4,24.4,24.66,24.353333333,24.3
m21,cpu,utilization,29.733333333,32.12,32.2,31.375,32.033333333,31.2,31.1,29.326666667,27.943333333,27.9,30.02,28.306666667,28.0,29.796666667
