name,machine_type,trace,-10,-9,-8,-7,-6,-5,-4,-3,-2,-1,0,1,2,3
m412,cpu,utilization,28.436666667,28.23,28.29,28.55,28.2,28.235,28.338333333,28.48,28.51,28.625,28.9,28.713333333,28.693333333,28.9
