name,machine_type,trace,-10,-9,-8,-7,-6,-5,-4,-3,-2,-1,0,1,2,3
m364,cpu,utilization,12.4,12.35,13.066666667,13.8,13.646666667,16.165,21.3,21.41,21.676666667,21.8,21.838333333,21.691666667,21.4,21.31
