name,machine_type,trace,-10,-9,-8,-7,-6,-5,-4,-3,-2,-1,0,1,2,3
m111,cpu,utilization,24.936666667,24.985,25.0,25.085,24.84,25.716666667,25.04,26.46,26.46,24.745,25.7,25.7,26.2,24.8
