name,machine_type,trace,-10,-9,-8,-7,-6,-5,-4,-3,-2,-1,0,1,2,3
m279,cpu,utilization,5.4066666667,15.5,15.593333333,15.5,16.735,15.4,15.21,15.2,15.288333333,15.213333333,16.613333333,15.45,16.535,15.43
