name,machine_type,trace,-10,-9,-8,-7,-6,-5,-4,-3,-2,-1,0,1,2,3
m208,cpu,utilization,29.506666667,29.8,29.486666667,29.325,29.593333333,28.696666667,29.803333333,28.833333333,29.17,28.706666667,28.516666667,29.52,29.216666667,29.225
