name,machine_type,trace,-10,-9,-8,-7,-6,-5,-4,-3,-2,-1,0,1,2,3
m15,cpu,utilization,29.708333333,29.83,30.095,30.095,30.488333333,30.5,29.6,30.55,29.946666667,29.9,30.26,32.033333333,30.32,30.273333333
