name,machine_type,trace,-10,-9,-8,-7,-6,-5,-4,-3,-2,-1,0,1,2,3
m253,cpu,utilization,22.075,22.06,22.625,23.425,22.3,22.3,22.366666667,22.94,23.665,23.6,23.758333333,23.618333333,22.31,22.1
