name,machine_type,trace,-10,-9,-8,-7,-6,-5,-4,-3,-2,-1,0,1,2,3
m87,cpu,utilization,34.271666667,38.69,41.886666667,33.55,34.15,31.91,29.606666667,28.44,31.95,35.84,31.721666667,35.6,34.941666667,38.846666667
m325,cpu,utilization,41.936666667,46.1,49.74,37.25,39.953333333,36.773333333,35.373333333,35.4,27.825,41.86,35.973333333,41.52,38.821666667,45.473333333
