name,machine_type,trace,-10,-9,-8,-7,-6,-5,-4,-3,-2,-1,0,1,2,3
m323,cpu,utilization,16.533333333,14.75,14.6,10.23,10.0,9.42,11.366666667,15.431666667,16.0,10.948333333,15.623333333,19.193333333,19.1,18.88
