name,machine_type,trace,-10,-9,-8,-7,-6,-5,-4,-3,-2,-1,0,1,2,3
m2,cpu,utilization,2.7,2.7966666667,2.8,2.7016666667,2.8,2.8,2.8,2.8,2.8,2.6033333333,2.6983333333,2.6983333333,2.605,2.7
