name,machine_type,trace,-10,-9,-8,-7,-6,-5,-4,-3,-2,-1,0,1,2,3
m268,cpu,utilization,25.875,24.743333333,24.75,25.763333333,27.426666667,26.53,27.883333333,27.54,28.94,27.32,26.615,28.198333333,27.56,28.28
