name,machine_type,trace,-10,-9,-8,-7,-6,-5,-4,-3,-2,-1,0,1,2,3
m317,cpu,utilization,21.606666667,21.751666667,23.866666667,23.681666667,21.7,23.343333333,25.1,23.606666667,21.85,23.83,24.036666667,22.2,22.92,24.745
m271,cpu,utilization,20.126666667,19.983333333,19.5,20.326666667,20.493333333,19.848333333,19.9,20.366666667,20.3,19.845,20.0,19.8,19.6,20.275
