name,machine_type,trace,-10,-9,-8,-7,-6,-5,-4,-3,-2,-1,0,1,2,3
m117,cpu,utilization,41.823333333,34.7,25.413333333,39.57,38.476666667,40.74,46.653333333,33.153333333,35.9,37.1,37.8,47.566666667,37.746666667,30.926666667
m168,cpu,utilization,36.875,28.7,18.2,33.655,31.793333333,34.3,39.095,27.233333333,31.606666667,30.0,33.15,43.18,30.366666667,27.34
