name,machine_type,trace,-10,-9,-8,-7,-6,-5,-4,-3,-2,-1,0,1,2,3
m139,cpu,utilization,26.58,26.5,26.5,27.036666667,26.26,26.0,26.586666667,26.943333333,27.21,27.3,26.87,26.966666667,27.38,27.5
