name,machine_type,trace,-10,-9,-8,-7,-6,-5,-4,-3,-2,-1,0,1,2,3
m361,cpu,utilization,0.405,0.5,0.495,0.45166666667,0.45166666667,1.2733333333,1.2733333333,0.4,0.4,0.69,0.50666666667,0.5,0.41,0.49166666667
