name,machine_type,trace,-10,-9,-8,-7,-6,-5,-4,-3,-2,-1,0,1,2,3
m88,cpu,utilization,19.576666667,19.5,19.518333333,19.81,20.175,19.2,19.326666667,19.466666667,19.2,19.231666667,20.286666667,22.913333333,23.25,25.6
