name,machine_type,trace,-10,-9,-8,-7,-6,-5,-4,-3,-2,-1,0,1,2,3
m253,cpu,utilization,37.053333333,37.2,38.866666667,41.916666667,43.135,43.1,42.91,43.876666667,43.68,43.3,42.81,42.6,43.245,43.226666667
m211,cpu,utilization,24.416666667,24.133333333,24.166666667,22.083333333,21.84,22.276666667,22.2,22.2,22.2,23.08,22.35,22.486666667,22.7,22.153333333
m97,cpu,utilization,17.6,19.133333333,19.9,18.38,17.24,17.1,17.48,18.46,16.986666667,15.073333333,16.73,17.6,17.815,18.788333333
m373,cpu,utilization,27.333333333,28.8,29.9,29.963333333,30.0,30.0,30.19,30.3,30.231666667,30.2,30.2,30.2,30.056666667,29.931666667
m54,cpu,utilization,19.473333333,20.933333333,22.8,22.926666667,23.0,22.938333333,22.9,22.9,17.57,15.1,15.1,15.246666667,15.156666667,20.498333333
m418,cpu,utilization,22.8,23.133333333,23.3,23.3,23.3,23.67,23.9,23.583333333,23.673333333,23.8,23.52,23.326666667,25.163333333,28.086666667
m114,cpu,utilization,25.3,25.3,26.033333333,25.386666667,24.8,24.985,24.91,24.546666667,24.946666667,24.906666667,25.15,26.253333333,25.596666667,19.801666667
m19,cpu,utilization,23.3,24.1,24.166666667,23.936666667,22.665,23.11,23.483333333,23.616666667,23.526666667,22.886666667,22.7,21.893333333,24.108333333,23.801666667
