name,machine_type,trace,-10,-9,-8,-7,-6,-5,-4,-3,-2,-1,0,1,2,3
m184,cpu,utilization,15.958333333,16.0,16.101666667,15.473333333,15.473333333,12.831666667,13.118333333,14.5,14.486666667,14.225,13.4,13.406666667,13.5,13.5
