name,machine_type,trace,-10,-9,-8,-7,-6,-5,-4,-3,-2,-1,0,1,2,3
m298,cpu,utilization,28.0,28.45,26.5,26.898333333,27.5,28.15,28.5,28.753333333,27.966666667,28.288333333,28.225,28.1,27.733333333,28.23
m390,cpu,utilization,29.403333333,30.025,30.1,28.87,29.256666667,29.115,28.32,29.14,29.8,28.581666667,29.675,28.55,29.246666667,29.7
