name,machine_type,trace,-10,-9,-8,-7,-6,-5,-4,-3,-2,-1,0,1,2,3
m278,cpu,utilization,52.086666667,52.173333333,43.82,55.62,56.606666667,53.166666667,57.166666667,56.713333333,52.18,41.473333333,44.228333333,50.508333333,47.025,30.36
