name,machine_type,trace,-10,-9,-8,-7,-6,-5,-4,-3,-2,-1,0,1,2,3
m330,cpu,utilization,22.06,20.233333333,22.758333333,21.733333333,19.066666667,21.4,23.08,19.7,21.44,23.06,22.908333333,23.191666667,23.8,23.5
