name,machine_type,trace,-10,-9,-8,-7,-6,-5,-4,-3,-2,-1,0,1,2,3
m278,cpu,utilization,19.678333333,20.486666667,23.91,25.05,24.593333333,24.3,24.331666667,24.371666667,25.425,27.68,24.686666667,25.1,25.4,23.9
