name,machine_type,trace,-10,-9,-8,-7,-6,-5,-4,-3,-2,-1,0,1,2,3
m221,cpu,utilization,16.6,16.746666667,16.965,16.9,16.87,16.8,16.186666667,13.46,12.531666667,16.7,16.776666667,16.986666667,17.1,16.8
