name,machine_type,trace,-10,-9,-8,-7,-6,-5,-4,-3,-2,-1,0,1,2,3
m185,cpu,utilization,3.6,3.6,3.81,4.3,4.1133333333,3.7,4.0,3.9533333333,3.925,4.2133333333,4.2333333333,5.51,4.03,3.8
