name,machine_type,trace,-10,-9,-8,-7,-6,-5,-4,-3,-2,-1,0,1,2,3
m131,cpu,utilization,13.226666667,13.42,13.28,13.2,10.86,11.76,13.316666667,13.4,13.293333333,13.2,13.2,13.26,13.3,13.3
