name,machine_type,trace,-10,-9,-8,-7,-6,-5,-4,-3,-2,-1,0,1,2,3
m19,cpu,utilization,17.016666667,17.145,17.2,16.506666667,13.97,17.0,20.745,21.2,21.023333333,21.353333333,21.4,21.135,21.453333333,21.5
m117,cpu,utilization,14.4,14.971666667,14.266666667,14.36,14.4,14.4,13.781666667,14.566666667,14.435,14.4,15.76,14.586666667,15.195,15.3
m341,cpu,utilization,28.266666667,27.891666667,28.716666667,28.813333333,29.52,29.6,29.07,29.0,28.293333333,28.818333333,28.9,28.105,28.971666667,29.78
m13,cpu,utilization,25.8,25.391666667,25.883333333,25.393333333,25.3,25.483333333,25.058333333,26.3,25.616666667,25.5,26.265,26.4,25.605,25.16
