name,machine_type,trace,-10,-9,-8,-7,-6,-5,-4,-3,-2,-1,0,1,2,3
m155,cpu,utilization,20.823333333,20.985,20.873333333,20.7,20.7,20.721666667,20.775,20.7,20.7,18.875,14.96,20.6,20.68,20.945
