name,machine_type,trace,-10,-9,-8,-7,-6,-5,-4,-3,-2,-1,0,1,2,3
m211,cpu,utilization,16.873333333,16.9,4.8133333333,14.433333333,16.9,16.726666667,16.785,16.8,16.98,17.086666667,17.273333333,16.883333333,16.8,16.8
