name,machine_type,trace,-10,-9,-8,-7,-6,-5,-4,-3,-2,-1,0,1,2,3
m21,cpu,utilization,16.85,16.7,16.7,16.62,16.4,16.55,16.873333333,16.8,14.958333333,11.475,15.45,16.8,16.735,16.55
m350,cpu,utilization,17.0,16.323333333,14.75,17.046666667,17.725,16.81,16.6,16.695,17.495,18.475,16.925,16.9,16.838333333,17.5
m139,cpu,utilization,31.45,32.086666667,32.525,32.133333333,32.35,31.9,32.086666667,32.346666667,32.423333333,33.55,32.175,32.1,32.23,32.7
m29,cpu,utilization,43.775,62.6,62.15,60.826666667,61.175,61.1,52.146666667,33.3,40.95,57.475,50.45,55.95,59.4,59.075
