name,machine_type,trace,-10,-9,-8,-7,-6,-5,-4,-3,-2,-1,0,1,2,3
m170,cpu,utilization,16.633333333,18.356666667,17.663333333,16.933333333,15.55,9.415,9.62,10.86,11.858333333,2.6833333333,1.5433333333,8.61,16.74,15.396666667
