name,machine_type,trace,-10,-9,-8,-7,-6,-5,-4,-3,-2,-1,0,1,2,3
m368,cpu,utilization,19.133333333,19.26,19.4,18.86,18.441666667,18.4,18.646666667,19.1,19.3,20.795,20.028333333,19.3,19.228333333,18.71
