name,machine_type,trace,-10,-9,-8,-7,-6,-5,-4,-3,-2,-1,0,1,2,3
m194,cpu,utilization,22.538333333,22.441666667,22.4,22.34,14.89,7.3666666667,10.033333333,12.6,12.106666667,16.116666667,21.08,22.41,22.3,22.41
