name,machine_type,trace,-10,-9,-8,-7,-6,-5,-4,-3,-2,-1,0,1,2,3
m158,cpu,utilization,23.033333333,33.0,26.575,32.408333333,23.195,27.593333333,33.225,33.326666667,34.725,34.603333333,34.6,21.72,33.56,23.846666667
