name,machine_type,trace,-10,-9,-8,-7,-6,-5,-4,-3,-2,-1,0,1,2,3
m319,cpu,utilization,16.6,16.6,18.0,15.97,15.915,16.76,17.343333333,17.343333333,17.963333333,16.986666667,17.908333333,15.31,12.86,11.16
