name,machine_type,trace,-10,-9,-8,-7,-6,-5,-4,-3,-2,-1,0,1,2,3
m168,cpu,utilization,23.53,23.14,22.701666667,23.783333333,24.461666667,23.6,23.6,23.42,22.94,24.44,25.1,23.1,23.1,23.213333333
m339,cpu,utilization,28.453333333,28.14,27.353333333,26.933333333,28.425,29.306666667,27.92,27.66,27.72,26.91,28.433333333,27.92,27.425,27.873333333
