name,machine_type,trace,-10,-9,-8,-7,-6,-5,-4,-3,-2,-1,0,1,2,3
m155,cpu,utilization,0.37,0.37666666667,0.3,0.355,0.34166666667,0.3,0.35666666667,0.4,0.4,0.34166666667,0.3,0.3,0.3,0.3
