name,machine_type,trace,-10,-9,-8,-7,-6,-5,-4,-3,-2,-1,0,1,2,3
m399,cpu,utilization,11.963333333,12.411666667,12.4,11.793333333,12.843333333,12.35,12.2,15.203333333,20.635,21.483333333,21.5,21.5,21.866666667,21.9
