name,machine_type,trace,-10,-9,-8,-7,-6,-5,-4,-3,-2,-1,0,1,2,3
m352,cpu,utilization,14.7,14.7,14.7,14.625,14.185,14.266666667,14.9,14.4,15.621666667,15.505,14.8,14.683333333,14.17,14.72
