name,machine_type,trace,-10,-9,-8,-7,-6,-5,-4,-3,-2,-1,0,1,2,3
m7,cpu,utilization,6.2816666667,11.908333333,18.988333333,21.525,22.4,22.4,22.67,22.73,22.92,23.04,22.4,22.805,23.393333333,23.416666667
