name,machine_type,trace,-10,-9,-8,-7,-6,-5,-4,-3,-2,-1,0,1,2,3
m33,cpu,utilization,65.3,65.216666667,65.2,54.776666667,54.57,64.78,65.5,65.316666667,65.386666667,65.4,65.22,65.2,65.2,56.186666667
