name,machine_type,trace,-10,-9,-8,-7,-6,-5,-4,-3,-2,-1,0,1,2,3
m1,cpu,utilization,0.31,0.94666666667,5.475,11.07,11.34,9.375,11.5,11.42,9.1166666667,0.2,0.2,0.21666666667,0.28166666667,0.2
