name,machine_type,trace,-10,-9,-8,-7,-6,-5,-4,-3,-2,-1,0,1,2,3
m363,cpu,utilization,11.1,10.215,10.96,11.0,10.358333333,10.3,10.3,1.9083333333,0.89333333333,0.9,0.425,0.4,0.4,0.4
m365,cpu,utilization,6.3,6.6933333333,2.9,3.08,4.475,4.1583333333,6.1316666667,3.1316666667,3.3533333333,3.2066666667,7.285,6.87,7.2583333333,5.6216666667
m328,cpu,utilization,11.3,10.316666667,11.06,10.34,10.391666667,10.4,10.841666667,6.13,5.5,5.5,6.735,5.45,5.3,5.3
m379,cpu,utilization,8.2,8.2,8.2,8.01,7.725,8.0533333333,7.835,3.4716666667,2.8066666667,2.8966666667,3.09,3.1,2.825,2.8
m363,cpu,utilization,11.1,10.215,10.96,11.0,10.358333333,10.3,10.3,1.9083333333,0.89333333333,0.9,0.425,0.4,0.4,0.4
m119,cpu,utilization,32.0,31.705,32.365,32.21,43.2,33.07,31.335,27.855,26.653333333,26.503333333,26.595,27.05,27.1,27.011666667
m34,cpu,utilization,5.4,5.4,5.4,5.495,5.4083333333,5.4,5.4,1.16,0.41333333333,1.3666666667,0.45,0.49,0.40833333333,0.4
m10,cpu,utilization,23.0,22.901666667,22.9,22.425,23.408333333,23.5,22.793333333,18.725,17.546666667,17.5,20.54,22.41,23.241666667,23.3
