name,machine_type,trace,-10,-9,-8,-7,-6,-5,-4,-3,-2,-1,0,1,2,3
m283,cpu,utilization,29.343333333,28.5,27.473333333,28.01,30.43,30.0,29.8,29.05,28.406666667,28.228333333,30.088333333,28.95,29.886666667,29.6
