name,machine_type,trace,-10,-9,-8,-7,-6,-5,-4,-3,-2,-1,0,1,2,3
m368,cpu,utilization,0.3,0.3,0.3,0.3,0.36666666667,0.27666666667,0.2,0.255,0.3,0.3,0.3,0.25,0.24666666667,0.3
m245,cpu,utilization,0.2,0.26333333333,0.3,0.3,0.36666666667,0.27666666667,0.2,0.255,0.3,0.3,0.3,0.3,0.53333333333,0.60666666667
m293,cpu,utilization,0.3,0.23666666667,0.2,0.27166666667,0.3,0.23833333333,0.2,0.2,0.3,0.4,0.55,0.5,0.34666666667,0.4
m236,cpu,utilization,0.24,0.2,0.26833333333,0.22833333333,0.2,0.26166666667,0.3,0.3,0.25,0.355,0.5,0.4,0.3,0.3
