name,machine_type,trace,-10,-9,-8,-7,-6,-5,-4,-3,-2,-1,0,1,2,3
m58,cpu,utilization,13.571666667,24.615,20.865,20.865,23.6,25.4,23.925,23.526666667,15.09,18.598333333,18.598333333,23.273333333,17.061666667,17.061666667
