name,machine_type,trace,-10,-9,-8,-7,-6,-5,-4,-3,-2,-1,0,1,2,3
m399,cpu,utilization,32.55,32.3,32.205,32.2,32.376666667,32.223333333,32.2,33.506666667,32.633333333,32.4,34.2,34.8,33.08,32.041666667
m149,cpu,utilization,27.108333333,26.733333333,26.985,27.183333333,27.553333333,27.6,27.345,27.3,27.633333333,27.7,27.7,27.546666667,27.5,27.5
