name,machine_type,trace,-10,-9,-8,-7,-6,-5,-4,-3,-2,-1,0,1,2,3
m204,cpu,utilization,14.185,14.68,15.42,22.126666667,24.72,25.0,22.245,24.806666667,25.091666667,25.38,23.42,23.633333333,23.7,23.873333333
