name,machine_type,trace,-10,-9,-8,-7,-6,-5,-4,-3,-2,-1,0,1,2,3
m22,cpu,utilization,29.3,29.315,29.4,29.4,25.0,3.0916666667,6.3833333333,22.96,31.583333333,31.5,31.476666667,31.01,29.6,29.543333333
