name,machine_type,trace,-10,-9,-8,-7,-6,-5,-4,-3,-2,-1,0,1,2,3
m386,cpu,utilization,20.185,24.396666667,22.746666667,20.6,21.113333333,23.811666667,24.34,22.47,23.7,20.925,23.46,21.811666667,23.266666667,24.385
m258,cpu,utilization,46.685,46.946666667,47.1,47.03,45.04,36.896666667,37.88,44.253333333,46.4,46.425,46.65,46.971666667,46.926666667,46.891666667
m273,cpu,utilization,18.111666667,18.55,17.843333333,18.996666667,18.366666667,19.328333333,17.273333333,18.37,18.775,19.0,17.98,17.983333333,18.7,18.721666667
m114,cpu,utilization,59.815,59.6,59.646666667,59.333333333,54.39,38.723333333,43.026666667,59.6,59.725,60.2,60.41,60.143333333,61.253333333,62.62
