name,machine_type,trace,-10,-9,-8,-7,-6,-5,-4,-3,-2,-1,0,1,2,3
m268,cpu,utilization,29.903333333,32.9,32.633333333,30.75,30.018333333,31.676666667,32.805,32.716666667,31.36,31.54,31.775,31.0,31.32,31.6
