name,machine_type,trace,-10,-9,-8,-7,-6,-5,-4,-3,-2,-1,0,1,2,3
m251,cpu,utilization,11.175,10.911666667,11.0,10.97,10.466666667,11.2,11.12,10.69,11.5,11.453333333,11.01,10.5,10.633333333,11.345
