name,machine_type,trace,-10,-9,-8,-7,-6,-5,-4,-3,-2,-1,0,1,2,3
m39,cpu,utilization,23.553333333,23.9,23.9,23.9,23.84,23.926666667,24.0,23.935,23.766666667,23.7,23.7,23.7,23.763333333,23.466666667
