name,machine_type,trace,-10,-9,-8,-7,-6,-5,-4,-3,-2,-1,0,1,2,3
m365,cpu,utilization,17.213333333,17.3,9.94,8.1,7.41,7.7133333333,7.46,7.3,7.9,13.203333333,16.796666667,17.815,17.006666667,16.89
