name,machine_type,trace,-10,-9,-8,-7,-6,-5,-4,-3,-2,-1,0,1,2,3
m265,cpu,utilization,21.1,21.16,20.83,20.093333333,20.046666667,20.2,20.261666667,20.363333333,19.0,19.433333333,20.63,20.9,20.508333333,19.95
