name,machine_type,trace,-10,-9,-8,-7,-6,-5,-4,-3,-2,-1,0,1,2,3
m265,cpu,utilization,30.65,30.9,30.876666667,30.706666667,30.8,30.8,30.706666667,30.1,30.205,30.72,30.4,30.355,30.111666667,30.2
