name,machine_type,trace,-10,-9,-8,-7,-6,-5,-4,-3,-2,-1,0,1,2,3
m174,cpu,utilization,8.19,6.41,7.5466666667,8.39,6.4933333333,1.6533333333,8.28,6.32,6.185,4.13,7.2283333333,8.1833333333,8.045,8.89
