name,machine_type,trace,-10,-9,-8,-7,-6,-5,-4,-3,-2,-1,0,1,2,3
m306,cpu,utilization,8.8,8.7966666667,8.7033333333,8.89,8.7,8.7066666667,8.8,8.79,8.7133333333,8.895,8.7866666667,8.6,8.62,8.8
m74,cpu,utilization,8.7,8.72,9.2933333333,8.9,8.895,8.6133333333,8.8466666667,9.42,8.72,8.99,8.8,8.795,8.73,8.96
