name,machine_type,trace,-10,-9,-8,-7,-6,-5,-4,-3,-2,-1,0,1,2,3
m246,cpu,utilization,49.566666667,50.541666667,56.941666667,48.33,46.106666667,48.85,50.74,53.663333333,52.54,48.806666667,41.686666667,47.381666667,52.08,54.486666667
m112,cpu,utilization,46.1,46.1,46.058333333,46.0,41.053333333,40.7,46.0,45.943333333,45.9,46.07,35.15,38.478333333,45.74,45.7
