name,machine_type,trace,-10,-9,-8,-7,-6,-5,-4,-3,-2,-1,0,1,2,3
m172,cpu,utilization,40.393333333,39.91,38.2,38.32,40.0,42.1,40.62,38.4,38.84,40.16,40.523333333,38.816666667,37.4,37.92
