name,machine_type,trace,-10,-9,-8,-7,-6,-5,-4,-3,-2,-1,0,1,2,3
m109,cpu,utilization,35.513333333,35.025,35.008333333,35.486666667,35.3,35.291666667,34.741666667,30.12,33.9,34.17,35.653333333,35.3,35.366666667,35.69
m155,cpu,utilization,23.996666667,18.68,18.493333333,23.993333333,23.9,23.891666667,23.816666667,24.0,23.973333333,23.83,24.0,23.98,23.8,23.8
m36,cpu,utilization,11.8,11.99,12.0,11.986666667,11.8,11.791666667,11.708333333,11.8,11.8,11.785,11.7,11.71,11.8,11.8
m91,cpu,utilization,27.643333333,23.045,22.806666667,23.2,23.2,23.183333333,23.033333333,23.4,23.773333333,26.2,26.153333333,25.81,25.9,25.991666667
