name,machine_type,trace,-10,-9,-8,-7,-6,-5,-4,-3,-2,-1,0,1,2,3
m114,cpu,utilization,14.0,13.93,13.7,13.9,14.945,15.095,14.583333333,15.06,15.3,15.126666667,14.5,14.56,14.8,14.881666667
