name,machine_type,trace,-10,-9,-8,-7,-6,-5,-4,-3,-2,-1,0,1,2,3
m172,cpu,utilization,33.7,33.875,35.06,34.0,34.08,33.131666667,20.433333333,20.1,20.216666667,20.466666667,20.128333333,20.2,20.52,21.226666667
