name,machine_type,trace,-10,-9,-8,-7,-6,-5,-4,-3,-2,-1,0,1,2,3
m379,cpu,utilization,0.40333333333,0.4,0.48833333333,0.41,0.4,0.48833333333,0.41333333333,0.4,0.48833333333,0.41333333333,0.4,0.48166666667,0.41833333333,0.4
m282,cpu,utilization,0.4,0.4,0.48833333333,2.03,0.52,0.4,0.4,0.4,0.4,0.4,0.4,0.56333333333,0.43666666667,0.4
m355,cpu,utilization,0.40333333333,0.4,0.4,0.4,0.4,0.48833333333,0.5,0.41,0.48833333333,0.5,1.18,0.64666666667,0.5,0.5
m78,cpu,utilization,0.39666666667,0.49166666667,0.5,0.41,0.49333333333,0.5,0.41333333333,0.31,0.3,0.38666666667,0.485,0.5,0.745,0.8
