name,machine_type,trace,-10,-9,-8,-7,-6,-5,-4,-3,-2,-1,0,1,2,3
m249,cpu,utilization,1.465,1.2266666667,0.65,0.35333333333,0.3,0.35,0.34833333333,0.3,0.3,0.3,0.3,0.3,0.55833333333,0.65
