name,machine_type,trace,-10,-9,-8,-7,-6,-5,-4,-3,-2,-1,0,1,2,3
m201,cpu,utilization,21.53,21.4,21.54,21.275,21.105,22.495,21.61,21.3,22.5,22.456666667,21.233333333,20.72,21.45,20.76
