name,machine_type,trace,-10,-9,-8,-7,-6,-5,-4,-3,-2,-1,0,1,2,3
m319,cpu,utilization,28.391666667,28.953333333,29.53,29.04,28.42,28.4,28.026666667,29.65,29.98,29.823333333,29.623333333,29.6,28.666666667,28.6
