name,machine_type,trace,-10,-9,-8,-7,-6,-5,-4,-3,-2,-1,0,1,2,3
m278,cpu,utilization,3.8,4.015,3.9633333333,3.9,3.9,3.7533333333,3.7,3.7716666667,3.8,3.8,3.8,3.8,3.8,3.8733333333
