name,machine_type,trace,-10,-9,-8,-7,-6,-5,-4,-3,-2,-1,0,1,2,3
m39,cpu,utilization,30.18,28.676666667,29.96,29.773333333,29.6,29.6,29.075,29.82,28.5,30.266666667,28.821666667,29.38,29.6,28.66
