name,machine_type,trace,-10,-9,-8,-7,-6,-5,-4,-3,-2,-1,0,1,2,3
m6,cpu,utilization,22.92,23.9,23.773333333,23.666666667,24.0,23.893333333,23.65,23.8,23.763333333,23.6,23.6,23.67,24.0,24.3
m418,cpu,utilization,16.3,16.623333333,14.205,14.1,14.268333333,14.093333333,13.8,13.59,13.321666667,14.853333333,13.448333333,13.063333333,14.275,15.473333333
m392,cpu,utilization,23.8,23.8,23.926666667,24.2,24.136666667,24.0,24.0,23.976666667,23.918333333,24.0,24.021666667,24.03,23.8,23.88
