name,machine_type,trace,-10,-9,-8,-7,-6,-5,-4,-3,-2,-1,0,1,2,3
m1,cpu,utilization,9.0,8.5916666667,10.166666667,10.5,8.82,9.4966666667,9.96,10.0,1.9166666667,0.3,0.3,0.21833333333,0.27833333333,0.3
