name,machine_type,trace,-10,-9,-8,-7,-6,-5,-4,-3,-2,-1,0,1,2,3
m137,cpu,utilization,7.3666666667,7.3666666667,7.3316666667,13.02,16.1,16.038333333,16.0,16.053333333,16.27,16.173333333,16.11,15.89,14.35,14.36
