name,machine_type,trace,-10,-9,-8,-7,-6,-5,-4,-3,-2,-1,0,1,2,3
m253,cpu,utilization,25.1,25.1,25.1,25.1,25.1,25.138333333,25.16,25.1,25.1,25.1,25.1,25.145,25.2,31.743333333
