name,machine_type,trace,-10,-9,-8,-7,-6,-5,-4,-3,-2,-1,0,1,2,3
m216,cpu,utilization,14.03,18.34,24.046666667,21.566666667,16.4,12.9,13.033333333,13.72,14.505,14.48,15.026666667,15.521666667,15.58,14.251666667
