name,machine_type,trace,-10,-9,-8,-7,-6,-5,-4,-3,-2,-1,0,1,2,3
m361,cpu,utilization,0.49666666667,0.3,0.31333333333,0.495,0.4,0.4,0.4,0.4,0.4,0.4,0.4,0.4,0.495,0.4
m96,cpu,utilization,0.4,0.4,0.4,0.4,0.4,0.4,0.4,0.4,0.4,0.4,0.4,0.4,0.4,0.4
m361,cpu,utilization,0.49666666667,0.3,0.31333333333,0.495,0.4,0.4,0.4,0.4,0.4,0.4,0.4,0.4,0.495,0.4
m220,cpu,utilization,3.005,3.3,3.2733333333,2.905,3.0,2.9916666667,2.9066666667,3.0,2.9491666667,2.9491666667,2.9983333333,3.0,3.0,3.0
