name,machine_type,trace,-10,-9,-8,-7,-6,-5,-4,-3,-2,-1,0,1,2,3
m335,cpu,utilization,24.315,25.4,22.615,25.036666667,24.9,26.1,26.066666667,25.533333333,24.505,24.99,27.138333333,27.285,25.4,25.26
