name,machine_type,trace,-10,-9,-8,-7,-6,-5,-4,-3,-2,-1,0,1,2,3
m42,cpu,utilization,24.415,24.96,26.26,23.51,23.0,23.51,23.191666667,23.183333333,23.68,7.2166666667,19.18,22.693333333,23.461666667,24.013333333
