name,machine_type,trace,-10,-9,-8,-7,-6,-5,-4,-3,-2,-1,0,1,2,3
m33,cpu,utilization,4.1,4.1383333333,4.2,4.2316666667,4.3,4.2466666667,4.1466666667,4.3,4.3366666667,4.4,4.0,4.03,4.2,4.2
