name,machine_type,trace,-10,-9,-8,-7,-6,-5,-4,-3,-2,-1,0,1,2,3
m321,cpu,utilization,26.2,24.903333333,25.091666667,26.308333333,27.566666667,27.566666667,26.6,25.8,25.703333333,25.7,24.0,25.615,25.11,25.518333333
