name,machine_type,trace,-10,-9,-8,-7,-6,-5,-4,-3,-2,-1,0,1,2,3
m383,cpu,utilization,19.9,19.836666667,20.466666667,17.745,16.1,18.633333333,19.9,19.833333333,19.863333333,20.146666667,20.008333333,19.741666667,19.7,19.3
