name,machine_type,trace,-10,-9,-8,-7,-6,-5,-4,-3,-2,-1,0,1,2,3
m235,cpu,utilization,19.38,20.9,20.78,20.14,20.416666667,19.586666667,22.02,20.908333333,21.0,20.916666667,20.39,19.9,19.86,19.92
