name,machine_type,trace,-10,-9,-8,-7,-6,-5,-4,-3,-2,-1,0,1,2,3
m170,cpu,utilization,20.4,19.325,16.725,19.025,20.885,22.333333333,19.735,18.196666667,19.55,20.5,19.3,16.48,16.751666667,20.083333333
