name,machine_type,trace,-10,-9,-8,-7,-6,-5,-4,-3,-2,-1,0,1,2,3
m56,cpu,utilization,14.693333333,14.6,14.651666667,14.651666667,14.503333333,14.5,14.693333333,14.608333333,14.6,14.6,14.6,14.6,14.685,14.616666667
m165,cpu,utilization,27.22,28.906666667,29.051666667,29.051666667,29.985,29.253333333,26.686666667,29.166666667,29.4,27.406666667,28.766666667,29.1,26.975,28.6
m65,cpu,utilization,25.1,25.1,25.1,25.1,25.1,25.193333333,25.2,25.108333333,27.613333333,26.786666667,26.6,26.6,27.62,27.8
m207,cpu,utilization,16.053333333,16.68,15.361666667,15.361666667,15.995,16.56,13.7,18.275,21.646666667,22.1,21.683333333,21.34,18.835,17.483333333
