name,machine_type,trace,-10,-9,-8,-7,-6,-5,-4,-3,-2,-1,0,1,2,3
m355,cpu,utilization,5.2,5.22,5.3883333333,5.3,5.3116666667,5.3916666667,5.3,5.3833333333,7.7783333333,6.5,6.545,6.3666666667,6.3666666667,2.8
