name,machine_type,trace,-10,-9,-8,-7,-6,-5,-4,-3,-2,-1,0,1,2,3
m13,cpu,utilization,36.68,35.1,34.26,36.23,37.748333333,35.8,35.008333333,34.74,32.625,36.966666667,34.93,36.26,36.883333333,34.92
