name,machine_type,trace,-10,-9,-8,-7,-6,-5,-4,-3,-2,-1,0,1,2,3
m268,cpu,utilization,58.193333333,41.05,30.47,49.915,56.873333333,40.213333333,45.925,54.3,56.966666667,40.12,49.508333333,53.683333333,45.415,51.13
