name,machine_type,trace,-10,-9,-8,-7,-6,-5,-4,-3,-2,-1,0,1,2,3
m411,cpu,utilization,2.875,1.7666666667,2.44,2.15,3.2,3.1466666667,3.0,2.7,2.4666666667,2.87,2.06,1.4,1.4333333333,1.98
