name,machine_type,trace,-10,-9,-8,-7,-6,-5,-4,-3,-2,-1,0,1,2,3
m148,cpu,utilization,27.42,26.9,27.52,27.3,26.76,26.843333333,27.325,27.34,27.161666667,27.2,27.2,27.141666667,27.408333333,26.958333333
