name,machine_type,trace,-10,-9,-8,-7,-6,-5,-4,-3,-2,-1,0,1,2,3
m394,cpu,utilization,0.6,0.365,1.5266666667,20.22,24.8,25.045,25.016666667,25.245,25.3,25.613333333,25.7,25.7,25.24,23.413333333
