name,machine_type,trace,-10,-9,-8,-7,-6,-5,-4,-3,-2,-1,0,1,2,3
m357,cpu,utilization,19.748333333,29.1,29.1,29.046666667,30.983333333,30.673333333,29.316666667,30.686666667,30.37,27.066666667,27.181666667,29.3,29.78,30.155
