name,machine_type,trace,-10,-9,-8,-7,-6,-5,-4,-3,-2,-1,0,1,2,3
m381,cpu,utilization,32.77,29.9,29.826666667,29.661666667,29.6,29.6,29.6,29.666666667,29.8,31.18,31.816666667,29.6,29.638333333,29.738333333
