name,machine_type,trace,-10,-9,-8,-7,-6,-5,-4,-3,-2,-1,0,1,2,3
m58,cpu,utilization,29.0,29.08,29.55,29.3,29.355,29.621666667,29.7,29.7,29.58,29.115,29.2,29.183333333,29.025,29.475
