name,machine_type,trace,-10,-9,-8,-7,-6,-5,-4,-3,-2,-1,0,1,2,3
m253,cpu,utilization,11.09,15.9,15.9,13.803333333,10.473333333,15.953333333,16.036666667,15.9,14.06,13.18,15.946666667,16.0,11.875,12.553333333
