name,machine_type,trace,-10,-9,-8,-7,-6,-5,-4,-3,-2,-1,0,1,2,3
m350,cpu,utilization,32.97,33.0,33.073333333,33.1,33.028333333,32.933333333,32.9,32.9,33.036666667,33.1,33.026666667,33.0,33.071666667,33.1
