name,machine_type,trace,-10,-9,-8,-7,-6,-5,-4,-3,-2,-1,0,1,2,3
m399,cpu,utilization,28.8,30.055,30.866666667,29.073333333,37.86,34.066666667,16.078333333,15.125,23.566666667,30.0,28.6,28.6,28.6,29.533333333
m210,cpu,utilization,28.4,33.105,28.6,29.84,37.363333333,30.78,14.761666667,18.383333333,28.193333333,29.406666667,30.838333333,30.838333333,28.385,37.166666667
