name,machine_type,trace,-10,-9,-8,-7,-6,-5,-4,-3,-2,-1,0,1,2,3
m194,cpu,utilization,1.48,1.8,2.325,3.3433333333,3.6783333333,3.7,3.78,3.7216666667,3.7,3.7866666667,3.62,3.6,3.78,3.6133333333
