name,machine_type,trace,-10,-9,-8,-7,-6,-5,-4,-3,-2,-1,0,1,2,3
m227,cpu,utilization,26.981666667,26.913333333,27.0,26.983333333,26.965,27.2,27.213333333,27.255,27.0,27.0,27.011666667,27.1,27.125,27.333333333
