name,machine_type,trace,-10,-9,-8,-7,-6,-5,-4,-3,-2,-1,0,1,2,3
m348,cpu,utilization,20.083333333,20.1,19.835,19.8,20.045,24.24,25.5,20.916666667,19.915,19.9,19.815,19.8,19.8,19.8
