name,machine_type,trace,-10,-9,-8,-7,-6,-5,-4,-3,-2,-1,0,1,2,3
m207,cpu,utilization,30.266666667,30.281666667,30.3,30.386666667,30.4,30.308333333,30.3,30.3,30.388333333,30.665,30.7,30.788333333,30.623333333,30.6
m116,cpu,utilization,30.85,30.736666667,30.7,30.526666667,30.5,30.5,30.853333333,30.9,30.9,30.546666667,30.585,30.6,30.865,30.9
