name,machine_type,trace,-10,-9,-8,-7,-6,-5,-4,-3,-2,-1,0,1,2,3
m288,cpu,utilization,25.6,56.96,71.3,39.483333333,33.621666667,65.415,57.65,30.853333333,64.083333333,56.201666667,31.393333333,63.801666667,52.466666667,65.76
