name,machine_type,trace,-10,-9,-8,-7,-6,-5,-4,-3,-2,-1,0,1,2,3
m113,cpu,utilization,8.83,8.9,9.105,9.135,9.1,8.7666666667,8.6,8.6,8.5316666667,9.7183333333,10.2,9.34,9.0,9.0733333333
