name,machine_type,trace,-10,-9,-8,-7,-6,-5,-4,-3,-2,-1,0,1,2,3
m39,cpu,utilization,15.98,14.09,18.155,16.35,17.04,13.486666667,15.046666667,16.02,15.925,12.95,13.673333333,10.606666667,16.705,13.145
