name,machine_type,trace,-10,-9,-8,-7,-6,-5,-4,-3,-2,-1,0,1,2,3
m374,cpu,utilization,12.41,11.516666667,10.15,10.58,11.743333333,11.853333333,11.31,9.5666666667,9.85,11.98,13.041666667,13.333333333,11.966666667,9.6
