name,machine_type,trace,-10,-9,-8,-7,-6,-5,-4,-3,-2,-1,0,1,2,3
m185,cpu,utilization,23.4,25.383333333,27.536666667,25.416666667,23.5,23.38,23.3,23.3,23.356666667,23.4,23.335,23.366666667,23.4,23.333333333
