name,machine_type,trace,-10,-9,-8,-7,-6,-5,-4,-3,-2,-1,0,1,2,3
m341,cpu,utilization,31.0,31.0,31.568333333,30.746666667,29.533333333,29.8,29.703333333,29.455,30.186666667,31.2,31.2,31.096666667,31.0,30.12
m222,cpu,utilization,36.241666667,36.2,36.251666667,36.831666667,36.84,36.2,36.2,36.635,36.68,37.2,37.133333333,36.2,36.626666667,36.505
