name,machine_type,trace,-10,-9,-8,-7,-6,-5,-4,-3,-2,-1,0,1,2,3
m411,cpu,utilization,13.2475,13.7,15.03,15.925,15.13,15.196666667,15.683333333,15.7,15.89,15.615,10.945,10.7,10.7,13.67
