name,machine_type,trace,-10,-9,-8,-7,-6,-5,-4,-3,-2,-1,0,1,2,3
m362,cpu,utilization,19.353333333,19.3,18.966666667,18.921666667,19.56,19.461666667,19.44,19.46,19.486666667,19.068333333,18.63,18.8,19.13,19.7
