name,machine_type,trace,-10,-9,-8,-7,-6,-5,-4,-3,-2,-1,0,1,2,3
m31,cpu,utilization,2.795,2.8,2.7033333333,2.7966666667,2.8,2.8,2.8,2.8,2.7033333333,2.7966666667,2.8,2.7033333333,2.8,2.8
