name,machine_type,trace,-10,-9,-8,-7,-6,-5,-4,-3,-2,-1,0,1,2,3
m36,cpu,utilization,10.4,10.4,10.4,10.4,10.311666667,10.388333333,10.4,10.4,12.8,15.115,14.3,15.166666667,15.236666667,15.2
m194,cpu,utilization,14.0,13.913333333,13.988333333,14.0,14.265,14.123333333,14.015,14.0,14.0,14.0,14.0,13.916666667,13.981666667,14.0
