name,machine_type,trace,-10,-9,-8,-7,-6,-5,-4,-3,-2,-1,0,1,2,3
m150,cpu,utilization,29.3,29.3,29.23,29.0,28.946666667,28.865,29.016666667,28.67,29.18,28.973333333,28.785,28.715,28.8,28.813333333
