name,machine_type,trace,-10,-9,-8,-7,-6,-5,-4,-3,-2,-1,0,1,2,3
m22,cpu,utilization,25.1,22.76,23.226666667,23.926666667,24.743333333,24.073333333,22.8,25.0,23.993333333,24.653333333,24.608333333,23.235,25.126666667,24.286666667
