name,machine_type,trace,-10,-9,-8,-7,-6,-5,-4,-3,-2,-1,0,1,2,3
m99,cpu,utilization,12.2,12.2,12.295,12.3,13.535,7.39,6.7,6.7933333333,6.98,7.0,6.8166666667,6.7116666667,6.7,6.7883333333
