name,machine_type,trace,-10,-9,-8,-7,-6,-5,-4,-3,-2,-1,0,1,2,3
m235,cpu,utilization,18.5,18.521666667,19.38,21.686666667,19.205,18.5,18.536666667,18.7,18.7,18.666666667,19.38,22.7,18.8,18.786666667
