name,machine_type,trace,-10,-9,-8,-7,-6,-5,-4,-3,-2,-1,0,1,2,3
m419,cpu,utilization,0.3,0.26833333333,0.2,0.2,0.23,0.26833333333,0.2,0.2,0.28,0.5,0.41,0.2,0.2,0.285
