name,machine_type,trace,-10,-9,-8,-7,-6,-5,-4,-3,-2,-1,0,1,2,3
m172,cpu,utilization,25.113333333,22.133333333,20.83,20.34,20.38,20.566666667,20.6,22.88,22.165,24.633333333,22.7,23.23,21.693333333,20.3
