name,machine_type,trace,-10,-9,-8,-7,-6,-5,-4,-3,-2,-1,0,1,2,3
m156,cpu,utilization,30.35,33.91,34.04,25.975,31.32,34.483333333,26.56,30.933333333,26.775,30.26,29.428333333,32.08,29.766666667,29.666666667
m300,cpu,utilization,33.103333333,39.13,42.853333333,37.025,38.473333333,39.735,31.146666667,32.766666667,32.175,38.68,33.92,36.26,39.101666667,37.606666667
