name,machine_type,trace,-10,-9,-8,-7,-6,-5,-4,-3,-2,-1,0,1,2,3
m232,cpu,utilization,18.085,19.596666667,19.52,15.811666667,15.96,18.995,16.9,14.443333333,16.733333333,18.811666667,16.471666667,12.845,15.893333333,15.583333333
