name,machine_type,trace,-10,-9,-8,-7,-6,-5,-4,-3,-2,-1,0,1,2,3
m111,cpu,utilization,24.115,24.2,24.188333333,24.13,24.3,24.283333333,24.2,24.176666667,24.1,24.123333333,24.2,24.168333333,24.1,24.751666667
