name,machine_type,trace,-10,-9,-8,-7,-6,-5,-4,-3,-2,-1,0,1,2,3
m81,cpu,utilization,28.263333333,28.3,28.358333333,28.345,28.4,28.5,28.451666667,28.193333333,28.0,28.096666667,28.2,28.3,28.4,28.448333333
m125,cpu,utilization,28.336666667,28.3,28.416666667,28.39,28.35,28.4,28.351666667,28.3,28.445,28.6,28.55,28.4,28.353333333,28.4
