name,machine_type,trace,-10,-9,-8,-7,-6,-5,-4,-3,-2,-1,0,1,2,3
m89,cpu,utilization,7.2,5.055,5.2833333333,7.1,7.3,7.3,7.24,7.2,7.2583333333,7.2433333333,7.2,6.7916666667,6.8966666667,7.2
m200,cpu,utilization,5.7133333333,7.1,7.2133333333,7.3,7.2383333333,7.2,7.14,7.1,5.2333333333,5.77,7.2,7.1416666667,7.1566666667,7.2
