name,machine_type,trace,-10,-9,-8,-7,-6,-5,-4,-3,-2,-1,0,1,2,3
m168,cpu,utilization,24.97,25.2,25.173333333,25.073333333,24.92,24.7,25.393333333,26.4,24.555,25.146666667,25.0,25.018333333,25.1,25.1
