name,machine_type,trace,-10,-9,-8,-7,-6,-5,-4,-3,-2,-1,0,1,2,3
m128,cpu,utilization,19.85,20.1,20.025,20.0,20.0,19.85,20.348333333,20.5,20.01,20.053333333,20.175,20.2,19.9,19.871666667
