name,machine_type,trace,-10,-9,-8,-7,-6,-5,-4,-3,-2,-1,0,1,2,3
m237,cpu,utilization,34.225,38.783333333,38.26,38.433333333,37.69,36.986666667,30.08,37.65,39.0,38.96,37.88,38.705,33.24,37.37
