name,machine_type,trace,-10,-9,-8,-7,-6,-5,-4,-3,-2,-1,0,1,2,3
m161,cpu,utilization,17.455,16.84,22.2,27.841666667,27.5,27.433333333,27.66,28.99,29.108333333,27.495,27.7,27.841666667,28.153333333,28.0
