name,machine_type,trace,-10,-9,-8,-7,-6,-5,-4,-3,-2,-1,0,1,2,3
m110,cpu,utilization,19.781666667,18.095,24.956666667,29.3,21.523333333,20.815,19.296666667,24.343333333,25.285,20.578333333,24.463333333,30.04,22.8,34.295
