name,machine_type,trace,-10,-9,-8,-7,-6,-5,-4,-3,-2,-1,0,1,2,3
m381,cpu,utilization,29.15,29.05,28.34,27.616666667,28.0,29.466666667,30.7,30.02,27.773333333,26.966666667,29.37,29.078333333,28.326666667,27.76
