name,machine_type,trace,-10,-9,-8,-7,-6,-5,-4,-3,-2,-1,0,1,2,3
m321,cpu,utilization,31.0,31.0,31.0,26.16,23.858333333,30.8,31.025,33.675,35.92,33.153333333,31.5,28.986666667,28.005,29.6
