name,machine_type,trace,-10,-9,-8,-7,-6,-5,-4,-3,-2,-1,0,1,2,3
m296,cpu,utilization,29.958333333,29.52,29.544166667,29.544166667,29.2,29.8,30.5,28.885,29.266666667,29.3,28.4,29.166666667,29.84,29.813333333
