name,machine_type,trace,-10,-9,-8,-7,-6,-5,-4,-3,-2,-1,0,1,2,3
m57,cpu,utilization,0.8,0.67333333333,0.33,0.2,0.38,0.8,0.66,0.36166666667,0.3,0.3,0.255,0.2,0.2,0.345
