name,machine_type,trace,-10,-9,-8,-7,-6,-5,-4,-3,-2,-1,0,1,2,3
m184,cpu,utilization,21.3,23.775,21.293333333,21.1,23.613333333,21.57,18.526666667,23.223333333,21.515,21.2,23.585,19.14,20.913333333,23.66
