name,machine_type,trace,-10,-9,-8,-7,-6,-5,-4,-3,-2,-1,0,1,2,3
m275,cpu,utilization,70.373333333,43.613333333,65.066666667,51.16,65.918333333,68.666666667,67.32,69.631666667,44.113333333,67.13,51.66,67.383333333,67.29,42.506666667
