name,machine_type,trace,-10,-9,-8,-7,-6,-5,-4,-3,-2,-1,0,1,2,3
m392,cpu,utilization,14.07,19.493333333,18.533333333,20.05,14.846666667,14.093333333,21.313333333,19.475,18.415,21.33,19.845,19.225,20.426666667,19.74
m419,cpu,utilization,20.118333333,12.186666667,14.62,20.75,11.013333333,8.66,14.98,15.04,20.405,18.6,19.398333333,17.925,17.6,17.84
