name,machine_type,trace,-10,-9,-8,-7,-6,-5,-4,-3,-2,-1,0,1,2,3
m52,cpu,utilization,27.08,26.8,27.17,30.458333333,30.0,29.69,26.9,27.2,28.473333333,27.566666667,30.633333333,31.466666667,30.298333333,33.313333333
