name,machine_type,trace,-10,-9,-8,-7,-6,-5,-4,-3,-2,-1,0,1,2,3
m199,cpu,utilization,16.696666667,16.8,16.935,17.053333333,16.906666667,16.8,16.6,16.666666667,16.9,16.725,16.785,16.9,16.51,13.635
