name,machine_type,trace,-10,-9,-8,-7,-6,-5,-4,-3,-2,-1,0,1,2,3
m387,cpu,utilization,13.38,10.75,9.5,9.38,8.975,9.525,5.5533333333,4.9,5.78,9.7466666667,9.9,9.8733333333,9.96,10.26
