name,machine_type,trace,-10,-9,-8,-7,-6,-5,-4,-3,-2,-1,0,1,2,3
m58,cpu,utilization,24.223333333,23.766666667,14.666666667,16.25,25.855,25.99,25.085,20.516666667,20.7,22.746666667,21.99,24.44,23.6,23.71
