name,machine_type,trace,-10,-9,-8,-7,-6,-5,-4,-3,-2,-1,0,1,2,3
m19,cpu,utilization,27.213333333,26.6,27.493333333,26.85,27.348333333,27.64,26.74,26.585,27.191666667,27.966666667,27.8,26.536666667,27.02,28.085
