name,machine_type,trace,-10,-9,-8,-7,-6,-5,-4,-3,-2,-1,0,1,2,3
m384,cpu,utilization,29.06,29.401666667,28.82,28.285,29.06,29.376666667,29.173333333,28.62,27.52,27.9,28.896666667,29.2,28.973333333,28.856666667
