name,machine_type,trace,-10,-9,-8,-7,-6,-5,-4,-3,-2,-1,0,1,2,3
m135,cpu,utilization,0.33666666667,2.51,1.9733333333,0.9,0.9,0.53,1.405,0.895,0.3,0.3,0.43,0.37,0.3,0.80666666667
