name,machine_type,trace,-10,-9,-8,-7,-6,-5,-4,-3,-2,-1,0,1,2,3
m315,cpu,utilization,22.7,22.758333333,23.6,25.461666667,22.9,22.926666667,23.135,23.4,22.506666667,17.816666667,23.4,24.04,25.675,22.9
