name,machine_type,trace,-10,-9,-8,-7,-6,-5,-4,-3,-2,-1,0,1,2,3
m284,cpu,utilization,29.448333333,29.496666667,29.6,29.548333333,29.5,29.716666667,30.045,30.1,29.82,29.58,29.8,18.316666667,3.34,2.95
