name,machine_type,trace,-10,-9,-8,-7,-6,-5,-4,-3,-2,-1,0,1,2,3
m217,cpu,utilization,31.021666667,29.26,31.85,32.406666667,31.06,33.02,33.5,30.125,33.005,30.59,31.033333333,31.94,30.066666667,31.44
m47,cpu,utilization,26.5,25.72,25.72,26.0,26.65,26.37,25.433333333,25.578333333,25.526666667,25.61,25.633333333,25.6,25.266666667,24.96
