name,machine_type,trace,-10,-9,-8,-7,-6,-5,-4,-3,-2,-1,0,1,2,3
m33,cpu,utilization,34.62,36.538333333,34.733333333,46.886666667,42.36,36.9,46.605,47.205,42.086666667,43.256666667,46.24,47.366666667,47.27,40.88
