name,machine_type,trace,-10,-9,-8,-7,-6,-5,-4,-3,-2,-1,0,1,2,3
m150,cpu,utilization,27.4,28.961666667,28.786666667,29.2,29.186666667,29.145,29.353333333,29.158333333,28.95,29.046666667,29.225,29.226666667,29.093333333,29.526666667
