name,machine_type,trace,-10,-9,-8,-7,-6,-5,-4,-3,-2,-1,0,1,2,3
m16,cpu,utilization,23.083333333,21.303333333,17.45,24.275,23.966666667,23.193333333,22.87,23.13,23.233333333,22.926666667,22.59,22.695,23.21,24.493333333
m105,cpu,utilization,19.6,19.681666667,20.083333333,20.2,19.76,19.453333333,19.4,19.83,21.066666667,20.643333333,19.5,19.2,19.815,20.168333333
