name,machine_type,trace,-10,-9,-8,-7,-6,-5,-4,-3,-2,-1,0,1,2,3
m39,cpu,utilization,16.68,16.66,17.0,16.95,16.723333333,16.9,16.91,17.1,17.075,16.8,16.8,16.791666667,16.7,16.745
