name,machine_type,trace,-10,-9,-8,-7,-6,-5,-4,-3,-2,-1,0,1,2,3
m84,cpu,utilization,8.435,8.6333333333,7.735,8.4,8.3533333333,8.04,8.33,8.6,8.5766666667,8.46,8.8,8.7833333333,8.685,8.6
