name,machine_type,trace,-10,-9,-8,-7,-6,-5,-4,-3,-2,-1,0,1,2,3
m256,cpu,utilization,0.8,0.735,0.63166666667,0.6,0.6,0.6,0.6,0.6,0.52833333333,0.5,0.42,0.4,0.4,0.4
