name,machine_type,trace,-10,-9,-8,-7,-6,-5,-4,-3,-2,-1,0,1,2,3
m59,cpu,utilization,8.5033333333,8.5033333333,8.6,8.7866666667,8.7866666667,8.5,9.08,8.4116666667,8.4116666667,9.0866666667,8.7,8.7,8.7266666667,8.9
