name,machine_type,trace,-10,-9,-8,-7,-6,-5,-4,-3,-2,-1,0,1,2,3
m55,cpu,utilization,82.15,62.22,42.3,39.2,64.733333333,82.25,82.5,82.603333333,82.48,59.035,40.0,60.348333333,81.306666667,81.415
