name,machine_type,trace,-10,-9,-8,-7,-6,-5,-4,-3,-2,-1,0,1,2,3
m349,cpu,utilization,0.3,0.3,0.3,0.215,0.37666666667,0.4,0.23333333333,0.28166666667,0.3,5.4,1.2,0.3,0.3,9.31
m210,cpu,utilization,29.3,29.133333333,28.93,28.305,28.73,28.885,28.15,29.225,28.846666667,27.765,28.62,28.636666667,28.345,29.006666667
