name,machine_type,trace,-10,-9,-8,-7,-6,-5,-4,-3,-2,-1,0,1,2,3
m323,cpu,utilization,18.9,18.9,19.6,18.536666667,18.5,20.171666667,19.155,18.116666667,18.1,19.6,17.731666667,17.713333333,18.116666667,18.3
m235,cpu,utilization,32.5,32.5,31.7,31.7,32.46,31.91,31.9,31.9,31.7,31.7,31.896666667,31.606666667,31.8,31.8
