name,machine_type,trace,-10,-9,-8,-7,-6,-5,-4,-3,-2,-1,0,1,2,3
m384,cpu,utilization,4.3,4.21,4.1,4.2666666667,4.3466666667,4.1,4.17,4.4533333333,4.7,4.5416666667,4.2,4.2,4.27,4.435
