name,machine_type,trace,-10,-9,-8,-7,-6,-5,-4,-3,-2,-1,0,1,2,3
m79,cpu,utilization,23.0,22.896666667,22.853333333,22.9,22.74,22.6,22.79,22.958333333,23.0,22.88,22.8,21.3,24.986666667,27.9
