name,machine_type,trace,-10,-9,-8,-7,-6,-5,-4,-3,-2,-1,0,1,2,3
m343,cpu,utilization,29.9,29.9,29.9,30.04,29.826666667,30.025,30.2,30.138333333,30.1,30.1,28.06,26.291666667,26.0,26.0
