name,machine_type,trace,-10,-9,-8,-7,-6,-5,-4,-3,-2,-1,0,1,2,3
m13,cpu,utilization,26.45,25.241666667,25.315,24.795,25.0,25.066666667,25.115,24.926666667,25.396666667,25.9,25.438333333,25.93,23.9,24.145
