name,machine_type,trace,-10,-9,-8,-7,-6,-5,-4,-3,-2,-1,0,1,2,3
m237,cpu,utilization,25.766666667,29.48,28.286666667,17.215,26.733333333,12.106666667,27.555,15.28,15.2,29.3525,29.3525,14.516666667,28.553333333,29.18
