name,machine_type,trace,-10,-9,-8,-7,-6,-5,-4,-3,-2,-1,0,1,2,3
m55,cpu,utilization,71.226666667,71.2,71.44,71.5,56.391666667,55.88,65.011666667,70.581666667,71.526666667,71.5,71.5,71.576666667,61.553333333,56.58
