name,machine_type,trace,-10,-9,-8,-7,-6,-5,-4,-3,-2,-1,0,1,2,3
m267,cpu,utilization,1.9,1.9266666667,2.0266666667,2.1,2.13,2.105,1.9,1.98,2.2933333333,2.6,2.4366666667,1.9366666667,2.1,2.0666666667
m293,cpu,utilization,2.075,2.0533333333,2.2,2.2,2.2,2.2,2.115,1.9266666667,2.0,2.0,2.0466666667,2.2,2.2,2.2
