name,machine_type,trace,-10,-9,-8,-7,-6,-5,-4,-3,-2,-1,0,1,2,3
m30,cpu,utilization,24.245,24.5,24.5,24.5,24.5,24.5,24.5,24.575,26.0,25.8,24.0,24.06,24.586666667,24.486666667
