name,machine_type,trace,-10,-9,-8,-7,-6,-5,-4,-3,-2,-1,0,1,2,3
m215,cpu,utilization,0.26333333333,0.3,0.495,0.4,0.3,0.23333333333,0.265,0.3,0.3,0.3,0.3,0.35333333333,0.865,0.78333333333
