name,machine_type,trace,-10,-9,-8,-7,-6,-5,-4,-3,-2,-1,0,1,2,3
m243,cpu,utilization,29.2,29.233333333,29.3,29.333333333,29.363333333,29.3,29.3,29.3,29.3,20.93,7.2466666667,3.3,2.99,2.7
