name,machine_type,trace,-10,-9,-8,-7,-6,-5,-4,-3,-2,-1,0,1,2,3
m253,cpu,utilization,21.736666667,38.046666667,41.99,23.81,16.7,38.343333333,30.766666667,24.093333333,37.9,25.288333333,17.86,34.47,28.84,18.79
m373,cpu,utilization,31.04,46.686666667,50.06,32.89,26.2,44.546666667,36.473333333,28.773333333,42.85,33.23,27.366666667,41.19,36.34,27.89
m168,cpu,utilization,20.9,36.8,37.23,27.08,23.9,38.161666667,28.766666667,26.673333333,38.325,23.783333333,23.786666667,37.43,27.03,18.79
m294,cpu,utilization,36.076666667,49.653333333,48.67,37.3,33.626666667,48.363333333,49.8,40.793333333,50.625,38.741666667,37.306666667,47.64,40.54,34.12
m193,cpu,utilization,18.406666667,33.953333333,35.92,20.19,14.4,33.535,25.186666667,20.206666667,32.65,21.033333333,15.013333333,30.22,23.91,15.57
m117,cpu,utilization,27.586666667,43.153333333,42.76,29.62,25.3,42.93,35.38,30.906666667,44.325,31.153333333,30.333333333,42.16,32.46,25.56
m25,cpu,utilization,27.846666667,41.526666667,47.32,30.1,22.826666667,42.723333333,29.26,25.68,41.45,30.69,24.2,39.22,33.26,24.58
m49,cpu,utilization,32.526666667,46.26,43.87,31.11,27.3,46.005,37.706666667,28.846666667,44.35,36.896666667,34.84,45.97,35.59,27.94
