name,machine_type,trace,-10,-9,-8,-7,-6,-5,-4,-3,-2,-1,0,1,2,3
m390,cpu,utilization,17.263333333,17.2,17.241666667,14.425,11.986666667,15.386666667,17.106666667,17.0,17.043333333,17.055,17.0,17.28,17.4,17.2
