name,machine_type,trace,-10,-9,-8,-7,-6,-5,-4,-3,-2,-1,0,1,2,3
m43,cpu,utilization,8.91,8.1,8.11,8.3933333333,8.3,8.295,8.2,8.1933333333,8.1,8.095,8.0,8.01,8.1,8.1
