name,machine_type,trace,-10,-9,-8,-7,-6,-5,-4,-3,-2,-1,0,1,2,3
m38,cpu,utilization,24.14,23.2,22.9,20.095,19.515,19.5,19.5,19.666666667,19.7,14.116666667,13.0,12.386666667,12.346666667,12.4
