name,machine_type,trace,-10,-9,-8,-7,-6,-5,-4,-3,-2,-1,0,1,2,3
m155,cpu,utilization,28.1,29.113333333,28.153333333,28.313333333,28.5,28.98,25.966666667,25.021666667,25.0,25.3,25.113333333,25.0,25.156666667,26.343333333
m110,cpu,utilization,26.95,28.653333333,29.113333333,29.23,29.613333333,29.62,26.31,25.165,25.1,25.1,25.1,25.1,25.1,26.651666667
