name,machine_type,trace,-10,-9,-8,-7,-6,-5,-4,-3,-2,-1,0,1,2,3
m146,cpu,utilization,23.773333333,23.965,25.0,25.0,25.185,25.3,21.69,23.083333333,24.97,24.9,24.9,25.173333333,24.91,24.7
