name,machine_type,trace,-10,-9,-8,-7,-6,-5,-4,-3,-2,-1,0,1,2,3
m25,cpu,utilization,2.1,2.1,2.1,2.2933333333,2.2,2.1033333333,2.1,2.1,2.1966666667,2.2,2.29,2.3,2.1233333333,2.1833333333
