name,machine_type,trace,-10,-9,-8,-7,-6,-5,-4,-3,-2,-1,0,1,2,3
m321,cpu,utilization,29.1,28.993333333,28.763333333,28.9,29.24,30.166666667,30.3,30.22,30.013333333,29.9,30.116666667,30.4,30.443333333,30.333333333
