name,machine_type,trace,-10,-9,-8,-7,-6,-5,-4,-3,-2,-1,0,1,2,3
m0,cpu,utilization,16.388333333,16.3,16.34,16.7,16.708333333,16.8,16.8,16.78,16.5,16.5,16.513333333,16.6,16.62,16.681666667
