name,machine_type,trace,-10,-9,-8,-7,-6,-5,-4,-3,-2,-1,0,1,2,3
m150,cpu,utilization,26.5,26.493333333,26.503333333,26.503333333,26.7,26.798333333,26.62,27.0,26.973333333,26.2,26.21,26.38,26.1,26.108333333
