name,machine_type,trace,-10,-9,-8,-7,-6,-5,-4,-3,-2,-1,0,1,2,3
m315,cpu,utilization,16.408333333,19.5,19.28,16.2,16.2,16.006666667,16.2,16.206666667,16.341666667,16.341666667,16.1,16.2,19.39,16.116666667
