name,machine_type,trace,-10,-9,-8,-7,-6,-5,-4,-3,-2,-1,0,1,2,3
m158,cpu,utilization,0.3,0.3,0.3,0.3,0.21,0.29166666667,0.3,0.205,0.29166666667,0.3,0.20666666667,0.39,0.4,0.305
