name,machine_type,trace,-10,-9,-8,-7,-6,-5,-4,-3,-2,-1,0,1,2,3
m102,cpu,utilization,29.64,28.903333333,28.518333333,28.245,28.2,28.533333333,28.6,28.835,28.9,30.09,28.77,28.5,28.588333333,28.43
