name,machine_type,trace,-10,-9,-8,-7,-6,-5,-4,-3,-2,-1,0,1,2,3
m158,cpu,utilization,30.825,32.2,41.141666667,46.7,46.7,35.0,39.7,46.086666667,46.353333333,46.2,44.56,42.091666667,44.94,46.5
