name,machine_type,trace,-10,-9,-8,-7,-6,-5,-4,-3,-2,-1,0,1,2,3
m65,cpu,utilization,42.006666667,41.416666667,41.5,41.591666667,42.045,42.3,42.3,42.28,42.1,42.07,41.9,42.85,41.313333333,40.116666667
