name,machine_type,trace,-10,-9,-8,-7,-6,-5,-4,-3,-2,-1,0,1,2,3
m265,cpu,utilization,11.261666667,10.16,12.77,14.236666667,11.57,12.76,14.3,11.92,12.321666667,15.0,13.326666667,10.958333333,12.24,13.61
