name,machine_type,trace,-10,-9,-8,-7,-6,-5,-4,-3,-2,-1,0,1,2,3
m250,cpu,utilization,20.3,20.3,20.3,20.3,23.45,20.853333333,20.31,20.3,20.39,20.313333333,20.3,20.213333333,20.2,20.2
