name,machine_type,trace,-10,-9,-8,-7,-6,-5,-4,-3,-2,-1,0,1,2,3
m390,cpu,utilization,33.555,31.15,30.705,30.5,30.373333333,30.1,30.34,31.106666667,31.24,30.8,30.7,30.088333333,29.3,29.725
m196,cpu,utilization,16.0,16.27,16.995,17.2,17.231666667,17.3,17.273333333,17.2,17.093333333,16.846666667,17.05,16.916666667,16.375,16.956666667
m54,cpu,utilization,18.395,18.3,17.885,18.5,18.468333333,18.4,18.426666667,18.553333333,18.7,18.653333333,18.5,18.5,18.625,19.0
m146,cpu,utilization,18.7,17.71,16.508333333,18.773333333,18.531666667,18.66,18.933333333,19.14,18.566666667,18.363333333,18.875,18.771666667,18.7,18.7
