name,machine_type,trace,-10,-9,-8,-7,-6,-5,-4,-3,-2,-1,0,1,2,3
m117,cpu,utilization,12.1475,12.5,12.3475,12.3475,12.396666667,12.395,12.455,12.455,12.6,12.213333333,12.296666667,12.3,12.3,12.113333333
m216,cpu,utilization,3.2991666667,3.495,3.2,3.2,3.2966666667,3.2,3.2,3.2,3.2,3.2,3.2966666667,3.205,3.2,3.2933333333
