name,machine_type,trace,-10,-9,-8,-7,-6,-5,-4,-3,-2,-1,0,1,2,3
m269,cpu,utilization,0.38666666667,0.31333333333,0.3,0.39333333333,0.31,0.3,0.46333333333,0.33,0.3,0.38666666667,0.4,0.4,0.49666666667,0.31666666667
