name,machine_type,trace,-10,-9,-8,-7,-6,-5,-4,-3,-2,-1,0,1,2,3
m266,cpu,utilization,1.95,1.7416666667,1.4633333333,2.115,2.695,2.245,2.3083333333,2.1466666667,2.1083333333,1.8066666667,1.5,3.14,2.9433333333,2.1333333333
