name,machine_type,trace,-10,-9,-8,-7,-6,-5,-4,-3,-2,-1,0,1,2,3
m312,cpu,utilization,0.4,0.4,0.4,0.4,0.4,0.46,0.43833333333,0.4,0.46166666667,0.5,0.5,0.5,0.5,0.5
m73,cpu,utilization,0.43,0.43333333333,0.4,0.53333333333,0.47666666667,0.4,0.46166666667,0.43833333333,0.4,0.4,0.4,0.4,0.46833333333,0.43166666667
m195,cpu,utilization,0.5,0.5,0.5,0.5,0.5,0.56,0.6,0.53833333333,0.43833333333,0.4,0.4,0.4,0.46833333333,0.43166666667
m414,cpu,utilization,0.5,0.5,0.43166666667,0.33333333333,0.3,0.42,0.43833333333,0.4,0.46166666667,0.5,0.5,0.5,0.43166666667,0.4
