name,machine_type,trace,-10,-9,-8,-7,-6,-5,-4,-3,-2,-1,0,1,2,3
m409,cpu,utilization,51.1,40.756666667,48.633333333,53.993333333,48.38,57.416666667,39.485,46.966666667,50.09,43.94,54.235,49.486666667,53.105,31.515
