name,machine_type,trace,-10,-9,-8,-7,-6,-5,-4,-3,-2,-1,0,1,2,3
m235,cpu,utilization,34.991666667,37.09,36.22,37.91,37.673333333,35.266666667,35.94,37.62,38.88,39.9,39.753333333,38.816666667,38.886666667,38.81
