name,machine_type,trace,-10,-9,-8,-7,-6,-5,-4,-3,-2,-1,0,1,2,3
m190,cpu,utilization,38.16,37.365,35.106666667,35.213333333,34.76,35.95,38.446666667,38.175,35.673333333,32.93,34.633333333,35.1,36.163333333,38.0
