name,machine_type,trace,-10,-9,-8,-7,-6,-5,-4,-3,-2,-1,0,1,2,3
m139,cpu,utilization,30.68,30.7,2.58,3.2466666667,3.7866666667,0.855,0.7,2.6,8.495,30.066666667,30.308333333,28.726666667,29.388333333,30.678333333
