name,machine_type,trace,-10,-9,-8,-7,-6,-5,-4,-3,-2,-1,0,1,2,3
m115,cpu,utilization,18.9,19.096666667,19.0,19.786666667,19.8,19.42,19.203333333,19.2,19.691666667,19.13,19.1,19.196666667,20.3,18.875
