name,machine_type,trace,-10,-9,-8,-7,-6,-5,-4,-3,-2,-1,0,1,2,3
m416,cpu,utilization,22.753333333,22.926666667,22.76,23.133333333,24.06,24.77,23.166666667,21.58,23.815,25.08,24.9,25.146666667,24.95,24.755
