name,machine_type,trace,-10,-9,-8,-7,-6,-5,-4,-3,-2,-1,0,1,2,3
m380,cpu,utilization,15.12,14.55,14.5,15.233333333,15.3,15.213333333,15.2,15.72,15.8,14.425,15.095,15.2,15.295,15.0
