name,machine_type,trace,-10,-9,-8,-7,-6,-5,-4,-3,-2,-1,0,1,2,3
m329,cpu,utilization,23.1,22.69,22.5,22.5,22.5,22.373333333,25.876666667,28.1,28.275,28.46,24.015,22.133333333,22.4,22.34
