name,machine_type,trace,-10,-9,-8,-7,-6,-5,-4,-3,-2,-1,0,1,2,3
m49,cpu,utilization,24.7,24.101666667,25.491666667,25.491666667,27.711666667,27.711666667,24.101666667,24.101666667,24.2,23.33,23.87,23.9,24.273333333,24.653333333
