name,machine_type,trace,-10,-9,-8,-7,-6,-5,-4,-3,-2,-1,0,1,2,3
m273,cpu,utilization,26.366666667,25.72,24.823333333,24.96,25.108333333,24.7,24.45,22.7,21.176666667,23.273333333,24.76,25.866666667,26.133333333,25.826666667
