name,machine_type,trace,-10,-9,-8,-7,-6,-5,-4,-3,-2,-1,0,1,2,3
m190,cpu,utilization,28.6,26.218333333,28.85,23.65,14.78,12.125,12.16,11.846666667,11.8,12.88,13.0,13.366666667,12.14,24.133333333
