name,machine_type,trace,-10,-9,-8,-7,-6,-5,-4,-3,-2,-1,0,1,2,3
m179,cpu,utilization,5.805,5.8,5.8,5.8,5.705,6.9133333333,6.05,5.995,5.705,5.8,5.7833333333,5.67,6.2,6.15
m168,cpu,utilization,3.815,3.89,3.9,3.81,3.99,4.0,4.0,4.0983333333,4.1,4.0866666667,3.9,3.8883333333,3.82,4.1
m199,cpu,utilization,20.855,20.18,20.1,20.19,20.865,20.9,20.33,20.296666667,20.145,20.92,19.875,20.7,20.66,20.09
m216,cpu,utilization,3.2,3.29,3.3,3.3,3.205,3.2933333333,3.3,3.2016666667,3.2,3.2066666667,3.3,3.3,3.2933333333,3.2
