name,machine_type,trace,-10,-9,-8,-7,-6,-5,-4,-3,-2,-1,0,1,2,3
m400,cpu,utilization,6.965,6.8683333333,6.8,6.8533333333,7.0,7.0,6.95,6.8233333333,6.9,6.9216666667,6.96,6.8,6.8366666667,7.0
