name,machine_type,trace,-10,-9,-8,-7,-6,-5,-4,-3,-2,-1,0,1,2,3
m235,cpu,utilization,37.678333333,36.41,37.208333333,37.208333333,37.7,37.7,37.4,36.89,27.72,37.6,37.71,38.7,38.6,37.7
