name,machine_type,trace,-10,-9,-8,-7,-6,-5,-4,-3,-2,-1,0,1,2,3
m65,cpu,utilization,14.055,19.8,16.498333333,16.5,18.093333333,18.2,18.2,18.2,18.11,18.1,18.2,18.148333333,18.15,18.2
