name,machine_type,trace,-10,-9,-8,-7,-6,-5,-4,-3,-2,-1,0,1,2,3
m224,cpu,utilization,22.733333333,26.1,27.373333333,17.425,20.54,25.946666667,15.386666667,12.593333333,9.95,19.3,14.38,17.74,24.661666667,18.916666667
m295,cpu,utilization,23.955,26.94,27.893333333,16.0,18.516666667,25.121666667,10.926666667,11.533333333,12.975,21.1,10.823333333,14.2,24.125,18.35
