name,machine_type,trace,-10,-9,-8,-7,-6,-5,-4,-3,-2,-1,0,1,2,3
m123,cpu,utilization,29.6,28.333333333,29.335,29.94,29.14,30.7,30.661666667,29.06,27.266666667,29.68,29.503333333,28.52,28.9,28.106666667
