name,machine_type,trace,-10,-9,-8,-7,-6,-5,-4,-3,-2,-1,0,1,2,3
m54,cpu,utilization,29.9,28.756666667,30.95,29.933333333,29.833333333,30.506666667,30.35,30.55,30.6,30.6,29.52,30.683333333,27.44,29.166666667
