name,machine_type,trace,-10,-9,-8,-7,-6,-5,-4,-3,-2,-1,0,1,2,3
m15,cpu,utilization,81.85,81.15,61.8,41.826666667,62.173333333,81.75,80.9,80.606666667,80.903333333,81.22,81.606666667,58.706666667,38.94,62.233333333
