name,machine_type,trace,-10,-9,-8,-7,-6,-5,-4,-3,-2,-1,0,1,2,3
m112,cpu,utilization,38.45,52.366666667,49.501666667,56.275,58.025,54.343333333,58.5,59.123333333,58.261666667,54.8,60.141666667,62.246666667,57.77,58.453333333
m30,cpu,utilization,25.65,26.0,26.463333333,26.04,25.45,26.613333333,26.74,26.271666667,26.168333333,26.3,26.541666667,26.333333333,26.7,26.673333333
m158,cpu,utilization,43.25,38.633333333,38.285,44.033333333,40.85,41.465,43.4,43.598333333,43.72,42.233333333,41.818333333,43.32,41.346666667,37.68
m30,cpu,utilization,25.65,26.0,26.463333333,26.04,25.45,26.613333333,26.74,26.271666667,26.168333333,26.3,26.541666667,26.333333333,26.7,26.673333333
m331,cpu,utilization,23.75,27.5,27.408333333,27.108333333,27.45,27.186666667,26.9,27.013333333,27.331666667,27.033333333,25.128333333,23.906666667,27.593333333,27.686666667
m273,cpu,utilization,30.833333333,30.85,30.356666667,31.63,31.725,30.855,31.02,30.04,30.9,30.433333333,29.975,31.026666667,31.053333333,30.9
m168,cpu,utilization,27.366666667,27.7,26.948333333,24.358333333,27.425,27.833333333,26.293333333,26.0,26.348333333,27.1,26.91,26.42,26.596666667,27.473333333
m392,cpu,utilization,30.733333333,29.566666667,30.363333333,30.373333333,30.975,30.9,30.846666667,30.841666667,31.2,30.933333333,30.4,30.4,30.493333333,30.586666667
