name,machine_type,trace,-10,-9,-8,-7,-6,-5,-4,-3,-2,-1,0,1,2,3
m58,cpu,utilization,28.8,29.75,28.851666667,29.333333333,28.925,28.266666667,28.2,28.453333333,28.25,28.308333333,27.866666667,28.605,29.14,29.1
