name,machine_type,trace,-10,-9,-8,-7,-6,-5,-4,-3,-2,-1,0,1,2,3
m267,cpu,utilization,17.473333333,17.9,17.6,16.45,16.725,17.74,22.153333333,31.94,32.921666667,30.636666667,33.633333333,31.475,34.72,33.086666667
m196,cpu,utilization,57.166666667,56.993333333,42.55,28.0,31.195,45.18,57.24,56.9,56.9,57.046666667,45.258333333,28.4,38.56,54.84
