name,machine_type,trace,-10,-9,-8,-7,-6,-5,-4,-3,-2,-1,0,1,2,3
m79,cpu,utilization,22.825,25.28,26.55,26.14,26.0,25.926666667,26.206666667,26.3,26.376666667,25.91,25.8,26.348333333,23.886666667,25.096666667
