name,machine_type,trace,-10,-9,-8,-7,-6,-5,-4,-3,-2,-1,0,1,2,3
m296,cpu,utilization,29.273333333,29.073333333,29.466666667,30.766666667,30.233333333,29.245,30.203333333,29.42,28.5,29.178333333,30.066666667,28.66,28.046666667,28.92
