name,machine_type,trace,-10,-9,-8,-7,-6,-5,-4,-3,-2,-1,0,1,2,3
m227,cpu,utilization,16.58,14.373333333,18.6,18.806666667,10.816666667,5.04,14.3,13.83,11.32,13.04,6.3666666667,13.0,17.34,16.55
