name,machine_type,trace,-10,-9,-8,-7,-6,-5,-4,-3,-2,-1,0,1,2,3
m233,cpu,utilization,0.22833333333,0.27166666667,0.3,0.16333333333,0.17333333333,0.2,0.27666666667,5.5266666667,6.7,6.7816666667,6.46,6.4,6.4816666667,4.0833333333
m277,cpu,utilization,0.3,0.3,0.3,0.3,0.22666666667,0.27333333333,0.3,0.62666666667,0.54333333333,0.5,0.33,0.3,0.3,0.21666666667
