name,machine_type,trace,-10,-9,-8,-7,-6,-5,-4,-3,-2,-1,0,1,2,3
m128,cpu,utilization,13.5,13.208333333,13.4,13.433333333,13.858333333,13.4,13.38,13.14,13.5,11.955,13.13,11.915,13.59,13.1
