name,machine_type,trace,-10,-9,-8,-7,-6,-5,-4,-3,-2,-1,0,1,2,3
m369,cpu,utilization,29.7,29.688333333,29.585,29.5,27.316666667,17.6,23.938333333,29.475,29.4,29.446666667,29.275,26.978333333,23.156666667,26.92
