name,machine_type,trace,-10,-9,-8,-7,-6,-5,-4,-3,-2,-1,0,1,2,3
m364,cpu,utilization,16.4575,16.4575,16.406666667,16.4,15.723333333,15.7,16.086666667,16.473333333,16.5,16.316666667,16.025,16.0,15.71,15.72
m356,cpu,utilization,29.9,29.9,29.126666667,28.7,28.603333333,35.155,33.18,29.833333333,29.506666667,29.5,29.775,29.8,29.606666667,29.606666667
m330,cpu,utilization,35.2675,35.2675,35.406666667,35.4,35.4,35.4,35.013333333,26.973333333,21.08,20.516666667,20.5,20.686666667,20.603333333,20.613333333
m204,cpu,utilization,33.005,33.005,33.1,33.1,33.196666667,33.39,33.4,32.933333333,32.993333333,33.0,33.091666667,33.006666667,33.0,33.19
m87,cpu,utilization,19.8,19.8,19.993333333,20.0,20.0,20.19,20.296666667,20.3,20.206666667,22.216666667,23.866666667,23.906666667,20.613333333,19.6
m221,cpu,utilization,12.2475,12.2475,12.2,12.2,11.04,12.235,12.3,10.62,11.433333333,13.883333333,14.833333333,13.406666667,11.656666667,11.633333333
m128,cpu,utilization,39.075,39.075,39.76,40.9,40.223333333,37.255,39.806666667,39.9,39.246666667,39.383333333,38.941666667,40.02,37.006666667,35.486666667
m182,cpu,utilization,34.5,34.5,34.693333333,35.0,35.0,34.81,34.026666667,34.84,34.246666667,34.841666667,34.9,35.273333333,34.816666667,34.793333333
