name,machine_type,trace,-10,-9,-8,-7,-6,-5,-4,-3,-2,-1,0,1,2,3
m146,cpu,utilization,14.686666667,21.083333333,16.56,21.28,22.28,18.055,31.683333333,24.2,23.401666667,23.325,19.573333333,28.413333333,17.651666667,25.766666667
m236,cpu,utilization,31.216666667,30.883333333,32.74,30.08,28.76,32.535,29.383333333,28.34,34.716666667,35.225,34.533333333,33.3,30.911666667,35.0
