name,machine_type,trace,-10,-9,-8,-7,-6,-5,-4,-3,-2,-1,0,1,2,3
m56,cpu,utilization,21.775,18.956666667,19.125,21.123333333,18.873333333,20.85,21.766666667,20.19,20.638333333,17.228333333,15.915,18.375,18.75,18.665
