name,machine_type,trace,-10,-9,-8,-7,-6,-5,-4,-3,-2,-1,0,1,2,3
m327,cpu,utilization,23.58,23.1,23.228333333,23.68,23.0,23.133333333,23.62,23.075,23.6,23.726666667,24.0,24.0,24.0,24.0
