name,machine_type,trace,-10,-9,-8,-7,-6,-5,-4,-3,-2,-1,0,1,2,3
m212,cpu,utilization,30.866666667,29.16,29.841666667,31.4,29.265,29.265,28.938333333,30.373333333,30.373333333,28.1,30.226666667,30.3,28.685,25.37
