name,machine_type,trace,-10,-9,-8,-7,-6,-5,-4,-3,-2,-1,0,1,2,3
m199,cpu,utilization,22.65,22.8,22.965,22.925,22.743333333,22.7,23.165,23.12,22.7,22.7,23.026666667,23.5,23.5,23.12
