name,machine_type,trace,-10,-9,-8,-7,-6,-5,-4,-3,-2,-1,0,1,2,3
m375,cpu,utilization,73.27,31.466666667,28.4,72.59,39.28,29.235,28.5,73.95,66.4,30.445,75.53,39.715,75.98,58.913333333
