name,machine_type,trace,-10,-9,-8,-7,-6,-5,-4,-3,-2,-1,0,1,2,3
m343,cpu,utilization,24.793333333,23.345,24.355,24.355,22.5,22.5,24.241666667,24.866666667,23.22,24.256666667,23.63,24.5,24.5,24.473333333
