name,machine_type,trace,-10,-9,-8,-7,-6,-5,-4,-3,-2,-1,0,1,2,3
m207,cpu,utilization,14.655,12.935,12.483333333,14.776666667,12.333333333,10.356666667,12.933333333,12.018333333,13.86,13.503333333,13.616666667,13.61,12.0,9.4
