name,machine_type,trace,-10,-9,-8,-7,-6,-5,-4,-3,-2,-1,0,1,2,3
m335,cpu,utilization,0.2,0.41,0.295,0.2,0.33666666667,0.26333333333,0.2,0.46,0.47,0.4,0.25666666667,0.2,0.27666666667,0.525
m245,cpu,utilization,0.3,0.3,0.36833333333,0.27,0.2,0.26833333333,0.3,0.3,0.3,0.3,0.3,0.22666666667,0.2,0.275
m310,cpu,utilization,24.22,24.95,24.265,25.225,24.391666667,23.463333333,24.44,25.975,24.615,22.848333333,25.151666667,24.22,26.03,24.025
m265,cpu,utilization,0.35666666667,0.3,0.36833333333,0.27,0.2,0.2,0.2,0.2,0.2,0.2,0.2,0.27333333333,0.3,0.3
