name,machine_type,trace,-10,-9,-8,-7,-6,-5,-4,-3,-2,-1,0,1,2,3
m63,cpu,utilization,16.4,16.726666667,16.8,16.8,16.89,16.258333333,16.2,16.72,16.711666667,16.7,16.785,16.8,16.8,16.885
