name,machine_type,trace,-10,-9,-8,-7,-6,-5,-4,-3,-2,-1,0,1,2,3
m368,cpu,utilization,28.6,28.716666667,29.518333333,29.11,31.106666667,32.56,31.44,28.706666667,32.42,35.333333333,32.333333333,31.41,31.241666667,29.018333333
