name,machine_type,trace,-10,-9,-8,-7,-6,-5,-4,-3,-2,-1,0,1,2,3
m397,cpu,utilization,30.99,30.6,30.816666667,31.1,31.1,30.77,30.713333333,30.9,30.783333333,30.7,31.493333333,31.023333333,31.075,31.076666667
