name,machine_type,trace,-10,-9,-8,-7,-6,-5,-4,-3,-2,-1,0,1,2,3
m25,cpu,utilization,26.33,26.2,25.36,26.25,26.02,26.0,26.0,26.095,27.335,26.355,26.3,26.496666667,26.106666667,27.771666667
