name,machine_type,trace,-10,-9,-8,-7,-6,-5,-4,-3,-2,-1,0,1,2,3
m415,cpu,utilization,14.28,14.666666667,14.7,14.96,14.653333333,14.773333333,14.8,14.8,14.473333333,14.4,14.4,14.556666667,14.44,14.4
