name,machine_type,trace,-10,-9,-8,-7,-6,-5,-4,-3,-2,-1,0,1,2,3
m322,cpu,utilization,28.8,28.11,27.976666667,28.766666667,25.78,26.3,28.52,29.575,26.62,28.223333333,29.3,26.033333333,27.76,31.318333333
m184,cpu,utilization,21.853333333,21.8,21.646666667,22.52,21.65,21.75,22.616666667,21.775,29.833333333,34.261666667,33.775,33.3,32.32,33.13
m168,cpu,utilization,23.933333333,24.983333333,25.1,25.253333333,25.07,23.875,23.5,23.35,20.146666667,19.0,19.068333333,19.166666667,19.2,19.131666667
m341,cpu,utilization,26.1,24.906666667,24.146666667,24.1,19.653333333,19.5,22.193333333,21.075,23.773333333,23.925,21.655,19.066666667,20.65,19.718333333
