name,machine_type,trace,-10,-9,-8,-7,-6,-5,-4,-3,-2,-1,0,1,2,3
m347,cpu,utilization,26.533333333,22.52,16.475,21.133333333,27.431666667,24.766666667,27.33,23.42,20.2,19.5,17.266666667,15.983333333,22.8,25.39
