name,machine_type,trace,-10,-9,-8,-7,-6,-5,-4,-3,-2,-1,0,1,2,3
m201,cpu,utilization,26.0,26.3,23.313333333,26.33,25.06,25.253333333,24.52,22.566666667,23.915,23.891666667,25.96,25.168333333,24.48,24.175
