name,machine_type,trace,-10,-9,-8,-7,-6,-5,-4,-3,-2,-1,0,1,2,3
m192,cpu,utilization,50.7,75.993333333,75.68,73.54,74.64,66.643333333,65.765,71.111666667,64.886666667,52.4,76.32,77.175,74.175,64.4
m168,cpu,utilization,3.795,3.8,4.27,13.333333333,15.54,18.6,18.6,18.6,18.6,18.6,18.78,20.4,20.43,20.51
