name,machine_type,trace,-10,-9,-8,-7,-6,-5,-4,-3,-2,-1,0,1,2,3
m278,cpu,utilization,32.053333333,32.333333333,32.67,32.57,32.528333333,32.713333333,33.116666667,33.2,32.646666667,33.643333333,32.74,33.56,32.871666667,32.285
