name,machine_type,trace,-10,-9,-8,-7,-6,-5,-4,-3,-2,-1,0,1,2,3
m309,cpu,utilization,41.966666667,44.506666667,42.84,40.546666667,41.06,42.406666667,41.23,44.81,41.24,42.22,39.773333333,41.925,42.2,42.17
