name,machine_type,trace,-10,-9,-8,-7,-6,-5,-4,-3,-2,-1,0,1,2,3
m101,cpu,utilization,44.95,44.6,46.388333333,44.853333333,44.7,44.77,45.0,44.94,44.73,44.633333333,44.7,41.38,39.8,45.108333333
