name,machine_type,trace,-10,-9,-8,-7,-6,-5,-4,-3,-2,-1,0,1,2,3
m397,cpu,utilization,0.3,0.3,0.3,0.3,1.2166666667,0.31,0.57333333333,0.6,0.2,0.21666666667,0.39666666667,0.3,0.305,0.41
