name,machine_type,trace,-10,-9,-8,-7,-6,-5,-4,-3,-2,-1,0,1,2,3
m279,cpu,utilization,0.3,0.3,0.335,0.4,0.36666666667,0.33666666667,0.4,0.36666666667,0.3,0.3,0.3,0.33,0.4,0.36666666667
m79,cpu,utilization,13.4,13.64,14.06,13.705,13.5,13.5,13.5,13.5,11.378333333,6.8,8.32,12.2,13.69,13.9
m340,cpu,utilization,3.3333333333,3.34,3.2,3.2316666667,3.3,3.3,3.3,3.3,3.3,3.3,3.3,3.3,3.33,3.3333333333
m244,cpu,utilization,2.6,2.6,2.635,2.6683333333,2.6,2.6366666667,2.665,2.6,2.6316666667,2.67,2.6,2.6,2.63,2.7
m8,cpu,utilization,4.8333333333,4.73,4.8,4.8316666667,4.9,4.9,4.83,4.7666666667,4.9,4.27,3.3066666667,4.43,4.5,4.5666666667
m12,cpu,utilization,4.8666666667,4.94,4.8,4.8316666667,4.8333333333,4.7,4.735,4.8,4.8,4.83,4.8683333333,4.8,4.83,4.8333333333
m177,cpu,utilization,26.933333333,26.89,27.1,26.973333333,26.633333333,26.793333333,27.3,27.233333333,27.1,27.1,27.036666667,26.96,27.1,27.1
m318,cpu,utilization,5.1,5.1,5.1,5.1633333333,5.3,5.2633333333,5.165,5.1,5.1,5.22,5.5,5.47,5.4,5.3
