name,machine_type,trace,-10,-9,-8,-7,-6,-5,-4,-3,-2,-1,0,1,2,3
m2,cpu,utilization,47.01,46.568333333,44.806666667,49.14,46.743333333,45.1,44.455,49.333333333,45.626666667,44.388333333,44.7,44.77,44.8,44.87
