name,machine_type,trace,-10,-9,-8,-7,-6,-5,-4,-3,-2,-1,0,1,2,3
m12,cpu,utilization,17.166666667,16.2,16.2,16.2,16.275,17.1,17.1,17.1,17.083333333,17.0,17.0,17.033333333,17.083333333,16.5
