name,machine_type,trace,-10,-9,-8,-7,-6,-5,-4,-3,-2,-1,0,1,2,3
m211,cpu,utilization,24.923333333,25.0,24.556666667,24.485,24.535,24.98,25.183333333,24.986666667,24.9,24.833333333,24.8,25.073333333,25.056666667,25.0
