name,machine_type,trace,-10,-9,-8,-7,-6,-5,-4,-3,-2,-1,0,1,2,3
m58,cpu,utilization,86.865,83.28,85.703333333,81.78,81.433333333,82.9,83.268333333,85.315,87.51,83.983333333,87.586666667,82.661666667,85.833333333,86.32
