name,machine_type,trace,-10,-9,-8,-7,-6,-5,-4,-3,-2,-1,0,1,2,3
m146,cpu,utilization,31.18,31.023333333,32.4,31.326666667,31.376666667,31.05,30.561666667,27.3,28.738333333,32.666666667,32.1,30.703333333,30.71,30.9
m335,cpu,utilization,21.705,21.6,20.82,20.4,20.716666667,20.9,23.181666667,22.56,21.2,22.6,21.433333333,20.5,21.661666667,23.153333333
m245,cpu,utilization,49.725,49.468333333,48.485,48.036666667,48.063333333,48.923333333,49.338333333,49.54,48.775,49.533333333,49.533333333,50.593333333,52.151666667,55.14
m341,cpu,utilization,21.12,21.893333333,21.485,16.666666667,14.1,14.036666667,16.035,13.4,10.738333333,11.1,10.833333333,13.26,14.936666667,17.273333333
