name,machine_type,trace,-10,-9,-8,-7,-6,-5,-4,-3,-2,-1,0,1,2,3
m402,cpu,utilization,20.3,20.973333333,20.186666667,19.72,19.85,19.925,21.06,21.11,20.645,20.57,21.095,19.893333333,20.525,20.04
m350,cpu,utilization,12.8,9.485,13.786666667,13.11,13.29,12.556666667,10.02,13.89,12.088333333,8.65,11.24,10.88,14.091666667,13.25
m297,cpu,utilization,31.675,34.64,35.393333333,35.1,35.22,35.556666667,35.7,35.58,35.215,34.52,32.665,32.436666667,35.025,35.606666667
m175,cpu,utilization,13.0,13.0,12.813333333,12.3,12.3,12.555,13.2,13.2,13.143333333,13.0,11.775,10.783333333,12.958333333,12.9
m268,cpu,utilization,33.225,32.886666667,32.44,32.42,33.31,33.015,32.8,32.92,31.131666667,27.97,31.61,30.793333333,33.2,33.126666667
m47,cpu,utilization,32.4,20.745,45.66,45.51,43.07,37.858333333,43.37,39.94,46.743333333,45.49,44.16,42.063333333,39.483333333,44.216666667
m165,cpu,utilization,8.425,11.178333333,13.4,13.4,13.46,13.6,13.6,13.6,13.6,13.27,13.095,15.153333333,16.675,16.5
m376,cpu,utilization,18.325,18.903333333,17.66,16.88,16.96,18.055,17.92,17.3,19.731666667,19.07,19.665,19.746666667,19.75,18.996666667
