name,machine_type,trace,-10,-9,-8,-7,-6,-5,-4,-3,-2,-1,0,1,2,3
m208,cpu,utilization,3.8733333333,3.75,3.7,3.49,3.4683333333,3.5,3.5616666667,3.6,3.9083333333,3.8666666667,3.645,17.9,29.6,30.475
