name,machine_type,trace,-10,-9,-8,-7,-6,-5,-4,-3,-2,-1,0,1,2,3
m38,cpu,utilization,17.0,16.71,17.0,16.986666667,16.816666667,17.0,16.986666667,16.82,17.1,17.07,16.885,16.8,16.855,17.1
