name,machine_type,trace,-10,-9,-8,-7,-6,-5,-4,-3,-2,-1,0,1,2,3
m331,cpu,utilization,11.581666667,11.96,10.4,10.748333333,11.393333333,11.073333333,11.0,10.55,8.87,8.1,8.1,8.1,8.16,8.3
