name,machine_type,trace,-10,-9,-8,-7,-6,-5,-4,-3,-2,-1,0,1,2,3
m163,cpu,utilization,9.9433333333,9.15,9.3,9.2433333333,9.1,9.55,10.27,9.8,10.583333333,10.3,9.345,9.8,9.6083333333,9.6333333333
