name,machine_type,trace,-10,-9,-8,-7,-6,-5,-4,-3,-2,-1,0,1,2,3
m125,cpu,utilization,27.626666667,26.341666667,23.958333333,25.34,24.69,26.09,24.723333333,25.533333333,24.07,26.02,26.158333333,26.435,24.376666667,25.541666667
m399,cpu,utilization,27.653333333,26.25,24.3,26.26,25.365,26.343333333,26.153333333,26.333333333,24.73,26.14,26.721666667,25.715,24.196666667,25.541666667
