name,machine_type,trace,-10,-9,-8,-7,-6,-5,-4,-3,-2,-1,0,1,2,3
m319,cpu,utilization,40.56,41.7,41.7,41.84,45.880833333,45.880833333,41.701666667,41.7,42.066666667,35.44,34.7,34.7,41.501666667,53.65
