name,machine_type,trace,-10,-9,-8,-7,-6,-5,-4,-3,-2,-1,0,1,2,3
m155,cpu,utilization,20.12,20.17,20.0,20.02,20.22,20.5,20.466666667,20.1,20.1,20.136666667,20.285,20.365,21.18,20.7
