name,machine_type,trace,-10,-9,-8,-7,-6,-5,-4,-3,-2,-1,0,1,2,3
m12,cpu,utilization,29.851666667,29.851666667,29.8,29.8,29.853333333,29.848333333,29.8,29.851666667,29.9,29.9,29.846666667,29.903333333,30.0,29.9
