name,machine_type,trace,-10,-9,-8,-7,-6,-5,-4,-3,-2,-1,0,1,2,3
m9,cpu,utilization,15.7975,17.635,22.773333333,22.773333333,24.346666667,17.613333333,17.5,21.4,21.4,21.496666667,21.5,21.496666667,21.396666667,21.3
