name,machine_type,trace,-10,-9,-8,-7,-6,-5,-4,-3,-2,-1,0,1,2,3
m78,cpu,utilization,0.5,0.46166666667,0.44,0.5,0.46,0.44333333333,0.5,0.45833333333,0.43833333333,0.5,0.57,0.62,0.5,0.465
