name,machine_type,trace,-10,-9,-8,-7,-6,-5,-4,-3,-2,-1,0,1,2,3
m236,cpu,utilization,24.47,23.951666667,26.8,24.045,24.928333333,26.47,24.086666667,26.413333333,23.78,23.816666667,26.126666667,25.169166667,25.169166667,26.8
