name,machine_type,trace,-10,-9,-8,-7,-6,-5,-4,-3,-2,-1,0,1,2,3
m297,cpu,utilization,42.105,36.78,42.105,42.4,41.68,42.41,36.633333333,33.533333333,36.53,42.6,41.640833333,41.640833333,36.891666667,41.944166667
