name,machine_type,trace,-10,-9,-8,-7,-6,-5,-4,-3,-2,-1,0,1,2,3
m99,cpu,utilization,26.7,26.79,26.613333333,26.6,27.0,26.806666667,26.79,26.5,26.5,26.526666667,26.9,26.86,26.513333333,26.6
