name,machine_type,trace,-10,-9,-8,-7,-6,-5,-4,-3,-2,-1,0,1,2,3
m330,cpu,utilization,22.2,22.2,22.228333333,23.786666667,22.2,22.18,21.933333333,22.3,22.293333333,22.048333333,22.048333333,22.0,22.0,22.386666667
