name,machine_type,trace,-10,-9,-8,-7,-6,-5,-4,-3,-2,-1,0,1,2,3
m267,cpu,utilization,16.066666667,15.7,15.5,15.5,15.245,14.125,13.33,15.443333333,15.6,15.625,15.76,16.0,16.046666667,17.24
