name,machine_type,trace,-10,-9,-8,-7,-6,-5,-4,-3,-2,-1,0,1,2,3
m216,cpu,utilization,3.2,3.2,3.2,3.2933333333,3.2083333333,3.2,3.29,3.3916666667,3.4,3.59,3.305,3.3,3.3,3.3933333333
m53,cpu,utilization,19.33,31.346666667,26.458333333,25.14,29.866666667,32.066666667,18.98,18.966666667,24.03,22.015,28.586666667,35.091666667,22.185,21.22
