name,machine_type,trace,-10,-9,-8,-7,-6,-5,-4,-3,-2,-1,0,1,2,3
m356,cpu,utilization,27.973333333,28.1,27.753333333,27.813333333,28.01,27.545,27.6,27.6,27.558333333,27.5,27.54,27.6,27.696666667,28.173333333
