name,machine_type,trace,-10,-9,-8,-7,-6,-5,-4,-3,-2,-1,0,1,2,3
m50,cpu,utilization,18.273333333,15.771666667,15.771666667,19.803333333,16.81,17.633333333,17.7,18.583333333,17.35,16.435,20.805,19.633333333,17.87,18.306666667
