name,machine_type,trace,-10,-9,-8,-7,-6,-5,-4,-3,-2,-1,0,1,2,3
m264,cpu,utilization,2.05,2.0433333333,0.4,1.2,1.0733333333,0.39333333333,0.5,0.45,0.4,0.4,0.4,0.4,0.4,0.355
m202,cpu,utilization,0.3,1.7466666667,1.56,0.3,0.3,0.39333333333,0.40666666667,0.3,0.35166666667,0.35166666667,0.3,0.39333333333,0.41,0.3
m83,cpu,utilization,6.6,8.15,8.39,6.92,6.5,6.5466666667,6.5533333333,6.5,6.5,6.4516666667,6.4,6.4,6.49,6.6
m68,cpu,utilization,0.5,0.44833333333,0.4,0.4,0.34833333333,0.39333333333,0.5,0.5,0.5,0.40333333333,0.3,0.39333333333,0.455,0.4
m239,cpu,utilization,4.3,5.955,5.77,5.2333333333,5.0516666667,4.96,5.8733333333,7.1,7.5133333333,7.8516666667,7.8,6.7733333333,4.565,3.255
m103,cpu,utilization,2.8,2.9033333333,3.0,3.1066666667,2.9933333333,2.8,2.8,2.8,2.8,2.8,2.9933333333,3.2,3.02,2.845
m28,cpu,utilization,5.15,5.5133333333,9.79,10.653333333,10.855,11.373333333,11.8,10.45,11.011666667,12.848333333,12.706666667,10.82,8.495,8.0
m225,cpu,utilization,5.4,6.1066666667,6.3,6.14,6.155,6.3,6.1133333333,5.85,5.8,5.655,5.7416666667,6.0,6.0,6.0
