name,machine_type,trace,-10,-9,-8,-7,-6,-5,-4,-3,-2,-1,0,1,2,3
m395,cpu,utilization,34.325,32.46,33.27,32.413333333,32.841666667,33.31,33.341666667,32.7,32.785,33.485,33.485,33.6,33.305,33.305
