name,machine_type,trace,-10,-9,-8,-7,-6,-5,-4,-3,-2,-1,0,1,2,3
m412,cpu,utilization,16.666666667,16.7,16.7,16.536666667,16.5,16.5,16.585,16.688333333,16.7,16.7,16.526666667,16.663333333,16.7,16.616666667
