name,machine_type,trace,-10,-9,-8,-7,-6,-5,-4,-3,-2,-1,0,1,2,3
m58,cpu,utilization,25.833333333,26.145,22.533333333,25.266666667,25.8,25.891666667,25.635,25.166666667,22.715,25.403333333,18.49,24.531666667,26.03,26.1
