name,machine_type,trace,-10,-9,-8,-7,-6,-5,-4,-3,-2,-1,0,1,2,3
m86,cpu,utilization,12.218333333,12.3,12.323333333,12.4,12.4,12.42,12.483333333,12.4,12.316666667,11.926666667,12.126666667,12.3,12.23,12.036666667
