name,machine_type,trace,-10,-9,-8,-7,-6,-5,-4,-3,-2,-1,0,1,2,3
m305,cpu,utilization,16.255,16.19,16.1,9.9333333333,12.75,16.6,16.308333333,16.333333333,13.971666667,8.2833333333,13.033333333,16.415,16.3,16.24
