name,machine_type,trace,-10,-9,-8,-7,-6,-5,-4,-3,-2,-1,0,1,2,3
m385,cpu,utilization,12.985,11.941666667,13.7,15.02,12.465,12.993333333,13.15,13.4,11.9,9.3,11.348333333,13.913333333,13.978333333,13.95
