name,machine_type,trace,-10,-9,-8,-7,-6,-5,-4,-3,-2,-1,0,1,2,3
m356,cpu,utilization,52.283333333,57.7,55.94,52.95,51.926666667,53.263333333,53.241666667,45.165,38.2,49.105,59.053333333,59.73,60.0,59.945
m134,cpu,utilization,54.966666667,55.98,52.67,54.91,59.166666667,59.08,59.466666667,50.84,41.766666667,50.28,59.22,59.56,59.37,60.215
