name,machine_type,trace,-10,-9,-8,-7,-6,-5,-4,-3,-2,-1,0,1,2,3
m186,cpu,utilization,25.9,25.865,25.8,25.885,26.1,26.1,26.425,27.38,26.291666667,25.9,25.9,25.973333333,25.411666667,23.4
