name,machine_type,trace,-10,-9,-8,-7,-6,-5,-4,-3,-2,-1,0,1,2,3
m273,cpu,utilization,16.953333333,20.073333333,23.365,23.4,22.253333333,22.933333333,22.783333333,22.5,16.575,20.691666667,23.1,23.325,22.446666667,23.053333333
m30,cpu,utilization,10.1,10.416666667,10.34,10.2,10.415,10.9,11.1,10.526666667,10.3,10.3,10.886666667,11.1,10.586666667,10.84
m419,cpu,utilization,14.301666667,14.23,13.9,13.968333333,13.928333333,13.7,14.388333333,13.84,13.5,14.001666667,14.786666667,14.1,16.0,14.453333333
m196,cpu,utilization,10.518333333,10.513333333,9.675,9.9783333333,10.558333333,10.033333333,10.416666667,10.7,9.95,9.5566666667,9.8666666667,10.15,11.373333333,10.773333333
m13,cpu,utilization,19.3,19.173333333,19.295,19.4,19.471666667,19.166666667,19.0,18.498333333,18.3,18.945,19.2,19.2,19.346666667,19.253333333
m19,cpu,utilization,8.2383333333,8.2,8.2,8.2683333333,8.3,8.1666666667,8.1,8.1,8.85,8.5983333333,8.4,8.25,8.2,8.2
m265,cpu,utilization,12.215,12.29,12.01,12.961666667,12.138333333,12.266666667,11.668333333,11.515,11.15,10.713333333,12.726666667,12.75,12.573333333,12.16
m234,cpu,utilization,7.7766666667,7.7,7.765,7.8683333333,7.9,8.0333333333,8.1,8.1,7.8,8.13,8.3,7.775,7.5266666667,7.5
