name,machine_type,trace,-10,-9,-8,-7,-6,-5,-4,-3,-2,-1,0,1,2,3
m54,cpu,utilization,83.185,83.63,83.2,83.386666667,77.858333333,48.833333333,39.63,36.05,40.366666667,19.08,0.6,0.665,0.835,0.6
