name,machine_type,trace,-10,-9,-8,-7,-6,-5,-4,-3,-2,-1,0,1,2,3
m172,cpu,utilization,37.316666667,42.54,42.993333333,43.0,43.59,41.795,43.2,43.49,43.5,43.205,43.2,43.22,43.6,43.6
m325,cpu,utilization,36.1,36.48,36.5,36.126666667,36.395,36.4,35.4,35.4,35.4,35.99,36.003333333,36.19,35.983333333,35.8
