name,machine_type,trace,-10,-9,-8,-7,-6,-5,-4,-3,-2,-1,0,1,2,3
m274,cpu,utilization,0.2,0.2,1.16,8.6,13.8,13.861666667,7.1,4.79,9.4366666667,14.06,15.84,15.8,16.306666667,16.6
