name,machine_type,trace,-10,-9,-8,-7,-6,-5,-4,-3,-2,-1,0,1,2,3
m277,cpu,utilization,29.6,29.646666667,29.57,29.4,29.356666667,29.533333333,29.8,29.753333333,29.7,29.7,29.493333333,29.35,29.4,29.448333333
