name,machine_type,trace,-10,-9,-8,-7,-6,-5,-4,-3,-2,-1,0,1,2,3
m413,cpu,utilization,30.893333333,30.346666667,30.916666667,30.5,30.44,30.166666667,30.096666667,28.743333333,30.2,30.316666667,30.678333333,30.38,29.695,30.4
