name,machine_type,trace,-10,-9,-8,-7,-6,-5,-4,-3,-2,-1,0,1,2,3
m102,cpu,utilization,35.0,35.0,34.975,34.7,34.733333333,35.2,35.235,35.455,34.44,28.666666667,24.78,25.9,26.635,30.746666667
m1,cpu,utilization,33.55,29.5,29.675,31.51,30.713333333,30.926666667,31.265,31.06,31.333333333,31.283333333,32.8,31.273333333,31.54,31.2
m348,cpu,utilization,31.3,31.2,30.4,31.29,29.533333333,31.42,31.7,31.715,31.786666667,31.75,32.02,32.026666667,31.76,32.1
m237,cpu,utilization,32.59,34.12,32.283333333,30.16,32.48,32.2,32.2,32.245,32.233333333,30.866666667,32.42,31.52,32.47,32.393333333
