name,machine_type,trace,-10,-9,-8,-7,-6,-5,-4,-3,-2,-1,0,1,2,3
m392,cpu,utilization,25.65,25.64,25.8,26.18,25.513333333,25.0,25.925,26.5,25.933333333,25.56,25.6,26.053333333,25.905,25.445
m117,cpu,utilization,25.875,10.12,0.39,0.5,0.81666666667,8.98,15.511666667,15.708333333,15.113333333,15.98,22.336666667,25.383333333,25.455,26.73
