name,machine_type,trace,-10,-9,-8,-7,-6,-5,-4,-3,-2,-1,0,1,2,3
m69,cpu,utilization,17.126666667,16.6,17.775,18.286666667,20.66,21.203333333,19.35,18.453333333,19.71,19.165,17.175,18.283333333,17.83,19.37
