name,machine_type,trace,-10,-9,-8,-7,-6,-5,-4,-3,-2,-1,0,1,2,3
m49,cpu,utilization,22.52,19.348333333,23.5,23.7,24.101666667,23.821666667,24.3,24.07,23.7,23.956666667,24.433333333,24.1,25.733333333,29.666666667
