name,machine_type,trace,-10,-9,-8,-7,-6,-5,-4,-3,-2,-1,0,1,2,3
m329,cpu,utilization,17.155,16.9,17.033333333,17.655,17.4,17.385,17.336666667,17.5,17.533333333,17.7,17.666666667,17.5,17.56,17.781666667
m170,cpu,utilization,19.16,19.5,19.45,19.2,19.173333333,19.045,19.3,19.266666667,19.1,19.086666667,19.05,19.3,19.28,19.218333333
m37,cpu,utilization,21.0,21.016666667,21.25,21.865,21.1,21.1,21.118333333,21.2,21.183333333,21.113333333,21.2,21.166666667,21.04,21.2
m2,cpu,utilization,21.0,21.0,21.0,20.97,20.853333333,21.2,21.181666667,21.083333333,21.033333333,21.226666667,21.35,21.1,21.24,21.635
