name,machine_type,trace,-10,-9,-8,-7,-6,-5,-4,-3,-2,-1,0,1,2,3
m58,cpu,utilization,30.085,29.965,29.7,29.473333333,28.275,29.608333333,30.0,29.981666667,28.75,23.0,24.68,30.996666667,29.2,29.35
