name,machine_type,trace,-10,-9,-8,-7,-6,-5,-4,-3,-2,-1,0,1,2,3
m331,cpu,utilization,29.2,29.483333333,30.106666667,29.8,29.783333333,29.616666667,29.2,29.258333333,29.88,29.6,29.583333333,29.09,28.8,28.84
