name,machine_type,trace,-10,-9,-8,-7,-6,-5,-4,-3,-2,-1,0,1,2,3
m233,cpu,utilization,30.916666667,32.44,30.7,33.1,33.143333333,27.0,30.996666667,37.678333333,36.42,31.3,24.926666667,28.966666667,38.556666667,38.7
m397,cpu,utilization,29.883333333,33.42,33.14,33.26,30.206666667,27.4,34.31,34.025,33.0,30.833333333,26.273333333,27.433333333,32.511666667,32.76
m322,cpu,utilization,30.383333333,33.3,34.26,35.5,33.22,31.333333333,34.73,35.205,34.73,31.566666667,25.933333333,27.246666667,34.8,35.07
m271,cpu,utilization,33.45,38.0,38.56,37.96,34.443333333,34.3,38.883333333,38.186666667,37.02,37.1,37.175,50.28,53.8,53.8
