name,machine_type,trace,-10,-9,-8,-7,-6,-5,-4,-3,-2,-1,0,1,2,3
m319,cpu,utilization,18.191666667,19.306666667,20.7,18.316666667,18.316666667,18.6,20.025,19.423333333,18.186666667,18.1,18.39,19.16,18.36,19.625
