name,machine_type,trace,-10,-9,-8,-7,-6,-5,-4,-3,-2,-1,0,1,2,3
m109,cpu,utilization,11.8,11.8,11.8,11.87,12.0,11.923333333,11.84,12.13,12.2,11.833333333,12.116666667,11.72,11.6,11.641666667
m350,cpu,utilization,14.39,14.8,14.736666667,14.11,13.2,13.391666667,13.86,14.1,13.833333333,13.333333333,13.4,13.52,13.7,13.908333333
m388,cpu,utilization,11.8,11.8,11.863333333,11.965,11.976666667,12.1,11.9,11.791666667,12.1,12.033333333,11.973333333,12.1,11.891666667,11.766666667
m185,cpu,utilization,37.173333333,36.866666667,36.673333333,36.575,36.9,37.015,37.16,34.455,32.366666667,36.7,36.773333333,36.66,36.3,36.3
