name,machine_type,trace,-10,-9,-8,-7,-6,-5,-4,-3,-2,-1,0,1,2,3
m171,cpu,utilization,0.9,0.9,0.9,0.98166666667,0.92333333333,0.9,0.9,1.2916666667,1.4,1.3233333333,4.5966666667,2.54,1.1,1.1
