name,machine_type,trace,-10,-9,-8,-7,-6,-5,-4,-3,-2,-1,0,1,2,3
m182,cpu,utilization,22.77,21.16,18.313333333,21.743333333,27.07,24.978333333,26.366666667,28.258333333,28.4,28.471666667,25.356666667,27.48,28.6,26.45
