name,machine_type,trace,-10,-9,-8,-7,-6,-5,-4,-3,-2,-1,0,1,2,3
m357,cpu,utilization,28.8,28.708333333,29.365,28.065,29.291666667,29.108333333,28.23,29.36,28.85,29.33,28.851666667,29.906666667,29.31,29.4
m88,cpu,utilization,29.458333333,32.55,32.8,32.815,32.45,25.983333333,33.4,32.5,32.575,32.24,23.13,33.2,33.24,33.566666667
