name,machine_type,trace,-10,-9,-8,-7,-6,-5,-4,-3,-2,-1,0,1,2,3
m46,cpu,utilization,25.2,24.5,24.85,25.1,25.416666667,25.156666667,24.763333333,24.631666667,24.6,24.6,24.473333333,24.333333333,24.3,24.625
m46,cpu,utilization,25.2,24.5,24.85,25.1,25.416666667,25.156666667,24.763333333,24.631666667,24.6,24.6,24.473333333,24.333333333,24.3,24.625
