name,machine_type,trace,-10,-9,-8,-7,-6,-5,-4,-3,-2,-1,0,1,2,3
m25,cpu,utilization,14.9,14.9,14.878333333,14.908333333,15.3,15.3,15.213333333,14.9,14.965,15.2,15.2,15.25,15.19,14.72
