name,machine_type,trace,-10,-9,-8,-7,-6,-5,-4,-3,-2,-1,0,1,2,3
m412,cpu,utilization,39.038333333,39.038333333,38.5,39.466666667,36.475,37.15,38.055,38.191666667,38.641666667,37.313333333,39.713333333,41.68,40.03,39.645
