name,machine_type,trace,-10,-9,-8,-7,-6,-5,-4,-3,-2,-1,0,1,2,3
m49,cpu,utilization,26.95,27.3,27.18,27.0,26.8,26.691666667,27.0,27.07,27.041666667,26.7,26.795,27.085,27.3,27.246666667
