name,machine_type,trace,-10,-9,-8,-7,-6,-5,-4,-3,-2,-1,0,1,2,3
m16,cpu,utilization,19.633333333,19.62,19.113333333,21.04,21.7,21.525,21.106666667,22.6,25.0,23.526666667,21.951666667,21.353333333,25.3,24.143333333
m381,cpu,utilization,13.6,14.3,14.973333333,16.126666667,19.15,18.6,19.62,18.78,19.953333333,20.636666667,21.978333333,20.081666667,20.02,20.576666667
m242,cpu,utilization,25.266666667,24.01,24.5,23.726666667,21.45,21.975,24.766666667,24.52,24.8,24.706666667,24.4,24.473333333,24.3,22.928333333
m101,cpu,utilization,45.1,45.28,45.486666667,44.926666667,44.85,44.4,44.506666667,44.77,44.94,45.436666667,44.9,44.881666667,44.84,45.043333333
m313,cpu,utilization,22.2,23.63,23.406666667,27.66,20.225,19.775,20.053333333,19.24,17.773333333,19.946666667,19.678333333,17.69,17.26,17.5
m409,cpu,utilization,30.7,30.76,30.74,30.406666667,30.675,30.6,30.653333333,30.86,31.666666667,33.99,34.866666667,31.6,31.5,31.1
m347,cpu,utilization,39.066666667,39.23,39.5,35.72,35.675,39.375,37.4,32.19,31.846666667,36.286666667,36.753333333,35.33,32.34,34.36
m58,cpu,utilization,28.633333333,27.57,27.826666667,26.613333333,26.075,26.0,26.026666667,27.33,29.88,29.0,28.945,28.645,28.52,28.826666667
