name,machine_type,trace,-10,-9,-8,-7,-6,-5,-4,-3,-2,-1,0,1,2,3
m297,cpu,utilization,24.606666667,23.363333333,25.193333333,24.973333333,24.83,26.805,17.766666667,17.766666667,24.57,4.85,22.7,16.34,9.28,23.906666667
m307,cpu,utilization,42.08,30.956666667,41.29,40.833333333,39.3,46.225,39.605,39.605,41.643333333,41.32,45.53,40.33,35.47,41.72
