name,machine_type,trace,-10,-9,-8,-7,-6,-5,-4,-3,-2,-1,0,1,2,3
m114,cpu,utilization,36.84,35.416666667,32.493333333,34.27,34.27,35.9,37.705,48.2,33.7,29.71,35.3,37.74,37.27,35.345
