name,machine_type,trace,-10,-9,-8,-7,-6,-5,-4,-3,-2,-1,0,1,2,3
m120,cpu,utilization,21.788333333,21.1,21.29,21.3,21.3,21.393333333,21.31,21.3,21.483333333,21.413333333,21.4,21.65,21.54,21.5
