name,machine_type,trace,-10,-9,-8,-7,-6,-5,-4,-3,-2,-1,0,1,2,3
m102,cpu,utilization,18.3,18.486666667,21.1,21.16,21.7,21.683333333,21.5,21.5,21.51,21.8,20.405,20.405,19.296666667,21.561666667
