name,machine_type,trace,-10,-9,-8,-7,-6,-5,-4,-3,-2,-1,0,1,2,3
m105,cpu,utilization,43.848333333,42.74,35.855,37.565,38.5,37.123333333,41.673333333,41.906666667,41.998333333,41.644166667,41.644166667,37.901666667,37.901666667,42.8
m402,cpu,utilization,31.675,31.59,31.6,20.685,20.5,22.27,21.086666667,30.706666667,31.301666667,30.650833333,30.650833333,31.444166667,31.444166667,31.4
m38,cpu,utilization,30.675,30.5,19.575,24.9,25.0,24.606666667,25.813333333,31.033333333,31.105,31.439166667,31.439166667,30.901666667,30.901666667,34.9
m161,cpu,utilization,32.258333333,32.2,27.45,22.775,22.7,22.798333333,29.333333333,31.946666667,32.296666667,31.995,31.995,32.2625,32.2625,32.0
