name,machine_type,trace,-10,-9,-8,-7,-6,-5,-4,-3,-2,-1,0,1,2,3
m101,cpu,utilization,1.42,1.5,1.5716666667,1.4533333333,1.4,1.12,1.2733333333,1.205,0.98,0.51,0.80666666667,1.5,1.4466666667,0.76666666667
