name,machine_type,trace,-10,-9,-8,-7,-6,-5,-4,-3,-2,-1,0,1,2,3
m339,cpu,utilization,29.708333333,31.073333333,30.25,31.4,31.07,29.623333333,30.15,30.833333333,29.6,30.5,30.196666667,31.4,31.4,31.4
