name,machine_type,trace,-10,-9,-8,-7,-6,-5,-4,-3,-2,-1,0,1,2,3
m211,cpu,utilization,10.083333333,17.39,8.8533333333,18.65,20.695,13.433333333,19.58,15.345,20.4,20.581666667,13.025,18.268333333,16.448333333,19.0
