name,machine_type,trace,-10,-9,-8,-7,-6,-5,-4,-3,-2,-1,0,1,2,3
m170,cpu,utilization,37.608333333,37.34,36.835,38.293333333,37.38,36.235,34.926666667,36.265,35.853333333,35.45,38.0,39.045,37.121666667,37.413333333
m37,cpu,utilization,38.541666667,37.97,36.84,38.236666667,39.026666667,32.335,32.926666667,32.825,27.933333333,27.0,32.1,37.78,37.723333333,37.145
m408,cpu,utilization,16.958333333,16.56,16.235,15.686666667,16.153333333,16.255,16.3,16.575,16.533333333,16.2,16.1,16.293333333,16.451666667,16.4
m329,cpu,utilization,43.358333333,39.35,40.915,45.723333333,43.886666667,43.83,52.293333333,51.93,43.646666667,46.15,54.05,53.0,53.96,53.128333333
