name,machine_type,trace,-10,-9,-8,-7,-6,-5,-4,-3,-2,-1,0,1,2,3
m400,cpu,utilization,16.76,16.2,16.206666667,16.63,17.2,17.186666667,16.97,16.7,16.706666667,16.696666667,16.696666667,16.7,16.7,17.0
