name,machine_type,trace,-10,-9,-8,-7,-6,-5,-4,-3,-2,-1,0,1,2,3
m141,cpu,utilization,19.816666667,19.373333333,19.075,17.18,14.38,19.593333333,19.5,19.541666667,20.0,20.011666667,19.965,19.2,19.236666667,19.4
