name,machine_type,trace,-10,-9,-8,-7,-6,-5,-4,-3,-2,-1,0,1,2,3
m277,cpu,utilization,26.546666667,27.0,28.9,28.74,28.755,28.06,27.595,28.04,27.836666667,27.805,27.6,27.741666667,27.74,27.4
