name,machine_type,trace,-10,-9,-8,-7,-6,-5,-4,-3,-2,-1,0,1,2,3
m31,cpu,utilization,35.893333333,35.205,36.14,31.455,30.6,29.96,30.05,30.82,30.08,27.7,29.836666667,30.778333333,30.8,31.025
m31,cpu,utilization,35.893333333,35.205,36.14,31.455,30.6,29.96,30.05,30.82,30.08,27.7,29.836666667,30.778333333,30.8,31.025
m8,cpu,utilization,18.396666667,16.13,16.58,16.7,16.21,16.82,17.0,17.0,16.463333333,16.3,16.223333333,16.435,16.8,16.375
m2,cpu,utilization,12.806666667,11.86,10.846666667,10.7,10.536666667,10.66,10.95,12.36,11.013333333,10.5,11.266666667,11.108333333,10.925,10.6
m183,cpu,utilization,41.523333333,29.175,23.446666667,40.665,42.82,42.84,35.233333333,40.02,39.376666667,40.2,38.783333333,37.103333333,40.925,42.675
m177,cpu,utilization,35.105,22.42,16.04,35.205,35.433333333,36.86,28.233333333,32.0,35.086666667,34.325,35.356666667,30.551666667,35.25,37.0
m183,cpu,utilization,41.523333333,29.175,23.446666667,40.665,42.82,42.84,35.233333333,40.02,39.376666667,40.2,38.783333333,37.103333333,40.925,42.675
m411,cpu,utilization,13.258333333,8.865,8.1,8.95,8.2833333333,9.14,8.4833333333,8.86,9.0,9.225,8.6866666667,8.735,8.35,8.2
