name,machine_type,trace,-10,-9,-8,-7,-6,-5,-4,-3,-2,-1,0,1,2,3
m279,cpu,utilization,70.233333333,73.25,77.4,77.95,76.535,77.03,78.2,77.633333333,76.528333333,76.966666667,76.47,76.313333333,76.383333333,75.14
