name,machine_type,trace,-10,-9,-8,-7,-6,-5,-4,-3,-2,-1,0,1,2,3
m155,cpu,utilization,16.48,16.1,16.5,16.5,16.43,16.32,16.8,16.8,16.753333333,16.45,16.0,16.3,17.086666667,16.8
