name,machine_type,trace,-10,-9,-8,-7,-6,-5,-4,-3,-2,-1,0,1,2,3
m382,cpu,utilization,29.085,29.1,28.82,29.845,29.803333333,29.52,30.153333333,29.283333333,28.82,28.82,29.985,29.1,29.066666667,28.6
