name,machine_type,trace,-10,-9,-8,-7,-6,-5,-4,-3,-2,-1,0,1,2,3
m253,cpu,utilization,23.67,23.966666667,24.52,24.908333333,24.53,24.56,24.1,23.6,24.11,24.103333333,23.975,24.383333333,24.546666667,24.81
