name,machine_type,trace,-10,-9,-8,-7,-6,-5,-4,-3,-2,-1,0,1,2,3
m401,cpu,utilization,43.9,29.573333333,44.6,44.63,44.926666667,45.3,43.398333333,30.63,45.255,45.0,45.018333333,45.16,43.5,36.3
m357,cpu,utilization,45.026666667,36.233333333,45.1,45.14,45.52,45.8,43.805,30.38,45.5,45.483333333,45.436666667,45.6,45.616666667,45.7
