name,machine_type,trace,-10,-9,-8,-7,-6,-5,-4,-3,-2,-1,0,1,2,3
m258,cpu,utilization,19.0,18.081666667,17.728333333,17.92,17.5,17.5,17.443333333,18.093333333,18.058333333,18.803333333,18.42,17.89,18.733333333,19.1
