name,machine_type,trace,-10,-9,-8,-7,-6,-5,-4,-3,-2,-1,0,1,2,3
m300,cpu,utilization,15.96,12.983333333,18.4,21.951666667,16.21,18.146666667,21.15,21.293333333,20.465,21.405,20.54,22.785,21.4,19.75
