name,machine_type,trace,-10,-9,-8,-7,-6,-5,-4,-3,-2,-1,0,1,2,3
m236,cpu,utilization,18.988333333,19.091666667,19.1,18.416666667,18.7,18.751666667,18.751666667,18.0,18.096666667,18.1,18.286666667,18.766666667,18.8,18.446666667
m263,cpu,utilization,24.3,24.391666667,24.115,24.098333333,24.06,24.941666667,24.941666667,25.2,24.33,24.493333333,24.873333333,24.246666667,24.383333333,26.255
