name,machine_type,trace,-10,-9,-8,-7,-6,-5,-4,-3,-2,-1,0,1,2,3
m2,cpu,utilization,31.748333333,31.96,32.1,32.1,32.148333333,32.2,32.2,32.2,32.2,32.153333333,32.196666667,32.086666667,32.273333333,32.38
