name,machine_type,trace,-10,-9,-8,-7,-6,-5,-4,-3,-2,-1,0,1,2,3
m182,cpu,utilization,16.335,15.125,15.6,15.616666667,16.6,16.6,16.6,15.518333333,15.605,17.495,15.531666667,17.29,15.3,15.98
