name,machine_type,trace,-10,-9,-8,-7,-6,-5,-4,-3,-2,-1,0,1,2,3
m234,cpu,utilization,32.166666667,32.0,27.495,29.59,30.1,31.486666667,31.7,30.62,30.5,30.69,17.843333333,12.953333333,13.92,30.29
