name,machine_type,trace,-10,-9,-8,-7,-6,-5,-4,-3,-2,-1,0,1,2,3
m397,cpu,utilization,38.96,42.466666667,44.193333333,42.05,44.32,44.786666667,44.898333333,43.818333333,40.586666667,28.83,29.285833333,29.285833333,31.0,41.45
m22,cpu,utilization,3.72,3.7,3.7933333333,3.8,3.8,3.7066666667,3.7,3.7,3.8033333333,3.9,3.7983333333,3.7983333333,3.7,3.7
