name,machine_type,trace,-10,-9,-8,-7,-6,-5,-4,-3,-2,-1,0,1,2,3
m263,cpu,utilization,11.9,11.701666667,11.0,10.568333333,10.5,10.5,10.473333333,10.55,10.866666667,10.733333333,10.676666667,10.8,10.8,10.755
