name,machine_type,trace,-10,-9,-8,-7,-6,-5,-4,-3,-2,-1,0,1,2,3
m111,cpu,utilization,31.7,31.57,31.5,31.366666667,31.505,31.6,31.46,31.4,31.468333333,31.5,31.65,31.843333333,31.9,31.83
