name,machine_type,trace,-10,-9,-8,-7,-6,-5,-4,-3,-2,-1,0,1,2,3
m38,cpu,utilization,16.8,16.683333333,15.35,12.498333333,16.803333333,17.95,18.02,17.681666667,17.65,18.0,18.335,17.31,16.928333333,17.795
