name,machine_type,trace,-10,-9,-8,-7,-6,-5,-4,-3,-2,-1,0,1,2,3
m411,cpu,utilization,37.0,36.878333333,39.833333333,39.026666667,37.296666667,40.378333333,40.711666667,42.325,41.556666667,37.543333333,36.546666667,37.035,37.8,45.716666667
m12,cpu,utilization,79.18,80.3,80.246666667,79.9,79.973333333,80.3,80.191666667,79.65,79.2,79.31,79.763333333,79.6,79.555,79.381666667
