name,machine_type,trace,-10,-9,-8,-7,-6,-5,-4,-3,-2,-1,0,1,2,3
m217,cpu,utilization,28.2,25.541666667,27.683333333,28.093333333,28.1,28.293333333,28.02,28.0,28.393333333,28.213333333,28.2,28.2,28.006666667,28.0
m296,cpu,utilization,28.296666667,28.3,28.3,28.3,28.3,28.203333333,28.2,28.2,28.691666667,28.7,28.7,28.606666667,28.116666667,28.198333333
