name,machine_type,trace,-10,-9,-8,-7,-6,-5,-4,-3,-2,-1,0,1,2,3
m250,cpu,utilization,7.8333333333,7.0816666667,8.6466666667,8.9,8.78,8.6,8.6,8.6,9.0766666667,9.2833333333,8.44,8.3,8.6,7.28
