name,machine_type,trace,-10,-9,-8,-7,-6,-5,-4,-3,-2,-1,0,1,2,3
m67,cpu,utilization,28.37,31.6,31.6,31.576666667,31.533333333,31.583333333,28.055,31.346666667,32.273333333,31.95,30.71,31.291666667,28.77,32.0
