name,machine_type,trace,-10,-9,-8,-7,-6,-5,-4,-3,-2,-1,0,1,2,3
m111,cpu,utilization,21.105,24.905,23.033333333,21.166666667,21.07,22.52,21.981666667,21.1,21.04,21.54,24.306666667,22.85,21.2,21.073333333
m199,cpu,utilization,0.4,0.335,0.3,0.63333333333,0.8,0.8,0.67666666667,0.775,0.54,0.3,0.3,0.42666666667,8.105,12.77
