name,machine_type,trace,-10,-9,-8,-7,-6,-5,-4,-3,-2,-1,0,1,2,3
m85,cpu,utilization,18.7,18.61,18.808333333,18.9,18.9,18.893333333,18.8,18.8,18.816666667,18.81,18.373333333,18.7,18.626666667,18.3
