name,machine_type,trace,-10,-9,-8,-7,-6,-5,-4,-3,-2,-1,0,1,2,3
m47,cpu,utilization,24.1,24.51,23.966666667,23.6,23.6,24.216666667,24.191666667,23.715,23.6,23.765,24.113333333,21.786666667,20.22,23.278333333
