name,machine_type,trace,-10,-9,-8,-7,-6,-5,-4,-3,-2,-1,0,1,2,3
m268,cpu,utilization,25.37,27.941666667,28.2,28.288333333,28.03,28.53,28.335,28.3,28.555,28.183333333,28.1,27.93,27.98,28.0
