name,machine_type,trace,-10,-9,-8,-7,-6,-5,-4,-3,-2,-1,0,1,2,3
m6,cpu,utilization,24.153333333,24.233333333,24.0,24.268333333,24.5,24.2,24.236666667,24.185,24.306666667,24.48,24.0,24.39,24.63,24.3
m233,cpu,utilization,20.946666667,20.616666667,21.02,21.263333333,20.88,21.05,20.723333333,21.416666667,20.8,21.16,21.7,21.656666667,21.24,20.8
