name,machine_type,trace,-10,-9,-8,-7,-6,-5,-4,-3,-2,-1,0,1,2,3
m329,cpu,utilization,5.055,7.275,0.56666666667,0.34166666667,3.505,7.58,5.3183333333,10.186666667,17.96,8.9066666667,1.555,0.4,0.4,1.21
