name,machine_type,trace,-10,-9,-8,-7,-6,-5,-4,-3,-2,-1,0,1,2,3
m294,cpu,utilization,31.3,31.263333333,30.92,29.9,29.983333333,30.4,30.4,30.28,30.0,29.825,29.74,30.3,30.57,31.168333333
