name,machine_type,trace,-10,-9,-8,-7,-6,-5,-4,-3,-2,-1,0,1,2,3
m7,cpu,utilization,10.77,9.5933333333,9.96,7.2166666667,11.806666667,8.705,9.5,9.6516666667,10.783333333,10.7,10.553333333,10.593333333,12.75,11.226666667
