name,machine_type,trace,-10,-9,-8,-7,-6,-5,-4,-3,-2,-1,0,1,2,3
m315,cpu,utilization,17.58,18.016666667,17.58,16.286666667,17.375,17.6,17.15,17.566666667,17.6,17.786666667,16.755,17.913333333,8.925,8.1
