name,machine_type,trace,-10,-9,-8,-7,-6,-5,-4,-3,-2,-1,0,1,2,3
m329,cpu,utilization,22.42,22.48,8.5133333333,0.3,0.36666666667,0.4,13.443333333,18.04,17.36,20.275,28.046666667,22.971666667,21.225,22.0
m2,cpu,utilization,23.4,23.4,8.8966666667,0.695,0.8,0.52,12.726666667,17.6,17.233333333,16.425,25.093333333,24.196666667,21.625,22.15
m37,cpu,utilization,23.0,18.123333333,5.8,0.43,0.5,4.21,14.185,16.8,17.16,22.275,26.353333333,25.22,22.375,22.44
m177,cpu,utilization,22.4,20.353333333,7.3666666667,0.465,0.76666666667,0.9,12.51,17.24,17.446666667,13.0,24.61,24.761666667,22.2,22.75
