name,machine_type,trace,-10,-9,-8,-7,-6,-5,-4,-3,-2,-1,0,1,2,3
m319,cpu,utilization,17.93,19.678333333,10.45,22.553333333,18.16,7.82,19.613333333,13.17,22.7,19.806666667,10.576666667,20.2,13.163333333,22.77
