name,machine_type,trace,-10,-9,-8,-7,-6,-5,-4,-3,-2,-1,0,1,2,3
m249,cpu,utilization,7.4066666667,7.4,7.4,5.595,11.0,16.25,17.246666667,16.016666667,16.633333333,16.7,16.52,16.126666667,17.601666667,15.508333333
