name,machine_type,trace,-10,-9,-8,-7,-6,-5,-4,-3,-2,-1,0,1,2,3
m207,cpu,utilization,29.145,29.525,29.6,27.173333333,28.706666667,28.25,29.54,30.06,30.1,29.44,26.853333333,28.475,29.3,29.848333333
