name,machine_type,trace,-10,-9,-8,-7,-6,-5,-4,-3,-2,-1,0,1,2,3
m373,cpu,utilization,27.6,27.54,27.43,27.563333333,27.7,27.59,27.441666667,27.5,27.725,27.758333333,27.5,27.686666667,27.9,27.74
