name,machine_type,trace,-10,-9,-8,-7,-6,-5,-4,-3,-2,-1,0,1,2,3
m290,cpu,utilization,19.846666667,20.74,19.43,18.726666667,14.736666667,17.751666667,13.95,12.06,18.02,18.083333333,16.2,19.633333333,20.74,20.46
