name,machine_type,trace,-10,-9,-8,-7,-6,-5,-4,-3,-2,-1,0,1,2,3
m297,cpu,utilization,24.5,24.516666667,24.675,24.2,24.186666667,24.258333333,24.258333333,24.5,24.785,23.8,23.8,23.99,24.386666667,24.4
