name,machine_type,trace,-10,-9,-8,-7,-6,-5,-4,-3,-2,-1,0,1,2,3
m401,cpu,utilization,12.68,9.91,12.306666667,12.598333333,9.2566666667,12.693333333,12.34,10.9775,10.9775,12.5,9.27,12.46,12.7,10.408333333
