name,machine_type,trace,-10,-9,-8,-7,-6,-5,-4,-3,-2,-1,0,1,2,3
m7,cpu,utilization,20.79,22.0,21.05,21.491666667,26.475,24.4,20.2,19.468333333,23.05,12.946666667,8.745,15.661666667,20.745,14.153333333
