name,machine_type,trace,-10,-9,-8,-7,-6,-5,-4,-3,-2,-1,0,1,2,3
m13,cpu,utilization,23.86,23.6,24.58,24.72,26.463333333,25.203333333,24.8,25.133333333,25.2,25.036666667,26.993333333,25.268333333,25.0,24.226666667
