name,machine_type,trace,-10,-9,-8,-7,-6,-5,-4,-3,-2,-1,0,1,2,3
m161,cpu,utilization,16.0,15.976666667,15.9,15.916666667,15.983333333,15.9,15.911666667,16.0,16.0,15.988333333,15.91,16.0,16.0,16.0
