name,machine_type,trace,-10,-9,-8,-7,-6,-5,-4,-3,-2,-1,0,1,2,3
m278,cpu,utilization,3.0716666667,2.985,4.18,4.46,4.5666666667,6.42,5.2,3.695,5.1416666667,4.72,5.9183333333,5.27,6.6,6.6366666667
