name,machine_type,trace,-10,-9,-8,-7,-6,-5,-4,-3,-2,-1,0,1,2,3
m277,cpu,utilization,6.46,4.7333333333,6.45,3.825,12.241666667,34.15,34.273333333,34.246666667,34.56,35.048333333,34.8,35.43,34.775,34.76
