name,machine_type,trace,-10,-9,-8,-7,-6,-5,-4,-3,-2,-1,0,1,2,3
m2,cpu,utilization,9.2833333333,13.82,15.153333333,16.101666667,15.666666667,15.8,15.915,16.02,15.9,16.045,16.2,16.2,16.11,16.0
