name,machine_type,trace,-10,-9,-8,-7,-6,-5,-4,-3,-2,-1,0,1,2,3
m352,cpu,utilization,20.546666667,20.6,20.6,20.686666667,20.893333333,20.956666667,20.946666667,20.916666667,22.1,23.53,23.246666667,23.58,22.78,21.5
