name,machine_type,trace,-10,-9,-8,-7,-6,-5,-4,-3,-2,-1,0,1,2,3
m7,cpu,utilization,24.626666667,25.6,25.6,25.6,19.275,25.3,25.71,25.88,25.9,21.82,20.038333333,23.795,23.803333333,23.883333333
