name,machine_type,trace,-10,-9,-8,-7,-6,-5,-4,-3,-2,-1,0,1,2,3
m159,cpu,utilization,27.754166667,27.754166667,26.721666667,27.486666667,27.21,27.1,27.001666667,28.061666667,28.0,27.966666667,26.973333333,26.555833333,26.555833333,27.576666667
