name,machine_type,trace,-10,-9,-8,-7,-6,-5,-4,-3,-2,-1,0,1,2,3
m112,cpu,utilization,23.4,23.43,23.5,23.5,23.5,23.5,23.5,23.5,23.5,23.5,23.541666667,23.891666667,23.953333333,23.5
