name,machine_type,trace,-10,-9,-8,-7,-6,-5,-4,-3,-2,-1,0,1,2,3
m16,cpu,utilization,83.5,46.5,38.238333333,72.2,83.886666667,53.591666667,29.966666667,60.288333333,83.21,58.74,34.433333333,57.0,79.07,55.88
