name,machine_type,trace,-10,-9,-8,-7,-6,-5,-4,-3,-2,-1,0,1,2,3
m328,cpu,utilization,21.091666667,19.42,14.738333333,12.766666667,21.2,21.21,21.28,20.9,20.933333333,21.08,18.4,21.066666667,19.763333333,21.03
m269,cpu,utilization,20.908333333,18.46,15.295,15.041666667,21.0,21.01,21.075,20.6,20.626666667,20.67,17.913333333,20.675,18.573333333,21.34
