name,machine_type,trace,-10,-9,-8,-7,-6,-5,-4,-3,-2,-1,0,1,2,3
m307,cpu,utilization,29.666666667,29.7,28.463333333,28.208333333,28.641666667,28.425,1.61,0.2,0.2,0.2,0.2,0.2,0.38333333333,0.21333333333
