name,machine_type,trace,-10,-9,-8,-7,-6,-5,-4,-3,-2,-1,0,1,2,3
m408,cpu,utilization,22.096666667,22.966666667,23.466666667,23.4,22.845,22.916666667,23.531666667,23.8,22.628333333,23.3,23.658333333,17.56,21.071666667,22.3
