name,machine_type,trace,-10,-9,-8,-7,-6,-5,-4,-3,-2,-1,0,1,2,3
m52,cpu,utilization,24.613333333,24.403333333,25.123333333,25.123333333,24.1,25.55,26.149166667,26.149166667,25.891666667,25.891666667,24.1,18.888333333,27.8,24.03
