name,machine_type,trace,-10,-9,-8,-7,-6,-5,-4,-3,-2,-1,0,1,2,3
m17,cpu,utilization,33.68,33.066666667,32.353333333,32.1,32.52,32.7,32.375,32.816666667,32.883333333,33.516666667,29.35,29.866666667,32.28,32.77
