name,machine_type,trace,-10,-9,-8,-7,-6,-5,-4,-3,-2,-1,0,1,2,3
m380,cpu,utilization,31.446666667,28.36,30.14,30.7,30.691666667,30.608333333,30.691666667,30.6,30.615,30.913333333,31.05,30.5,30.51,30.625
