name,machine_type,trace,-10,-9,-8,-7,-6,-5,-4,-3,-2,-1,0,1,2,3
m131,cpu,utilization,31.1,31.02,30.813333333,30.7,30.925,31.2,31.08,27.736666667,21.693333333,25.096666667,31.4,30.886666667,30.3,30.783333333
m121,cpu,utilization,13.008333333,12.7,12.743333333,12.76,12.7,12.95,13.38,14.236666667,14.94,13.778333333,12.9,12.9,12.9,12.948333333
