name,machine_type,trace,-10,-9,-8,-7,-6,-5,-4,-3,-2,-1,0,1,2,3
m268,cpu,utilization,31.273333333,31.44,31.285,30.858333333,31.233333333,31.5,31.363333333,30.9,30.7,31.166666667,31.263333333,31.263333333,31.183333333,31.326666667
m29,cpu,utilization,22.973333333,22.79,22.7,23.315,22.4,18.42,19.743333333,21.466666667,21.916666667,21.7,21.773333333,21.14,20.291666667,21.53
