name,machine_type,trace,-10,-9,-8,-7,-6,-5,-4,-3,-2,-1,0,1,2,3
m356,cpu,utilization,26.84,26.8,26.636666667,27.461666667,26.66,27.053333333,27.2,26.791666667,26.7,27.006666667,25.12,26.275,26.9,27.54
m128,cpu,utilization,21.84,45.416666667,50.1,49.708333333,48.88,48.945,46.916666667,25.593333333,21.62,43.726666667,50.4,50.25,50.28,50.3
