name,machine_type,trace,-10,-9,-8,-7,-6,-5,-4,-3,-2,-1,0,1,2,3
m155,cpu,utilization,39.645,34.2,39.425,42.16,32.5,31.12,35.28,42.06,38.563333333,39.583333333,44.916666667,38.923333333,33.466666667,29.5
