name,machine_type,trace,-10,-9,-8,-7,-6,-5,-4,-3,-2,-1,0,1,2,3
m340,cpu,utilization,14.09,12.6,12.61,13.2,13.41,13.41,14.5,14.48,13.249166667,13.249166667,14.1,14.873333333,14.69,14.4
