name,machine_type,trace,-10,-9,-8,-7,-6,-5,-4,-3,-2,-1,0,1,2,3
m204,cpu,utilization,20.435,20.405,18.1,16.44,20.6,20.6,20.766666667,21.0,21.045,20.96,20.8,21.016666667,21.02,20.603333333
