name,machine_type,trace,-10,-9,-8,-7,-6,-5,-4,-3,-2,-1,0,1,2,3
m381,cpu,utilization,31.995,30.233333333,29.9,29.615,29.693333333,29.7,29.88,29.726666667,29.7,29.788333333,32.486666667,29.78,33.72,30.416666667
