name,machine_type,trace,-10,-9,-8,-7,-6,-5,-4,-3,-2,-1,0,1,2,3
m233,cpu,utilization,24.74,26.22,25.7,26.07,26.3,24.86,25.65,26.258333333,25.856666667,22.386666667,24.366666667,26.963333333,22.133333333,22.378333333
