name,machine_type,trace,-10,-9,-8,-7,-6,-5,-4,-3,-2,-1,0,1,2,3
m114,cpu,utilization,37.266666667,36.953333333,35.52,32.998333333,34.336666667,33.55,36.2,36.69,33.173333333,35.726666667,34.141666667,34.141666667,35.7,34.225
