name,machine_type,trace,-10,-9,-8,-7,-6,-5,-4,-3,-2,-1,0,1,2,3
m363,cpu,utilization,0.365,0.33333333333,0.4,0.36666666667,0.33833333333,0.4,0.4,0.4,0.4,0.36,0.34166666667,0.4,0.36666666667,0.335
