name,machine_type,trace,-10,-9,-8,-7,-6,-5,-4,-3,-2,-1,0,1,2,3
m369,cpu,utilization,8.705,8.6,8.6,8.6,8.6,9.6133333333,10.323333333,9.3233333333,9.11,8.5666666667,8.41,8.5,8.43,8.605
