name,machine_type,trace,-10,-9,-8,-7,-6,-5,-4,-3,-2,-1,0,1,2,3
m179,cpu,utilization,10.626666667,11.051666667,11.051666667,11.1,11.600833333,11.600833333,11.8,10.68,10.89,10.9,11.086666667,11.191666667,11.2,11.106666667
