name,machine_type,trace,-10,-9,-8,-7,-6,-5,-4,-3,-2,-1,0,1,2,3
m127,cpu,utilization,41.7,41.69,41.29,41.29,40.92,30.0,25.015,38.693333333,41.441666667,41.9,41.895,40.3,24.31,40.574166667
m169,cpu,utilization,31.04,40.94,40.965,40.965,40.105,28.71,30.86,32.313333333,41.4,41.4,41.215,36.483333333,23.703333333,41.301666667
