name,machine_type,trace,-10,-9,-8,-7,-6,-5,-4,-3,-2,-1,0,1,2,3
m351,cpu,utilization,2.8,2.8,2.8,2.8,2.8,2.8,2.8,2.8383333333,2.8666666667,2.8,3.13,3.6,2.875,2.8
