name,machine_type,trace,-10,-9,-8,-7,-6,-5,-4,-3,-2,-1,0,1,2,3
m211,cpu,utilization,8.5,8.5,8.495,8.4,8.405,8.5,8.5,8.51,8.59,8.4,8.4033333333,8.4983333333,8.4,8.4
m418,cpu,utilization,11.196666667,11.198333333,11.09,10.9,10.9,10.9,10.87,10.72,10.845,9.9033333333,12.823333333,10.608333333,11.1,11.12
