name,machine_type,trace,-10,-9,-8,-7,-6,-5,-4,-3,-2,-1,0,1,2,3
m47,cpu,utilization,37.491666667,37.5,37.225,37.39,36.483333333,37.39,38.49,39.306666667,38.41,38.3,37.416666667,37.3,37.81,37.193333333
m289,cpu,utilization,27.658333333,27.965,27.633333333,27.6,27.6,27.42,28.12,28.2,27.66,27.6,27.07,26.913333333,26.9,26.193333333
m169,cpu,utilization,21.0,21.353333333,21.4,21.02,20.908333333,20.9,21.08,22.071666667,22.2,20.986666667,21.076666667,21.446666667,21.5,20.616666667
m175,cpu,utilization,25.575,27.785,28.466666667,27.645,24.758333333,27.29,27.78,27.446666667,25.96,27.48,27.776666667,25.373333333,27.55,27.47
