name,machine_type,trace,-10,-9,-8,-7,-6,-5,-4,-3,-2,-1,0,1,2,3
m349,cpu,utilization,20.7,20.603333333,20.7,20.7,20.601666667,20.88,20.61,20.133333333,20.19,20.2,20.2,20.116666667,20.1,20.508333333
