name,machine_type,trace,-10,-9,-8,-7,-6,-5,-4,-3,-2,-1,0,1,2,3
m259,cpu,utilization,37.41,38.311666667,30.05,27.95,31.613333333,34.495,36.806666667,38.016666667,36.36,36.996666667,32.275,31.425,32.68,32.69
m39,cpu,utilization,12.24,14.968333333,15.308333333,15.3,15.213333333,15.37,15.4,15.316666667,15.38,15.4,15.25,15.35,15.26,15.2
m313,cpu,utilization,10.2,10.641666667,10.791666667,10.8,10.973333333,10.065,9.9,10.15,10.12,10.1,10.1,10.475,10.6,10.6
m268,cpu,utilization,11.08,10.758333333,10.791666667,10.44,9.88,9.205,10.573333333,11.216666667,11.3,11.143333333,10.725,10.675,10.7,10.768333333
m102,cpu,utilization,26.23,22.86,17.35,16.36,25.486666667,27.835,27.826666667,27.633333333,26.72,25.716666667,25.5,25.65,21.99,19.101666667
m309,cpu,utilization,7.8,8.595,8.7,9.24,9.3866666667,9.4,9.4,9.15,9.26,9.3,9.375,9.1,9.0,9.1366666667
m91,cpu,utilization,33.17,34.046666667,28.133333333,24.81,31.346666667,30.7,32.653333333,33.666666667,30.44,31.715,28.775,27.6,28.79,28.138333333
m384,cpu,utilization,32.99,34.168333333,29.866666667,26.62,27.166666667,31.89,33.653333333,36.133333333,32.68,33.501666667,29.875,28.5,28.36,28.3
