name,machine_type,trace,-10,-9,-8,-7,-6,-5,-4,-3,-2,-1,0,1,2,3
m228,cpu,utilization,9.36,8.85,8.8,9.3,9.345,9.3583333333,9.3,9.38,9.62,9.8,9.44,9.0733333333,9.3,9.3833333333
m189,cpu,utilization,9.38,9.605,9.65,9.2,9.2,9.325,9.4133333333,9.3,9.3,9.5683333333,9.96,9.64,9.02,8.7
