name,machine_type,trace,-10,-9,-8,-7,-6,-5,-4,-3,-2,-1,0,1,2,3
m313,cpu,utilization,17.853333333,18.1,18.3,18.85,18.465,18.166666667,18.5,18.5,18.56,18.6,19.125,19.5,18.741666667,18.38
