name,machine_type,trace,-10,-9,-8,-7,-6,-5,-4,-3,-2,-1,0,1,2,3
m170,cpu,utilization,17.653333333,17.8,17.973333333,17.5,18.18,17.875,17.46,16.95,16.9,17.553333333,17.31,17.3,17.395,17.883333333
