name,machine_type,trace,-10,-9,-8,-7,-6,-5,-4,-3,-2,-1,0,1,2,3
m183,cpu,utilization,14.2,14.2,14.125,14.1,14.335,14.816666667,14.508333333,14.4,14.246666667,14.04,14.0,14.32,14.15,14.018333333
