name,machine_type,trace,-10,-9,-8,-7,-6,-5,-4,-3,-2,-1,0,1,2,3
m182,cpu,utilization,18.3,18.3,18.383333333,19.613333333,18.45,18.208333333,18.2,17.94,18.165,18.2,18.37,18.311666667,18.3,18.725
