name,machine_type,trace,-10,-9,-8,-7,-6,-5,-4,-3,-2,-1,0,1,2,3
m302,cpu,utilization,17.588333333,17.005,17.871666667,17.32,17.83,17.635,18.058333333,17.72,18.073333333,14.749166667,14.749166667,17.963333333,17.963333333,17.7
