name,machine_type,trace,-10,-9,-8,-7,-6,-5,-4,-3,-2,-1,0,1,2,3
m50,cpu,utilization,53.983333333,47.354166667,47.354166667,56.745,55.5,47.476666667,56.05,55.0,54.53,51.358333333,51.86,50.37,54.486666667,52.875
