name,machine_type,trace,-10,-9,-8,-7,-6,-5,-4,-3,-2,-1,0,1,2,3
m390,cpu,utilization,26.146666667,26.0,25.558333333,25.5,26.06,26.1,26.19,26.293333333,24.9,25.845,26.366666667,26.11,26.1,27.05
