name,machine_type,trace,-10,-9,-8,-7,-6,-5,-4,-3,-2,-1,0,1,2,3
m215,cpu,utilization,17.996666667,17.525,17.5,17.133333333,17.076666667,17.1,17.236666667,17.3,17.3,17.223333333,17.2,17.2,17.135,17.166666667
