name,machine_type,trace,-10,-9,-8,-7,-6,-5,-4,-3,-2,-1,0,1,2,3
m282,cpu,utilization,11.5,13.791666667,14.0,14.475,14.598333333,11.748333333,11.51,11.5,11.595,11.6,11.43,11.67,11.7,11.61
m10,cpu,utilization,10.43,11.033333333,14.096666667,15.435,15.5,11.96,10.855,10.8,11.37,11.58,11.6,11.51,12.106666667,12.2
m269,cpu,utilization,11.13,12.283333333,14.043333333,14.195,14.2,11.545,11.785,11.613333333,11.6,11.51,11.585,11.6,11.513333333,11.5
m328,cpu,utilization,10.36,11.025,14.29,14.115,14.493333333,12.435,11.83,11.613333333,11.98,12.0,11.83,11.71,11.7,11.7
m262,cpu,utilization,10.6,11.508333333,14.21,14.585,14.6,11.453333333,11.21,11.2,11.485,11.68,11.7,11.7,11.786666667,11.8
m45,cpu,utilization,10.42,12.683333333,14.253333333,14.68,14.7,12.536666667,12.405,11.653333333,11.505,11.5,11.585,11.51,11.5,12.13
m78,cpu,utilization,10.53,11.958333333,14.323333333,14.305,14.3,11.645,11.695,11.7,12.365,11.68,11.77,11.8,11.8,11.71
m286,cpu,utilization,7.91,13.275,14.186666667,14.485,14.696666667,11.651666667,11.6,11.6,11.6,11.6,11.6,11.51,11.5,11.86
