name,machine_type,trace,-10,-9,-8,-7,-6,-5,-4,-3,-2,-1,0,1,2,3
m216,cpu,utilization,3.3,3.3,3.3766666667,3.4,3.25,3.2716666667,3.3,3.2283333333,3.2,3.2,3.2766666667,3.2266666667,3.2,3.2
m362,cpu,utilization,25.525,25.393333333,24.196666667,24.24,25.525,26.401666667,25.933333333,26.388333333,26.776666667,26.36,25.663333333,26.6,27.073333333,25.566666667
