name,machine_type,trace,-10,-9,-8,-7,-6,-5,-4,-3,-2,-1,0,1,2,3
m331,cpu,utilization,27.345,27.4,28.463333333,27.308333333,27.2,27.295,27.575,27.6,27.946666667,28.0,28.23,28.3,28.3,27.533333333
