name,machine_type,trace,-10,-9,-8,-7,-6,-5,-4,-3,-2,-1,0,1,2,3
m92,cpu,utilization,28.286666667,27.61,27.84,27.523333333,28.266666667,28.111666667,28.445,29.225,29.4,28.17,27.673333333,27.025,29.463333333,26.933333333
m117,cpu,utilization,37.468333333,39.4,36.88,33.49,32.5,32.715,32.8,32.65,32.815,32.9,32.533333333,32.4,32.713333333,32.881666667
m236,cpu,utilization,41.743333333,41.3,42.98,42.58,36.916666667,39.931666667,41.928333333,41.375,42.346666667,40.681666667,37.573333333,42.65,42.171666667,40.765
m357,cpu,utilization,51.201666667,49.64,51.64,50.073333333,51.9,54.803333333,52.19,48.975,53.101666667,55.205,52.586666667,48.15,53.736666667,54.13
