name,machine_type,trace,-10,-9,-8,-7,-6,-5,-4,-3,-2,-1,0,1,2,3
m102,cpu,utilization,4.1,4.3133333333,4.2866666667,4.1,4.1,4.0516666667,4.0,4.0416666667,4.19,4.3,4.2033333333,4.0466666667,4.0,4.11
