name,machine_type,trace,-10,-9,-8,-7,-6,-5,-4,-3,-2,-1,0,1,2,3
m35,cpu,utilization,30.7,30.5,30.203333333,30.1,30.1,30.206666667,30.3,30.396666667,30.36,30.286666667,30.4,30.476666667,30.566666667,28.88
