name,machine_type,trace,-10,-9,-8,-7,-6,-5,-4,-3,-2,-1,0,1,2,3
m243,cpu,utilization,24.853333333,32.611666667,34.0,34.208333333,32.216666667,31.9,32.0,27.05,24.093333333,30.001666667,24.32,32.33,33.83,33.77
