name,machine_type,trace,-10,-9,-8,-7,-6,-5,-4,-3,-2,-1,0,1,2,3
m385,cpu,utilization,29.6,29.618333333,29.7,29.74,29.76,29.2,29.24,29.366666667,29.2,24.9,3.4,3.16,5.5066666667,29.6
