name,machine_type,trace,-10,-9,-8,-7,-6,-5,-4,-3,-2,-1,0,1,2,3
m288,cpu,utilization,29.875,30.213333333,30.3,29.806666667,29.5,29.44,29.108333333,28.9,29.466666667,30.466666667,30.316666667,29.9,30.166666667,30.348333333
