name,machine_type,trace,-10,-9,-8,-7,-6,-5,-4,-3,-2,-1,0,1,2,3
m116,cpu,utilization,22.403333333,22.596666667,22.618333333,23.86,26.055,25.2,25.19,25.005,25.1,25.106666667,25.2,25.2,25.2,25.1
