name,machine_type,trace,-10,-9,-8,-7,-6,-5,-4,-3,-2,-1,0,1,2,3
m58,cpu,utilization,21.78,21.501666667,22.52,22.966666667,22.8,22.725,22.266666667,22.083333333,22.0,22.146666667,22.815,22.82,22.35,22.8
