name,machine_type,trace,-10,-9,-8,-7,-6,-5,-4,-3,-2,-1,0,1,2,3
m412,cpu,utilization,27.525,26.9,26.951666667,27.206666667,27.4,27.356666667,27.255,27.2,27.246666667,27.253333333,27.416666667,27.34,26.9,27.025
