name,machine_type,trace,-10,-9,-8,-7,-6,-5,-4,-3,-2,-1,0,1,2,3
m339,cpu,utilization,34.903333333,33.95,35.375,35.7,33.553333333,33.553333333,34.903333333,34.045,34.0,34.995,34.995,35.47,34.9,34.973333333
