name,machine_type,trace,-10,-9,-8,-7,-6,-5,-4,-3,-2,-1,0,1,2,3
m136,cpu,utilization,0.5,1.0058333333,1.0058333333,0.43333333333,0.49333333333,1.07,0.8,0.8,0.41333333333,0.4,0.4,0.4,0.4,0.5
m157,cpu,utilization,0.4,0.75583333333,0.75583333333,0.32666666667,0.39333333333,0.4,0.5,0.3,0.3,0.495,0.60333333333,0.60333333333,0.3,0.3
m145,cpu,utilization,1.1766666667,0.79333333333,0.79333333333,0.4,0.4,0.495,0.5,1.5,0.53333333333,0.4,0.45083333333,0.45083333333,0.4,0.4
m276,cpu,utilization,0.49666666667,0.79,0.79,0.40333333333,0.4,0.495,0.5,0.5,0.40333333333,0.4,0.45083333333,0.45083333333,0.5,0.5
