name,machine_type,trace,-10,-9,-8,-7,-6,-5,-4,-3,-2,-1,0,1,2,3
m325,cpu,utilization,15.983333333,15.8,16.601666667,15.605,15.43,15.7,15.833333333,15.763333333,15.7,15.905,15.746666667,15.6,15.78,14.441666667
