name,machine_type,trace,-10,-9,-8,-7,-6,-5,-4,-3,-2,-1,0,1,2,3
m389,cpu,utilization,0.44666666667,0.5,0.35,0.3,0.375,0.4,0.4,0.32333333333,0.3,0.3,0.44666666667,0.5,0.35,0.37666666667
m299,cpu,utilization,0.44666666667,0.425,0.4,0.4,0.4,0.4,0.4,0.47666666667,0.42833333333,0.84,0.63333333333,0.80666666667,0.6,0.34666666667
