name,machine_type,trace,-10,-9,-8,-7,-6,-5,-4,-3,-2,-1,0,1,2,3
m288,cpu,utilization,21.191666667,21.0,20.43,21.441666667,21.466666667,20.8,21.16,21.091666667,20.956666667,21.16,20.95,20.2,20.493333333,21.196666667
