name,machine_type,trace,-10,-9,-8,-7,-6,-5,-4,-3,-2,-1,0,1,2,3
m29,cpu,utilization,23.61,23.8,24.6,24.915,24.58,23.873333333,24.6,24.418333333,23.881666667,24.74,23.423333333,24.06,25.225,24.508333333
m185,cpu,utilization,19.98,20.626666667,20.151666667,20.325,21.23,20.613333333,19.466666667,20.016666667,19.4,19.28,18.71,20.495,22.633333333,21.623333333
