name,machine_type,trace,-10,-9,-8,-7,-6,-5,-4,-3,-2,-1,0,1,2,3
m50,cpu,utilization,33.175,30.765,33.931666667,33.931666667,35.8,36.5,21.8,29.115,36.22,35.375,35.47,35.76,36.43,35.373333333
m287,cpu,utilization,34.9,31.57,33.2875,33.2875,33.631666667,35.6,23.1,24.715,35.346666667,37.071666667,36.93,35.86,36.24,35.866666667
