name,machine_type,trace,-10,-9,-8,-7,-6,-5,-4,-3,-2,-1,0,1,2,3
m30,cpu,utilization,34.49,36.36,28.606666667,35.2,29.893333333,32.166666667,27.493333333,29.21,36.14,36.14,37.3,29.225,33.44,30.613333333
