name,machine_type,trace,-10,-9,-8,-7,-6,-5,-4,-3,-2,-1,0,1,2,3
m143,cpu,utilization,54.493333333,64.565,61.233333333,65.005,65.8,65.466666667,40.613333333,43.733333333,62.82,46.036666667,61.31,52.293333333,56.233333333,45.266666667
