name,machine_type,trace,-10,-9,-8,-7,-6,-5,-4,-3,-2,-1,0,1,2,3
m116,cpu,utilization,51.09,53.64,56.78,35.628333333,46.7,49.66,52.98,56.77,46.245,51.67,56.521666667,51.033333333,53.588333333,52.38
