name,machine_type,trace,-10,-9,-8,-7,-6,-5,-4,-3,-2,-1,0,1,2,3
m351,cpu,utilization,40.275,42.1,57.27,61.3,62.3,62.153333333,62.453333333,62.5,62.33,62.21,62.01,62.0,62.458333333,62.5
