name,machine_type,trace,-10,-9,-8,-7,-6,-5,-4,-3,-2,-1,0,1,2,3
m183,cpu,utilization,15.446666667,10.65,6.59,9.8216666667,13.593333333,14.865,13.41,12.733333333,15.835,11.63,6.8566666667,15.648333333,13.2,13.101666667
