name,machine_type,trace,-10,-9,-8,-7,-6,-5,-4,-3,-2,-1,0,1,2,3
m31,cpu,utilization,12.508333333,11.84,15.49,15.71,15.506666667,15.983333333,16.086666667,16.086666667,14.576666667,16.73,14.766666667,15.925,15.925,16.836666667
