name,machine_type,trace,-10,-9,-8,-7,-6,-5,-4,-3,-2,-1,0,1,2,3
m321,cpu,utilization,6.585,1.4133333333,9.4,17.66,17.5,18.291666667,11.65,7.2783333333,17.7,17.7,17.623333333,17.5,17.536666667,18.29
