name,machine_type,trace,-10,-9,-8,-7,-6,-5,-4,-3,-2,-1,0,1,2,3
m0,cpu,utilization,24.34,24.6,24.565,24.56,24.966666667,26.05,26.5,24.47,24.721666667,24.87,24.913333333,24.72,25.061666667,24.42
