name,machine_type,trace,-10,-9,-8,-7,-6,-5,-4,-3,-2,-1,0,1,2,3
m99,cpu,utilization,21.7,21.198333333,17.855,20.34,15.82,21.8,21.44,20.368333333,20.225,17.358333333,20.203333333,17.85,21.513333333,19.73
