name,machine_type,trace,-10,-9,-8,-7,-6,-5,-4,-3,-2,-1,0,1,2,3
m370,cpu,utilization,2.77,3.3666666667,3.565,3.6,3.5316666667,2.66,2.3733333333,3.28,2.3816666667,3.0616666667,3.6,2.7983333333,2.3,2.575
