name,machine_type,trace,-10,-9,-8,-7,-6,-5,-4,-3,-2,-1,0,1,2,3
m196,cpu,utilization,12.066666667,11.9,9.81,8.4833333333,10.44,12.056666667,12.1,11.986666667,12.085,12.32,12.456666667,12.5,12.31,12.015
m298,cpu,utilization,28.2,28.336666667,28.02,28.033333333,27.69,27.81,28.141666667,28.213333333,28.053333333,28.02,28.1,26.558333333,27.12,28.0
