name,machine_type,trace,-10,-9,-8,-7,-6,-5,-4,-3,-2,-1,0,1,2,3
m52,cpu,utilization,24.9,24.908333333,25.106666667,25.658333333,24.27,27.5,27.415,25.795,25.486666667,25.26,24.85,26.346666667,28.376666667,27.78
