name,machine_type,trace,-10,-9,-8,-7,-6,-5,-4,-3,-2,-1,0,1,2,3
m395,cpu,utilization,6.4933333333,6.5,6.5,6.5066666667,6.6416666667,6.6416666667,6.4,6.5,6.5,6.5,6.4066666667,6.4,6.4,6.4475
m375,cpu,utilization,5.6333333333,4.6816666667,7.36,4.72,7.5016666667,7.5016666667,9.0,7.2,8.34,9.0883333333,5.3666666667,6.3783333333,6.3783333333,9.67
m397,cpu,utilization,16.853333333,17.573333333,17.6,17.598333333,17.5,17.5,9.3,10.5,9.265,8.905,8.9,10.018333333,10.018333333,17.440833333
m246,cpu,utilization,19.26,18.651666667,14.115,12.596666667,8.9483333333,8.9483333333,9.8,18.1,1.095,3.445,0.42,1.725,1.725,1.2
