name,machine_type,trace,-10,-9,-8,-7,-6,-5,-4,-3,-2,-1,0,1,2,3
m351,cpu,utilization,0.4,0.75,0.64,0.5,0.36333333333,0.365,0.4,0.33333333333,0.42666666667,0.5,0.44333333333,0.4,0.4,0.4
