name,machine_type,trace,-10,-9,-8,-7,-6,-5,-4,-3,-2,-1,0,1,2,3
m293,cpu,utilization,16.816666667,16.201666667,16.583333333,16.7,16.61,15.866666667,15.8,16.06,16.63,16.7,16.36,16.388333333,16.4,15.72
