name,machine_type,trace,-10,-9,-8,-7,-6,-5,-4,-3,-2,-1,0,1,2,3
m237,cpu,utilization,22.84,22.4,23.266666667,22.983333333,23.063333333,20.22,17.621666667,16.383333333,25.4,30.366666667,28.863333333,28.3,28.75,28.74
