name,machine_type,trace,-10,-9,-8,-7,-6,-5,-4,-3,-2,-1,0,1,2,3
m390,cpu,utilization,25.766666667,25.1,25.1,25.16,25.433333333,25.181666667,25.8,25.716666667,25.428333333,26.0,21.893333333,3.6,3.555,3.15
