name,machine_type,trace,-10,-9,-8,-7,-6,-5,-4,-3,-2,-1,0,1,2,3
m390,cpu,utilization,26.715,25.375,27.073333333,24.85,26.76,25.095,27.346666667,27.5,27.616666667,27.268333333,24.596666667,26.966666667,24.3,26.22
m168,cpu,utilization,26.505,24.78,27.06,24.658333333,26.28,25.04,26.743333333,25.9,25.7,24.57,24.375,25.416666667,25.14,26.66
