name,machine_type,trace,-10,-9,-8,-7,-6,-5,-4,-3,-2,-1,0,1,2,3
m221,cpu,utilization,24.6,23.466666667,25.175,24.986666667,25.44,24.445,22.705,22.9,22.66,22.0,22.746666667,24.88,24.833333333,24.1
