name,machine_type,trace,-10,-9,-8,-7,-6,-5,-4,-3,-2,-1,0,1,2,3
m407,cpu,utilization,24.2,24.033333333,23.7,23.89,24.125,23.8,23.99,24.266666667,24.0,24.166666667,24.206666667,23.7,23.875,24.053333333
