name,machine_type,trace,-10,-9,-8,-7,-6,-5,-4,-3,-2,-1,0,1,2,3
m15,cpu,utilization,30.02,30.121666667,30.1,29.875,29.425,29.3,29.225,29.353333333,29.4,29.478333333,29.725,29.8,29.55,29.416666667
