name,machine_type,trace,-10,-9,-8,-7,-6,-5,-4,-3,-2,-1,0,1,2,3
m411,cpu,utilization,11.4,11.093333333,14.211666667,13.336666667,14.48,13.213333333,14.923333333,15.75,14.375,13.58,14.75,13.873333333,15.7,11.16
