name,machine_type,trace,-10,-9,-8,-7,-6,-5,-4,-3,-2,-1,0,1,2,3
m263,cpu,utilization,14.446666667,13.845,14.153333333,13.051666667,12.9,13.48,13.408333333,15.015,11.62,16.915,20.775,16.54,12.22,19.201666667
