name,machine_type,trace,-10,-9,-8,-7,-6,-5,-4,-3,-2,-1,0,1,2,3
m165,cpu,utilization,25.0,24.755,24.7,24.786666667,24.71,24.7,24.965,25.52,25.6,26.13,25.01,24.711666667,24.7,24.7
m155,cpu,utilization,25.133333333,25.571666667,26.2,25.78,26.6,26.7,26.258333333,25.68,26.925,27.63,26.595,25.958333333,26.783333333,25.71
