name,machine_type,trace,-10,-9,-8,-7,-6,-5,-4,-3,-2,-1,0,1,2,3
m278,cpu,utilization,19.3,19.3,19.221666667,19.123333333,18.953333333,18.9,19.193333333,19.16,19.1,18.966666667,18.77,16.24,11.876666667,10.3
