name,machine_type,trace,-10,-9,-8,-7,-6,-5,-4,-3,-2,-1,0,1,2,3
m356,cpu,utilization,27.6,27.46,27.8,28.2,27.91,27.7,27.946666667,27.905,27.8,27.683333333,27.156666667,26.783333333,27.436666667,27.716666667
