name,machine_type,trace,-10,-9,-8,-7,-6,-5,-4,-3,-2,-1,0,1,2,3
m30,cpu,utilization,18.4,18.62,19.275,18.1,19.735,28.58,27.226666667,28.62,29.5,28.763333333,27.193333333,28.39,29.06,28.026666667
