name,machine_type,trace,-10,-9,-8,-7,-6,-5,-4,-3,-2,-1,0,1,2,3
m339,cpu,utilization,5.5983333333,5.6966666667,3.775,5.1583333333,5.1133333333,3.6066666667,5.21,3.6333333333,4.7,3.9,3.7,5.4333333333,3.63,4.2666666667
