name,machine_type,trace,-10,-9,-8,-7,-6,-5,-4,-3,-2,-1,0,1,2,3
m146,cpu,utilization,5.0916666667,5.1,5.005,5.0916666667,7.3533333333,5.5333333333,5.1,5.0216666667,5.0,5.0,5.075,5.025,5.0,5.0
m114,cpu,utilization,15.016666667,21.15,23.04,23.008333333,22.566666667,22.833333333,15.958333333,20.431666667,22.7,22.975,23.075,23.025,16.55,20.706666667
