name,machine_type,trace,-10,-9,-8,-7,-6,-5,-4,-3,-2,-1,0,1,2,3
m407,cpu,utilization,24.963333333,24.935,24.9,24.971666667,24.928333333,24.9,24.965,24.936666667,24.9,24.97,22.506666667,21.6,21.6,23.615
