name,machine_type,trace,-10,-9,-8,-7,-6,-5,-4,-3,-2,-1,0,1,2,3
m101,cpu,utilization,6.6483333333,6.7,6.5933333333,6.65,6.8,5.2533333333,2.97,2.2,2.335,1.94,1.3,1.3,1.3533333333,1.4
