name,machine_type,trace,-10,-9,-8,-7,-6,-5,-4,-3,-2,-1,0,1,2,3
m41,cpu,utilization,28.466666667,29.4,29.333333333,28.516666667,29.253333333,28.446666667,29.3,28.4,28.528333333,29.535,29.786666667,29.46,28.25,29.2
m386,cpu,utilization,27.986666667,27.816666667,28.0,27.988333333,27.9,27.9,27.92,28.1,28.065,27.87,28.42,28.64,27.805,22.276666667
