name,machine_type,trace,-10,-9,-8,-7,-6,-5,-4,-3,-2,-1,0,1,2,3
m263,cpu,utilization,53.5,56.575,60.053333333,60.125,61.433333333,57.2,59.085,60.12,53.88,34.383333333,49.175,52.1,57.666666667,59.728333333
m400,cpu,utilization,44.011666667,55.25,62.41,63.425,63.983333333,60.026666667,63.146666667,64.1,58.42,42.333333333,54.835,57.18,61.3,63.33
