name,machine_type,trace,-10,-9,-8,-7,-6,-5,-4,-3,-2,-1,0,1,2,3
m254,cpu,utilization,31.7,31.543333333,33.0,32.173333333,31.66,31.6,31.6,31.515,26.646666667,25.726666667,30.911666667,31.416666667,31.59,31.6
m215,cpu,utilization,30.5,36.688333333,37.65,37.5,36.735,36.683333333,33.555,31.555,31.3,31.04,29.763333333,32.533333333,32.8,32.406666667
m373,cpu,utilization,20.2,22.201666667,20.866666667,23.62,23.76,22.033333333,20.935,22.415,21.66,20.72,22.101666667,21.016666667,18.43,17.808333333
m25,cpu,utilization,22.6,23.521666667,23.0,22.9,23.24,24.3,23.395,24.22,23.62,20.206666667,20.053333333,19.366666667,19.87,19.998333333
m50,cpu,utilization,30.55,29.716666667,31.0,31.3,30.45,29.966666667,30.07,30.61,30.093333333,30.866666667,30.47,30.4,30.21,30.2
m42,cpu,utilization,26.1,26.335,25.983333333,28.76,29.37,29.4,29.655,26.555,25.913333333,26.593333333,26.7,25.783333333,24.085,22.623333333
m294,cpu,utilization,33.525,33.165,33.433333333,33.5,33.84,33.483333333,33.4,33.57,33.6,34.206666667,34.123333333,33.641666667,33.41,33.891666667
m288,cpu,utilization,30.4,30.4,30.983333333,30.753333333,30.7,30.7,30.785,29.695,29.933333333,30.0,30.971666667,30.366666667,30.3,30.201666667
