name,machine_type,trace,-10,-9,-8,-7,-6,-5,-4,-3,-2,-1,0,1,2,3
m37,cpu,utilization,20.1,20.023333333,20.156666667,20.05,20.0,20.143333333,20.128333333,20.1,20.425,20.2,20.0,20.068333333,20.1,20.1
