name,machine_type,trace,-10,-9,-8,-7,-6,-5,-4,-3,-2,-1,0,1,2,3
m256,cpu,utilization,39.325,37.7,37.546666667,37.3,37.405,37.27,36.8,37.0,37.24,37.6,37.35,34.075,33.785,37.613333333
