name,machine_type,trace,-10,-9,-8,-7,-6,-5,-4,-3,-2,-1,0,1,2,3
m121,cpu,utilization,38.2,38.785,39.45,38.133333333,38.626666667,39.0,39.735,39.305,39.2,39.373333333,39.15,40.313333333,40.5,39.166666667
