name,machine_type,trace,-10,-9,-8,-7,-6,-5,-4,-3,-2,-1,0,1,2,3
m1,cpu,utilization,8.2,7.9833333333,7.86,8.1,8.0233333333,8.275,8.175,7.3,7.425,7.5616666667,7.42,7.0083333333,6.6,6.945
