name,machine_type,trace,-10,-9,-8,-7,-6,-5,-4,-3,-2,-1,0,1,2,3
m347,cpu,utilization,33.675,33.6,33.6,33.783333333,33.8,33.883333333,33.988333333,34.0,33.416666667,33.79,33.9,33.475,33.48,32.951666667
