name,machine_type,trace,-10,-9,-8,-7,-6,-5,-4,-3,-2,-1,0,1,2,3
m8,cpu,utilization,23.5,23.561666667,23.6,23.533333333,19.89,17.8,17.8,17.8,17.8,17.8,14.47,12.4,11.921666667,11.9
