name,machine_type,trace,-10,-9,-8,-7,-6,-5,-4,-3,-2,-1,0,1,2,3
m161,cpu,utilization,19.838333333,19.9,19.816666667,19.491666667,19.373333333,18.56,19.906666667,25.773333333,29.4,28.316666667,25.775,23.723333333,24.498333333,26.003333333
m161,cpu,utilization,19.838333333,19.9,19.816666667,19.491666667,19.373333333,18.56,19.906666667,25.773333333,29.4,28.316666667,25.775,23.723333333,24.498333333,26.003333333
m161,cpu,utilization,19.838333333,19.9,19.816666667,19.491666667,19.373333333,18.56,19.906666667,25.773333333,29.4,28.316666667,25.775,23.723333333,24.498333333,26.003333333
m161,cpu,utilization,19.838333333,19.9,19.816666667,19.491666667,19.373333333,18.56,19.906666667,25.773333333,29.4,28.316666667,25.775,23.723333333,24.498333333,26.003333333
