name,machine_type,trace,-10,-9,-8,-7,-6,-5,-4,-3,-2,-1,0,1,2,3
m138,cpu,utilization,29.833333333,29.5,30.46,31.358333333,32.033333333,31.7,19.606666667,22.636666667,29.12,30.191666667,30.836666667,30.02,29.726666667,29.9
m237,cpu,utilization,29.341666667,29.941666667,30.986666667,31.208333333,31.0,31.233333333,25.418333333,28.051666667,30.98,30.65,30.393333333,29.26,28.983333333,29.36
