name,machine_type,trace,-10,-9,-8,-7,-6,-5,-4,-3,-2,-1,0,1,2,3
m259,cpu,utilization,0.3,0.26833333333,0.2,0.23333333333,0.27166666667,0.2,6.64,17.16,21.36,20.773333333,8.74,6.3333333333,5.02,4.9666666667
m123,cpu,utilization,0.3,0.26833333333,0.22833333333,0.3,0.27166666667,0.23333333333,0.3,0.26,0.24,0.3,0.3,0.3,0.3,0.26666666667
