name,machine_type,trace,-10,-9,-8,-7,-6,-5,-4,-3,-2,-1,0,1,2,3
m318,cpu,utilization,56.063333333,56.146666667,56.2,56.346666667,56.471666667,56.09,56.67,55.81,56.21,56.266666667,56.1,56.31,56.4,56.62
m333,cpu,utilization,13.236666667,13.08,13.0,13.513333333,13.341666667,13.2,13.13,13.31,13.4,13.333333333,13.095,13.0,13.0,13.44
m351,cpu,utilization,61.341666667,61.133333333,61.0,61.0,61.0,62.093333333,62.6,62.6,62.53,61.833333333,62.046666667,62.51,62.026666667,61.726666667
m170,cpu,utilization,58.433333333,54.713333333,54.65,55.4,55.686666667,55.048333333,55.54,56.11,56.41,55.566666667,54.963333333,54.97,55.716666667,54.606666667
