name,machine_type,trace,-10,-9,-8,-7,-6,-5,-4,-3,-2,-1,0,1,2,3
m395,cpu,utilization,27.0,27.273333333,27.4,27.075,26.76,26.7,26.843333333,26.9,27.046666667,27.1,26.12,25.406666667,26.518333333,27.0
