name,machine_type,trace,-10,-9,-8,-7,-6,-5,-4,-3,-2,-1,0,1,2,3
m129,cpu,utilization,20.006666667,28.1,20.141666667,28.525,12.516666667,20.49,29.225,26.353333333,28.62,29.68,29.41,28.44,14.115,24.135
