name,machine_type,trace,-10,-9,-8,-7,-6,-5,-4,-3,-2,-1,0,1,2,3
m221,cpu,utilization,16.5,16.506666667,16.866666667,16.4,15.72,10.3,16.6,16.67,17.193333333,16.5,16.526666667,16.833333333,16.1,16.15
