name,machine_type,trace,-10,-9,-8,-7,-6,-5,-4,-3,-2,-1,0,1,2,3
m384,cpu,utilization,28.313333333,28.54,28.02,27.9,29.3,29.4,29.2,28.908333333,29.18,29.991666667,29.325,28.966666667,29.34,29.313333333
