name,machine_type,trace,-10,-9,-8,-7,-6,-5,-4,-3,-2,-1,0,1,2,3
m357,cpu,utilization,20.945,19.413333333,17.5,17.358333333,16.873333333,16.6,16.6,17.206666667,19.64,21.415,21.3,20.5,21.233333333,20.946666667
m168,cpu,utilization,31.661666667,31.94,27.928333333,29.325,25.631666667,30.84,26.2,32.77,26.04,33.17,24.783333333,32.64,25.466666667,30.228333333
