name,machine_type,trace,-10,-9,-8,-7,-6,-5,-4,-3,-2,-1,0,1,2,3
m178,cpu,utilization,59.2,58.75,58.2,58.286666667,58.073333333,58.24,58.66,58.3,58.261666667,58.123333333,58.23,58.53,58.4,58.466666667
