name,machine_type,trace,-10,-9,-8,-7,-6,-5,-4,-3,-2,-1,0,1,2,3
m60,cpu,utilization,15.373333333,15.593333333,13.85,11.233333333,10.51,10.533333333,12.225,13.8,13.508333333,13.3,13.193333333,13.048333333,14.085,15.43
