name,machine_type,trace,-10,-9,-8,-7,-6,-5,-4,-3,-2,-1,0,1,2,3
m194,cpu,utilization,31.34,29.433333333,29.965,29.64,31.95,32.75,32.1,32.655,31.806666667,33.163333333,34.1,32.941666667,30.718333333,28.938333333
m243,cpu,utilization,32.353333333,32.55,29.553333333,28.813333333,35.05,35.2,33.7,32.926666667,32.846666667,26.215,23.7,23.815,22.8,29.67
