name,machine_type,trace,-10,-9,-8,-7,-6,-5,-4,-3,-2,-1,0,1,2,3
m168,cpu,utilization,18.5,18.833333333,18.988333333,19.0,18.646666667,18.953333333,19.0,19.0,18.826666667,18.8,18.883333333,18.9,18.9,18.983333333
