name,machine_type,trace,-10,-9,-8,-7,-6,-5,-4,-3,-2,-1,0,1,2,3
m37,cpu,utilization,21.44,20.3,23.81,28.308333333,27.22,24.425,22.75,21.325,21.605,22.86,22.24,22.013333333,22.96,22.943333333
m2,cpu,utilization,21.9,20.0,23.285,27.591666667,26.006666667,23.911666667,24.241666667,22.45,22.915,22.98,22.8,22.761666667,22.78,22.9
