name,machine_type,trace,-10,-9,-8,-7,-6,-5,-4,-3,-2,-1,0,1,2,3
m102,cpu,utilization,4.3583333333,4.0,4.025,4.1,4.1,4.1,4.0833333333,4.0,4.02,4.17,4.0,4.0,4.0,4.0
