name,machine_type,trace,-10,-9,-8,-7,-6,-5,-4,-3,-2,-1,0,1,2,3
m323,cpu,utilization,8.4,8.69,8.8,8.8,8.8,8.4283333333,8.4283333333,10.5,10.406666667,9.1,9.1,9.0983333333,9.0,9.0
