name,machine_type,trace,-10,-9,-8,-7,-6,-5,-4,-3,-2,-1,0,1,2,3
m388,cpu,utilization,25.85,25.8,26.133333333,26.286666667,26.3,25.75,25.7,25.873333333,25.9,26.076666667,26.1,26.1,25.923333333,26.41
