name,machine_type,trace,-10,-9,-8,-7,-6,-5,-4,-3,-2,-1,0,1,2,3
m216,cpu,utilization,3.3233333333,3.3,3.5,3.5433333333,3.6,3.51,3.4,3.4,3.4,3.3433333333,3.48,3.36,3.37,3.5566666667
