name,machine_type,trace,-10,-9,-8,-7,-6,-5,-4,-3,-2,-1,0,1,2,3
m152,cpu,utilization,0.5,0.41166666667,0.49,0.5,0.41166666667,0.48333333333,0.5,0.42166666667,0.475,0.5,0.42,0.485,0.5,0.40666666667
m228,cpu,utilization,0.4,0.57666666667,0.42,0.4,0.57666666667,0.51666666667,0.41833333333,0.47833333333,0.5,0.42333333333,0.4,0.4,0.31,0.3
m95,cpu,utilization,0.4,0.4,0.49,0.5,0.5,0.5,0.41833333333,0.47833333333,0.5,0.42333333333,0.48,0.5,0.41,0.4
m336,cpu,utilization,0.41166666667,0.4,0.31,0.3,0.565,0.35,0.46333333333,0.5,0.35,0.45333333333,0.5,0.415,0.4,0.4
m209,cpu,utilization,0.41166666667,0.4,0.4,0.4,0.4,0.48333333333,0.41833333333,0.635,0.7,0.54666666667,0.42,0.4,0.4,0.30666666667
m106,cpu,utilization,0.4,0.4,0.31,0.38833333333,0.4,0.31666666667,0.46333333333,0.5,0.35,0.45333333333,0.66,0.445,0.4,0.4
m345,cpu,utilization,0.5,0.58833333333,0.6,0.42333333333,0.4,0.4,0.4,0.4,0.475,0.42333333333,0.4,0.4,0.4,0.49333333333
m84,cpu,utilization,0.57666666667,0.42333333333,0.4,0.4,0.4,0.4,0.48166666667,0.42166666667,0.4,0.4,0.48,0.5,0.5,0.40666666667
