name,machine_type,trace,-10,-9,-8,-7,-6,-5,-4,-3,-2,-1,0,1,2,3
m235,cpu,utilization,23.206666667,23.5,23.333333333,23.3,19.59,22.368333333,23.075,23.1,22.52,22.975,23.0,23.475,22.858333333,23.173333333
m263,cpu,utilization,15.85,22.553333333,23.5,15.873333333,20.088333333,26.365,21.783333333,21.3,18.883333333,21.745,24.123333333,19.64,13.35,22.693333333
