name,machine_type,trace,-10,-9,-8,-7,-6,-5,-4,-3,-2,-1,0,1,2,3
m331,cpu,utilization,25.833333333,28.4,28.4,26.56,25.303333333,26.675,24.68,24.203333333,22.6,23.59,25.338333333,24.901666667,24.1,25.686666667
m331,cpu,utilization,25.833333333,28.4,28.4,26.56,25.303333333,26.675,24.68,24.203333333,22.6,23.59,25.338333333,24.901666667,24.1,25.686666667
