name,machine_type,trace,-10,-9,-8,-7,-6,-5,-4,-3,-2,-1,0,1,2,3
m121,cpu,utilization,24.2,24.186666667,24.041666667,24.48,24.175,25.6,25.533333333,24.753333333,24.4,24.393333333,24.305,24.4,24.4,24.596666667
