name,machine_type,trace,-10,-9,-8,-7,-6,-5,-4,-3,-2,-1,0,1,2,3
m329,cpu,utilization,22.308333333,22.5,22.485,22.253333333,22.966666667,22.6,22.583333333,22.35,21.9,21.92,22.308333333,22.4,22.4,24.466666667
