name,machine_type,trace,-10,-9,-8,-7,-6,-5,-4,-3,-2,-1,0,1,2,3
m262,cpu,utilization,5.2,4.58,8.45,12.9,12.686666667,12.885,12.966666667,12.676666667,12.43,12.81,12.993333333,12.8,12.86,12.72
