name,machine_type,trace,-10,-9,-8,-7,-6,-5,-4,-3,-2,-1,0,1,2,3
m230,cpu,utilization,0.3,0.3,0.23833333333,0.25666666667,0.3,0.3,0.3,0.3,0.23833333333,0.25666666667,0.3,0.3,0.3,0.3
m91,cpu,utilization,26.13,27.36,27.228333333,25.82,25.3,25.916666667,26.6,26.45,26.2,25.916666667,26.096666667,25.96,25.325,25.41
m38,cpu,utilization,14.283333333,16.316666667,18.7,20.796666667,22.808333333,23.963333333,24.5,24.325,24.138333333,24.1,24.213333333,24.355,24.4,24.296666667
m324,cpu,utilization,0.25666666667,0.3,0.3,0.3,0.3,0.3,0.3,0.3,0.23833333333,0.31333333333,0.28666666667,0.2,0.255,0.24833333333
