name,machine_type,trace,-10,-9,-8,-7,-6,-5,-4,-3,-2,-1,0,1,2,3
m36,cpu,utilization,1.4066666667,2.6066666667,4.13,1.6,1.6,1.56,4.125,9.75,3.0716666667,1.7566666667,2.1,1.725,1.435,1.5
