name,machine_type,trace,-10,-9,-8,-7,-6,-5,-4,-3,-2,-1,0,1,2,3
m348,cpu,utilization,13.513333333,14.318333333,15.2,14.946666667,15.116666667,15.3,15.1,14.936666667,18.826666667,21.366666667,21.5,18.231666667,14.38,10.733333333
