name,machine_type,trace,-10,-9,-8,-7,-6,-5,-4,-3,-2,-1,0,1,2,3
m164,cpu,utilization,20.216666667,20.2,20.033333333,20.173333333,20.2,20.291666667,20.211666667,19.94,19.9,20.341666667,20.145,20.1,20.011666667,20.17
