name,machine_type,trace,-10,-9,-8,-7,-6,-5,-4,-3,-2,-1,0,1,2,3
m260,cpu,utilization,30.446666667,30.5,30.646666667,30.25,30.1,30.82,31.078333333,31.1,30.691666667,30.845,30.82,30.8,30.633333333,30.52
