name,machine_type,trace,-10,-9,-8,-7,-6,-5,-4,-3,-2,-1,0,1,2,3
m375,cpu,utilization,66.5,66.41,66.495,53.013333333,51.295,66.4,66.4,66.344166667,66.344166667,66.0,51.561666667,53.213333333,28.825,66.523333333
