name,machine_type,trace,-10,-9,-8,-7,-6,-5,-4,-3,-2,-1,0,1,2,3
m88,cpu,utilization,29.575,29.9,29.9,29.76,29.55,29.39,36.873333333,45.2,36.7,29.81,29.73,27.503333333,28.0,29.5
m19,cpu,utilization,27.65,28.3,28.343333333,28.54,28.45,27.87,27.76,27.9,28.133333333,28.3,28.243333333,26.556666667,26.875,28.17
