name,machine_type,trace,-10,-9,-8,-7,-6,-5,-4,-3,-2,-1,0,1,2,3
m342,cpu,utilization,2.7116666667,2.7,2.7,2.7,3.3666666667,2.82,2.7,2.7,2.62,3.0083333333,2.845,2.8,2.7133333333,2.7
m387,cpu,utilization,0.52833333333,0.4,0.74,0.55,0.5,0.755,0.72,0.7,0.54,0.41833333333,0.4,0.4,0.4,0.4
m301,cpu,utilization,2.9,2.8166666667,3.225,3.3,2.9666666667,2.9,2.9,2.8183333333,2.88,2.9,3.155,3.2,3.3733333333,2.88
m239,cpu,utilization,2.805,2.7,2.7,3.3666666667,2.9166666667,2.8,2.72,2.7,2.7,2.7,3.465,2.835,2.7866666667,2.8
m226,cpu,utilization,0.3,0.46666666667,0.5,0.33333333333,0.38333333333,0.4,0.88,0.42833333333,1.02,1.2,0.435,0.3,0.38666666667,0.31333333333
m264,cpu,utilization,0.3,0.3,0.3,0.3,0.3,0.3,0.3,0.3,0.3,0.38166666667,0.4,0.315,0.99333333333,1.7933333333
m387,cpu,utilization,0.52833333333,0.4,0.74,0.55,0.5,0.755,0.72,0.7,0.54,0.41833333333,0.4,0.4,0.4,0.4
m226,cpu,utilization,0.3,0.46666666667,0.5,0.33333333333,0.38333333333,0.4,0.88,0.42833333333,1.02,1.2,0.435,0.3,0.38666666667,0.31333333333
