name,machine_type,trace,-10,-9,-8,-7,-6,-5,-4,-3,-2,-1,0,1,2,3
m171,cpu,utilization,82.113333333,81.636666667,81.225,81.6,73.661666667,38.56,47.391666667,82.1,82.026666667,81.81,82.3,82.153333333,81.573333333,81.9
