name,machine_type,trace,-10,-9,-8,-7,-6,-5,-4,-3,-2,-1,0,1,2,3
m215,cpu,utilization,19.3,19.336666667,19.48,19.4,16.503333333,3.39,2.47,6.37,17.77,19.346666667,19.7,19.691666667,19.59,19.4
