name,machine_type,trace,-10,-9,-8,-7,-6,-5,-4,-3,-2,-1,0,1,2,3
m343,cpu,utilization,0.24833333333,0.4,0.4,0.20333333333,0.3,0.35083333333,0.35083333333,0.4,0.4,0.5,0.40333333333,0.305,0.3,0.3
