name,machine_type,trace,-10,-9,-8,-7,-6,-5,-4,-3,-2,-1,0,1,2,3
m393,cpu,utilization,24.303333333,24.3,22.56,22.5,21.4,24.233333333,23.455,23.4,24.106666667,24.285,24.3,23.595,24.261666667,24.5
