name,machine_type,trace,-10,-9,-8,-7,-6,-5,-4,-3,-2,-1,0,1,2,3
m126,cpu,utilization,0.2,0.2,0.2,0.2,0.2,0.2,0.2,0.2,0.26,0.3,0.3,0.3,0.23833333333,0.2
m117,cpu,utilization,0.3,0.3,0.3,0.3,0.23666666667,0.265,0.3,0.235,0.26,0.3,0.23833333333,0.265,0.3,0.23333333333
