name,machine_type,trace,-10,-9,-8,-7,-6,-5,-4,-3,-2,-1,0,1,2,3
m408,cpu,utilization,20.886666667,20.808333333,20.583333333,20.691666667,20.63,21.0,20.885,20.59,20.4,20.4,20.436666667,21.1,21.501666667,20.7
