name,machine_type,trace,-10,-9,-8,-7,-6,-5,-4,-3,-2,-1,0,1,2,3
m183,cpu,utilization,12.528333333,13.65,14.676666667,14.6,15.266666667,13.64,13.301666667,13.773333333,14.33,14.07,11.48,7.84,12.28,13.97
