name,machine_type,trace,-10,-9,-8,-7,-6,-5,-4,-3,-2,-1,0,1,2,3
m406,cpu,utilization,14.8,15.03,15.1,14.95,14.9,15.063333333,15.018333333,15.0,14.925,14.9,14.9,15.186666667,15.166666667,15.17
