name,machine_type,trace,-10,-9,-8,-7,-6,-5,-4,-3,-2,-1,0,1,2,3
m56,cpu,utilization,0.205,0.3,0.29833333333,0.20666666667,0.3,0.29166666667,0.20833333333,0.3,0.29,0.21333333333,0.3,0.29,0.215,0.3
