name,machine_type,trace,-10,-9,-8,-7,-6,-5,-4,-3,-2,-1,0,1,2,3
m328,cpu,utilization,0.5,0.36,0.44666666667,0.5,0.57333333333,0.44666666667,0.4,0.63,0.455,0.4,0.31833333333,0.60666666667,0.55333333333,0.89166666667
m45,cpu,utilization,0.3,0.44,0.5,0.5,0.5,0.34666666667,0.3,0.3,1.1166666667,0.66,0.5,0.34666666667,1.1066666667,1.4
m269,cpu,utilization,0.3,0.3,0.37333333333,0.4,0.32666666667,0.37666666667,0.71333333333,0.41666666667,0.38166666667,0.4,0.31833333333,0.37666666667,0.4,0.32166666667
m282,cpu,utilization,0.4,0.4,0.98666666667,1.2,0.90666666667,1.03,0.63,0.42333333333,0.4,0.32,0.62666666667,0.7,0.48,0.4
m10,cpu,utilization,0.33,0.3,0.37333333333,0.33,0.3,0.37666666667,0.32166666667,0.3,0.46333333333,0.5,0.5,0.5,0.42666666667,0.4
m286,cpu,utilization,0.89,0.61,0.47333333333,0.5,0.5,0.34666666667,0.45666666667,0.5,0.5,0.42,0.645,0.7,0.55333333333,0.5
m262,cpu,utilization,0.4,0.4,0.4,0.54,0.6,0.44666666667,0.4,0.4,0.48166666667,0.5,0.33666666667,0.37666666667,0.4,0.4
m78,cpu,utilization,0.3,0.37,0.76666666667,0.9,0.9,0.51666666667,0.4,0.4,0.4,0.4,0.4,0.32333333333,0.3,0.37833333333
