name,machine_type,trace,-10,-9,-8,-7,-6,-5,-4,-3,-2,-1,0,1,2,3
m114,cpu,utilization,15.1,15.1,15.233333333,15.436666667,14.921666667,15.02,15.14,15.025,14.286666667,14.6,14.693333333,14.976666667,14.921666667,15.0
