name,machine_type,trace,-10,-9,-8,-7,-6,-5,-4,-3,-2,-1,0,1,2,3
m343,cpu,utilization,4.5516666667,6.41,7.1,7.03,6.8533333333,7.0,6.94,6.895,7.1,6.75,5.7,5.8983333333,6.5333333333,6.9
