name,machine_type,trace,-10,-9,-8,-7,-6,-5,-4,-3,-2,-1,0,1,2,3
m17,cpu,utilization,47.34,47.12,47.026666667,47.1,47.038333333,47.195,47.3,47.08,47.073333333,47.1,47.345,47.4,47.4,46.62
