name,machine_type,trace,-10,-9,-8,-7,-6,-5,-4,-3,-2,-1,0,1,2,3
m23,cpu,utilization,30.81,31.098333333,31.0,31.0,30.949166667,30.949166667,25.594166667,25.594166667,31.003333333,31.2,31.196666667,30.995,30.7,30.706666667
m131,cpu,utilization,41.12,41.7,40.835833333,40.835833333,41.650833333,41.650833333,36.813333333,36.813333333,41.7,41.596666667,35.605,41.795,41.466666667,39.326666667
