name,machine_type,trace,-10,-9,-8,-7,-6,-5,-4,-3,-2,-1,0,1,2,3
m379,cpu,utilization,7.1633333333,7.1,7.1,4.5,5.9333333333,7.2366666667,7.2,7.2,7.2,7.2,7.2,5.0416666667,5.79,7.12
m272,cpu,utilization,7.2316666667,7.2716666667,7.3,5.7,6.4333333333,7.2633333333,7.18,7.1,7.155,7.2,7.2,4.7333333333,5.7966666667,7.24
