name,machine_type,trace,-10,-9,-8,-7,-6,-5,-4,-3,-2,-1,0,1,2,3
m146,cpu,utilization,17.273333333,17.773333333,20.41,20.965,20.19,18.485,26.061666667,26.04,25.09,23.006666667,21.68,22.071666667,22.2,21.825
