name,machine_type,trace,-10,-9,-8,-7,-6,-5,-4,-3,-2,-1,0,1,2,3
m322,cpu,utilization,30.1,29.475,28.88,29.3,29.573333333,29.433333333,29.4,29.573333333,29.26,29.12,29.34,29.4,26.6,28.583333333
