name,machine_type,trace,-10,-9,-8,-7,-6,-5,-4,-3,-2,-1,0,1,2,3
m184,cpu,utilization,42.59,44.133333333,41.72,40.895,40.3,42.013333333,44.52,42.75,41.666666667,40.633333333,41.5,41.993333333,44.98,43.115
