name,machine_type,trace,-10,-9,-8,-7,-6,-5,-4,-3,-2,-1,0,1,2,3
m265,cpu,utilization,24.195,24.946666667,25.0,24.16,24.39,24.4,24.583333333,24.125,24.1,24.706666667,27.095,24.496666667,24.1,24.273333333
