name,machine_type,trace,-10,-9,-8,-7,-6,-5,-4,-3,-2,-1,0,1,2,3
m102,cpu,utilization,80.64,81.3,80.926666667,79.9,80.376666667,82.1,74.18,39.355,51.133333333,79.12,80.52,82.14,80.923333333,80.333333333
