name,machine_type,trace,-10,-9,-8,-7,-6,-5,-4,-3,-2,-1,0,1,2,3
m246,cpu,utilization,29.34,28.05,30.426666667,30.1,29.843333333,28.851666667,28.86,27.195,29.455,29.498333333,28.6,28.8,29.623333333,28.95
