name,machine_type,trace,-10,-9,-8,-7,-6,-5,-4,-3,-2,-1,0,1,2,3
m123,cpu,utilization,29.7,29.883333333,29.566666667,28.96,29.733333333,29.235,30.018333333,29.37,29.956666667,29.113333333,29.463333333,29.076666667,29.631666667,25.7
