name,machine_type,trace,-10,-9,-8,-7,-6,-5,-4,-3,-2,-1,0,1,2,3
m277,cpu,utilization,27.645,27.02,27.941666667,28.491666667,28.143333333,28.1,28.98,29.22,28.9,28.033333333,28.133333333,28.4,28.76,28.3
