name,machine_type,trace,-10,-9,-8,-7,-6,-5,-4,-3,-2,-1,0,1,2,3
m250,cpu,utilization,28.78,28.121666667,29.16,28.86,28.5,29.301666667,29.158333333,29.48,28.308333333,28.18,29.29,29.5,29.36,29.666666667
