name,machine_type,trace,-10,-9,-8,-7,-6,-5,-4,-3,-2,-1,0,1,2,3
m381,cpu,utilization,22.675,22.8,22.46,22.365,23.068333333,23.273333333,22.585,22.283333333,22.4,22.515,22.7,22.7,22.796666667,22.561666667
