name,machine_type,trace,-10,-9,-8,-7,-6,-5,-4,-3,-2,-1,0,1,2,3
m88,cpu,utilization,11.075,10.66,11.741666667,11.1,11.1,11.12,11.5,11.526666667,11.833333333,11.358333333,11.358333333,11.6,11.5,11.5
