name,machine_type,trace,-10,-9,-8,-7,-6,-5,-4,-3,-2,-1,0,1,2,3
m310,cpu,utilization,14.04,15.0,15.108333333,15.5,15.6,15.65,14.62,15.1,15.045,14.8,15.211666667,16.65,16.283333333,15.52
