name,machine_type,trace,-10,-9,-8,-7,-6,-5,-4,-3,-2,-1,0,1,2,3
m92,cpu,utilization,8.7116666667,8.7,8.7883333333,8.6266666667,8.6,8.7666666667,8.64,8.6,8.7566666667,8.7216666667,8.7,8.7,8.7,8.7
