name,machine_type,trace,-10,-9,-8,-7,-6,-5,-4,-3,-2,-1,0,1,2,3
m147,cpu,utilization,20.173333333,19.78,22.5,22.523333333,20.9,17.64,21.5,20.0,22.6,22.49,22.258333333,22.47,21.341666667,20.695
