name,machine_type,trace,-10,-9,-8,-7,-6,-5,-4,-3,-2,-1,0,1,2,3
m134,cpu,utilization,30.4,30.49,30.775,30.8,30.976666667,31.0,31.0,31.088333333,30.54,30.5,30.403333333,30.498333333,30.3425,30.3425
