name,machine_type,trace,-10,-9,-8,-7,-6,-5,-4,-3,-2,-1,0,1,2,3
m290,cpu,utilization,19.603333333,24.85,22.578333333,25.691666667,20.39,26.086666667,27.773333333,15.315,25.025,24.08,21.733333333,19.805,20.285,23.881666667
m97,cpu,utilization,34.738333333,35.683333333,35.866666667,34.075,33.91,35.906666667,34.686666667,35.9,35.891666667,35.82,36.193333333,36.0,35.895,33.9
