name,machine_type,trace,-10,-9,-8,-7,-6,-5,-4,-3,-2,-1,0,1,2,3
m333,cpu,utilization,20.36,22.015,21.851666667,21.925,22.626666667,21.803333333,21.96,21.956666667,21.525,19.823333333,21.18,21.9,21.533333333,21.553333333
