name,machine_type,trace,-10,-9,-8,-7,-6,-5,-4,-3,-2,-1,0,1,2,3
m278,cpu,utilization,24.163333333,24.0,20.243333333,22.953333333,23.5,23.873333333,22.818333333,24.0,20.77,24.1,24.11,24.291666667,24.2,23.6
m114,cpu,utilization,31.3,31.3,25.093333333,28.553333333,30.38,30.406666667,29.121666667,30.0,24.3,31.0,30.0,29.991666667,29.9,29.42
m92,cpu,utilization,28.471666667,28.6,21.74,26.96,28.0,28.186666667,28.2,28.0,24.77,29.0,26.855,28.041666667,29.46,27.21
m52,cpu,utilization,24.476666667,24.84,20.571666667,23.673333333,24.57,24.6,24.108333333,24.6,20.135,24.7,23.8,23.875,24.7,24.22
m184,cpu,utilization,33.753333333,33.63,28.863333333,31.526666667,34.08,32.713333333,32.305,32.3,29.165,33.4,33.365,32.766666667,33.42,31.95
m117,cpu,utilization,23.661666667,24.0,20.161666667,22.506666667,23.45,22.753333333,23.781666667,23.6,20.085,23.7,21.16,24.2,24.19,23.68
m233,cpu,utilization,38.611666667,38.6,34.516666667,38.02,38.61,38.226666667,39.085,39.1,33.685,39.0,38.98,38.616666667,38.8,37.93
m339,cpu,utilization,28.8,29.225,23.175,27.693333333,29.5,29.6,29.501666667,28.6,18.72,28.7,28.335,28.991666667,28.8,27.09
