name,machine_type,trace,-10,-9,-8,-7,-6,-5,-4,-3,-2,-1,0,1,2,3
m267,cpu,utilization,0.2,0.2,0.24166666667,0.3,0.265,0.28,0.4,0.36,0.3,0.3,0.3,0.3,0.3,0.3
m49,cpu,utilization,0.2,0.2,0.2,0.2,0.2,0.2,0.2,0.2,0.2,0.2,0.2,0.2,0.2,0.2
m246,cpu,utilization,0.25666666667,0.24166666667,0.3,0.26166666667,0.235,0.3,0.3,0.3,0.26166666667,0.2,0.2,0.2,0.2,0.23333333333
