name,machine_type,trace,-10,-9,-8,-7,-6,-5,-4,-3,-2,-1,0,1,2,3
m110,cpu,utilization,40.105,39.45,39.321666667,43.46,41.893333333,40.936666667,39.646666667,41.753333333,41.325,41.383333333,38.315,40.968333333,39.74,42.255
