name,machine_type,trace,-10,-9,-8,-7,-6,-5,-4,-3,-2,-1,0,1,2,3
m136,cpu,utilization,11.0,10.775,10.7,10.863333333,10.98,11.72,10.9,10.7,10.776666667,10.8,11.606666667,11.21,10.92,10.9
m371,cpu,utilization,23.375,23.9,23.9,24.308333333,24.32,21.74,24.516666667,27.315,25.37,24.16,24.22,24.836666667,24.36,24.2
m157,cpu,utilization,11.025,11.925,11.281666667,11.245,11.06,11.24,11.3,11.613333333,11.7,11.48,11.253333333,11.2,11.2,11.2
m326,cpu,utilization,8.375,8.025,8.3916666667,8.5,8.9,8.2,8.0,8.0,8.7666666667,8.7066666667,8.6,8.9833333333,8.54,8.625
