name,machine_type,trace,-10,-9,-8,-7,-6,-5,-4,-3,-2,-1,0,1,2,3
m330,cpu,utilization,13.605,15.56,15.766666667,15.133333333,15.376666667,14.735,16.306666667,14.99,14.8,12.125,16.223333333,15.05,16.96,14.23
