name,machine_type,trace,-10,-9,-8,-7,-6,-5,-4,-3,-2,-1,0,1,2,3
m12,cpu,utilization,10.116666667,10.3,10.3,10.0,10.2,10.006666667,10.0,10.29,10.116666667,10.1,10.193333333,10.29,10.3,10.213333333
