name,machine_type,trace,-10,-9,-8,-7,-6,-5,-4,-3,-2,-1,0,1,2,3
m13,cpu,utilization,31.608333333,27.325,30.0,30.38,30.883333333,30.9,32.07,32.03,27.75,30.64,31.133333333,31.57,31.291666667,30.435
