name,machine_type,trace,-10,-9,-8,-7,-6,-5,-4,-3,-2,-1,0,1,2,3
m343,cpu,utilization,26.991666667,26.7,26.7,26.896666667,26.703333333,26.546666667,22.413333333,26.8,26.776666667,26.6,26.606666667,26.7,26.685,26.63
