name,machine_type,trace,-10,-9,-8,-7,-6,-5,-4,-3,-2,-1,0,1,2,3
m112,cpu,utilization,11.808333333,13.6,13.786666667,13.38,10.83,11.38,13.24,14.5,13.45,12.02,14.4,14.4,13.41,11.1
m92,cpu,utilization,16.366666667,17.333333333,15.893333333,16.2,16.41,17.326666667,18.26,17.246666667,16.1,16.25,16.543333333,16.083333333,15.91,17.1
m52,cpu,utilization,30.276666667,33.0,32.953333333,31.95,29.83,30.62,32.3,29.276666667,25.32,30.79,33.1,33.068333333,31.95,29.5
m375,cpu,utilization,36.621666667,38.7,38.466666667,37.161666667,35.83,36.566666667,38.4,37.55,35.46,35.15,31.521666667,29.116666667,37.13,35.1
