name,machine_type,trace,-10,-9,-8,-7,-6,-5,-4,-3,-2,-1,0,1,2,3
m40,cpu,utilization,23.438333333,19.9,15.0,22.04,28.381666667,32.04,38.38,38.6,36.05,35.153333333,31.136666667,28.42,33.14,30.54
m40,cpu,utilization,23.438333333,19.9,15.0,22.04,28.381666667,32.04,38.38,38.6,36.05,35.153333333,31.136666667,28.42,33.14,30.54
m7,cpu,utilization,32.945,34.175,26.975,24.89,27.606666667,31.98,38.66,40.82,41.15,40.98,37.141666667,35.106666667,34.3,33.51
m105,cpu,utilization,26.893333333,29.025,22.825,21.143333333,22.731666667,28.7,33.86,35.12,34.075,34.726666667,32.913333333,31.9,30.22,29.64
