name,machine_type,trace,-10,-9,-8,-7,-6,-5,-4,-3,-2,-1,0,1,2,3
m148,cpu,utilization,22.935,25.6,24.3,24.696666667,25.165,21.94,9.155,0.7,0.3,6.5933333333,14.593333333,15.566666667,12.865,5.0166666667
