name,machine_type,trace,-10,-9,-8,-7,-6,-5,-4,-3,-2,-1,0,1,2,3
m30,cpu,utilization,8.9066666667,8.85,6.345,4.83,5.6666666667,10.0,14.58,19.016666667,20.44,18.025,17.353333333,17.7,18.03,17.783333333
