name,machine_type,trace,-10,-9,-8,-7,-6,-5,-4,-3,-2,-1,0,1,2,3
m146,cpu,utilization,37.3,50.26,45.22,44.5,44.01,42.266666667,38.47,38.236666667,37.633333333,42.313333333,43.19,43.625,43.9,43.9
m416,cpu,utilization,31.9,30.1,27.74,27.846666667,22.51,26.69,31.33,28.65,26.526666667,26.64,23.72,26.225,27.5,30.766666667
m391,cpu,utilization,14.455,15.04,15.1,14.58,15.806666667,14.711666667,14.808333333,15.666666667,14.98,14.553333333,15.41,14.675,14.691666667,14.8
m271,cpu,utilization,9.5,10.85,9.83,10.826666667,10.183333333,10.0,10.571666667,9.8566666667,10.596666667,10.9,10.97,9.95,10.696666667,11.081666667
