name,machine_type,trace,-10,-9,-8,-7,-6,-5,-4,-3,-2,-1,0,1,2,3
m161,cpu,utilization,23.43,23.6,22.266666667,13.6,13.61,14.726666667,22.646666667,23.576666667,23.4,23.39,23.323333333,23.5,23.463333333,23.36
