name,machine_type,trace,-10,-9,-8,-7,-6,-5,-4,-3,-2,-1,0,1,2,3
m244,cpu,utilization,2.79,2.725,3.11,3.16,2.9,2.7833333333,2.7,3.1,2.7983333333,2.6,2.67,2.6283333333,2.6683333333,2.7
