name,machine_type,trace,-10,-9,-8,-7,-6,-5,-4,-3,-2,-1,0,1,2,3
m63,cpu,utilization,0.4,0.33333333333,0.37,0.4,0.26333333333,0.58,0.8,0.46666666667,0.3,0.3,0.37166666667,0.33333333333,0.3,0.59333333333
