name,machine_type,trace,-10,-9,-8,-7,-6,-5,-4,-3,-2,-1,0,1,2,3
m393,cpu,utilization,28.361666667,28.55,28.535,29.241666667,29.458333333,27.98,27.7,28.3,28.008333333,28.908333333,28.875,28.2,28.52,28.415
