name,machine_type,trace,-10,-9,-8,-7,-6,-5,-4,-3,-2,-1,0,1,2,3
m129,cpu,utilization,25.415,25.5,25.5,25.441666667,25.053333333,25.108333333,23.108333333,25.4,25.4,25.403333333,25.675,27.015,26.226666667,26.226666667
