name,machine_type,trace,-10,-9,-8,-7,-6,-5,-4,-3,-2,-1,0,1,2,3
m192,cpu,utilization,22.64,26.428333333,27.85,26.75,25.82,25.785,25.181666667,26.383333333,25.858333333,25.8,26.395,24.468333333,25.55,25.7
m82,cpu,utilization,20.865,21.265,21.555,20.183333333,19.475,19.315,19.476666667,19.5,19.5,19.323333333,19.3,19.83,19.54,19.5
