name,machine_type,trace,-10,-9,-8,-7,-6,-5,-4,-3,-2,-1,0,1,2,3
m339,cpu,utilization,17.9,18.89,19.166666667,15.3,12.991666667,15.62,16.976666667,20.126666667,24.708333333,25.603333333,25.84,26.58,26.253333333,27.56
