name,machine_type,trace,-10,-9,-8,-7,-6,-5,-4,-3,-2,-1,0,1,2,3
m185,cpu,utilization,19.47,19.61,19.435,19.33,21.25,20.373333333,20.096666667,19.4,19.16,19.973333333,21.5,20.658333333,19.973333333,18.8
