name,machine_type,trace,-10,-9,-8,-7,-6,-5,-4,-3,-2,-1,0,1,2,3
m319,cpu,utilization,22.583333333,22.193333333,22.193333333,21.601666667,21.601666667,22.276666667,1.355,0.25166666667,0.25166666667,1.475,3.14,6.5,6.27,2.325
