name,machine_type,trace,-10,-9,-8,-7,-6,-5,-4,-3,-2,-1,0,1,2,3
m16,cpu,utilization,28.0,28.991666667,29.58,29.563333333,28.866666667,28.295,25.125,11.5,21.5,28.4,29.03,29.16,29.51,29.635
