name,machine_type,trace,-10,-9,-8,-7,-6,-5,-4,-3,-2,-1,0,1,2,3
m196,cpu,utilization,26.16,28.206666667,24.86,24.3,24.47,28.121666667,26.173333333,27.96,25.103333333,25.5,25.495,26.8775,26.8775,25.0
m159,cpu,utilization,25.7,26.826666667,25.353333333,22.433333333,23.43,29.353333333,26.646666667,28.92,27.263333333,27.193333333,26.991666667,27.5675,27.5675,17.8
