name,machine_type,trace,-10,-9,-8,-7,-6,-5,-4,-3,-2,-1,0,1,2,3
m112,cpu,utilization,22.7,23.0,23.196666667,23.2,22.915,23.5,23.506666667,23.641666667,23.0,23.015,23.31,23.5,23.42,22.783333333
