name,machine_type,trace,-10,-9,-8,-7,-6,-5,-4,-3,-2,-1,0,1,2,3
m210,cpu,utilization,25.12,24.265,23.5,23.786666667,24.72,24.33,24.0,23.753333333,24.25,25.895,24.886666667,23.5,23.6,25.353333333
