name,machine_type,trace,-10,-9,-8,-7,-6,-5,-4,-3,-2,-1,0,1,2,3
m2,cpu,utilization,0.32666666667,0.4,0.4,0.4,0.4,0.37833333333,0.32166666667,0.4,0.38333333333,0.31333333333,0.4,0.38833333333,0.91,6.03
