name,machine_type,trace,-10,-9,-8,-7,-6,-5,-4,-3,-2,-1,0,1,2,3
m104,cpu,utilization,4.5,4.5,8.5033333333,8.5033333333,9.1833333333,10.15,9.2166666667,9.495,8.5666666667,8.5,9.64,10.29,9.12,9.1
m84,cpu,utilization,8.71,8.71,8.9,8.9,8.9966666667,8.81,8.8,8.1116666667,4.5533333333,4.2066666667,4.865,4.9,9.915,8.88
m151,cpu,utilization,9.2,9.2,4.7,4.7,5.57,7.595,10.748333333,9.8166666667,8.68,8.9733333333,8.43,4.9583333333,4.9,4.9
m72,cpu,utilization,4.3,4.3,0.6,0.6,0.40666666667,5.055,4.5133333333,5.09,5.5666666667,5.9733333333,5.905,5.9,5.1133333333,5.1
