name,machine_type,trace,-10,-9,-8,-7,-6,-5,-4,-3,-2,-1,0,1,2,3
m279,cpu,utilization,12.53,12.5,14.973333333,13.191666667,12.81,11.521666667,12.813333333,16.08,12.4475,12.4475,12.595,12.7,14.5,12.6
