name,machine_type,trace,-10,-9,-8,-7,-6,-5,-4,-3,-2,-1,0,1,2,3
m288,cpu,utilization,12.6,11.05,12.236666667,12.675,12.963333333,6.4533333333,12.913333333,15.048333333,12.38,11.7,14.86,12.67,13.3,12.94
m143,cpu,utilization,34.9,34.475,34.4,34.55,35.14,35.685,35.846666667,35.586666667,35.18,34.9,35.09,35.5,35.366666667,35.24
m310,cpu,utilization,26.94,25.225,25.436666667,25.075,25.856666667,26.445,25.8,25.828333333,26.71,27.608333333,25.068333333,25.09,25.3,25.69
m375,cpu,utilization,27.5,27.25,26.103333333,24.925,25.23,25.708333333,26.593333333,24.326666667,25.2,25.616666667,25.343333333,26.3,25.926666667,25.41
