name,machine_type,trace,-10,-9,-8,-7,-6,-5,-4,-3,-2,-1,0,1,2,3
m325,cpu,utilization,36.291666667,36.04,35.12,35.883333333,35.865,36.056666667,35.866666667,35.7,35.716666667,35.813333333,35.9,35.881666667,35.8,35.8
m172,cpu,utilization,43.5,43.366666667,42.686666667,43.7,42.7,42.786666667,43.216666667,43.8,43.666666667,42.96,42.7,42.828333333,43.4,43.18
