name,machine_type,trace,-10,-9,-8,-7,-6,-5,-4,-3,-2,-1,0,1,2,3
m244,cpu,utilization,13.45,12.14,14.225,15.59,17.696666667,19.56,14.716666667,16.15,19.263333333,14.178333333,14.62,17.068333333,18.66,18.738333333
