name,machine_type,trace,-10,-9,-8,-7,-6,-5,-4,-3,-2,-1,0,1,2,3
m182,cpu,utilization,9.8666666667,10.4,10.4,10.485,10.5,10.75,10.31,10.2,10.356666667,10.706666667,11.106666667,10.73,10.6,10.9
