name,machine_type,trace,-10,-9,-8,-7,-6,-5,-4,-3,-2,-1,0,1,2,3
m329,cpu,utilization,0.94,0.63,3.0316666667,1.28,0.46,0.88,0.42833333333,0.38333333333,0.4,0.4,0.4,0.31833333333,0.3,0.38333333333
