name,machine_type,trace,-10,-9,-8,-7,-6,-5,-4,-3,-2,-1,0,1,2,3
m165,cpu,utilization,21.1,24.363333333,25.741666667,25.741666667,25.5,25.313333333,26.0,27.415,25.8,22.193333333,21.4,21.67,19.4,15.75
