name,machine_type,trace,-10,-9,-8,-7,-6,-5,-4,-3,-2,-1,0,1,2,3
m47,cpu,utilization,30.958333333,30.735,31.24,31.3,31.3,30.92,30.9,30.9,30.71,30.7,31.175,30.75,30.7,31.15
m59,cpu,utilization,38.2,38.553333333,38.6,38.325,38.88,37.95,36.425,32.466666667,32.685,36.34,38.31,38.4,38.655,36.9
m217,cpu,utilization,27.15,27.553333333,27.06,26.541666667,26.5,27.45,27.106666667,26.608333333,28.025,28.1,27.245,28.01,27.08,26.9
m409,cpu,utilization,18.4,18.5,21.29,18.758333333,18.306666667,18.585,18.6,18.6,18.505,17.566666667,14.175,17.96,18.57,18.69
m105,cpu,utilization,35.108333333,35.1,35.19,35.475,33.18,32.72,35.158333333,34.708333333,35.27,35.3,35.585,35.6,32.54,31.19
m138,cpu,utilization,30.2,29.935,29.0,30.641666667,30.316666667,29.445,30.678333333,30.7,30.7,30.7,30.7,30.52,30.5,30.5
m121,cpu,utilization,24.908333333,24.9,24.0,25.366666667,24.05,25.615,23.831666667,23.8,24.94,24.72,25.08,24.38,24.385,23.32
m16,cpu,utilization,19.966666667,19.558333333,19.05,19.0,20.256666667,20.015,16.361666667,19.151666667,20.34,19.56,19.5,20.04,19.25,20.09
