name,machine_type,trace,-10,-9,-8,-7,-6,-5,-4,-3,-2,-1,0,1,2,3
m138,cpu,utilization,27.8,27.773333333,27.623333333,27.8,27.786666667,27.606666667,27.8,27.8,27.8,27.8,27.783333333,27.61,27.8,27.79
