name,machine_type,trace,-10,-9,-8,-7,-6,-5,-4,-3,-2,-1,0,1,2,3
m321,cpu,utilization,31.816666667,31.0,30.91,30.573333333,31.641666667,31.0,31.0,31.033333333,31.348333333,31.348333333,29.8,31.4,31.4,30.433333333
