name,machine_type,trace,-10,-9,-8,-7,-6,-5,-4,-3,-2,-1,0,1,2,3
m87,cpu,utilization,1.9,1.9,1.9,1.9,1.9,1.9833333333,2.0066666667,1.9,1.9466666667,2.045,2.1,2.1,2.1,2.1
m87,cpu,utilization,1.9,1.9,1.9,1.9,1.9,1.9833333333,2.0066666667,1.9,1.9466666667,2.045,2.1,2.1,2.1,2.1
m148,cpu,utilization,12.33,12.315,12.5,12.326666667,12.533333333,13.35,13.0,12.2,12.386666667,12.87,13.34,13.005,12.4,12.445
m148,cpu,utilization,12.33,12.315,12.5,12.326666667,12.533333333,13.35,13.0,12.2,12.386666667,12.87,13.34,13.005,12.4,12.445
m148,cpu,utilization,12.33,12.315,12.5,12.326666667,12.533333333,13.35,13.0,12.2,12.386666667,12.87,13.34,13.005,12.4,12.445
m87,cpu,utilization,1.9,1.9,1.9,1.9,1.9,1.9833333333,2.0066666667,1.9,1.9466666667,2.045,2.1,2.1,2.1,2.1
m364,cpu,utilization,21.005,20.471666667,19.74,19.576666667,19.713333333,21.05,21.073333333,21.5,21.173333333,21.25,21.1,20.525,20.583333333,20.21
m128,cpu,utilization,23.47,23.6,23.56,22.633333333,21.153333333,21.491666667,22.6,23.1,23.646666667,23.7,23.606666667,23.59,23.7,23.7
