name,machine_type,trace,-10,-9,-8,-7,-6,-5,-4,-3,-2,-1,0,1,2,3
m117,cpu,utilization,43.655,42.32,40.811666667,42.833333333,42.79,33.166666667,29.116666667,30.723333333,40.993333333,42.5,42.05,42.0,42.916666667,43.0
m254,cpu,utilization,33.09,33.0,33.49,33.183333333,33.695,33.366666667,33.133333333,33.753333333,32.253333333,33.766666667,34.0,33.253333333,34.116666667,33.405
