name,machine_type,trace,-10,-9,-8,-7,-6,-5,-4,-3,-2,-1,0,1,2,3
m111,cpu,utilization,11.15,11.308333333,9.5,9.335,9.56,10.786666667,13.373333333,11.331666667,9.3,9.3,9.3633333333,9.4,10.666666667,10.533333333
