name,machine_type,trace,-10,-9,-8,-7,-6,-5,-4,-3,-2,-1,0,1,2,3
m277,cpu,utilization,21.5,21.411666667,19.58,19.3,19.386666667,19.4,19.4,19.488333333,13.228333333,12.4,12.481666667,12.5,19.686666667,21.3
m270,cpu,utilization,18.733333333,18.6,18.6,18.69,18.7,18.523333333,17.97,20.638333333,20.558333333,19.905,21.025,21.3,20.728333333,19.48
