name,machine_type,trace,-10,-9,-8,-7,-6,-5,-4,-3,-2,-1,0,1,2,3
m25,cpu,utilization,19.4,19.1,18.833333333,18.883333333,19.1,18.816666667,18.6,22.113333333,28.138333333,29.486666667,29.36,30.62,30.4,30.05
