name,machine_type,trace,-10,-9,-8,-7,-6,-5,-4,-3,-2,-1,0,1,2,3
m305,cpu,utilization,32.133333333,32.3,32.3,32.04,31.91,31.441666667,31.4,31.66,31.788333333,31.8,31.885,31.723333333,31.7,31.615
