name,machine_type,trace,-10,-9,-8,-7,-6,-5,-4,-3,-2,-1,0,1,2,3
m293,cpu,utilization,24.086666667,23.9,23.953333333,24.0,24.0,24.11,24.141666667,24.1,24.1,24.0,23.9,23.946666667,24.0,24.0
