name,machine_type,trace,-10,-9,-8,-7,-6,-5,-4,-3,-2,-1,0,1,2,3
m330,cpu,utilization,26.7,26.61,26.453333333,26.6,23.908333333,19.475,26.75,27.45,28.2,27.75,26.725,27.661666667,26.6,26.686666667
