name,machine_type,trace,-10,-9,-8,-7,-6,-5,-4,-3,-2,-1,0,1,2,3
m263,cpu,utilization,18.066666667,20.381666667,21.423333333,16.863333333,12.701666667,14.78,18.8,14.746666667,19.608333333,19.483333333,16.916666667,17.0,16.93,16.435
m419,cpu,utilization,13.5,14.798333333,17.401666667,13.606666667,8.54,13.7,13.7,13.653333333,13.5,13.466666667,13.3,13.3,13.311666667,13.411666667
