name,machine_type,trace,-10,-9,-8,-7,-6,-5,-4,-3,-2,-1,0,1,2,3
m392,cpu,utilization,29.7,28.6,28.633333333,28.88,28.345,30.26,30.815,26.82,0.3,4.18,29.236666667,28.09,28.9,28.8
