name,machine_type,trace,-10,-9,-8,-7,-6,-5,-4,-3,-2,-1,0,1,2,3
m325,cpu,utilization,8.3,8.3,8.3,8.37,8.78,9.2633333333,8.84,8.3,8.345,8.3583333333,8.3,8.34,8.3616666667,8.3383333333
