name,machine_type,trace,-10,-9,-8,-7,-6,-5,-4,-3,-2,-1,0,1,2,3
m117,cpu,utilization,30.411666667,31.21,31.113333333,31.336666667,31.2,30.661666667,29.78,31.1,31.02,30.926666667,31.3,31.47,31.21,30.8
m270,cpu,utilization,17.8,17.89,17.901666667,17.336666667,17.341666667,17.813333333,18.1,18.1,17.886666667,17.553333333,17.766666667,17.22,17.405,17.2
