name,machine_type,trace,-10,-9,-8,-7,-6,-5,-4,-3,-2,-1,0,1,2,3
m13,cpu,utilization,42.5,42.550833333,42.550833333,25.7,42.6,42.6,43.22,43.22,42.6,42.6,42.6,42.5,25.4,42.408333333
