name,machine_type,trace,-10,-9,-8,-7,-6,-5,-4,-3,-2,-1,0,1,2,3
m76,cpu,utilization,7.9,7.9866666667,8.0,8.0866666667,8.4533333333,8.0583333333,7.9116666667,7.9,7.39,5.9933333333,5.78,5.7183333333,5.78,5.8
m153,cpu,utilization,5.7233333333,5.7,5.7,5.7,5.7,8.7033333333,8.305,8.2883333333,8.3,8.1366666667,8.82,8.265,8.18,8.7833333333
