name,machine_type,trace,-10,-9,-8,-7,-6,-5,-4,-3,-2,-1,0,1,2,3
m150,cpu,utilization,49.446666667,19.3,19.305,19.349166667,19.349166667,19.3,19.205,48.81,52.1,29.398333333,20.04,19.2,19.75,19.08
