name,machine_type,trace,-10,-9,-8,-7,-6,-5,-4,-3,-2,-1,0,1,2,3
m109,cpu,utilization,14.416666667,14.8,14.776666667,14.656666667,14.46,14.3,14.3,14.278333333,14.373333333,15.0,14.93,14.721666667,14.8,14.236666667
