name,machine_type,trace,-10,-9,-8,-7,-6,-5,-4,-3,-2,-1,0,1,2,3
m120,cpu,utilization,16.575,16.516666667,16.8,16.8,16.8,16.62,16.4,16.833333333,17.208333333,16.77,16.786666667,17.0,16.958333333,16.9
