name,machine_type,trace,-10,-9,-8,-7,-6,-5,-4,-3,-2,-1,0,1,2,3
m102,cpu,utilization,25.591666667,25.5,25.550833333,25.550833333,25.501666667,25.5,25.5,25.5,25.5,25.5,25.5,25.5,25.86,25.553333333
