name,machine_type,trace,-10,-9,-8,-7,-6,-5,-4,-3,-2,-1,0,1,2,3
m14,cpu,utilization,0.3,0.265,0.2,0.235,0.3,0.26333333333,0.28,0.36333333333,0.3,0.3,0.27,0.2,0.25666666667,0.34666666667
