name,machine_type,trace,-10,-9,-8,-7,-6,-5,-4,-3,-2,-1,0,1,2,3
m413,cpu,utilization,30.4,30.64,31.6,31.833333333,32.575,32.473333333,32.4,32.433333333,32.573333333,31.416666667,29.866666667,30.845,31.566666667,31.87
