name,machine_type,trace,-10,-9,-8,-7,-6,-5,-4,-3,-2,-1,0,1,2,3
m1,cpu,utilization,27.766666667,27.8,27.44,27.4,27.006666667,27.285,26.566666667,24.7,27.486666667,31.18,27.53,26.83,26.515,27.096666667
m348,cpu,utilization,27.833333333,27.3,27.03,34.373333333,32.146666667,32.1,32.65,32.7,33.26,33.203333333,33.2,32.725,33.08,33.191666667
m347,cpu,utilization,41.1,41.19,41.11,41.473333333,42.778333333,38.43,31.141666667,30.86,37.526666667,38.676666667,42.276666667,38.125,37.14,31.763333333
m376,cpu,utilization,41.16,51.47,39.55,50.886666667,37.148333333,39.275,47.375,39.1,33.62,34.363333333,42.713333333,36.16,45.87,46.178333333
