name,machine_type,trace,-10,-9,-8,-7,-6,-5,-4,-3,-2,-1,0,1,2,3
m253,cpu,utilization,28.548333333,29.2,29.8,29.266666667,30.425,28.983333333,29.473333333,29.8,29.11,29.12,29.43,29.418333333,29.4,29.165
