name,machine_type,trace,-10,-9,-8,-7,-6,-5,-4,-3,-2,-1,0,1,2,3
m349,cpu,utilization,6.9483333333,6.7866666667,6.6,6.7,6.7516666667,6.6516666667,6.78,7.0,6.955,6.9466666667,7.0,6.84,6.7,6.7
