name,machine_type,trace,-10,-9,-8,-7,-6,-5,-4,-3,-2,-1,0,1,2,3
m237,cpu,utilization,0.3,0.22166666667,0.28166666667,0.3,0.22166666667,0.27666666667,0.3,0.3,0.3,0.3,0.3,0.3,0.3,0.225
