name,machine_type,trace,-10,-9,-8,-7,-6,-5,-4,-3,-2,-1,0,1,2,3
m7,cpu,utilization,31.155,31.1,31.053333333,31.241666667,31.5,31.37,31.2,31.103333333,31.0,31.05,30.155,29.886666667,31.0,30.066666667
