name,machine_type,trace,-10,-9,-8,-7,-6,-5,-4,-3,-2,-1,0,1,2,3
m318,cpu,utilization,23.148333333,22.786666667,22.666666667,22.9,22.9,22.841666667,22.8,23.091666667,23.135,22.76,22.661666667,18.62,22.991666667,28.223333333
