name,machine_type,trace,-10,-9,-8,-7,-6,-5,-4,-3,-2,-1,0,1,2,3
m112,cpu,utilization,17.15,16.516666667,16.436666667,16.5,16.63,16.716666667,16.825,17.1,16.83,16.63,16.8,16.8,16.8,16.8
