name,machine_type,trace,-10,-9,-8,-7,-6,-5,-4,-3,-2,-1,0,1,2,3
m378,cpu,utilization,9.1233333333,8.6916666667,9.48,8.76,9.06,8.73,8.6,9.52,8.86,9.1483333333,9.06,8.4283333333,8.53,8.6
