name,machine_type,trace,-10,-9,-8,-7,-6,-5,-4,-3,-2,-1,0,1,2,3
m232,cpu,utilization,17.086666667,17.6,17.25,17.1,16.593333333,16.67,16.9,17.208333333,17.338333333,16.6,16.705,17.433333333,17.6,17.308333333
