name,machine_type,trace,-10,-9,-8,-7,-6,-5,-4,-3,-2,-1,0,1,2,3
m357,cpu,utilization,2.175,2.0,2.0,2.0,2.0533333333,2.2,2.325,2.615,2.4,2.3683333333,2.2366666667,2.1,2.16,2.36
