name,machine_type,trace,-10,-9,-8,-7,-6,-5,-4,-3,-2,-1,0,1,2,3
m139,cpu,utilization,17.25,17.916666667,17.183333333,18.213333333,16.87,18.35,17.175,17.52,17.335,16.77,18.315,18.158333333,17.393333333,17.3
