name,machine_type,trace,-10,-9,-8,-7,-6,-5,-4,-3,-2,-1,0,1,2,3
m364,cpu,utilization,25.08,24.466666667,24.023333333,24.26,24.813333333,24.97,24.781666667,25.466666667,25.94,25.91,23.57,25.1,25.206666667,26.0
m325,cpu,utilization,17.9,17.946666667,18.6,18.6,18.673333333,19.5,17.758333333,18.28,18.786666667,18.57,17.565,18.483333333,18.546666667,19.316666667
