name,machine_type,trace,-10,-9,-8,-7,-6,-5,-4,-3,-2,-1,0,1,2,3
m50,cpu,utilization,27.1,27.215,27.44,27.078333333,26.61,27.0,25.18,22.8,22.8,22.973333333,23.2,23.243333333,23.058333333,22.8
