name,machine_type,trace,-10,-9,-8,-7,-6,-5,-4,-3,-2,-1,0,1,2,3
m331,cpu,utilization,8.6,8.6,8.6,8.5833333333,8.41,8.6333333333,8.4833333333,2.7066666667,2.76,8.6766666667,8.5,8.51,8.6,8.6
