name,machine_type,trace,-10,-9,-8,-7,-6,-5,-4,-3,-2,-1,0,1,2,3
m125,cpu,utilization,13.0,12.973333333,12.843333333,12.7,12.728333333,12.913333333,13.2,12.803333333,12.056666667,12.9,12.943333333,11.7,8.725,12.513333333
m350,cpu,utilization,18.3,11.266666667,11.24,14.74,20.985,21.2,18.89,12.206666667,16.18,19.833333333,13.483333333,14.625,18.0,10.771666667
