name,machine_type,trace,-10,-9,-8,-7,-6,-5,-4,-3,-2,-1,0,1,2,3
m155,cpu,utilization,23.16,24.16,22.266666667,22.586666667,22.523333333,22.7,22.683333333,22.46,22.1,22.108333333,22.2,22.2,22.21,22.3
