name,machine_type,trace,-10,-9,-8,-7,-6,-5,-4,-3,-2,-1,0,1,2,3
m101,cpu,utilization,16.61,16.9,15.45,16.8,16.9,16.075,16.76,16.8,16.711666667,16.615,19.54,20.2,14.951666667,17.486666667
