name,machine_type,trace,-10,-9,-8,-7,-6,-5,-4,-3,-2,-1,0,1,2,3
m237,cpu,utilization,12.5,12.5,12.5,12.593333333,13.265,12.85,12.8,13.266666667,12.22,12.1,12.1,12.1,11.47,11.4
