name,machine_type,trace,-10,-9,-8,-7,-6,-5,-4,-3,-2,-1,0,1,2,3
m117,cpu,utilization,36.8,36.446666667,36.573333333,36.6,36.6,36.158333333,36.1,37.126666667,36.92,36.9,36.27,36.92,37.0,34.173333333
