name,machine_type,trace,-10,-9,-8,-7,-6,-5,-4,-3,-2,-1,0,1,2,3
m65,cpu,utilization,24.6,11.22,0.2,0.2,0.255,0.3,0.24166666667,0.25333333333,0.3,0.3,0.3,0.3,0.3,0.3
m350,cpu,utilization,9.5,9.32,9.8483333333,10.1,9.19,9.5333333333,10.35,9.8866666667,9.4733333333,9.54,9.9333333333,10.1,9.255,8.8
