name,machine_type,trace,-10,-9,-8,-7,-6,-5,-4,-3,-2,-1,0,1,2,3
m341,cpu,utilization,8.4,8.4,7.7,8.4866666667,8.5066666667,8.5933333333,8.4066666667,8.5,8.5,8.5,8.5,8.5,8.5,8.5
