name,machine_type,trace,-10,-9,-8,-7,-6,-5,-4,-3,-2,-1,0,1,2,3
m298,cpu,utilization,18.25,15.046666667,14.3,14.455,14.7,14.693333333,14.71,14.8,14.5,14.546666667,14.7,14.28,14.66,14.9
m158,cpu,utilization,3.1866666667,3.2533333333,3.2,3.355,3.45,3.6133333333,3.8,3.7433333333,3.7,3.7616666667,3.02,2.95,3.38,3.5
