name,machine_type,trace,-10,-9,-8,-7,-6,-5,-4,-3,-2,-1,0,1,2,3
m339,cpu,utilization,0.2,0.24,0.3,0.25833333333,0.23666666667,0.26666666667,0.2,0.23166666667,0.27333333333,0.2,0.2,0.23,0.3,0.3
