name,machine_type,trace,-10,-9,-8,-7,-6,-5,-4,-3,-2,-1,0,1,2,3
m391,cpu,utilization,19.256666667,17.366666667,16.71,20.675,22.48,19.49,18.425,15.683333333,19.78,20.35,19.636666667,18.75,14.636666667,19.446666667
