name,machine_type,trace,-10,-9,-8,-7,-6,-5,-4,-3,-2,-1,0,1,2,3
m126,cpu,utilization,9.275,9.3,5.24,5.09,8.58,9.025,9.5,9.525,8.2766666667,7.615,6.96,8.0,8.9383333333,7.7916666667
m392,cpu,utilization,25.5,25.766666667,27.33,26.01,24.926666667,25.0,25.0,25.525,25.73,25.661666667,25.7,25.7,25.515,25.458333333
