name,machine_type,trace,-10,-9,-8,-7,-6,-5,-4,-3,-2,-1,0,1,2,3
m134,cpu,utilization,20.435,19.7,22.453333333,19.748333333,19.101666667,32.116666667,42.943333333,42.845,43.4,43.435,43.1,37.125,26.24,23.353333333
