name,machine_type,trace,-10,-9,-8,-7,-6,-5,-4,-3,-2,-1,0,1,2,3
m390,cpu,utilization,26.936666667,26.56,26.916666667,26.74,27.0,26.706666667,25.9,26.41,28.0,28.525,26.8,26.691666667,26.333333333,26.335
m375,cpu,utilization,33.656666667,37.76,49.356666667,49.835,49.9,49.606666667,48.8,49.01,46.886666667,38.75,39.34,48.886666667,49.466666667,50.455
m419,cpu,utilization,29.556666667,28.0,28.226666667,28.695,29.32,28.226666667,28.25,28.37,29.826666667,31.0,28.42,29.923333333,28.316666667,28.9
m235,cpu,utilization,30.463333333,30.42,31.14,30.49,30.95,30.006666667,30.3,30.93,31.84,30.15,30.473333333,32.058333333,30.166666667,30.335
