name,machine_type,trace,-10,-9,-8,-7,-6,-5,-4,-3,-2,-1,0,1,2,3
m161,cpu,utilization,24.2,24.103333333,23.653333333,23.2,23.785,24.5,24.5,24.185,23.746666667,24.0,24.16,24.4,24.326666667,24.025
