name,machine_type,trace,-10,-9,-8,-7,-6,-5,-4,-3,-2,-1,0,1,2,3
m349,cpu,utilization,19.06,23.625,25.56,21.63,22.3,23.4,22.1,21.461666667,24.165,25.39,19.28,22.503333333,24.33,15.273333333
