name,machine_type,trace,-10,-9,-8,-7,-6,-5,-4,-3,-2,-1,0,1,2,3
m243,cpu,utilization,32.311666667,30.8,30.4,32.586666667,33.6,34.705,32.43,29.7,28.025,27.6,27.99,28.2,28.273333333,28.3
