name,machine_type,trace,-10,-9,-8,-7,-6,-5,-4,-3,-2,-1,0,1,2,3
m341,cpu,utilization,31.626666667,31.9,31.733333333,31.5,26.8,15.125,10.9,10.938333333,11.44,14.07,17.3,16.693333333,16.0,16.0
