name,machine_type,trace,-10,-9,-8,-7,-6,-5,-4,-3,-2,-1,0,1,2,3
m49,cpu,utilization,28.121666667,28.023333333,28.0,28.153333333,27.97,27.9,27.983333333,28.166666667,28.04,27.92,27.9,27.9,27.9,27.9
m126,cpu,utilization,7.7483333333,7.2133333333,6.6166666667,7.6266666667,23.716666667,19.68,15.45,15.416666667,15.66,16.42,15.738333333,15.125,13.725,12.346666667
