name,machine_type,trace,-10,-9,-8,-7,-6,-5,-4,-3,-2,-1,0,1,2,3
m395,cpu,utilization,25.336666667,24.183333333,17.8,19.953333333,25.5,25.333333333,24.48,24.565,25.3,25.285,23.733333333,17.2,18.385,25.1
