name,machine_type,trace,-10,-9,-8,-7,-6,-5,-4,-3,-2,-1,0,1,2,3
m33,cpu,utilization,27.595,28.278333333,28.34,28.46,26.5,26.635,27.216666667,26.4,26.693333333,27.935,27.733333333,27.68,26.716666667,26.995
