name,machine_type,trace,-10,-9,-8,-7,-6,-5,-4,-3,-2,-1,0,1,2,3
m403,cpu,utilization,42.265,44.58,44.4,45.396666667,45.756666667,44.901666667,45.535,46.216666667,47.92,46.313333333,46.18,47.125,48.36,44.52
