name,machine_type,trace,-10,-9,-8,-7,-6,-5,-4,-3,-2,-1,0,1,2,3
m119,cpu,utilization,4.96,5.0466666667,4.7133333333,3.62,1.625,1.1066666667,0.4,0.4,0.415,0.47666666667,0.375,0.74166666667,0.31166666667,0.4
