name,machine_type,trace,-10,-9,-8,-7,-6,-5,-4,-3,-2,-1,0,1,2,3
m290,cpu,utilization,25.0,25.065,25.1,25.1,25.166666667,25.135,25.1,25.1,25.026666667,25.0,25.08,25.1,25.013333333,25.085
