name,machine_type,trace,-10,-9,-8,-7,-6,-5,-4,-3,-2,-1,0,1,2,3
m138,cpu,utilization,20.1,19.7,20.14,20.566666667,20.1,20.023333333,19.9,19.81,19.786666667,19.9,19.851666667,19.8,20.075,20.033333333
m38,cpu,utilization,24.2,22.746666667,21.216666667,24.7,27.115,31.0,31.166666667,31.58,31.8,31.66,31.5,31.35,31.09,30.573333333
m46,cpu,utilization,35.966666667,36.136666667,36.09,36.358333333,37.0,36.31,35.2,35.65,36.156666667,36.286666667,36.5,36.2,35.955,36.32
m305,cpu,utilization,21.1,23.49,24.98,21.433333333,17.0,17.0,16.916666667,16.8,16.843333333,20.68,25.0,25.05,25.1,25.1
