name,machine_type,trace,-10,-9,-8,-7,-6,-5,-4,-3,-2,-1,0,1,2,3
m132,cpu,utilization,0.31666666667,0.3,0.38333333333,0.4,0.4,0.4,0.4,0.4,0.4,0.30166666667,0.3,0.39333333333,0.305,0.3
