name,machine_type,trace,-10,-9,-8,-7,-6,-5,-4,-3,-2,-1,0,1,2,3
m403,cpu,utilization,8.41,10.48,6.85,7.1,7.145,7.435,7.88,9.5816666667,9.99,8.38,8.5466666667,13.57,15.21,16.3
