name,machine_type,trace,-10,-9,-8,-7,-6,-5,-4,-3,-2,-1,0,1,2,3
m126,cpu,utilization,4.0466666667,2.5,13.89,15.083333333,14.475,15.483333333,15.783333333,15.8,15.24,14.256666667,15.425,15.48,15.3,16.015
