name,machine_type,trace,-10,-9,-8,-7,-6,-5,-4,-3,-2,-1,0,1,2,3
m273,cpu,utilization,27.1,27.433333333,27.25,27.2,26.766666667,27.046666667,27.1,24.14,24.75,26.74,27.453333333,27.5,27.04,26.9
