name,machine_type,trace,-10,-9,-8,-7,-6,-5,-4,-3,-2,-1,0,1,2,3
m111,cpu,utilization,31.538333333,32.0,31.143333333,30.731666667,31.906666667,31.64,31.95,32.181666667,31.36,32.25,32.113333333,31.668333333,31.986666667,31.5
