name,machine_type,trace,-10,-9,-8,-7,-6,-5,-4,-3,-2,-1,0,1,2,3
m274,cpu,utilization,24.35,25.06,25.673333333,25.19,25.045,25.013333333,25.25,25.56,25.633333333,25.675,25.108333333,24.908333333,25.085,24.9
