name,machine_type,trace,-10,-9,-8,-7,-6,-5,-4,-3,-2,-1,0,1,2,3
m262,cpu,utilization,21.763333333,23.46,26.14,15.675,18.593333333,19.19,23.566666667,15.84,7.075,20.5,12.158333333,15.68,18.731666667,21.553333333
m282,cpu,utilization,20.935,22.99,25.586666667,14.25,18.986666667,20.581666667,23.38,15.333333333,11.475,21.54,12.976666667,14.78,17.253333333,19.593333333
