name,machine_type,trace,-10,-9,-8,-7,-6,-5,-4,-3,-2,-1,0,1,2,3
m115,cpu,utilization,18.413333333,18.4,18.485,18.67,22.616666667,19.248333333,18.43,18.4,18.4,18.4,18.4,18.491666667,18.408333333,18.4
