name,machine_type,trace,-10,-9,-8,-7,-6,-5,-4,-3,-2,-1,0,1,2,3
m409,cpu,utilization,20.5,20.713333333,20.791666667,20.783333333,20.123333333,20.0,20.2,20.5,20.8,21.645,22.253333333,21.656666667,20.36,20.516666667
