name,machine_type,trace,-10,-9,-8,-7,-6,-5,-4,-3,-2,-1,0,1,2,3
m211,cpu,utilization,29.496666667,30.65,30.29,28.12,27.6,26.933333333,27.12,27.2,27.126666667,27.028333333,27.0,25.425,22.7,21.386666667
m331,cpu,utilization,27.118333333,27.266666667,27.3,27.3,27.383333333,28.4,27.96,27.34,27.346666667,23.1,21.4,21.4,21.546666667,21.453333333
m245,cpu,utilization,57.331666667,56.8,53.91,53.4,56.233333333,57.633333333,57.16,57.0,57.0,58.075,58.5,58.65,56.866666667,56.126666667
m391,cpu,utilization,14.856666667,14.6,16.215,15.46,15.366666667,16.066666667,16.2,15.126666667,14.653333333,15.316666667,15.098333333,15.8,15.22,14.46
m273,cpu,utilization,15.42,15.2,15.795,15.58,15.5,16.333333333,15.7,15.423333333,15.4,15.543333333,15.528333333,16.025,15.393333333,15.173333333
m401,cpu,utilization,15.711666667,15.483333333,15.5,15.9,15.833333333,17.216666667,11.5,13.756666667,15.12,16.203333333,16.6,17.725,16.193333333,15.573333333
m401,cpu,utilization,15.711666667,15.483333333,15.5,15.9,15.833333333,17.216666667,11.5,13.756666667,15.12,16.203333333,16.6,17.725,16.193333333,15.573333333
m222,cpu,utilization,32.855,32.8,32.205,32.02,32.416666667,33.416666667,32.48,32.123333333,32.173333333,32.056666667,32.0,33.275,32.526666667,32.173333333
