name,machine_type,trace,-10,-9,-8,-7,-6,-5,-4,-3,-2,-1,0,1,2,3
m325,cpu,utilization,16.873333333,19.466666667,24.24,16.66,15.8,16.9,17.166666667,17.503333333,16.135,15.9,16.966666667,21.35,16.508333333,16.295
