name,machine_type,trace,-10,-9,-8,-7,-6,-5,-4,-3,-2,-1,0,1,2,3
m41,cpu,utilization,25.0,25.0,25.075,25.1,25.025,25.078333333,25.1,25.176666667,25.126666667,25.1,25.1,25.1,25.1,25.028333333
