name,machine_type,trace,-10,-9,-8,-7,-6,-5,-4,-3,-2,-1,0,1,2,3
m411,cpu,utilization,5.14,4.9,4.9,4.9433333333,5.0,4.9566666667,4.94,5.0,4.9566666667,4.9483333333,4.9466666667,4.9,4.9516666667,4.9516666667
