name,machine_type,trace,-10,-9,-8,-7,-6,-5,-4,-3,-2,-1,0,1,2,3
m194,cpu,utilization,24.366666667,23.085,24.69,24.9,20.91,25.0,21.105,22.563333333,22.563333333,21.2,19.68,17.795,25.7,25.7
m162,cpu,utilization,24.493333333,23.38,21.13,21.083333333,18.82,15.2,16.72,17.1125,17.1125,22.1,22.1,23.715,24.0,24.676666667
m349,cpu,utilization,59.1,58.505,55.61,56.858333333,52.06,47.4,47.875,56.605833333,56.605833333,58.5,58.025,55.435,60.0,57.003333333
m147,cpu,utilization,29.553333333,27.8,27.77,26.791666667,22.805,22.2,23.435,25.614166667,25.614166667,24.8,26.605,28.315,28.4,29.463333333
