name,machine_type,trace,-10,-9,-8,-7,-6,-5,-4,-3,-2,-1,0,1,2,3
m137,cpu,utilization,5.62,5.7316666667,5.3,5.3,5.3,5.3566666667,5.5,5.47,5.4,5.4,5.7,5.9333333333,5.3,5.3
m144,cpu,utilization,10.81,10.77,10.4,10.61,11.033333333,11.156666667,11.268333333,10.96,10.4,10.7,11.266666667,10.78,10.4,10.4
