name,machine_type,trace,-10,-9,-8,-7,-6,-5,-4,-3,-2,-1,0,1,2,3
m237,cpu,utilization,18.9,18.943333333,19.1,19.046666667,18.946666667,19.081666667,19.0,19.0,18.9,18.6,18.571666667,18.5,18.5,18.616666667
