name,machine_type,trace,-10,-9,-8,-7,-6,-5,-4,-3,-2,-1,0,1,2,3
m175,cpu,utilization,33.673333333,33.713333333,34.85,34.915,33.333333333,33.6,34.131666667,33.733333333,32.745,32.8,32.883333333,32.731666667,32.3,32.3
