name,machine_type,trace,-10,-9,-8,-7,-6,-5,-4,-3,-2,-1,0,1,2,3
m37,cpu,utilization,21.31,21.953333333,21.335,22.033333333,21.26,21.2,21.691666667,21.8525,21.8525,21.903333333,21.223333333,21.003333333,22.4,21.143333333
