name,machine_type,trace,-10,-9,-8,-7,-6,-5,-4,-3,-2,-1,0,1,2,3
m9,cpu,utilization,15.966666667,16.0,16.666666667,15.846666667,16.6,16.7,16.7,16.353333333,16.211666667,16.465,4.855,14.018333333,15.5,16.18
