name,machine_type,trace,-10,-9,-8,-7,-6,-5,-4,-3,-2,-1,0,1,2,3
m112,cpu,utilization,17.2,17.2,16.95,16.726666667,16.7,16.975,16.911666667,16.9,16.635,16.6,16.77,17.153333333,17.2,17.115
