name,machine_type,trace,-10,-9,-8,-7,-6,-5,-4,-3,-2,-1,0,1,2,3
m221,cpu,utilization,16.846666667,16.8,16.525,16.68,16.15,17.27,15.926666667,15.033333333,16.58,16.75,16.7,17.465,16.375,16.1
