name,machine_type,trace,-10,-9,-8,-7,-6,-5,-4,-3,-2,-1,0,1,2,3
m192,cpu,utilization,19.685,20.215,20.0,19.93,19.075,17.653333333,18.9,18.926666667,19.213333333,20.173333333,21.106666667,20.8,20.8,20.763333333
m401,cpu,utilization,34.585,34.945,34.6,34.893333333,32.25,30.3,31.98,37.313333333,39.493333333,34.586666667,34.0,34.043333333,34.26,34.445
