name,machine_type,trace,-10,-9,-8,-7,-6,-5,-4,-3,-2,-1,0,1,2,3
m125,cpu,utilization,13.88,13.8,14.04,14.33,14.4,14.4,13.9,13.8,13.2,13.77,14.1,14.163333333,13.891666667,14.08
