name,machine_type,trace,-10,-9,-8,-7,-6,-5,-4,-3,-2,-1,0,1,2,3
m388,cpu,utilization,30.2,28.993333333,28.9,29.073333333,28.92,28.9,28.808333333,28.891666667,28.805,28.8,28.8,28.901666667,28.901666667,28.803333333
