name,machine_type,trace,-10,-9,-8,-7,-6,-5,-4,-3,-2,-1,0,1,2,3
m349,cpu,utilization,28.833333333,29.271666667,30.566666667,29.326666667,30.72,29.25,30.071666667,30.2,30.641666667,28.756666667,29.01,28.57,29.383333333,29.075
