name,machine_type,trace,-10,-9,-8,-7,-6,-5,-4,-3,-2,-1,0,1,2,3
m137,cpu,utilization,8.3,8.3,8.3716666667,8.4,8.3316666667,8.3716666667,8.3266666667,8.4466666667,8.35,8.3,8.3816666667,8.4,8.4,8.3116666667
