name,machine_type,trace,-10,-9,-8,-7,-6,-5,-4,-3,-2,-1,0,1,2,3
m54,cpu,utilization,32.1,29.76,29.408333333,33.32,32.275,34.44,34.26,34.2,33.051666667,32.9,33.783333333,31.25,33.025,32.665
