name,machine_type,trace,-10,-9,-8,-7,-6,-5,-4,-3,-2,-1,0,1,2,3
m411,cpu,utilization,17.3,17.66,15.741666667,16.008333333,18.716666667,18.723333333,17.725,15.786666667,16.053333333,17.706666667,16.826666667,14.295,14.006666667,15.9
m333,cpu,utilization,13.353333333,13.26,13.333333333,13.5,13.33,13.37,13.5,13.216666667,13.0,13.0,13.0,13.135,13.3,13.35
