name,machine_type,trace,-10,-9,-8,-7,-6,-5,-4,-3,-2,-1,0,1,2,3
m111,cpu,utilization,26.33,25.953333333,26.24,26.7,26.536666667,26.023333333,26.275,26.8,26.72,26.313333333,26.2,26.9,25.75,25.9
