name,machine_type,trace,-10,-9,-8,-7,-6,-5,-4,-3,-2,-1,0,1,2,3
m215,cpu,utilization,13.383333333,12.37,11.34,13.273333333,12.465,11.77,10.98,12.153333333,13.483333333,11.16,12.425,14.653333333,10.366666667,10.01
