name,machine_type,trace,-10,-9,-8,-7,-6,-5,-4,-3,-2,-1,0,1,2,3
m192,cpu,utilization,20.3,21.44,19.816666667,18.783333333,17.6,17.616666667,19.78,18.28,19.183333333,20.2,20.86,20.266666667,20.268333333,20.24
