name,machine_type,trace,-10,-9,-8,-7,-6,-5,-4,-3,-2,-1,0,1,2,3
m302,cpu,utilization,2.61,2.7,2.685,2.615,2.7,2.68,2.6166666667,2.7,2.6866666667,2.62,2.8,2.7833333333,2.615,2.9
