name,machine_type,trace,-10,-9,-8,-7,-6,-5,-4,-3,-2,-1,0,1,2,3
m194,cpu,utilization,4.9066666667,4.8,4.8,4.8133333333,5.0,4.99,4.8166666667,5.0066666667,5.1,5.0833333333,4.9083333333,5.09,6.2408333333,6.2408333333
m102,cpu,utilization,8.0166666667,7.9783333333,6.71,6.9,6.89,6.705,6.8,6.7933333333,6.7,6.7,6.7,6.705,6.8,6.8
