name,machine_type,trace,-10,-9,-8,-7,-6,-5,-4,-3,-2,-1,0,1,2,3
m196,cpu,utilization,18.9,18.943333333,19.0,18.9,18.893333333,19.0,18.951666667,18.9,18.9,18.9,18.856666667,18.88,19.0,18.93
