name,machine_type,trace,-10,-9,-8,-7,-6,-5,-4,-3,-2,-1,0,1,2,3
m394,cpu,utilization,26.93,26.586666667,28.0,27.981666667,27.853333333,27.7,27.746666667,27.875,27.8,27.93,28.291666667,27.9,28.013333333,28.22
