name,machine_type,trace,-10,-9,-8,-7,-6,-5,-4,-3,-2,-1,0,1,2,3
m23,cpu,utilization,81.666666667,69.338333333,48.95,48.35,69.4,83.406666667,82.885,82.3,81.31,81.791666667,61.65,37.26,60.466666667,83.1
