name,machine_type,trace,-10,-9,-8,-7,-6,-5,-4,-3,-2,-1,0,1,2,3
m266,cpu,utilization,11.23,11.365,9.06,7.865,7.77,8.65,10.68,11.168333333,11.85,13.533333333,15.62,16.433333333,15.165,12.536666667
