name,machine_type,trace,-10,-9,-8,-7,-6,-5,-4,-3,-2,-1,0,1,2,3
m65,cpu,utilization,30.113333333,29.558333333,29.5,30.206666667,29.841666667,29.8,29.891666667,29.811666667,29.8,30.07,29.753333333,29.7,30.141666667,30.111666667
