name,machine_type,trace,-10,-9,-8,-7,-6,-5,-4,-3,-2,-1,0,1,2,3
m339,cpu,utilization,30.275,27.945,30.46,24.14,25.926666667,30.124166667,30.124166667,30.801666667,30.801666667,32.130833333,32.130833333,24.6,30.69,31.383333333
