name,machine_type,trace,-10,-9,-8,-7,-6,-5,-4,-3,-2,-1,0,1,2,3
m25,cpu,utilization,24.6,24.56,23.97,23.7,23.758333333,24.435,24.7,24.658333333,24.2,24.16,23.906666667,24.63,24.77,24.581666667
