name,machine_type,trace,-10,-9,-8,-7,-6,-5,-4,-3,-2,-1,0,1,2,3
m155,cpu,utilization,19.31,14.233333333,11.145,15.3,17.13,16.9,17.308333333,17.435,17.3,17.3,17.3,17.3,17.3,18.556666667
