name,machine_type,trace,-10,-9,-8,-7,-6,-5,-4,-3,-2,-1,0,1,2,3
m221,cpu,utilization,7.6,7.48,6.505,7.2466666667,6.56,8.1666666667,6.3333333333,6.6583333333,6.2866666667,7.5066666667,7.55,6.165,7.3,5.9
