name,machine_type,trace,-10,-9,-8,-7,-6,-5,-4,-3,-2,-1,0,1,2,3
m140,cpu,utilization,82.73,48.96,40.253333333,39.513333333,39.5,80.846666667,82.586666667,83.26,83.3,83.941666667,82.955,82.401666667,57.335833333,57.335833333
