name,machine_type,trace,-10,-9,-8,-7,-6,-5,-4,-3,-2,-1,0,1,2,3
m415,cpu,utilization,27.2,25.76,24.893333333,24.8,25.32,25.485,24.75,25.853333333,26.05,26.143333333,27.43,26.2,26.101666667,26.785
