name,machine_type,trace,-10,-9,-8,-7,-6,-5,-4,-3,-2,-1,0,1,2,3
m406,cpu,utilization,22.54,22.456666667,22.6,22.565,22.5,22.5,22.543333333,22.086666667,21.603333333,21.7,21.845,22.568333333,23.1,22.858333333
