name,machine_type,trace,-10,-9,-8,-7,-6,-5,-4,-3,-2,-1,0,1,2,3
m170,cpu,utilization,2.7583333333,2.745,2.8,2.8483333333,2.9,2.9,2.845,2.8,2.8,2.855,2.7933333333,2.7,2.81,2.845
