name,machine_type,trace,-10,-9,-8,-7,-6,-5,-4,-3,-2,-1,0,1,2,3
m168,cpu,utilization,23.7,24.826666667,25.081666667,25.1,25.1,25.181666667,25.2,25.2,25.2,25.123333333,25.246666667,25.3,21.286666667,19.7
m168,cpu,utilization,23.7,24.826666667,25.081666667,25.1,25.1,25.181666667,25.2,25.2,25.2,25.123333333,25.246666667,25.3,21.286666667,19.7
