name,machine_type,trace,-10,-9,-8,-7,-6,-5,-4,-3,-2,-1,0,1,2,3
m263,cpu,utilization,0.22833333333,0.27666666667,0.2,0.2,0.2,0.2,0.22,0.3,0.3,0.27833333333,0.2,0.2,0.2,0.2
