name,machine_type,trace,-10,-9,-8,-7,-6,-5,-4,-3,-2,-1,0,1,2,3
m222,cpu,utilization,7.9933333333,9.12,7.3333333333,7.82,9.62,11.866666667,11.6,11.6,11.6,11.44,10.463333333,10.366666667,11.5,11.538333333
m168,cpu,utilization,10.393333333,21.47,11.966666667,18.685,20.02,19.066666667,26.431666667,26.5,25.18,24.34,26.586666667,22.886666667,22.1,27.518333333
m196,cpu,utilization,17.62,27.03,24.133333333,17.675,17.4,24.5,25.833333333,31.593333333,32.356666667,32.6,32.3,32.256666667,32.16,32.1
m335,cpu,utilization,31.486666667,36.28,36.2,34.955,37.51,50.366666667,48.38,48.18,52.693333333,49.3,46.343333333,48.09,50.42,50.6
