name,machine_type,trace,-10,-9,-8,-7,-6,-5,-4,-3,-2,-1,0,1,2,3
m182,cpu,utilization,9.715,9.8,9.8633333333,9.9,9.9,9.825,9.8,9.8,10.025,10.1,9.7866666667,9.94,10.0,9.5666666667
