name,machine_type,trace,-10,-9,-8,-7,-6,-5,-4,-3,-2,-1,0,1,2,3
m221,cpu,utilization,20.805,23.226666667,24.133333333,24.465,21.2,20.9,20.9,17.985,20.46,20.991666667,21.0,21.085,20.855,20.8
