name,machine_type,trace,-10,-9,-8,-7,-6,-5,-4,-3,-2,-1,0,1,2,3
m117,cpu,utilization,0.3,0.3,0.31666666667,0.48,0.3,0.3,0.3,0.3,0.3,0.3,0.20166666667,0.2,0.39666666667,0.3
