name,machine_type,trace,-10,-9,-8,-7,-6,-5,-4,-3,-2,-1,0,1,2,3
m362,cpu,utilization,22.616666667,19.345,26.07,22.006666667,19.185,17.31,17.31,22.221666667,19.546666667,16.02,13.62,14.545,8.7033333333,13.81
