name,machine_type,trace,-10,-9,-8,-7,-6,-5,-4,-3,-2,-1,0,1,2,3
m121,cpu,utilization,24.308333333,19.15,13.89,23.64,24.243333333,24.5,22.965,24.4,29.24,21.273333333,25.205,21.036666667,24.905,17.451666667
