name,machine_type,trace,-10,-9,-8,-7,-6,-5,-4,-3,-2,-1,0,1,2,3
m333,cpu,utilization,18.553333333,16.775,18.813333333,20.4,20.865,21.135,21.0,21.0,21.103333333,19.12,17.348333333,18.05,19.888333333,21.0
