name,machine_type,trace,-10,-9,-8,-7,-6,-5,-4,-3,-2,-1,0,1,2,3
m254,cpu,utilization,48.6,48.7,49.388333333,48.373333333,48.3,48.47,47.25,47.916666667,48.1,47.658333333,40.04,39.2,38.75,38.7
