name,machine_type,trace,-10,-9,-8,-7,-6,-5,-4,-3,-2,-1,0,1,2,3
m317,cpu,utilization,27.233333333,25.246666667,25.246666667,28.0,27.901666667,27.9,27.896666667,27.713333333,28.1,28.075,27.64,28.2,28.175,27.86
