name,machine_type,trace,-10,-9,-8,-7,-6,-5,-4,-3,-2,-1,0,1,2,3
m256,cpu,utilization,2.0,1.2816666667,2.5,2.08,1.5116666667,2.01,1.1,1.3933333333,2.2066666667,2.6,2.4,2.505,1.9666666667,0.99333333333
