name,machine_type,trace,-10,-9,-8,-7,-6,-5,-4,-3,-2,-1,0,1,2,3
m1,cpu,utilization,16.908333333,16.995,16.9,16.9,16.9,16.8,16.8,16.99,16.906666667,16.9,16.99,16.826666667,16.8,16.886666667
