name,machine_type,trace,-10,-9,-8,-7,-6,-5,-4,-3,-2,-1,0,1,2,3
m349,cpu,utilization,23.183333333,24.1,24.333333333,25.9,24.483333333,23.331666667,21.6,23.795,26.133333333,23.8,23.575,22.833333333,25.5,25.651666667
