name,machine_type,trace,-10,-9,-8,-7,-6,-5,-4,-3,-2,-1,0,1,2,3
m143,cpu,utilization,34.26,35.02,34.84,34.7,34.98,33.81,34.18,34.5,35.048333333,34.74,34.6,34.306666667,34.271666667,30.633333333
