name,machine_type,trace,-10,-9,-8,-7,-6,-5,-4,-3,-2,-1,0,1,2,3
m185,cpu,utilization,12.9,13.08,13.066666667,12.945,13.1,13.1,13.186666667,13.3,10.38,8.3833333333,12.5,13.8,15.52,14.0
m223,cpu,utilization,15.3,15.255,15.2,15.2,15.246666667,15.3,15.3,15.223333333,15.18,15.3,15.266666667,15.166666667,15.1,15.138333333
