name,machine_type,trace,-10,-9,-8,-7,-6,-5,-4,-3,-2,-1,0,1,2,3
m253,cpu,utilization,18.8,18.8,18.896666667,18.62,18.6,18.503333333,17.473333333,18.48,18.423333333,18.4,18.64,18.393333333,18.6,18.7
