name,machine_type,trace,-10,-9,-8,-7,-6,-5,-4,-3,-2,-1,0,1,2,3
m212,cpu,utilization,8.3,8.44,8.5416666667,8.2,8.36,8.7766666667,8.7,8.645,8.22,7.5,7.62,8.39,8.9,7.715
