name,machine_type,trace,-10,-9,-8,-7,-6,-5,-4,-3,-2,-1,0,1,2,3
m65,cpu,utilization,34.4,34.4,34.4,34.4,34.253333333,33.5,34.52,34.6,34.563333333,34.4,34.436666667,34.516666667,34.1,34.12
m38,cpu,utilization,43.7,43.733333333,44.06,43.5,43.54,43.833333333,43.48,42.006666667,44.0,44.043333333,44.145,43.9,43.915,43.99
