name,machine_type,trace,-10,-9,-8,-7,-6,-5,-4,-3,-2,-1,0,1,2,3
m333,cpu,utilization,77.166666667,77.5,78.145,76.225,76.988333333,76.93,78.0,78.3,77.716666667,76.933333333,76.8,77.04,76.22,76.16
