name,machine_type,trace,-10,-9,-8,-7,-6,-5,-4,-3,-2,-1,0,1,2,3
m385,cpu,utilization,26.4,26.433333333,26.513333333,26.2,26.2,26.3,26.55,26.4,26.4,26.386666667,26.288333333,26.2,26.18,26.02
