name,machine_type,trace,-10,-9,-8,-7,-6,-5,-4,-3,-2,-1,0,1,2,3
m212,cpu,utilization,18.06,18.1,11.753333333,17.646666667,15.63,16.9,17.676666667,16.655,17.74,14.57,17.535,11.416666667,17.69,13.965
