name,machine_type,trace,-10,-9,-8,-7,-6,-5,-4,-3,-2,-1,0,1,2,3
m350,cpu,utilization,28.218333333,28.3,28.353333333,28.61,28.088333333,28.07,28.565,28.3,28.25,27.881666667,28.465,28.001666667,26.141666667,21.4
