name,machine_type,trace,-10,-9,-8,-7,-6,-5,-4,-3,-2,-1,0,1,2,3
m275,cpu,utilization,27.025,26.31,27.776666667,26.94,26.39,26.37,26.481666667,25.7,27.215,27.386666667,27.15,23.425,25.536666667,28.52
