name,machine_type,trace,-10,-9,-8,-7,-6,-5,-4,-3,-2,-1,0,1,2,3
m14,cpu,utilization,40.226666667,40.22,40.1,37.52,34.216666667,35.073333333,36.033333333,36.0,36.0,36.253333333,36.4,36.273333333,36.2,35.98
