name,machine_type,trace,-10,-9,-8,-7,-6,-5,-4,-3,-2,-1,0,1,2,3
m394,cpu,utilization,24.03,24.286666667,24.1,24.116666667,24.27,24.0,24.066666667,24.48,24.3,24.33,24.453333333,24.1,24.203333333,24.203333333
