name,machine_type,trace,-10,-9,-8,-7,-6,-5,-4,-3,-2,-1,0,1,2,3
m2,cpu,utilization,8.1466666667,8.3,8.0333333333,8.11,8.2,8.0666666667,8.1366666667,8.2,8.2,8.1266666667,8.1,8.1,8.1,8.1
