name,machine_type,trace,-10,-9,-8,-7,-6,-5,-4,-3,-2,-1,0,1,2,3
m116,cpu,utilization,25.153333333,26.563333333,26.025,26.8,28.406666667,27.45,27.2,28.46,26.645,26.3,26.383333333,27.34,28.4,27.75
m350,cpu,utilization,28.233333333,28.5,29.025,28.0,24.515,30.466666667,32.233333333,29.24,25.925,29.483333333,30.05,30.0,28.4,26.215
