name,machine_type,trace,-10,-9,-8,-7,-6,-5,-4,-3,-2,-1,0,1,2,3
m22,cpu,utilization,20.4,21.245,20.14,19.3,15.4,13.3,17.468333333,19.78,20.0,19.58,19.4,19.4,19.333333333,19.366666667
