name,machine_type,trace,-10,-9,-8,-7,-6,-5,-4,-3,-2,-1,0,1,2,3
m387,cpu,utilization,3.1,3.1,3.015,3.0,2.8333333333,2.97,3.0,3.0,3.0,3.0,3.0,3.0,3.0,2.8533333333
m226,cpu,utilization,0.39333333333,0.75333333333,0.8,0.46,0.4,0.4,0.485,0.42,0.4,0.4,0.4,0.4,0.625,0.7
