name,machine_type,trace,-10,-9,-8,-7,-6,-5,-4,-3,-2,-1,0,1,2,3
m13,cpu,utilization,19.2,19.2,19.2,19.2,19.2,19.2,19.2,19.485,19.5,19.126666667,19.38,21.543333333,32.8,44.35
m82,cpu,utilization,14.706666667,15.091666667,17.02,14.49,15.178333333,15.178333333,13.4,15.11,15.475,14.473333333,14.4,22.71,47.143333333,48.163333333
