name,machine_type,trace,-10,-9,-8,-7,-6,-5,-4,-3,-2,-1,0,1,2,3
m397,cpu,utilization,17.516666667,23.61,23.195,22.116666667,20.851666667,20.7,20.006666667,21.43,21.7,21.24,21.325,15.211666667,16.358333333,16.836666667
