name,machine_type,trace,-10,-9,-8,-7,-6,-5,-4,-3,-2,-1,0,1,2,3
m199,cpu,utilization,39.94,39.6,39.235,38.945,39.88,40.1,40.1,40.015,40.16,40.44,40.34,39.401666667,39.806666667,40.53
