name,machine_type,trace,-10,-9,-8,-7,-6,-5,-4,-3,-2,-1,0,1,2,3
m415,cpu,utilization,32.12,32.093333333,32.493333333,32.31,31.473333333,32.1,32.5,32.003333333,31.385,31.058333333,32.28,32.98,32.7,32.331666667
