name,machine_type,trace,-10,-9,-8,-7,-6,-5,-4,-3,-2,-1,0,1,2,3
m109,cpu,utilization,31.96,32.075,32.72,32.18,31.68,31.9,32.533333333,32.715,31.4,31.053333333,31.26,31.98,32.02,33.2
