name,machine_type,trace,-10,-9,-8,-7,-6,-5,-4,-3,-2,-1,0,1,2,3
m172,cpu,utilization,20.885,21.06,20.98,20.266666667,20.583333333,20.9,20.9,20.965,20.933333333,22.395,21.49,24.766666667,22.846666667,20.5
