name,machine_type,trace,-10,-9,-8,-7,-6,-5,-4,-3,-2,-1,0,1,2,3
m260,cpu,utilization,20.9,20.9,20.928333333,21.0,21.0,21.041666667,21.1,21.24,21.191666667,21.463333333,21.12,20.406666667,21.245,21.265
