name,machine_type,trace,-10,-9,-8,-7,-6,-5,-4,-3,-2,-1,0,1,2,3
m123,cpu,utilization,34.316666667,30.04,24.6,29.258333333,34.8,34.466666667,34.346666667,34.8,34.558333333,30.835,28.1,32.27,33.315,32.833333333
m409,cpu,utilization,39.573333333,38.62,36.5,37.466666667,39.8,39.716666667,39.383333333,38.92,38.555,38.4,38.483333333,37.835,35.865,36.641666667
m321,cpu,utilization,24.556666667,23.6,20.875,21.25,23.0,23.083333333,23.2,23.2,22.958333333,22.79,22.9,22.36,20.305,20.391666667
m36,cpu,utilization,29.7,29.3,28.7,29.2,29.9,29.941666667,29.696666667,29.3,29.3,29.12,29.15,29.05,27.96,28.05
