name,machine_type,trace,-10,-9,-8,-7,-6,-5,-4,-3,-2,-1,0,1,2,3
m31,cpu,utilization,14.59,15.35,14.953333333,15.5,15.811666667,16.133333333,15.2,15.256666667,15.258333333,14.9,14.98,15.26,15.085,14.57
