name,machine_type,trace,-10,-9,-8,-7,-6,-5,-4,-3,-2,-1,0,1,2,3
m369,cpu,utilization,16.77,16.07,16.0,16.84,16.703333333,16.7,16.7,15.92,15.8,15.8,16.9,17.0,17.283333333,16.6
