name,machine_type,trace,-10,-9,-8,-7,-6,-5,-4,-3,-2,-1,0,1,2,3
m11,cpu,utilization,18.733333333,18.4,18.4,18.566666667,18.8,18.591666667,18.3,17.8,17.36,17.88,18.1,18.38,18.758333333,18.655
