name,machine_type,trace,-10,-9,-8,-7,-6,-5,-4,-3,-2,-1,0,1,2,3
m183,cpu,utilization,7.6666666667,7.5,7.5,7.5466666667,7.86,7.6,9.0,8.94,7.8,7.8,7.8,7.8,7.86,8.925
