name,machine_type,trace,-10,-9,-8,-7,-6,-5,-4,-3,-2,-1,0,1,2,3
m264,cpu,utilization,7.34,7.21,5.9166666667,8.175,5.645,7.69,6.64,5.745,5.605,5.41,6.3333333333,5.735,5.985,6.855
