name,machine_type,trace,-10,-9,-8,-7,-6,-5,-4,-3,-2,-1,0,1,2,3
m297,cpu,utilization,27.615,27.87,27.9,27.9,27.803333333,27.898333333,28.185,28.02,28.0,28.0,28.09,28.1,28.1,28.1
