name,machine_type,trace,-10,-9,-8,-7,-6,-5,-4,-3,-2,-1,0,1,2,3
m315,cpu,utilization,17.883333333,17.723333333,17.908333333,17.9,17.055,18.1,18.1,17.653333333,11.773333333,17.0,17.05,17.98,17.7,17.726666667
m335,cpu,utilization,21.3,21.335,21.608333333,21.71,21.805,21.846666667,20.32,21.426666667,20.473333333,21.5,21.49,21.3,21.26,20.193333333
m14,cpu,utilization,19.066666667,20.9,20.841666667,20.2,20.185,19.9,19.901666667,20.0,20.013333333,20.166666667,19.225,19.653333333,19.026666667,19.793333333
m416,cpu,utilization,5.2,5.2,5.4166666667,7.64,6.15,5.2033333333,5.3,5.3066666667,5.3866666667,5.2,5.205,5.2933333333,5.2,5.32
