name,machine_type,trace,-10,-9,-8,-7,-6,-5,-4,-3,-2,-1,0,1,2,3
m164,cpu,utilization,24.81,24.795,24.795,25.456666667,24.88,24.5,24.758333333,24.758333333,24.5,24.789166667,24.789166667,24.6,24.4,25.088333333
