name,machine_type,trace,-10,-9,-8,-7,-6,-5,-4,-3,-2,-1,0,1,2,3
m217,cpu,utilization,18.5,18.196666667,17.275,17.715,17.658333333,18.0,18.158333333,18.188333333,17.563333333,16.64,12.18,17.7,17.7,17.7
