name,machine_type,trace,-10,-9,-8,-7,-6,-5,-4,-3,-2,-1,0,1,2,3
m1,cpu,utilization,31.706666667,30.85,30.82,31.1,31.325,31.866666667,31.435,31.183333333,31.205,31.81,31.9,31.833333333,31.52,31.6
m164,cpu,utilization,31.52,28.425,17.85,23.88,31.825,31.98,32.2,32.2,32.065,31.3,31.486666667,31.366666667,23.72,22.573333333
m381,cpu,utilization,25.093333333,23.825,24.14,24.72,25.95,23.7,23.613333333,23.5,24.425,24.0,24.053333333,24.316666667,24.46,26.331666667
m399,cpu,utilization,37.2,35.0,38.24,38.446666667,39.15,38.213333333,37.83,38.266666667,38.22,38.87,38.72,39.35,38.68,36.855
m376,cpu,utilization,33.766666667,37.2,45.39,42.666666667,36.525,39.793333333,33.203333333,35.333333333,40.305,38.57,32.993333333,35.733333333,43.88,33.605
m109,cpu,utilization,29.4,29.35,27.94,24.173333333,21.425,19.493333333,17.558333333,15.883333333,17.615,20.0,25.4,25.483333333,26.4,28.53
m16,cpu,utilization,27.713333333,28.3,28.24,27.86,27.2,27.306666667,27.535,27.3,26.325,21.48,27.6,27.7,28.2,28.07
m349,cpu,utilization,26.68,26.7,26.55,27.6,27.325,26.58,26.561666667,25.883333333,26.755,26.54,26.9,26.783333333,26.32,26.735
