name,machine_type,trace,-10,-9,-8,-7,-6,-5,-4,-3,-2,-1,0,1,2,3
m170,cpu,utilization,19.013333333,19.0,18.566666667,18.916666667,19.163333333,19.121666667,19.1,19.1,19.1,19.1,19.1,19.178333333,19.2,19.2
