name,machine_type,trace,-10,-9,-8,-7,-6,-5,-4,-3,-2,-1,0,1,2,3
m325,cpu,utilization,25.0,24.956666667,25.14,25.3,25.32,25.8,25.186666667,24.28,24.4,24.84,25.6,25.21,24.78,25.7
