name,machine_type,trace,-10,-9,-8,-7,-6,-5,-4,-3,-2,-1,0,1,2,3
m348,cpu,utilization,29.383333333,29.215,33.7,30.996666667,30.0,29.57,29.68,29.8,29.585,29.431666667,29.4,29.266666667,32.496666667,37.266666667
