name,machine_type,trace,-10,-9,-8,-7,-6,-5,-4,-3,-2,-1,0,1,2,3
m305,cpu,utilization,13.001666667,16.2,16.135,16.17,16.2,9.2983333333,12.833333333,16.2,16.2,16.2,11.066666667,6.75,12.63,16.333333333
