name,machine_type,trace,-10,-9,-8,-7,-6,-5,-4,-3,-2,-1,0,1,2,3
m305,cpu,utilization,21.566666667,28.556666667,20.235,20.235,19.606666667,19.796666667,19.765,21.253333333,24.676666667,21.006666667,19.71,19.795,19.708333333,19.883333333
m354,cpu,utilization,22.185,25.096666667,24.02,24.02,20.165,20.09,19.805,20.433333333,27.636666667,20.013333333,20.2,20.185,19.891666667,19.8
m348,cpu,utilization,19.748333333,28.3,21.229166667,21.229166667,20.291666667,20.29,19.99,20.3,27.046666667,19.72,20.0,19.995,19.9,19.9
