name,machine_type,trace,-10,-9,-8,-7,-6,-5,-4,-3,-2,-1,0,1,2,3
m395,cpu,utilization,16.3,16.3,16.271666667,16.1,15.9,13.686666667,5.1,7.6,7.7166666667,9.515,16.4,16.38,16.215,16.550833333
