name,machine_type,trace,-10,-9,-8,-7,-6,-5,-4,-3,-2,-1,0,1,2,3
m319,cpu,utilization,17.376666667,17.416666667,17.16,16.61,16.73,17.55,17.031666667,17.223333333,17.666666667,17.306666667,17.248333333,16.74,16.1,16.73
