name,machine_type,trace,-10,-9,-8,-7,-6,-5,-4,-3,-2,-1,0,1,2,3
m193,cpu,utilization,13.58,13.5,13.44,13.4,13.585,13.576666667,13.5,13.373333333,13.236666667,13.2,13.666666667,13.69,13.275,13.1
