name,machine_type,trace,-10,-9,-8,-7,-6,-5,-4,-3,-2,-1,0,1,2,3
m410,cpu,utilization,8.0,6.2733333333,8.66,8.16,9.1933333333,7.56,6.32,6.62,7.31,6.42,6.18,7.65,5.0,9.5816666667
