name,machine_type,trace,-10,-9,-8,-7,-6,-5,-4,-3,-2,-1,0,1,2,3
m407,cpu,utilization,21.853333333,21.966666667,22.693333333,22.12,22.0,23.388333333,22.838333333,22.6,19.623333333,6.8933333333,3.6,3.6,3.7566666667,19.55
