name,machine_type,trace,-10,-9,-8,-7,-6,-5,-4,-3,-2,-1,0,1,2,3
m7,cpu,utilization,20.54,21.136666667,22.125,20.726666667,21.1,21.093333333,21.08,21.8,21.733333333,22.215,26.25,20.62,21.473333333,22.42
