name,machine_type,trace,-10,-9,-8,-7,-6,-5,-4,-3,-2,-1,0,1,2,3
m335,cpu,utilization,27.683333333,26.393333333,25.516666667,25.4,24.32,25.941666667,28.926666667,25.14,28.033333333,26.91,26.785,27.948333333,26.421666667,27.475
