name,machine_type,trace,-10,-9,-8,-7,-6,-5,-4,-3,-2,-1,0,1,2,3
m181,cpu,utilization,0.46,0.35833333333,0.3,0.38,0.5,0.54333333333,0.6,0.50333333333,0.445,0.5,0.455,0.49,0.6,0.51333333333
m142,cpu,utilization,0.4,0.4,0.44166666667,0.5,0.58333333333,0.57,0.445,0.5,0.635,0.675,0.5,0.545,0.55833333333,0.45666666667
m76,cpu,utilization,0.3,0.38333333333,0.41666666667,0.38,0.45833333333,0.4,0.4,0.4,0.4,0.44166666667,0.455,0.355,0.3,0.38666666667
m167,cpu,utilization,0.98,0.80833333333,0.60833333333,0.74,0.45833333333,0.4,0.49,0.50333333333,0.4,0.44166666667,0.455,0.4,0.4,0.4
