name,machine_type,trace,-10,-9,-8,-7,-6,-5,-4,-3,-2,-1,0,1,2,3
m58,cpu,utilization,35.245,35.0,34.013333333,33.083333333,35.06,31.456666667,29.526666667,31.88,32.016666667,34.48,30.9,31.5,35.125,34.206666667
