name,machine_type,trace,-10,-9,-8,-7,-6,-5,-4,-3,-2,-1,0,1,2,3
m263,cpu,utilization,35.523333333,31.4725,31.4725,21.003333333,26.02,29.56,28.18,27.205,28.27,28.57,30.013333333,32.761666667,35.71,30.02
