name,machine_type,trace,-10,-9,-8,-7,-6,-5,-4,-3,-2,-1,0,1,2,3
m380,cpu,utilization,28.931666667,29.366666667,29.6,29.156666667,27.94,26.28,27.88,29.116666667,30.066666667,30.503333333,29.88,29.25,27.726666667,26.991666667
m267,cpu,utilization,30.953333333,30.7,30.768333333,30.61,29.36,28.72,31.08,31.863333333,31.183333333,31.666666667,31.353333333,30.85,29.986666667,29.158333333
