name,machine_type,trace,-10,-9,-8,-7,-6,-5,-4,-3,-2,-1,0,1,2,3
m46,cpu,utilization,25.423333333,25.473333333,25.5,25.65,25.853333333,25.9,25.613333333,25.5,25.5,25.806666667,25.593333333,25.82,25.573333333,25.785
