name,machine_type,trace,-10,-9,-8,-7,-6,-5,-4,-3,-2,-1,0,1,2,3
m65,cpu,utilization,30.918333333,30.273333333,30.133333333,30.285,30.2,30.21,27.185,3.6,4.01,9.92,29.958333333,30.4,30.346666667,30.0
