name,machine_type,trace,-10,-9,-8,-7,-6,-5,-4,-3,-2,-1,0,1,2,3
m419,cpu,utilization,0.3,0.3,0.3,0.3,0.23166666667,0.26666666667,0.3,0.36666666667,0.4,0.4,0.47333333333,0.42666666667,0.4,0.61
