name,machine_type,trace,-10,-9,-8,-7,-6,-5,-4,-3,-2,-1,0,1,2,3
m365,cpu,utilization,11.85,10.158333333,10.026666667,12.795,10.34,11.84,11.493333333,10.32,9.265,12.52,11.01,9.6516666667,9.1333333333,9.0083333333
