name,machine_type,trace,-10,-9,-8,-7,-6,-5,-4,-3,-2,-1,0,1,2,3
m315,cpu,utilization,82.3,82.5,70.388333333,46.68,28.76,66.466666667,81.4,82.083333333,82.4,82.205,82.425,55.81,40.633333333,56.01
