name,machine_type,trace,-10,-9,-8,-7,-6,-5,-4,-3,-2,-1,0,1,2,3
m183,cpu,utilization,69.776666667,69.26,69.62,68.976666667,69.42,69.78,70.05,70.391666667,69.605,69.0,69.45,69.516666667,67.85,68.44
