name,machine_type,trace,-10,-9,-8,-7,-6,-5,-4,-3,-2,-1,0,1,2,3
m343,cpu,utilization,23.563333333,24.163333333,23.36,22.916666667,23.058333333,23.156666667,23.2,23.92,23.08,14.066666667,8.3383333333,11.275,12.12,15.08
