name,machine_type,trace,-10,-9,-8,-7,-6,-5,-4,-3,-2,-1,0,1,2,3
m30,cpu,utilization,19.9,19.41,19.3,19.555,20.183333333,18.576666667,18.253333333,19.98,22.123333333,21.55,22.006666667,22.65,22.8,22.67
