name,machine_type,trace,-10,-9,-8,-7,-6,-5,-4,-3,-2,-1,0,1,2,3
m46,cpu,utilization,25.516666667,25.5,25.666666667,25.7,26.33,26.4,25.605,26.28,25.693333333,25.6,25.6,25.688333333,26.406666667,25.055
