name,machine_type,trace,-10,-9,-8,-7,-6,-5,-4,-3,-2,-1,0,1,2,3
m204,cpu,utilization,20.9,20.78,20.753333333,21.046666667,20.5,20.71,21.636666667,22.7,22.375,21.243333333,20.8,20.915,20.926666667,20.925
m35,cpu,utilization,9.59,11.56,12.115,11.183333333,11.62,14.925,17.2,15.04,11.8,14.513333333,17.66,14.033333333,12.02,13.295
