name,machine_type,trace,-10,-9,-8,-7,-6,-5,-4,-3,-2,-1,0,1,2,3
m268,cpu,utilization,23.3,29.44,25.73,26.321666667,28.616666667,30.443333333,28.966666667,27.553333333,28.78,26.055,24.625,28.493333333,27.185,30.58
