name,machine_type,trace,-10,-9,-8,-7,-6,-5,-4,-3,-2,-1,0,1,2,3
m50,cpu,utilization,11.193333333,9.2,15.145,12.74,14.433333333,12.033333333,6.3666666667,15.683333333,11.78,5.92,7.415,11.116666667,18.6,14.6
