name,machine_type,trace,-10,-9,-8,-7,-6,-5,-4,-3,-2,-1,0,1,2,3
m397,cpu,utilization,31.8,31.91,32.033333333,31.935,32.316666667,32.841666667,32.466666667,32.84,33.145,32.3,32.82,33.746666667,33.486666667,31.133333333
