name,machine_type,trace,-10,-9,-8,-7,-6,-5,-4,-3,-2,-1,0,1,2,3
m331,cpu,utilization,14.303333333,13.38,12.6,13.278333333,13.636666667,13.6,13.661666667,13.433333333,13.3,13.78,14.1,13.513333333,13.0,13.36
