name,machine_type,trace,-10,-9,-8,-7,-6,-5,-4,-3,-2,-1,0,1,2,3
m82,cpu,utilization,33.821666667,26.78,32.886666667,35.5,34.56,35.216666667,35.72,34.2,35.106666667,35.233333333,33.875,33.445,34.93,34.69
m159,cpu,utilization,38.111666667,35.133333333,36.806666667,39.04,39.478333333,39.75,39.72,40.1,38.811666667,39.416666667,39.158333333,39.1,39.27,39.64
