name,machine_type,trace,-10,-9,-8,-7,-6,-5,-4,-3,-2,-1,0,1,2,3
m279,cpu,utilization,17.856666667,17.663333333,17.7,17.7,17.29,17.1,17.4,17.353333333,17.3,17.456666667,17.573333333,17.6,17.25,17.166666667
