name,machine_type,trace,-10,-9,-8,-7,-6,-5,-4,-3,-2,-1,0,1,2,3
m222,cpu,utilization,27.9,28.36,34.455,27.845,26.8,27.36,35.026666667,29.89,27.785,27.525,27.8,27.706666667,27.333333333,28.25
