name,machine_type,trace,-10,-9,-8,-7,-6,-5,-4,-3,-2,-1,0,1,2,3
m395,cpu,utilization,17.1,16.966666667,17.153333333,17.3,16.958333333,16.943333333,17.0,16.931666667,16.9,17.08,17.26,17.355,17.4,17.013333333
