name,machine_type,trace,-10,-9,-8,-7,-6,-5,-4,-3,-2,-1,0,1,2,3
m418,cpu,utilization,20.8,21.09,20.81,20.52,21.64,26.191666667,20.03,10.06,20.353333333,21.986666667,20.525,20.5,22.926666667,25.17
