name,machine_type,trace,-10,-9,-8,-7,-6,-5,-4,-3,-2,-1,0,1,2,3
m404,cpu,utilization,19.97,17.656666667,15.151666667,21.63,21.813333333,20.15,13.28,21.038333333,21.9,21.9,19.916666667,15.525,21.986666667,22.3
