name,machine_type,trace,-10,-9,-8,-7,-6,-5,-4,-3,-2,-1,0,1,2,3
m121,cpu,utilization,22.251666667,11.738333333,22.366666667,23.908333333,13.166666667,22.735,16.125,22.96,23.8,23.005,22.9,23.165,22.316666667,24.216666667
