name,machine_type,trace,-10,-9,-8,-7,-6,-5,-4,-3,-2,-1,0,1,2,3
m111,cpu,utilization,12.38,10.75,11.123333333,11.8,11.8,12.988333333,12.456666667,10.61,10.5,10.35,10.51,10.305,10.21,10.5
