name,machine_type,trace,-10,-9,-8,-7,-6,-5,-4,-3,-2,-1,0,1,2,3
m232,cpu,utilization,16.475,16.666666667,17.083333333,16.4,16.36,16.335,16.4,16.22,15.293333333,14.706666667,19.746666667,27.566666667,19.175,25.686666667
m39,cpu,utilization,33.3,35.246666667,38.225,33.135,33.2,33.34,33.566666667,33.5,33.436666667,37.195,42.266666667,28.2,17.45,33.5
