name,machine_type,trace,-10,-9,-8,-7,-6,-5,-4,-3,-2,-1,0,1,2,3
m419,cpu,utilization,19.8,19.783333333,19.64,19.08,18.07,19.6,19.746666667,20.4,20.233333333,19.483333333,19.82,19.63,20.1,19.936666667
