name,machine_type,trace,-10,-9,-8,-7,-6,-5,-4,-3,-2,-1,0,1,2,3
m342,cpu,utilization,8.03,7.7,6.2,3.02,1.7,2.105,2.6,4.5333333333,7.1633333333,7.585,7.2,7.47,8.3,8.1766666667
