name,machine_type,trace,-10,-9,-8,-7,-6,-5,-4,-3,-2,-1,0,1,2,3
m379,cpu,utilization,0.4,0.47833333333,0.5,0.33333333333,0.45666666667,0.41666666667,0.4,0.4,0.48,0.5,0.415,0.4,0.4,0.315
