name,machine_type,trace,-10,-9,-8,-7,-6,-5,-4,-3,-2,-1,0,1,2,3
m228,cpu,utilization,0.5,0.5,0.5,0.5,0.43333333333,0.33666666667,0.3,0.36666666667,1.1516666667,7.03,9.3266666667,9.3,9.6666666667,9.0483333333
m189,cpu,utilization,0.61666666667,0.8,0.59,0.435,0.4,0.4,0.465,0.5,2.2083333333,6.64,8.64,9.01,8.9533333333,7.875
