name,machine_type,trace,-10,-9,-8,-7,-6,-5,-4,-3,-2,-1,0,1,2,3
m117,cpu,utilization,20.301666667,18.95,18.536666667,19.4,19.963333333,20.7,20.12,19.593333333,20.176666667,20.6,19.98,19.29,19.0,19.426666667
