name,machine_type,trace,-10,-9,-8,-7,-6,-5,-4,-3,-2,-1,0,1,2,3
m171,cpu,utilization,29.6,29.6,29.6,29.866666667,29.99,29.9,29.85,29.485,29.1,29.333333333,29.766666667,30.0,30.043333333,29.755
