name,machine_type,trace,-10,-9,-8,-7,-6,-5,-4,-3,-2,-1,0,1,2,3
m88,cpu,utilization,16.206666667,14.25,17.453333333,17.6,17.536666667,17.4,17.463333333,17.6,17.52,17.273333333,17.2,17.2,17.26,17.4
