name,machine_type,trace,-10,-9,-8,-7,-6,-5,-4,-3,-2,-1,0,1,2,3
m341,cpu,utilization,34.8,34.853333333,35.213333333,35.3,35.3,35.28,34.9,34.99,35.73,35.2,35.065,34.333333333,34.77,36.216666667
