name,machine_type,trace,-10,-9,-8,-7,-6,-5,-4,-3,-2,-1,0,1,2,3
m128,cpu,utilization,31.413333333,30.28,29.925,30.35,30.5,31.306666667,31.19,31.0,35.615,31.266666667,28.9,30.188333333,30.463333333,30.256666667
