name,machine_type,trace,-10,-9,-8,-7,-6,-5,-4,-3,-2,-1,0,1,2,3
m406,cpu,utilization,27.31,27.3,28.578333333,27.026666667,28.74,27.4,27.053333333,25.683333333,26.791666667,26.791666667,27.4,28.27,28.85,26.966666667
