name,machine_type,trace,-10,-9,-8,-7,-6,-5,-4,-3,-2,-1,0,1,2,3
m302,cpu,utilization,17.3,17.605,17.605,17.8,17.308333333,17.3,17.3,17.59,19.933333333,17.06,17.086666667,16.805,16.8,16.895
