name,machine_type,trace,-10,-9,-8,-7,-6,-5,-4,-3,-2,-1,0,1,2,3
m305,cpu,utilization,24.845,25.14,25.2,25.11,25.1,24.913333333,25.086666667,22.393333333,19.4,19.396666667,24.2,24.78,17.295,16.9
m409,cpu,utilization,27.695,29.795,30.2,30.2,30.47,30.78,30.52,22.38,21.8,21.8,21.8,28.953333333,25.685,30.5
m0,cpu,utilization,25.9,24.625,25.7,26.62,24.72,25.34,25.213333333,24.173333333,24.38,25.875,27.6,23.926666667,24.37,26.3
m175,cpu,utilization,32.035,34.49,35.0,34.82,34.44,34.493333333,34.78,34.8,34.52,34.5,33.2,34.166666667,33.44,33.9
