name,machine_type,trace,-10,-9,-8,-7,-6,-5,-4,-3,-2,-1,0,1,2,3
m390,cpu,utilization,39.885,39.5,39.255,39.278333333,41.415,40.006666667,39.4,35.13,33.3,36.691666667,41.533333333,40.495,39.133333333,39.1
