name,machine_type,trace,-10,-9,-8,-7,-6,-5,-4,-3,-2,-1,0,1,2,3
m164,cpu,utilization,26.921666667,13.993333333,3.6,2.85,1.61,1.3516666667,1.11,12.98,24.1,21.7,22.32,24.85,26.058333333,25.8
