name,machine_type,trace,-10,-9,-8,-7,-6,-5,-4,-3,-2,-1,0,1,2,3
m161,cpu,utilization,32.92,32.503333333,32.923333333,33.7,33.616666667,33.345,34.26,34.9,33.966666667,33.285,34.25,33.966666667,33.266666667,33.226666667
