name,machine_type,trace,-10,-9,-8,-7,-6,-5,-4,-3,-2,-1,0,1,2,3
m12,cpu,utilization,2.9,2.8933333333,2.8,2.8016666667,2.8983333333,2.8,2.8516666667,2.8516666667,2.8016666667,2.8,2.99,2.8166666667,2.8,2.7958333333
