name,machine_type,trace,-10,-9,-8,-7,-6,-5,-4,-3,-2,-1,0,1,2,3
m77,cpu,utilization,0.29666666667,0.3,0.205,0.495,0.5,0.215,0.2,0.2,0.2,0.2,0.2,0.295,0.20833333333,0.2
