name,machine_type,trace,-10,-9,-8,-7,-6,-5,-4,-3,-2,-1,0,1,2,3
m199,cpu,utilization,15.633333333,15.941666667,16.38,16.06,15.746666667,15.7,16.366666667,16.5,16.166666667,15.7,15.436666667,15.4,15.783333333,15.593333333
