name,machine_type,trace,-10,-9,-8,-7,-6,-5,-4,-3,-2,-1,0,1,2,3
m74,cpu,utilization,0.4,0.4,0.4,0.44333333333,0.46,0.4,0.4,0.4,0.4,0.4,0.575,0.9,0.76,0.69166666667
