name,machine_type,trace,-10,-9,-8,-7,-6,-5,-4,-3,-2,-1,0,1,2,3
m380,cpu,utilization,24.2,22.766666667,22.66,27.875,23.925,23.5,24.7,24.5,23.9,23.87,23.856666667,24.48,25.6,26.075
