name,machine_type,trace,-10,-9,-8,-7,-6,-5,-4,-3,-2,-1,0,1,2,3
m170,cpu,utilization,21.0,22.573333333,21.828333333,19.138333333,21.0,21.2,21.96,20.535833333,20.535833333,15.726666667,21.106666667,0.99666666667,0.3,1.17
