name,machine_type,trace,-10,-9,-8,-7,-6,-5,-4,-3,-2,-1,0,1,2,3
m327,cpu,utilization,24.895,24.666666667,24.6,24.641666667,24.74,24.8,24.6,24.256666667,24.2,24.02,24.38,25.0,24.906666667,24.886666667
