name,machine_type,trace,-10,-9,-8,-7,-6,-5,-4,-3,-2,-1,0,1,2,3
m258,cpu,utilization,32.003333333,31.9,32.54,32.75,32.4,32.4,32.22,32.083333333,31.975,32.586666667,33.6,32.64,31.48,32.3
