name,machine_type,trace,-10,-9,-8,-7,-6,-5,-4,-3,-2,-1,0,1,2,3
m274,cpu,utilization,25.023333333,24.06,23.285,23.4,23.26,22.841666667,26.033333333,23.805,21.48,21.2,21.2,21.2,23.78,26.82
