name,machine_type,trace,-10,-9,-8,-7,-6,-5,-4,-3,-2,-1,0,1,2,3
m109,cpu,utilization,9.1433333333,9.2,9.1316666667,10.493333333,11.3,9.805,8.8,8.7,8.96,8.9,8.8,9.34,9.4733333333,10.348333333
m412,cpu,utilization,31.258333333,31.4,31.536666667,31.473333333,31.4,29.84,29.0,28.93,28.9,30.566666667,30.893333333,30.06,29.7,30.625
