name,machine_type,trace,-10,-9,-8,-7,-6,-5,-4,-3,-2,-1,0,1,2,3
m401,cpu,utilization,29.541666667,30.91,39.1,39.1,39.14,39.9,39.748333333,38.773333333,39.8,38.18,35.13,38.461666667,41.075,39.808333333
