name,machine_type,trace,-10,-9,-8,-7,-6,-5,-4,-3,-2,-1,0,1,2,3
m22,cpu,utilization,28.625,28.8,29.216666667,29.44,28.9,29.286666667,29.786666667,29.9,29.74,29.691666667,29.475,28.94,29.78,29.9
