name,machine_type,trace,-10,-9,-8,-7,-6,-5,-4,-3,-2,-1,0,1,2,3
m158,cpu,utilization,30.59,24.2,34.713333333,23.7,32.566666667,33.85,33.9,33.38,34.006666667,30.23,20.786666667,32.15,25.063333333,31.148333333
m267,cpu,utilization,32.14,24.306666667,33.631666667,22.413333333,25.853333333,32.27,32.6,31.473333333,28.738333333,25.52,24.94,31.15,26.601666667,31.343333333
