name,machine_type,trace,-10,-9,-8,-7,-6,-5,-4,-3,-2,-1,0,1,2,3
m111,cpu,utilization,38.596666667,38.56,37.35,39.43,40.64,40.2,39.706666667,38.92,39.155,38.785,37.933333333,39.566666667,39.033333333,39.275
