name,machine_type,trace,-10,-9,-8,-7,-6,-5,-4,-3,-2,-1,0,1,2,3
m236,cpu,utilization,17.596666667,17.85,18.0,18.33,19.2,19.765,18.711666667,17.813333333,18.0,17.84,17.7,17.7,17.7,17.74
