name,machine_type,trace,-10,-9,-8,-7,-6,-5,-4,-3,-2,-1,0,1,2,3
m263,cpu,utilization,25.965,26.806666667,26.85,27.0,26.8,26.493333333,26.613333333,26.8,26.8,26.741666667,26.7,26.586666667,26.5,26.5
