name,machine_type,trace,-10,-9,-8,-7,-6,-5,-4,-3,-2,-1,0,1,2,3
m132,cpu,utilization,16.5,16.415,16.231666667,16.3,16.236666667,16.258333333,16.6,16.695,16.786666667,16.5,16.523333333,16.578333333,16.5,16.383333333
