name,machine_type,trace,-10,-9,-8,-7,-6,-5,-4,-3,-2,-1,0,1,2,3
m341,cpu,utilization,19.4,19.48,19.5,19.5,19.653333333,19.54,19.5,16.695,17.366666667,13.12,14.99,17.025,17.25,17.2
