name,machine_type,trace,-10,-9,-8,-7,-6,-5,-4,-3,-2,-1,0,1,2,3
m31,cpu,utilization,11.366666667,9.595,7.7,11.456666667,11.456666667,12.265,12.201666667,12.385,10.829166667,10.829166667,7.9,14.666666667,14.246666667,15.53
