name,machine_type,trace,-10,-9,-8,-7,-6,-5,-4,-3,-2,-1,0,1,2,3
m156,cpu,utilization,23.105,21.93,21.491666667,23.583333333,22.873333333,20.0,23.38,23.116666667,19.236666667,17.926666667,13.84,19.698333333,23.7,23.553333333
