name,machine_type,trace,-10,-9,-8,-7,-6,-5,-4,-3,-2,-1,0,1,2,3
m37,cpu,utilization,13.836666667,14.295,15.4,15.4,15.716666667,16.4,15.875,14.5,15.3,15.28,15.2,15.351666667,15.76,15.325
