name,machine_type,trace,-10,-9,-8,-7,-6,-5,-4,-3,-2,-1,0,1,2,3
m346,cpu,utilization,8.9,9.1133333333,9.1866666667,9.1,9.2166666667,9.3,8.5633333333,8.6716666667,8.5,7.8,7.75,8.32,9.34,9.0
