name,machine_type,trace,-10,-9,-8,-7,-6,-5,-4,-3,-2,-1,0,1,2,3
m98,cpu,utilization,0.45666666667,0.55333333333,0.4,0.4,0.42333333333,0.48,0.4,0.4,0.4,0.4,0.4,0.4,0.4,0.4
