name,machine_type,trace,-10,-9,-8,-7,-6,-5,-4,-3,-2,-1,0,1,2,3
m53,cpu,utilization,32.113333333,33.508333333,31.853333333,32.746666667,33.99,32.066666667,32.5,32.733333333,31.813333333,32.236666667,31.5,31.423333333,31.415,31.92
