name,machine_type,trace,-10,-9,-8,-7,-6,-5,-4,-3,-2,-1,0,1,2,3
m217,cpu,utilization,28.126666667,28.066666667,27.9,27.9,28.026666667,28.36,28.816666667,28.938333333,28.25,27.776666667,27.7,27.83,27.763333333,27.7
m23,cpu,utilization,17.943333333,19.358333333,19.386666667,18.866666667,20.103333333,20.865,20.076666667,21.45,22.795,22.468333333,20.315,18.455,18.82,17.733333333
m105,cpu,utilization,42.4,38.725,38.19,38.6,38.58,41.595,39.87,37.815,37.765,37.06,36.6,36.6,37.283333333,38.2
m116,cpu,utilization,17.686666667,18.358333333,18.9,17.7,17.1,18.01,18.5,18.315,18.07,17.815,17.31,18.075,18.873333333,18.4
