name,machine_type,trace,-10,-9,-8,-7,-6,-5,-4,-3,-2,-1,0,1,2,3
m273,cpu,utilization,16.83,16.87,16.8,16.566666667,15.995,15.8,15.8,15.94,16.305,16.66,16.14,15.345,16.466666667,17.24
m113,cpu,utilization,25.35,23.61,27.233333333,27.666666667,27.725,27.233333333,23.16,23.195,27.78,26.96,27.34,26.773333333,23.2,22.4
m390,cpu,utilization,26.86,28.5,27.266666667,26.966666667,26.505,27.67,27.723333333,28.1,27.29,27.28,26.34,26.616666667,26.033333333,26.37
m357,cpu,utilization,29.78,30.54,29.7,30.2,31.55,32.31,31.766666667,30.5,30.85,31.02,29.98,30.535,32.066666667,31.65
