name,machine_type,trace,-10,-9,-8,-7,-6,-5,-4,-3,-2,-1,0,1,2,3
m329,cpu,utilization,15.27,10.42,5.7833333333,5.0,3.48,3.1,3.0266666667,3.0,3.205,3.3,13.906666667,16.1,10.766666667,8.6
