name,machine_type,trace,-10,-9,-8,-7,-6,-5,-4,-3,-2,-1,0,1,2,3
m319,cpu,utilization,23.315,26.293333333,22.96,23.13,26.675,23.193333333,23.91,24.77,23.6,23.933333333,25.641666667,23.535,24.07,26.8
