name,machine_type,trace,-10,-9,-8,-7,-6,-5,-4,-3,-2,-1,0,1,2,3
m293,cpu,utilization,16.92,16.9,16.64,16.78,16.8,16.61,16.6,16.696666667,16.7,16.7,16.7,16.415,16.695,16.703333333
