name,machine_type,trace,-10,-9,-8,-7,-6,-5,-4,-3,-2,-1,0,1,2,3
m263,cpu,utilization,30.8,31.396666667,30.66,32.81,31.32,28.24,29.891666667,33.515,30.98,27.775,28.1,28.42,28.716666667,28.3
