name,machine_type,trace,-10,-9,-8,-7,-6,-5,-4,-3,-2,-1,0,1,2,3
m58,cpu,utilization,18.435,18.46,15.6,15.123333333,18.246666667,18.97,18.8,19.016666667,19.113333333,18.8,18.385,18.63,19.013333333,18.6
