name,machine_type,trace,-10,-9,-8,-7,-6,-5,-4,-3,-2,-1,0,1,2,3
m412,cpu,utilization,35.875,35.353333333,39.591666667,28.341666667,39.66,24.263333333,31.85,23.66,23.666666667,29.69,34.895,30.4,15.035,21.566666667
