name,machine_type,trace,-10,-9,-8,-7,-6,-5,-4,-3,-2,-1,0,1,2,3
m235,cpu,utilization,27.333333333,29.583333333,30.52,31.183333333,21.185,28.586666667,31.008333333,30.128333333,29.37,20.683333333,30.35,27.746666667,31.535,30.86
