name,machine_type,trace,-10,-9,-8,-7,-6,-5,-4,-3,-2,-1,0,1,2,3
m8,cpu,utilization,14.6,15.043333333,14.603333333,14.2,14.491666667,14.7,14.81,15.54,15.363333333,14.693333333,14.503333333,14.25,14.206666667,14.193333333
