name,machine_type,trace,-10,-9,-8,-7,-6,-5,-4,-3,-2,-1,0,1,2,3
m87,cpu,utilization,31.905,35.18,30.575,30.918333333,30.21,29.955,33.03,32.43,31.446666667,28.54,29.073333333,31.466666667,31.086666667,32.013333333
