name,machine_type,trace,-10,-9,-8,-7,-6,-5,-4,-3,-2,-1,0,1,2,3
m164,cpu,utilization,29.585,29.585,28.9,29.096666667,28.34,28.396666667,30.043333333,30.38,29.355,29.486666667,29.205,29.006666667,29.0,29.688333333
