name,machine_type,trace,-10,-9,-8,-7,-6,-5,-4,-3,-2,-1,0,1,2,3
m236,cpu,utilization,28.0,28.18,28.111666667,28.1,28.185,27.955,27.976666667,28.081666667,28.1,28.028333333,28.0,28.0,28.066666667,27.956666667
m49,cpu,utilization,28.186666667,28.02,28.0,28.085,28.015,28.0,28.0,28.0,28.0,28.0,27.928333333,27.9,27.966666667,28.215
