name,machine_type,trace,-10,-9,-8,-7,-6,-5,-4,-3,-2,-1,0,1,2,3
m140,cpu,utilization,23.741666667,23.323333333,23.97,23.433333333,24.69,23.55,22.873333333,23.533333333,23.31,23.25,25.72,25.165,23.766666667,23.54
