name,machine_type,trace,-10,-9,-8,-7,-6,-5,-4,-3,-2,-1,0,1,2,3
m262,cpu,utilization,16.848333333,13.948333333,8.82,7.16,7.3,7.3,7.6083333333,7.8,8.37,13.941666667,17.2,17.2,17.143333333,17.44
