name,machine_type,trace,-10,-9,-8,-7,-6,-5,-4,-3,-2,-1,0,1,2,3
m406,cpu,utilization,15.06,15.1,15.043333333,15.053333333,15.1,15.156666667,14.925,14.991666667,15.2,15.035,14.9,14.9,15.83,15.85
