name,machine_type,trace,-10,-9,-8,-7,-6,-5,-4,-3,-2,-1,0,1,2,3
m90,cpu,utilization,0.4,0.55166666667,0.97166666667,0.4,0.37166666667,0.35,0.5,0.44666666667,0.32333333333,0.4,0.4,0.505,1.12,1.065
m239,cpu,utilization,2.8,2.7783333333,2.7183333333,2.8,2.9983333333,3.35,2.9,3.06,3.3366666667,2.8,2.7833333333,2.775,3.14,2.9
m225,cpu,utilization,10.0,10.065,10.3,10.3,10.696666667,11.175,9.6,9.76,10.2,10.2,10.2,10.23,10.4,10.385
m90,cpu,utilization,0.4,0.55166666667,0.97166666667,0.4,0.37166666667,0.35,0.5,0.44666666667,0.32333333333,0.4,0.4,0.505,1.12,1.065
