name,machine_type,trace,-10,-9,-8,-7,-6,-5,-4,-3,-2,-1,0,1,2,3
m20,cpu,utilization,7.2383333333,7.2383333333,6.9,7.8,7.8,7.8,16.65,16.613333333,17.23,16.086666667,17.12,16.523333333,17.09,17.956666667
