name,machine_type,trace,-10,-9,-8,-7,-6,-5,-4,-3,-2,-1,0,1,2,3
m82,cpu,utilization,16.4,17.14,16.025,16.09,17.72,18.375,18.5,11.0,4.24,2.9033333333,3.0,2.9483333333,2.9,2.9
