name,machine_type,trace,-10,-9,-8,-7,-6,-5,-4,-3,-2,-1,0,1,2,3
m231,cpu,utilization,29.193333333,29.8,30.575,31.033333333,27.966666667,27.195,29.688333333,31.3,31.1,29.76,30.853333333,31.775,31.235,30.92
m82,cpu,utilization,39.84,43.828333333,44.706666667,43.993333333,43.2,43.2,42.838333333,42.25,39.9,39.24,42.74,44.816666667,44.68,43.48
m400,cpu,utilization,20.8,20.558333333,20.403333333,20.5,20.5,20.448333333,20.4,20.4,20.3,20.2,20.2,20.375,20.5,20.38
m86,cpu,utilization,29.993333333,27.558333333,28.746666667,29.086666667,28.256666667,28.3,28.3,28.3,28.3,28.033333333,27.8,27.8,28.185,28.02
