name,machine_type,trace,-10,-9,-8,-7,-6,-5,-4,-3,-2,-1,0,1,2,3
m401,cpu,utilization,13.97,13.7,13.58,13.993333333,13.91,13.7,13.836666667,13.77,14.713333333,15.06,14.295,13.8,13.8,14.12
m42,cpu,utilization,21.845,21.8,22.04,22.138333333,22.165,21.94,20.228333333,21.06,23.293333333,23.74,22.345,21.455,21.81,22.58
