name,machine_type,trace,-10,-9,-8,-7,-6,-5,-4,-3,-2,-1,0,1,2,3
m315,cpu,utilization,14.833333333,1.8916666667,0.7,0.25833333333,0.29333333333,1.5833333333,1.7666666667,5.605,3.7933333333,3.7,3.7,3.7,3.7,3.7
