name,machine_type,trace,-10,-9,-8,-7,-6,-5,-4,-3,-2,-1,0,1,2,3
m133,cpu,utilization,25.14,25.283333333,25.3,25.3,25.3,25.393333333,25.4,25.4,25.493333333,25.5,25.5,4.2333333333,3.5,3.5
