name,machine_type,trace,-10,-9,-8,-7,-6,-5,-4,-3,-2,-1,0,1,2,3
m307,cpu,utilization,26.071666667,25.008333333,26.401666667,25.24,23.64,25.025,25.6,24.538333333,24.3,25.83,26.1,25.516666667,25.56,25.6
m350,cpu,utilization,3.8,3.8,3.8,3.8,3.8,3.8,3.8,3.8,3.8,3.715,3.8733333333,3.9,3.82,3.8
