name,machine_type,trace,-10,-9,-8,-7,-6,-5,-4,-3,-2,-1,0,1,2,3
m245,cpu,utilization,28.4,28.353333333,28.516666667,28.8,28.613333333,28.4,28.4,28.4,28.4,28.4,28.4,28.4,28.4,28.4
