name,machine_type,trace,-10,-9,-8,-7,-6,-5,-4,-3,-2,-1,0,1,2,3
m196,cpu,utilization,34.415,34.08,32.305,35.0,34.15,29.661666667,28.6,28.54,27.765,25.606666667,27.76,29.108333333,27.773333333,25.353333333
