name,machine_type,trace,-10,-9,-8,-7,-6,-5,-4,-3,-2,-1,0,1,2,3
m123,cpu,utilization,31.565,32.815,32.8,32.973333333,25.241666667,23.5,30.7,32.648333333,32.8,32.8,25.828333333,23.9,31.25,33.145
m133,cpu,utilization,19.37,20.08,19.21,18.926666667,18.9,20.6,19.1,18.988333333,16.5,18.64,19.3,19.3,19.055,19.0
m350,cpu,utilization,19.73,19.275,19.92,20.086666667,20.018333333,19.83,19.8,19.888333333,20.066666667,19.86,19.643333333,19.676666667,19.536666667,19.5
m36,cpu,utilization,36.69,36.6,37.5,37.6,36.62,36.315,36.48,33.585,32.45,35.66,36.5,37.266666667,36.765,36.6
