name,machine_type,trace,-10,-9,-8,-7,-6,-5,-4,-3,-2,-1,0,1,2,3
m101,cpu,utilization,22.293333333,22.3,23.535,23.406666667,22.121666667,9.2433333333,20.991666667,22.1,11.39,20.73,19.516666667,16.916666667,20.641666667,21.795
