name,machine_type,trace,-10,-9,-8,-7,-6,-5,-4,-3,-2,-1,0,1,2,3
m145,cpu,utilization,6.725,9.08,9.66,9.2,9.07,8.75,9.2,9.3333333333,9.82,9.1933333333,9.5266666667,9.3866666667,9.1683333333,8.3666666667
