name,machine_type,trace,-10,-9,-8,-7,-6,-5,-4,-3,-2,-1,0,1,2,3
m412,cpu,utilization,28.4,28.3475,28.3475,29.561666667,27.34,28.115,28.4,28.45,28.913333333,27.68,27.668333333,27.668333333,28.2,27.91
