name,machine_type,trace,-10,-9,-8,-7,-6,-5,-4,-3,-2,-1,0,1,2,3
m294,cpu,utilization,10.5,10.4,10.4,10.4,10.303333333,8.2,10.596666667,10.4,10.4,10.406666667,10.6,10.4475,10.4475,10.493333333
m290,cpu,utilization,31.235,32.1,30.821666667,30.8,30.413333333,29.7,30.801666667,30.875,30.398333333,30.3,30.33,31.205,31.205,32.563333333
