name,machine_type,trace,-10,-9,-8,-7,-6,-5,-4,-3,-2,-1,0,1,2,3
m319,cpu,utilization,0.7,0.64666666667,0.3,0.3,0.3,0.33,0.6,0.58,0.3,0.3,0.33,0.56666666667,0.2,0.205
