name,machine_type,trace,-10,-9,-8,-7,-6,-5,-4,-3,-2,-1,0,1,2,3
m412,cpu,utilization,0.2,0.28666666667,1.025,1.2066666667,0.26,0.2,0.2,0.2,0.2,0.2,0.2,0.2,0.245,0.25666666667
