name,machine_type,trace,-10,-9,-8,-7,-6,-5,-4,-3,-2,-1,0,1,2,3
m395,cpu,utilization,30.533333333,29.59,29.386666667,29.766666667,29.583333333,30.733333333,29.733333333,29.545,29.8,29.4,30.403333333,29.733333333,29.833333333,30.678333333
