name,machine_type,trace,-10,-9,-8,-7,-6,-5,-4,-3,-2,-1,0,1,2,3
m405,cpu,utilization,12.956666667,12.493333333,12.496666667,12.5,8.3,13.413333333,13.793333333,8.7583333333,9.125,4.96,9.17,9.29,6.32,8.79
m72,cpu,utilization,1.0966666667,0.48166666667,0.4,0.49666666667,0.40666666667,0.98,0.42,0.4,0.4,0.4,0.48833333333,0.5,0.41,0.4
m338,cpu,utilization,0.40333333333,0.57666666667,5.1433333333,3.56,5.2733333333,5.11,5.0033333333,5.0,4.8166666667,5.2416666667,5.4766666667,5.075,5.45,5.05
m303,cpu,utilization,18.196666667,18.2,18.2,18.2,18.293333333,18.3,18.3,18.208333333,18.2,18.553333333,18.6,18.77,17.72,17.6
m336,cpu,utilization,5.1933333333,5.6416666667,5.12,6.4533333333,3.98,5.6366666667,5.7,5.3333333333,6.0333333333,5.4816666667,5.93,6.085,6.37,6.58
m95,cpu,utilization,5.9166666667,7.9316666667,6.5566666667,5.1466666667,5.1,4.6166666667,4.9866666667,5.275,7.775,6.4983333333,8.3316666667,7.835,6.35,5.75
m104,cpu,utilization,0.78666666667,0.44666666667,0.98,1.4833333333,0.56666666667,1.2733333333,1.3,0.93333333333,0.44166666667,1.0183333333,0.48166666667,0.4,0.4,0.49
m377,cpu,utilization,14.4,13.428333333,15.91,15.903333333,16.833333333,16.03,15.806666667,16.533333333,15.958333333,15.9,15.9,16.155,16.65,16.7
