name,machine_type,trace,-10,-9,-8,-7,-6,-5,-4,-3,-2,-1,0,1,2,3
m270,cpu,utilization,4.4683333333,29.58,38.7,38.776666667,38.56,38.99,39.021666667,39.0,39.166666667,39.033333333,39.0,39.735,39.9,39.9
