name,machine_type,trace,-10,-9,-8,-7,-6,-5,-4,-3,-2,-1,0,1,2,3
m331,cpu,utilization,26.5,26.286666667,20.141666667,20.59,20.706666667,26.68,29.216666667,29.35,28.791666667,28.7,28.79,31.356666667,28.85,30.24
