name,machine_type,trace,-10,-9,-8,-7,-6,-5,-4,-3,-2,-1,0,1,2,3
m262,cpu,utilization,6.7,6.6233333333,6.6716666667,7.0416666667,6.8,6.8733333333,6.72,6.6,6.6716666667,7.0666666667,5.8383333333,6.6666666667,6.975,6.9266666667
