name,machine_type,trace,-10,-9,-8,-7,-6,-5,-4,-3,-2,-1,0,1,2,3
m82,cpu,utilization,26.933333333,27.265,27.0,26.98,26.806666667,26.9,26.9,26.9,27.09,27.008333333,27.0,27.0,26.82,26.973333333
