name,machine_type,trace,-10,-9,-8,-7,-6,-5,-4,-3,-2,-1,0,1,2,3
m123,cpu,utilization,0.2,0.28333333333,0.21333333333,0.2,0.2,0.2,0.2,0.28166666667,0.22166666667,0.2,0.2,0.2,0.27333333333,0.3
