name,machine_type,trace,-10,-9,-8,-7,-6,-5,-4,-3,-2,-1,0,1,2,3
m409,cpu,utilization,9.6466666667,14.585,16.213333333,16.4,16.45,17.345,16.3,16.506666667,16.506666667,16.405,16.4,16.4,16.773333333,16.62
