name,machine_type,trace,-10,-9,-8,-7,-6,-5,-4,-3,-2,-1,0,1,2,3
m406,cpu,utilization,30.313333333,29.528333333,30.18,29.705,29.78,29.545,29.5,30.0,30.355,29.533333333,29.15,29.1,28.65,29.361666667
