name,machine_type,trace,-10,-9,-8,-7,-6,-5,-4,-3,-2,-1,0,1,2,3
m58,cpu,utilization,58.051666667,50.933333333,55.44,63.938333333,64.0,63.895,63.776666667,63.9,60.925,52.328333333,51.8,64.0,64.026666667,64.01
