name,machine_type,trace,-10,-9,-8,-7,-6,-5,-4,-3,-2,-1,0,1,2,3
m194,cpu,utilization,0.2,0.2,0.28833333333,0.20833333333,0.2,0.2,0.2,0.2,0.28333333333,0.21333333333,3.0416666667,5.77,6.7,7.4
