name,machine_type,trace,-10,-9,-8,-7,-6,-5,-4,-3,-2,-1,0,1,2,3
m250,cpu,utilization,16.1,15.89,15.2,15.2,15.12,14.8,14.843333333,15.086666667,15.4,15.4,15.378333333,15.3,15.213333333,14.98
