name,machine_type,trace,-10,-9,-8,-7,-6,-5,-4,-3,-2,-1,0,1,2,3
m29,cpu,utilization,29.28,29.291666667,28.946666667,30.113333333,30.2,30.11,30.1,30.1,31.016666667,30.56,30.77,29.493333333,29.883333333,30.585
