name,machine_type,trace,-10,-9,-8,-7,-6,-5,-4,-3,-2,-1,0,1,2,3
m284,cpu,utilization,18.4,18.286666667,18.2,18.145,18.206666667,18.3,18.1,18.04,18.2,18.34,18.545,18.6,18.55,18.593333333
m171,cpu,utilization,22.1,22.1,22.203333333,22.465,22.386666667,22.2,22.35,22.453333333,22.4,22.353333333,22.255,22.2,22.75,22.88
