name,machine_type,trace,-10,-9,-8,-7,-6,-5,-4,-3,-2,-1,0,1,2,3
m335,cpu,utilization,21.2,21.313333333,21.345,21.3,21.245,21.2,21.086666667,21.0,21.18,21.243333333,21.2,21.2,21.25,21.346666667
