name,machine_type,trace,-10,-9,-8,-7,-6,-5,-4,-3,-2,-1,0,1,2,3
m279,cpu,utilization,15.163333333,15.2,15.2,15.2,15.2,15.26,15.238333333,15.2,15.2,15.2,15.2,15.2,15.53,16.523333333
