name,machine_type,trace,-10,-9,-8,-7,-6,-5,-4,-3,-2,-1,0,1,2,3
m30,cpu,utilization,24.183333333,23.766666667,39.955,27.23,22.391666667,25.36,29.675,22.835,24.42,40.806666667,25.41,25.946666667,33.433333333,26.318333333
