name,machine_type,trace,-10,-9,-8,-7,-6,-5,-4,-3,-2,-1,0,1,2,3
m319,cpu,utilization,0.20666666667,0.3,0.3,0.3,0.3,0.3,0.3,0.31666666667,0.5,0.48833333333,0.39166666667,0.3,0.3,0.3
