name,machine_type,trace,-10,-9,-8,-7,-6,-5,-4,-3,-2,-1,0,1,2,3
m380,cpu,utilization,27.75,27.7,28.383333333,28.126666667,27.833333333,28.45,29.22,28.23,27.6,27.34,27.46,27.473333333,27.1,27.516666667
