name,machine_type,trace,-10,-9,-8,-7,-6,-5,-4,-3,-2,-1,0,1,2,3
m16,cpu,utilization,49.25,49.4,49.683333333,49.9,49.845,45.106666667,37.975,37.975,40.361666667,40.7,40.41,44.45,49.505,49.903333333
