name,machine_type,trace,-10,-9,-8,-7,-6,-5,-4,-3,-2,-1,0,1,2,3
m96,cpu,utilization,10.1,10.1,10.12,10.2,10.215,10.3,10.3,10.366666667,11.058333333,10.573333333,10.505,11.2,10.1,10.1
m262,cpu,utilization,18.283333333,18.725,16.72,16.961666667,16.425,19.166666667,17.526666667,19.566666667,22.783333333,24.94,18.735,18.8,16.56,16.185
