name,machine_type,trace,-10,-9,-8,-7,-6,-5,-4,-3,-2,-1,0,1,2,3
m325,cpu,utilization,25.7975,25.7975,26.781666667,26.8,25.833333333,25.8,25.8,25.706666667,25.506666667,25.5,26.273333333,26.205,26.2,25.92
