name,machine_type,trace,-10,-9,-8,-7,-6,-5,-4,-3,-2,-1,0,1,2,3
m120,cpu,utilization,44.8,45.033333333,45.103333333,44.52,45.5,45.473333333,42.75,34.323333333,33.72,37.0,34.283333333,27.633333333,23.273333333,25.31
