name,machine_type,trace,-10,-9,-8,-7,-6,-5,-4,-3,-2,-1,0,1,2,3
m217,cpu,utilization,14.925,15.2,15.103333333,15.05,15.1,15.15,15.293333333,15.4,15.275,14.975,14.8,15.05,15.833333333,16.4
