name,machine_type,trace,-10,-9,-8,-7,-6,-5,-4,-3,-2,-1,0,1,2,3
m243,cpu,utilization,42.6,46.02,42.96,42.6,42.783333333,42.535,32.15,41.633333333,42.6,38.895,40.15,42.533333333,42.7,42.798333333
