name,machine_type,trace,-10,-9,-8,-7,-6,-5,-4,-3,-2,-1,0,1,2,3
m1,cpu,utilization,63.998333333,55.353333333,64.675,68.6,59.5,54.165,63.955,68.728333333,58.308333333,33.666666667,25.393333333,35.91,62.543333333,56.02
