name,machine_type,trace,-10,-9,-8,-7,-6,-5,-4,-3,-2,-1,0,1,2,3
m318,cpu,utilization,22.8,22.686666667,22.66,22.7,22.4,22.46,22.6,22.526666667,22.64,22.7,22.631666667,22.6,22.6,22.753333333
