name,machine_type,trace,-10,-9,-8,-7,-6,-5,-4,-3,-2,-1,0,1,2,3
m351,cpu,utilization,0.3,0.32,0.50833333333,0.575,0.35,0.8,0.76666666667,0.395,0.3,0.31,0.48666666667,0.3,0.305,0.39666666667
