name,machine_type,trace,-10,-9,-8,-7,-6,-5,-4,-3,-2,-1,0,1,2,3
m276,cpu,utilization,8.2,8.2,8.1433333333,8.155,8.0866666667,8.0,8.0,8.0,8.0,8.0583333333,8.1,8.0433333333,8.0,8.0583333333
m367,cpu,utilization,8.0633333333,8.16,8.1433333333,8.1,8.0433333333,8.0,8.0616666667,8.0366666667,7.94,7.9,7.9583333333,8.0,8.0566666667,8.1
