name,machine_type,trace,-10,-9,-8,-7,-6,-5,-4,-3,-2,-1,0,1,2,3
m265,cpu,utilization,16.926666667,17.0,16.6,12.78,15.166666667,15.59,15.59,11.5,15.946666667,16.375,12.823333333,15.725,16.606666667,15.935
