name,machine_type,trace,-10,-9,-8,-7,-6,-5,-4,-3,-2,-1,0,1,2,3
m254,cpu,utilization,62.5,62.78,62.8,63.193333333,58.48,61.88,62.0,64.07,64.3,64.3,63.526666667,63.31,63.965,63.806666667
