name,machine_type,trace,-10,-9,-8,-7,-6,-5,-4,-3,-2,-1,0,1,2,3
m350,cpu,utilization,47.013333333,47.05,46.9,44.746666667,36.753333333,39.573333333,46.95,50.915,57.005,59.02,59.146666667,58.346666667,48.725,51.258333333
