name,machine_type,trace,-10,-9,-8,-7,-6,-5,-4,-3,-2,-1,0,1,2,3
m120,cpu,utilization,0.32666666667,0.3,0.3,0.215,0.285,0.3,0.3,0.215,0.2,0.2,0.285,1.74,9.585,21.875
m310,cpu,utilization,0.3,0.20833333333,0.28833333333,0.215,0.2,0.2,0.37666666667,0.4,0.23,0.28166666667,0.3,0.21,0.28833333333,0.20833333333
