name,machine_type,trace,-10,-9,-8,-7,-6,-5,-4,-3,-2,-1,0,1,2,3
m158,cpu,utilization,17.6,16.37,15.87,13.166666667,14.695,15.8,14.843333333,14.96,13.466666667,16.87,18.221666667,18.0,18.49,18.628333333
