name,machine_type,trace,-10,-9,-8,-7,-6,-5,-4,-3,-2,-1,0,1,2,3
m333,cpu,utilization,11.31,12.475,7.87,10.293333333,15.745,12.891666667,12.891666667,11.888333333,12.565,7.0933333333,11.283333333,7.46,13.47,16.09
