name,machine_type,trace,-10,-9,-8,-7,-6,-5,-4,-3,-2,-1,0,1,2,3
m23,cpu,utilization,28.6,25.45,28.391666667,47.148333333,36.565,35.14,46.986666667,40.846666667,32.04,42.876666667,44.025,37.81,45.125,40.205
m17,cpu,utilization,16.0,16.42,17.368333333,17.3,17.236666667,17.07,17.0,13.96,9.4666666667,19.143333333,16.35,17.4,17.075,16.241666667
