name,machine_type,trace,-10,-9,-8,-7,-6,-5,-4,-3,-2,-1,0,1,2,3
m346,cpu,utilization,40.1,40.293333333,39.1,37.865,40.9075,40.9075,40.3,39.526666667,40.233333333,38.305,39.64,39.8,41.16,40.011666667
