name,machine_type,trace,-10,-9,-8,-7,-6,-5,-4,-3,-2,-1,0,1,2,3
m234,cpu,utilization,16.705,22.8,22.796666667,22.713333333,22.9,22.88,22.74,23.3,23.195,22.413333333,22.486666667,22.57,24.1,23.933333333
m234,cpu,utilization,16.705,22.8,22.796666667,22.713333333,22.9,22.88,22.74,23.3,23.195,22.413333333,22.486666667,22.57,24.1,23.933333333
