name,machine_type,trace,-10,-9,-8,-7,-6,-5,-4,-3,-2,-1,0,1,2,3
m339,cpu,utilization,60.26,48.06,35.373333333,48.805,59.44,59.08,58.798333333,59.216666667,48.16,32.66,33.333333333,45.316666667,61.26,61.2
m386,cpu,utilization,56.246666667,48.18,30.0,40.745,51.3,34.61,39.728333333,54.933333333,44.06,29.72,42.813333333,60.033333333,48.22,29.8
