name,machine_type,trace,-10,-9,-8,-7,-6,-5,-4,-3,-2,-1,0,1,2,3
m197,cpu,utilization,11.8,7.9333333333,8.915,14.18,13.906666667,10.871666667,7.005,14.38,22.5,22.32,22.32,22.4,22.1,21.838333333
