name,machine_type,trace,-10,-9,-8,-7,-6,-5,-4,-3,-2,-1,0,1,2,3
m268,cpu,utilization,63.646666667,64.026666667,63.16,64.936666667,63.74,63.383333333,63.4,63.563333333,63.6,63.355,60.558333333,57.175,61.76,64.1
