name,machine_type,trace,-10,-9,-8,-7,-6,-5,-4,-3,-2,-1,0,1,2,3
m170,cpu,utilization,0.44833333333,0.41333333333,0.3,0.40333333333,0.40333333333,0.3,1.015,1.6,0.92,0.4,0.27333333333,0.2,0.2,0.2
