name,machine_type,trace,-10,-9,-8,-7,-6,-5,-4,-3,-2,-1,0,1,2,3
m36,cpu,utilization,30.456666667,31.523333333,33.086666667,30.095,30.74,26.303333333,29.533333333,22.47,23.933333333,19.8,27.35,32.2,24.256666667,19.6
