name,machine_type,trace,-10,-9,-8,-7,-6,-5,-4,-3,-2,-1,0,1,2,3
m112,cpu,utilization,30.2,30.141666667,29.586666667,28.16,29.615,29.853333333,29.82,29.82,30.186666667,29.155,28.558333333,31.496666667,32.716666667,7.425
m199,cpu,utilization,17.2,17.176666667,17.006666667,17.1,17.095,16.993333333,16.9,16.9,17.39,17.3,17.241666667,16.62,17.2,17.3575
