name,machine_type,trace,-10,-9,-8,-7,-6,-5,-4,-3,-2,-1,0,1,2,3
m329,cpu,utilization,15.251666667,15.2,15.59,15.71,15.2,15.2,15.238333333,15.58,16.0,15.733333333,15.2,15.2,15.256666667,15.4
