name,machine_type,trace,-10,-9,-8,-7,-6,-5,-4,-3,-2,-1,0,1,2,3
m289,cpu,utilization,80.245,79.9,82.373333333,54.565,41.2,53.35,75.553333333,81.828333333,81.8,81.466666667,81.3,81.3,54.573333333,39.216666667
