name,machine_type,trace,-10,-9,-8,-7,-6,-5,-4,-3,-2,-1,0,1,2,3
m88,cpu,utilization,80.29,80.16,81.095,81.3,80.966666667,80.3,80.153333333,66.8,38.07,52.361666667,81.466666667,68.2,55.233333333,79.2
