name,machine_type,trace,-10,-9,-8,-7,-6,-5,-4,-3,-2,-1,0,1,2,3
m110,cpu,utilization,24.025,23.183333333,21.118333333,22.85,19.791666667,19.9,24.385,26.983333333,19.966666667,23.381666667,28.82,19.706666667,19.9,23.96
