name,machine_type,trace,-10,-9,-8,-7,-6,-5,-4,-3,-2,-1,0,1,2,3
m318,cpu,utilization,53.77,52.275,52.708333333,51.933333333,52.118333333,53.583333333,53.1,52.983333333,52.05,52.95,53.706666667,52.55,52.66,52.993333333
