name,machine_type,trace,-10,-9,-8,-7,-6,-5,-4,-3,-2,-1,0,1,2,3
m120,cpu,utilization,19.25,15.15,15.535,15.408333333,14.84,14.673333333,14.57,18.143333333,24.74,22.15,15.68,15.42,14.98,15.515
