name,machine_type,trace,-10,-9,-8,-7,-6,-5,-4,-3,-2,-1,0,1,2,3
m128,cpu,utilization,25.5,25.5,25.713333333,23.7,23.578333333,22.996666667,22.7,26.0,26.0,26.42,26.32,26.233333333,26.7,25.49
