name,machine_type,trace,-10,-9,-8,-7,-6,-5,-4,-3,-2,-1,0,1,2,3
m338,cpu,utilization,12.9,12.99,13.1,13.1,13.06,13.0,13.0,12.93,12.91,13.1,13.138333333,13.1,12.9,12.956666667
