name,machine_type,trace,-10,-9,-8,-7,-6,-5,-4,-3,-2,-1,0,1,2,3
m375,cpu,utilization,40.76,46.55,42.28,37.6,37.483333333,36.74,36.2,36.1,37.063333333,37.896666667,37.5,36.333333333,35.0,35.52
m92,cpu,utilization,16.58,16.9,16.455,15.6,16.008333333,16.74,17.1,16.8,16.693333333,16.9,16.368333333,16.266666667,16.8,17.08
