name,machine_type,trace,-10,-9,-8,-7,-6,-5,-4,-3,-2,-1,0,1,2,3
m161,cpu,utilization,34.3,29.188333333,36.695,37.025,36.425,43.54,35.185,44.751666667,38.37,44.638333333,29.433333333,36.88,27.665,34.445
