name,machine_type,trace,-10,-9,-8,-7,-6,-5,-4,-3,-2,-1,0,1,2,3
m307,cpu,utilization,19.985,22.765,28.3,28.433333333,28.661666667,28.6,28.635,28.666666667,28.6,28.638333333,25.436666667,19.8,19.94,20.161666667
