name,machine_type,trace,-10,-9,-8,-7,-6,-5,-4,-3,-2,-1,0,1,2,3
m92,cpu,utilization,28.74,29.38,27.233333333,29.11,29.62,28.0,27.79,29.333333333,27.465,28.286666667,27.61,27.84,27.523333333,28.266666667
m273,cpu,utilization,25.5,25.43,25.666666667,25.8,25.605,25.766666667,25.64,25.5,25.5,25.636666667,25.83,25.9,25.836666667,25.8
m392,cpu,utilization,23.58,24.12,24.3,24.3,23.845,23.733333333,23.28,23.0,23.78,24.2,23.55,23.26,23.3,24.256666667
m201,cpu,utilization,17.86,17.59,17.5,16.1,14.59,17.033333333,19.02,15.166666667,16.285,14.72,13.525,12.86,16.1,18.846666667
