name,machine_type,trace,-10,-9,-8,-7,-6,-5,-4,-3,-2,-1,0,1,2,3
m57,cpu,utilization,24.0,24.003333333,24.049166667,24.049166667,24.0,24.0,24.098333333,24.0,24.0,24.01,24.095,24.0,24.0,24.02
