name,machine_type,trace,-10,-9,-8,-7,-6,-5,-4,-3,-2,-1,0,1,2,3
m284,cpu,utilization,18.32,17.99,19.633333333,20.5,19.513333333,18.9,18.831666667,18.533333333,18.4,18.336666667,18.755,19.0,18.726666667,18.531666667
