name,machine_type,trace,-10,-9,-8,-7,-6,-5,-4,-3,-2,-1,0,1,2,3
m23,cpu,utilization,42.066666667,41.93,42.041666667,40.92,37.05,41.15,31.993333333,34.7,34.821666667,42.050833333,42.050833333,42.098333333,41.995,41.4
