name,machine_type,trace,-10,-9,-8,-7,-6,-5,-4,-3,-2,-1,0,1,2,3
m139,cpu,utilization,26.6,26.64,26.58,26.4,26.5,26.516666667,26.161666667,26.1,26.38,26.9,27.041666667,27.083333333,26.4,26.4
m347,cpu,utilization,13.825,14.0,13.92,14.01,14.633333333,14.55,13.715,14.156666667,14.6,14.27,13.868333333,14.325,13.806666667,14.51
m268,cpu,utilization,6.0916666667,5.8,5.92,6.17,6.3,8.2433333333,11.6,11.636666667,11.56,11.45,11.8,11.705,11.563333333,11.7
m350,cpu,utilization,19.7,19.66,19.6,19.6,19.6,19.636666667,19.7,19.663333333,19.355,18.9,19.126666667,19.7,19.7,19.7
