name,machine_type,trace,-10,-9,-8,-7,-6,-5,-4,-3,-2,-1,0,1,2,3
m393,cpu,utilization,20.473333333,23.32,21.201666667,20.483333333,20.5,20.5,20.593333333,20.6,22.63,20.325,20.39,20.4,20.4,20.49
