name,machine_type,trace,-10,-9,-8,-7,-6,-5,-4,-3,-2,-1,0,1,2,3
m329,cpu,utilization,17.203333333,16.473333333,15.4,15.466666667,15.5,15.436666667,18.175,22.42,24.1,24.485,24.906666667,25.0,24.948333333,24.951666667
