name,machine_type,trace,-10,-9,-8,-7,-6,-5,-4,-3,-2,-1,0,1,2,3
m293,cpu,utilization,46.3,46.3,46.175,44.386666667,42.241666667,46.0,45.1,43.991666667,46.38,40.13,33.13,46.0,46.0,46.023333333
m236,cpu,utilization,46.321666667,46.4,46.3,45.626666667,43.08,41.795,45.11,43.82,46.25,41.64,36.81,46.3,46.325,46.353333333
