name,machine_type,trace,-10,-9,-8,-7,-6,-5,-4,-3,-2,-1,0,1,2,3
m182,cpu,utilization,29.9,28.4,28.91,29.181666667,27.97,29.558333333,29.233333333,27.986666667,29.52,29.3,29.273333333,29.08,29.021666667,28.96
