name,machine_type,trace,-10,-9,-8,-7,-6,-5,-4,-3,-2,-1,0,1,2,3
m183,cpu,utilization,0.3,0.3,0.3,0.33333333333,0.37,0.33,0.36833333333,0.69666666667,1.3033333333,0.49,0.725,0.59166666667,0.69166666667,0.74666666667
