name,machine_type,trace,-10,-9,-8,-7,-6,-5,-4,-3,-2,-1,0,1,2,3
m110,cpu,utilization,28.7,28.648333333,28.7,28.8,28.8,28.625,28.5,28.61,28.648333333,28.6,28.6,28.6,28.6,28.6
