name,machine_type,trace,-10,-9,-8,-7,-6,-5,-4,-3,-2,-1,0,1,2,3
m47,cpu,utilization,5.34,5.3616666667,5.44,5.6266666667,5.5,5.25,5.025,5.2,5.2,5.4,5.6,5.2033333333,4.9,4.8433333333
m384,cpu,utilization,5.04,5.0233333333,4.9,4.9733333333,4.3083333333,3.2,3.95,5.0,5.0466666667,5.05,5.0,5.0,5.06,5.0433333333
m21,cpu,utilization,28.1,28.023333333,28.04,28.3,28.258333333,28.2,28.2,28.243333333,28.3,28.3,28.14,28.0,28.24,28.343333333
m175,cpu,utilization,9.7,9.7,7.67,6.0266666667,9.6583333333,9.0583333333,8.8416666667,9.6,9.6933333333,8.1,8.1066666667,9.6,9.66,5.6766666667
