name,machine_type,trace,-10,-9,-8,-7,-6,-5,-4,-3,-2,-1,0,1,2,3
m65,cpu,utilization,26.8,26.5,25.733333333,25.88,26.841666667,26.5,26.425,26.2,26.438333333,27.153333333,25.9,25.921666667,26.0,26.116666667
