name,machine_type,trace,-10,-9,-8,-7,-6,-5,-4,-3,-2,-1,0,1,2,3
m92,cpu,utilization,14.106666667,14.7,14.7,14.603333333,11.56,11.216666667,14.133333333,14.4,14.498333333,14.5,14.406666667,14.6975,14.6975,17.551666667
