name,machine_type,trace,-10,-9,-8,-7,-6,-5,-4,-3,-2,-1,0,1,2,3
m156,cpu,utilization,19.5,19.49,19.35,19.9,19.866666667,19.525,19.8,19.783333333,19.588333333,19.5,19.493333333,19.43,19.7,19.69
