name,machine_type,trace,-10,-9,-8,-7,-6,-5,-4,-3,-2,-1,0,1,2,3
m110,cpu,utilization,33.95,38.333333333,39.705,39.103333333,38.468333333,39.236666667,38.7,38.81,39.581666667,40.016666667,38.403333333,39.525,30.71,4.96
