name,machine_type,trace,-10,-9,-8,-7,-6,-5,-4,-3,-2,-1,0,1,2,3
m260,cpu,utilization,11.633333333,11.99,11.633333333,11.51,11.958333333,11.823333333,11.63,11.6,11.36,10.55,10.9,8.025,11.42,8.9266666667
