name,machine_type,trace,-10,-9,-8,-7,-6,-5,-4,-3,-2,-1,0,1,2,3
m186,cpu,utilization,31.28,35.266666667,39.5,39.65,38.333333333,37.725,38.26,38.96,39.516666667,37.81,38.92,37.466666667,32.866666667,34.54
m49,cpu,utilization,33.48,34.926666667,33.45,32.4,32.353333333,30.625,31.333333333,30.448333333,30.05,31.055,32.5,32.233333333,30.233333333,29.16
m25,cpu,utilization,27.15,27.613333333,26.0,25.97,25.953333333,26.075,26.64,27.945,26.2,25.955,27.69,29.673333333,25.916666667,27.74
m150,cpu,utilization,29.14,29.38,29.45,37.64,49.94,49.275,48.92,49.778333333,50.0,51.035,48.79,51.94,49.783333333,50.42
