name,machine_type,trace,-10,-9,-8,-7,-6,-5,-4,-3,-2,-1,0,1,2,3
m388,cpu,utilization,25.613333333,27.856666667,28.095,28.158333333,27.773333333,27.7,27.7,27.7,27.7,27.7,27.723333333,27.8,27.908333333,28.206666667
