name,machine_type,trace,-10,-9,-8,-7,-6,-5,-4,-3,-2,-1,0,1,2,3
m147,cpu,utilization,29.933333333,30.635,30.896666667,31.0,30.75,29.86,29.59,30.335,30.8,30.843333333,30.66,30.195,30.126666667,29.85
