name,machine_type,trace,-10,-9,-8,-7,-6,-5,-4,-3,-2,-1,0,1,2,3
m2,cpu,utilization,18.2,18.3,19.13,18.6,18.426666667,16.343333333,9.14,8.575,4.02,0.5,0.47833333333,0.42,0.5,0.47833333333
