name,machine_type,trace,-10,-9,-8,-7,-6,-5,-4,-3,-2,-1,0,1,2,3
m11,cpu,utilization,63.795,53.77,55.44,63.7,63.7,63.6,63.6,63.6,63.693333333,55.046666667,55.19,63.6,63.6,63.6
