name,machine_type,trace,-10,-9,-8,-7,-6,-5,-4,-3,-2,-1,0,1,2,3
m149,cpu,utilization,21.34,21.5,22.1,22.1,21.38,20.06,21.303333333,22.093333333,21.75,21.5,21.126666667,21.8,20.65,20.056666667
