name,machine_type,trace,-10,-9,-8,-7,-6,-5,-4,-3,-2,-1,0,1,2,3
m369,cpu,utilization,0.36,0.4,0.24666666667,0.27333333333,0.3,0.22666666667,0.2,0.2,0.2,0.2,0.2,0.2,0.2,0.2
