name,machine_type,trace,-10,-9,-8,-7,-6,-5,-4,-3,-2,-1,0,1,2,3
m390,cpu,utilization,25.2,25.27,25.26,24.52,25.243333333,24.25,22.973333333,20.37,19.6,19.013333333,18.586666667,19.6,19.6,19.558333333
