name,machine_type,trace,-10,-9,-8,-7,-6,-5,-4,-3,-2,-1,0,1,2,3
m259,cpu,utilization,23.96,23.035,22.575,21.74,22.383333333,22.86,22.81,23.31,23.566666667,23.105,22.64,22.97,21.578333333,21.796666667
