name,machine_type,trace,-10,-9,-8,-7,-6,-5,-4,-3,-2,-1,0,1,2,3
m150,cpu,utilization,28.785,28.715,28.8,28.813333333,28.945,29.2,29.18,29.076666667,29.043333333,29.15,28.973333333,28.975,29.2,29.16
