name,machine_type,trace,-10,-9,-8,-7,-6,-5,-4,-3,-2,-1,0,1,2,3
m155,cpu,utilization,13.5,13.8,13.7,13.5,13.76,13.9,13.963333333,13.935,13.9,13.966666667,13.935,13.9,13.69,14.245
m297,cpu,utilization,7.2533333333,6.84,9.66,11.363333333,11.4,11.4,11.4,11.4,11.4,11.4,11.4,11.4,11.4,11.4
m268,cpu,utilization,10.6,9.88,8.86,8.5,9.67,9.56,9.86,10.3,10.3,10.3,10.235,10.06,10.0,10.286666667
m39,cpu,utilization,8.6,8.9,9.04,9.0,9.0,9.0,8.8733333333,8.8,8.87,9.0333333333,9.1,9.17,8.78,8.6
