name,machine_type,trace,-10,-9,-8,-7,-6,-5,-4,-3,-2,-1,0,1,2,3
m375,cpu,utilization,10.5,10.408333333,10.4,10.665,10.425,10.4,10.4,10.488333333,10.5,10.588333333,10.246666667,11.025,11.1,10.633333333
