name,machine_type,trace,-10,-9,-8,-7,-6,-5,-4,-3,-2,-1,0,1,2,3
m37,cpu,utilization,0.3,0.3,0.3,0.3,0.38,0.83333333333,0.4,0.4,0.4,0.4,0.38333333333,0.31833333333,0.4,0.38
