name,machine_type,trace,-10,-9,-8,-7,-6,-5,-4,-3,-2,-1,0,1,2,3
m128,cpu,utilization,6.2,5.8966666667,5.5,7.3,7.275,6.32,4.4866666667,6.1,9.52,18.83,20.51,17.5,17.476666667,17.42
