name,machine_type,trace,-10,-9,-8,-7,-6,-5,-4,-3,-2,-1,0,1,2,3
m159,cpu,utilization,21.893333333,18.3,18.32,14.853333333,8.05,21.475,19.193333333,21.29,17.67,16.586666667,19.555,14.788333333,6.5783333333,17.956666667
