name,machine_type,trace,-10,-9,-8,-7,-6,-5,-4,-3,-2,-1,0,1,2,3
m298,cpu,utilization,17.2,16.893333333,16.881666667,16.9,17.38,17.425,17.19,17.305,17.21,16.791666667,16.726666667,16.8,16.8,16.73
