name,machine_type,trace,-10,-9,-8,-7,-6,-5,-4,-3,-2,-1,0,1,2,3
m88,cpu,utilization,23.63,23.51,23.485,25.816666667,24.52,24.526666667,24.82,23.166666667,24.486666667,24.97,23.573333333,23.968333333,25.585,25.58
