name,machine_type,trace,-10,-9,-8,-7,-6,-5,-4,-3,-2,-1,0,1,2,3
m112,cpu,utilization,48.371666667,48.27,41.375,32.8,42.801666667,46.653333333,47.495,46.66,45.666666667,38.346666667,34.806666667,48.2,48.173333333,47.44
m41,cpu,utilization,48.2,48.2,40.85,32.466666667,44.84,47.8,46.88,46.396666667,44.833333333,34.958333333,32.966666667,48.0,48.0,47.28
