name,machine_type,trace,-10,-9,-8,-7,-6,-5,-4,-3,-2,-1,0,1,2,3
m324,cpu,utilization,18.158333333,18.2,21.5,20.55,18.24,18.2,18.2,18.313333333,18.4,18.245,18.1,18.143333333,18.013333333,18.133333333
