name,machine_type,trace,-10,-9,-8,-7,-6,-5,-4,-3,-2,-1,0,1,2,3
m161,cpu,utilization,24.766666667,24.96,25.168333333,25.063333333,25.0,25.13,24.82,24.6,25.008333333,24.94,24.7,24.946666667,25.043333333,25.103333333
m394,cpu,utilization,0.43333333333,0.5,0.43166666667,0.26333333333,0.2,0.2,0.26333333333,0.3,9.1083333333,15.82,6.62,3.0133333333,7.4766666667,10.168333333
m33,cpu,utilization,0.23333333333,0.2,0.2,0.2,0.2,0.2,0.2,0.2,0.2,0.2,0.2,0.2,0.2,0.2
