name,machine_type,trace,-10,-9,-8,-7,-6,-5,-4,-3,-2,-1,0,1,2,3
m23,cpu,utilization,29.48,29.5,29.5,29.5,29.533333333,29.958333333,29.5,29.486666667,29.408333333,29.5,29.48,29.311666667,29.4,29.325
