name,machine_type,trace,-10,-9,-8,-7,-6,-5,-4,-3,-2,-1,0,1,2,3
m177,cpu,utilization,0.38,0.48,0.5,0.41833333333,0.32333333333,0.3,0.37833333333,0.32333333333,0.3,0.38333333333,0.31833333333,0.3,0.37833333333,0.325
