name,machine_type,trace,-10,-9,-8,-7,-6,-5,-4,-3,-2,-1,0,1,2,3
m374,cpu,utilization,5.4,5.3983333333,5.3,5.305,5.3916666667,5.3,5.3133333333,5.39,5.3,5.3066666667,5.39,5.3,5.31,5.3883333333
m183,cpu,utilization,20.305,33.696666667,35.063333333,36.96,38.016666667,35.866666667,22.246666667,22.47,26.725,21.106666667,35.48,37.848333333,36.83,37.44
