name,machine_type,trace,-10,-9,-8,-7,-6,-5,-4,-3,-2,-1,0,1,2,3
m214,cpu,utilization,9.9066666667,10.363333333,10.698333333,9.9516666667,10.453333333,10.3,10.3,10.206666667,10.04,10.425,10.2,10.048333333,9.565,9.9333333333
m224,cpu,utilization,9.9866666667,9.54,9.89,9.4,9.61,10.033333333,9.3,9.4166666667,9.73,9.45,9.235,9.065,9.3866666667,9.78
