name,machine_type,trace,-10,-9,-8,-7,-6,-5,-4,-3,-2,-1,0,1,2,3
m400,cpu,utilization,63.76,61.9,60.52,38.27,38.191666667,30.366666667,30.0,30.0,30.025,30.595,38.9,63.205,63.34,63.84
