name,machine_type,trace,-10,-9,-8,-7,-6,-5,-4,-3,-2,-1,0,1,2,3
m309,cpu,utilization,16.7,12.453333333,17.086666667,17.9,17.635,17.513333333,17.5,17.588333333,17.513333333,17.5,17.933333333,17.83,17.8,18.453333333
