name,machine_type,trace,-10,-9,-8,-7,-6,-5,-4,-3,-2,-1,0,1,2,3
m368,cpu,utilization,29.2,29.46,29.758333333,29.565,29.443333333,29.458333333,29.4,18.22,3.6,3.05,2.965,15.821666667,29.1,29.35
