name,machine_type,trace,-10,-9,-8,-7,-6,-5,-4,-3,-2,-1,0,1,2,3
m36,cpu,utilization,18.233333333,18.278333333,18.1,18.525,17.643333333,15.42,11.433333333,17.7,17.835,18.6,18.213333333,16.015,17.93,19.09
