name,machine_type,trace,-10,-9,-8,-7,-6,-5,-4,-3,-2,-1,0,1,2,3
m207,cpu,utilization,13.483333333,14.033333333,13.443333333,13.84,14.936666667,15.026666667,12.833333333,14.023333333,13.49,14.685,13.366666667,14.16,14.533333333,14.366666667
m223,cpu,utilization,13.643333333,13.541666667,13.5,13.56,12.903333333,13.196666667,13.733333333,13.8,14.15,10.01,7.9,8.0,7.5333333333,7.6333333333
m207,cpu,utilization,13.483333333,14.033333333,13.443333333,13.84,14.936666667,15.026666667,12.833333333,14.023333333,13.49,14.685,13.366666667,14.16,14.533333333,14.366666667
m223,cpu,utilization,13.643333333,13.541666667,13.5,13.56,12.903333333,13.196666667,13.733333333,13.8,14.15,10.01,7.9,8.0,7.5333333333,7.6333333333
m207,cpu,utilization,13.483333333,14.033333333,13.443333333,13.84,14.936666667,15.026666667,12.833333333,14.023333333,13.49,14.685,13.366666667,14.16,14.533333333,14.366666667
m207,cpu,utilization,13.483333333,14.033333333,13.443333333,13.84,14.936666667,15.026666667,12.833333333,14.023333333,13.49,14.685,13.366666667,14.16,14.533333333,14.366666667
m223,cpu,utilization,13.643333333,13.541666667,13.5,13.56,12.903333333,13.196666667,13.733333333,13.8,14.15,10.01,7.9,8.0,7.5333333333,7.6333333333
m207,cpu,utilization,13.483333333,14.033333333,13.443333333,13.84,14.936666667,15.026666667,12.833333333,14.023333333,13.49,14.685,13.366666667,14.16,14.533333333,14.366666667
