name,machine_type,trace,-10,-9,-8,-7,-6,-5,-4,-3,-2,-1,0,1,2,3
m385,cpu,utilization,10.62,11.4,14.048333333,11.5,14.2,18.905,20.26,21.65,21.841666667,22.341666667,22.51,22.4,21.44,21.08
m287,cpu,utilization,15.96,15.265,19.65,16.9,16.5,20.41,19.455,18.2,19.685,19.863333333,19.295,19.695,21.94,28.38
m25,cpu,utilization,17.88,19.55,25.348333333,23.3,22.9,25.435,27.41,30.35,31.671666667,31.725,31.78,31.575,31.72,31.42
m395,cpu,utilization,6.34,9.265,16.083333333,13.7,14.15,16.775,15.68,15.9,15.943333333,15.663333333,16.755,16.79,16.38,16.2
m25,cpu,utilization,17.88,19.55,25.348333333,23.3,22.9,25.435,27.41,30.35,31.671666667,31.725,31.78,31.575,31.72,31.42
m258,cpu,utilization,29.06,26.105,29.218333333,26.3,24.1,26.32,27.75,27.3,27.445,27.6,27.375,27.28,27.78,27.28
m395,cpu,utilization,6.34,9.265,16.083333333,13.7,14.15,16.775,15.68,15.9,15.943333333,15.663333333,16.755,16.79,16.38,16.2
m418,cpu,utilization,37.1,37.42,41.23,37.65,37.05,40.46,40.485,42.2,43.6,44.083333333,46.58,49.945,50.46,49.5
