name,machine_type,trace,-10,-9,-8,-7,-6,-5,-4,-3,-2,-1,0,1,2,3
m191,cpu,utilization,22.783333333,23.583333333,22.7,22.7,22.718333333,22.783333333,23.268333333,25.128333333,22.76,23.0,23.0,22.956666667,22.781666667,22.7
