name,machine_type,trace,-10,-9,-8,-7,-6,-5,-4,-3,-2,-1,0,1,2,3
m91,cpu,utilization,4.8,11.775,18.406666667,18.5,18.95,18.831666667,18.3,18.4,18.451666667,18.4,18.451666667,18.345,18.2,18.2
