name,machine_type,trace,-10,-9,-8,-7,-6,-5,-4,-3,-2,-1,0,1,2,3
m0,cpu,utilization,0.2,0.28166666667,0.3,0.225,0.2,0.2,0.2,0.2,0.2,0.2,0.27,0.3,0.23166666667,0.2
