name,machine_type,trace,-10,-9,-8,-7,-6,-5,-4,-3,-2,-1,0,1,2,3
m7,cpu,utilization,18.475,19.016666667,18.806666667,19.678333333,19.516666667,20.086666667,19.8,19.6,19.04,19.816666667,19.42,21.1,17.96,13.24
