name,machine_type,trace,-10,-9,-8,-7,-6,-5,-4,-3,-2,-1,0,1,2,3
m6,cpu,utilization,25.6,25.656666667,25.7,25.7,25.51,25.58,24.475,20.158333333,12.826666667,13.576666667,22.016666667,25.6,25.546666667,25.551666667
