name,machine_type,trace,-10,-9,-8,-7,-6,-5,-4,-3,-2,-1,0,1,2,3
m376,cpu,utilization,14.0,13.98,13.74,14.1,14.1,14.093333333,14.0,14.0,14.01,14.1,14.106666667,14.18,13.9,13.946666667
