name,machine_type,trace,-10,-9,-8,-7,-6,-5,-4,-3,-2,-1,0,1,2,3
m14,cpu,utilization,23.83,24.1,24.065,23.8,23.8,23.94,24.826666667,23.683333333,23.6,23.646666667,23.778333333,23.7,23.61,23.4
