name,machine_type,trace,-10,-9,-8,-7,-6,-5,-4,-3,-2,-1,0,1,2,3
m232,cpu,utilization,0.8,0.2,0.295,0.3,0.21166666667,0.28833333333,0.3,0.21,0.28666666667,0.3,0.20833333333,0.29,0.3,0.20833333333
