name,machine_type,trace,-10,-9,-8,-7,-6,-5,-4,-3,-2,-1,0,1,2,3
m294,cpu,utilization,33.813333333,30.491666667,30.333333333,35.32,27.936666667,26.828333333,29.8,29.586666667,30.45,30.62,33.48,30.18,32.576666667,34.79
