name,machine_type,trace,-10,-9,-8,-7,-6,-5,-4,-3,-2,-1,0,1,2,3
m415,cpu,utilization,34.44,31.24,32.085,15.551666667,32.65,33.308333333,34.01,30.253333333,33.648333333,28.28,34.418333333,32.466666667,24.8,33.773333333
m67,cpu,utilization,32.92,28.3,32.1,17.141666667,32.825,35.3,34.5,28.18,32.803333333,26.15,35.5,33.916666667,27.76,33.425
