name,machine_type,trace,-10,-9,-8,-7,-6,-5,-4,-3,-2,-1,0,1,2,3
m342,cpu,utilization,0.81666666667,0.38666666667,0.3,0.38,0.78333333333,1.02,0.58166666667,1.2966666667,0.32666666667,0.375,0.3,0.3,0.3,0.3
