name,machine_type,trace,-10,-9,-8,-7,-6,-5,-4,-3,-2,-1,0,1,2,3
m96,cpu,utilization,0.4,0.42,0.5,0.48,0.4,0.4,0.4,0.41666666667,0.5,0.46333333333,0.315,0.4,0.505,1.04
