name,machine_type,trace,-10,-9,-8,-7,-6,-5,-4,-3,-2,-1,0,1,2,3
m162,cpu,utilization,10.925,12.008333333,14.061666667,14.4,14.141666667,13.366666667,12.9,13.528333333,14.248333333,14.3,13.31,13.215,13.906666667,13.893333333
