name,machine_type,trace,-10,-9,-8,-7,-6,-5,-4,-3,-2,-1,0,1,2,3
m22,cpu,utilization,5.91,27.44,27.64,30.22,31.466666667,28.78,27.09,28.125,28.05,30.85,31.26,28.72,27.268333333,29.475
