name,machine_type,trace,-10,-9,-8,-7,-6,-5,-4,-3,-2,-1,0,1,2,3
m116,cpu,utilization,16.9,16.91,17.215,17.3,16.98,17.05,17.1,17.18,17.2,16.9,16.956666667,16.846666667,16.8,17.24
