name,machine_type,trace,-10,-9,-8,-7,-6,-5,-4,-3,-2,-1,0,1,2,3
m263,cpu,utilization,42.7,42.7,42.8,42.9,42.9,42.843333333,42.8,42.855,43.175,43.4,43.186666667,36.653333333,28.515,30.833333333
