name,machine_type,trace,-10,-9,-8,-7,-6,-5,-4,-3,-2,-1,0,1,2,3
m132,cpu,utilization,0.4,0.34333333333,0.3,0.3,0.3,0.3,0.3,0.36166666667,0.335,0.3,0.365,0.34,0.3,0.3
