name,machine_type,trace,-10,-9,-8,-7,-6,-5,-4,-3,-2,-1,0,1,2,3
m148,cpu,utilization,25.045,25.68,26.38,26.5,23.46,23.44,24.775,24.9,24.956666667,24.886666667,24.8,24.63,24.766666667,24.896666667
