name,machine_type,trace,-10,-9,-8,-7,-6,-5,-4,-3,-2,-1,0,1,2,3
m406,cpu,utilization,1.9,2.0,2.2,2.2,2.13,2.0666666667,2.2,2.1433333333,1.9733333333,1.9,1.9,2.005,2.2,2.07
