name,machine_type,trace,-10,-9,-8,-7,-6,-5,-4,-3,-2,-1,0,1,2,3
m264,cpu,utilization,13.486666667,11.646666667,8.0,6.9,6.9,6.9,7.0666666667,8.22,2.0766666667,0.3,0.3,0.46,0.41666666667,0.4
