name,machine_type,trace,-10,-9,-8,-7,-6,-5,-4,-3,-2,-1,0,1,2,3
m33,cpu,utilization,13.601666667,14.191666667,13.118333333,13.118333333,13.118333333,12.916666667,12.9,12.9,13.08,13.1,13.1,13.1,6.14,12.376666667
