name,machine_type,trace,-10,-9,-8,-7,-6,-5,-4,-3,-2,-1,0,1,2,3
m395,cpu,utilization,4.9,5.9,6.4,6.4,6.26,8.78,8.94,8.5316666667,14.445,17.131666667,18.39,20.5,19.13,19.55
