name,machine_type,trace,-10,-9,-8,-7,-6,-5,-4,-3,-2,-1,0,1,2,3
m158,cpu,utilization,16.373333333,16.691666667,17.7,17.1,16.286666667,16.87,17.558333333,17.7,16.768333333,16.476666667,17.306666667,17.6,15.84,16.153333333
