name,machine_type,trace,-10,-9,-8,-7,-6,-5,-4,-3,-2,-1,0,1,2,3
m14,cpu,utilization,20.8,20.803333333,20.805,19.19,20.86,20.5,20.5,20.46,19.9,19.766666667,18.3,18.433333333,20.3,20.293333333
