name,machine_type,trace,-10,-9,-8,-7,-6,-5,-4,-3,-2,-1,0,1,2,3
m298,cpu,utilization,32.025,31.9,32.03,32.168333333,32.2,32.135,32.31,32.4,32.335,32.09,32.0,31.59,31.058333333,32.033333333
