name,machine_type,trace,-10,-9,-8,-7,-6,-5,-4,-3,-2,-1,0,1,2,3
m357,cpu,utilization,29.58,29.58,28.64,29.77,28.9,28.615,23.56,28.6,28.49,27.815,30.108333333,29.1,29.15,29.726666667
