name,machine_type,trace,-10,-9,-8,-7,-6,-5,-4,-3,-2,-1,0,1,2,3
m402,cpu,utilization,49.316666667,67.011666667,51.4,63.956666667,52.385,66.35,50.961666667,68.266666667,46.95,68.86,45.153333333,30.623333333,65.865,46.68
m348,cpu,utilization,73.83,75.29,75.133333333,74.8,50.815,53.65,57.393333333,46.246666667,38.35,71.553333333,81.691666667,81.6,80.346666667,81.28
m40,cpu,utilization,24.171666667,24.2,24.133333333,24.1,24.1,24.1,24.1,24.173333333,24.2,24.2,24.118333333,24.1,24.1,24.1
m147,cpu,utilization,71.101666667,49.963333333,42.8,63.366666667,79.26,81.43,81.741666667,82.266666667,80.675,76.65,80.173333333,80.97,47.451666667,39.56
