name,machine_type,trace,-10,-9,-8,-7,-6,-5,-4,-3,-2,-1,0,1,2,3
m40,cpu,utilization,9.4333333333,10.221666667,9.7583333333,7.8,8.01,9.13,8.5833333333,8.4233333333,9.1,9.05,7.79,0.47333333333,0.30833333333,0.42
