name,machine_type,trace,-10,-9,-8,-7,-6,-5,-4,-3,-2,-1,0,1,2,3
m385,cpu,utilization,28.913333333,29.333333333,29.4,30.283333333,29.88,29.8,30.233333333,30.3,30.3,30.216666667,30.115,30.1,30.27,30.47
