name,machine_type,trace,-10,-9,-8,-7,-6,-5,-4,-3,-2,-1,0,1,2,3
m159,cpu,utilization,0.3,0.28833333333,0.2,0.2,0.225,0.49333333333,0.3,0.30166666667,0.39,0.2,0.25166666667,0.25166666667,0.2,0.20333333333
