name,machine_type,trace,-10,-9,-8,-7,-6,-5,-4,-3,-2,-1,0,1,2,3
m213,cpu,utilization,0.74833333333,0.33666666667,0.3,4.5666666667,7.6316666667,7.785,8.675,8.925,8.1666666667,7.9,7.3983333333,7.4,7.5,7.92
m142,cpu,utilization,0.46833333333,0.5,0.43666666667,4.6,5.6966666667,5.5866666667,7.425,7.7,8.1133333333,8.3683333333,9.045,7.8333333333,7.36,7.08
m311,cpu,utilization,10.4,4.6366666667,0.73,0.46666666667,0.5,0.42833333333,0.475,1.175,1.4,0.785,0.5,0.96666666667,0.68,0.4
m224,cpu,utilization,0.67333333333,0.48333333333,0.3,5.9666666667,7.51,7.7883333333,8.4,8.425,7.0066666667,8.2083333333,8.355,5.3,6.76,8.23
m306,cpu,utilization,6.1366666667,6.01,5.9,6.0333333333,6.1,7.2466666667,7.7,5.825,5.2,5.815,6.1716666667,6.5333333333,6.96,6.75
m62,cpu,utilization,0.5,0.5,0.69,0.53333333333,0.47166666667,0.5,0.425,0.325,0.37333333333,0.4,0.32833333333,0.3,0.625,0.8
m291,cpu,utilization,0.4,0.52666666667,1.6766666667,6.2333333333,7.0533333333,5.955,7.875,2.45,5.9733333333,8.0,8.3583333333,7.9,8.51,9.0
m89,cpu,utilization,6.475,6.0,5.9366666667,6.0333333333,6.1,7.39,8.275,6.525,5.9,6.105,6.1283333333,6.1,6.1,6.1
