name,machine_type,trace,-10,-9,-8,-7,-6,-5,-4,-3,-2,-1,0,1,2,3
m373,cpu,utilization,26.275,25.016666667,24.806666667,26.15,26.028333333,26.19,26.4,26.595,27.3,27.113333333,26.5,25.931666667,23.34,23.0
m235,cpu,utilization,24.925,24.253333333,25.426666667,25.25,24.67,25.1,24.94,24.5,21.423333333,10.3,9.0166666667,3.975,1.335,7.85
