name,machine_type,trace,-10,-9,-8,-7,-6,-5,-4,-3,-2,-1,0,1,2,3
m211,cpu,utilization,28.91,29.333333333,30.8,31.226666667,31.1,30.966666667,30.47,31.125,27.64,24.3,24.06,31.25,30.35,30.546666667
