name,machine_type,trace,-10,-9,-8,-7,-6,-5,-4,-3,-2,-1,0,1,2,3
m173,cpu,utilization,17.058333333,17.183333333,14.1,7.23,7.24,7.5,7.83,8.1066666667,7.9333333333,12.32,16.8,17.025,16.95,15.778333333
