name,machine_type,trace,-10,-9,-8,-7,-6,-5,-4,-3,-2,-1,0,1,2,3
m158,cpu,utilization,23.88,21.65,21.033333333,21.958333333,22.4,22.241666667,20.958333333,25.93,24.6,24.686666667,25.71,24.151666667,25.35,25.9
