name,machine_type,trace,-10,-9,-8,-7,-6,-5,-4,-3,-2,-1,0,1,2,3
m216,cpu,utilization,24.75,25.236666667,25.2,22.82,22.4,22.22,22.37,22.4,22.306666667,21.841666667,24.273333333,22.85,22.663333333,22.7
