name,machine_type,trace,-10,-9,-8,-7,-6,-5,-4,-3,-2,-1,0,1,2,3
m319,cpu,utilization,28.9,29.46,29.14,29.1,30.0,29.275,29.2,29.11,29.185,29.2,30.55,30.353333333,30.3,30.393333333
