name,machine_type,trace,-10,-9,-8,-7,-6,-5,-4,-3,-2,-1,0,1,2,3
m349,cpu,utilization,27.92,29.053333333,28.44,28.655,28.4,28.483333333,28.588333333,27.44,28.81,28.858333333,28.38,28.0,28.361666667,28.361666667
