name,machine_type,trace,-10,-9,-8,-7,-6,-5,-4,-3,-2,-1,0,1,2,3
m275,cpu,utilization,24.716666667,25.25,22.54,23.181666667,28.9,28.076666667,25.1,25.063333333,24.9,24.271666667,22.833333333,27.366666667,28.253333333,23.63
