name,machine_type,trace,-10,-9,-8,-7,-6,-5,-4,-3,-2,-1,0,1,2,3
m386,cpu,utilization,30.3,30.3,29.908333333,29.8,30.093333333,30.2,30.2,30.133333333,30.1,30.1,30.1,30.168333333,30.131666667,30.165
