name,machine_type,trace,-10,-9,-8,-7,-6,-5,-4,-3,-2,-1,0,1,2,3
m200,cpu,utilization,14.0,13.943333333,13.8,13.853333333,13.0,9.7183333333,9.635,13.836666667,14.0,13.983333333,13.9,13.888333333,13.8,13.321666667
