name,machine_type,trace,-10,-9,-8,-7,-6,-5,-4,-3,-2,-1,0,1,2,3
m274,cpu,utilization,22.315,22.34,23.825,26.083333333,24.915,23.566666667,25.2,25.2,24.72,22.8,22.905,23.98,25.3,22.808333333
