name,machine_type,trace,-10,-9,-8,-7,-6,-5,-4,-3,-2,-1,0,1,2,3
m126,cpu,utilization,15.733333333,15.485,15.533333333,15.033333333,14.94,15.42,15.67,15.9,16.0,16.506666667,15.381666667,15.2,15.87,14.86
