name,machine_type,trace,-10,-9,-8,-7,-6,-5,-4,-3,-2,-1,0,1,2,3
m199,cpu,utilization,9.1,8.865,8.3833333333,8.6266666667,8.7,8.8666666667,8.9,8.9,8.635,8.685,8.7,7.8,6.86,10.22
