name,machine_type,trace,-10,-9,-8,-7,-6,-5,-4,-3,-2,-1,0,1,2,3
m16,cpu,utilization,27.575,26.723333333,27.42,27.6,27.273333333,26.945,26.9,31.8,29.96,27.263333333,29.925,30.58,29.921666667,29.771666667
