name,machine_type,trace,-10,-9,-8,-7,-6,-5,-4,-3,-2,-1,0,1,2,3
m190,cpu,utilization,17.3,18.235,18.093333333,19.575,19.76,17.865,17.1,17.358333333,17.89,17.25,17.3,18.086666667,17.9,18.433333333
