name,machine_type,trace,-10,-9,-8,-7,-6,-5,-4,-3,-2,-1,0,1,2,3
m258,cpu,utilization,29.716666667,30.3,29.35,29.6,29.66,30.235,30.5,30.391666667,29.24,30.0,30.053333333,30.6,28.96,30.066666667
