name,machine_type,trace,-10,-9,-8,-7,-6,-5,-4,-3,-2,-1,0,1,2,3
m249,cpu,utilization,8.2,8.35,8.7,8.7,8.7266666667,8.24,6.86,8.7,8.7233333333,8.775,8.9133333333,9.41,8.2333333333,7.29
