name,machine_type,trace,-10,-9,-8,-7,-6,-5,-4,-3,-2,-1,0,1,2,3
m154,cpu,utilization,3.8,4.4283333333,4.62,4.2566666667,4.3,4.5533333333,4.2566666667,4.0,4.3083333333,4.6166666667,4.7,4.4333333333,4.1483333333,4.3
m189,cpu,utilization,7.1933333333,4.2233333333,4.0333333333,4.4433333333,4.88,4.1866666667,6.26,8.7866666667,7.8583333333,9.0,10.5,9.4333333333,9.7916666667,10.95
m378,cpu,utilization,10.9,8.2416666667,5.3466666667,3.8266666667,2.7,3.7133333333,3.6033333333,6.345,8.3,8.3,8.6733333333,8.52,9.8566666667,11.1
m151,cpu,utilization,7.7133333333,7.1616666667,5.4133333333,5.8433333333,6.56,6.3266666667,6.4633333333,4.4033333333,4.1483333333,5.9666666667,7.28,7.6466666667,7.3933333333,6.65
