name,machine_type,trace,-10,-9,-8,-7,-6,-5,-4,-3,-2,-1,0,1,2,3
m21,cpu,utilization,7.9,7.8966666667,7.8033333333,7.9,7.8933333333,7.805,7.9,7.9,7.8,6.755,0.74166666667,0.2,0.2,6.92
