name,machine_type,trace,-10,-9,-8,-7,-6,-5,-4,-3,-2,-1,0,1,2,3
m120,cpu,utilization,12.3,15.2,22.19,22.966666667,16.566666667,15.646666667,10.846666667,14.428333333,15.866666667,14.96,22.225,25.94,25.26,16.546666667
