name,machine_type,trace,-10,-9,-8,-7,-6,-5,-4,-3,-2,-1,0,1,2,3
m394,cpu,utilization,24.9,24.998333333,25.0,25.0,24.9,25.491666667,25.0,25.0,25.001666667,25.1,25.095,25.003333333,25.2,25.196666667
m284,cpu,utilization,23.215,23.2,22.426666667,22.4,22.5,22.5,22.523333333,23.16,22.4,22.42,22.7,22.693333333,22.3,22.3
m171,cpu,utilization,17.285,17.201666667,17.2,17.2,18.7,20.1,19.9,13.94,10.9,10.9,11.51,23.093333333,22.65,21.7
m57,cpu,utilization,21.51,24.453333333,23.823333333,21.425,23.8,25.385,24.113333333,12.855,12.106666667,18.4,18.23,15.058333333,18.5,18.413333333
