name,machine_type,trace,-10,-9,-8,-7,-6,-5,-4,-3,-2,-1,0,1,2,3
m282,cpu,utilization,13.053333333,10.5,12.986666667,13.928333333,14.115,14.05,12.05,13.55,15.31,12.85,13.356666667,11.4,14.56,12.29
