name,machine_type,trace,-10,-9,-8,-7,-6,-5,-4,-3,-2,-1,0,1,2,3
m105,cpu,utilization,22.366666667,22.3,22.366666667,22.443333333,22.333333333,22.4,22.37,22.3,22.3,22.331666667,22.431666667,22.5,22.553333333,22.613333333
