name,machine_type,trace,-10,-9,-8,-7,-6,-5,-4,-3,-2,-1,0,1,2,3
m268,cpu,utilization,18.14,17.941666667,18.0,17.791666667,17.625,17.8,17.851666667,17.95,18.05,18.151666667,18.06,17.796666667,17.796666667,17.9
m242,cpu,utilization,19.1,19.1,19.1,18.808333333,18.4,18.633333333,18.951666667,19.0,19.05,19.358333333,19.6,19.135,18.845,19.213333333
