name,machine_type,trace,-10,-9,-8,-7,-6,-5,-4,-3,-2,-1,0,1,2,3
m119,cpu,utilization,6.7783333333,7.175,6.83,6.7,6.7,4.38,6.095,6.5,6.5866666667,6.6,6.6,6.685,6.6116666667,6.865
