name,machine_type,trace,-10,-9,-8,-7,-6,-5,-4,-3,-2,-1,0,1,2,3
m14,cpu,utilization,22.5,23.095,22.533333333,22.4,22.226666667,22.546666667,22.6,22.6,22.505,23.176666667,23.2,24.281666667,22.59,22.41
