name,machine_type,trace,-10,-9,-8,-7,-6,-5,-4,-3,-2,-1,0,1,2,3
m169,cpu,utilization,8.375,8.6833333333,8.7,8.2166666667,8.5933333333,8.6,5.5,0.56,0.205,0.2,0.2,0.29333333333,0.3,0.3
