name,machine_type,trace,-10,-9,-8,-7,-6,-5,-4,-3,-2,-1,0,1,2,3
m26,cpu,utilization,0.74666666667,0.5,0.465,0.43666666667,0.5,0.465,0.46333333333,0.56666666667,0.43,0.3,0.36,0.5,0.5,0.5
m151,cpu,utilization,0.52333333333,0.4,0.4,0.65666666667,0.855,0.4,0.4,0.43333333333,0.5,0.46833333333,0.37,0.3,0.32666666667,0.64
m104,cpu,utilization,0.4,0.4,0.435,0.46333333333,0.4,0.435,0.46833333333,0.4,0.435,0.46833333333,0.4,0.42666666667,0.5,0.74
m84,cpu,utilization,0.73166666667,0.38,0.5,0.46333333333,0.4,0.4,0.36833333333,0.36666666667,0.5,0.43666666667,0.36,0.5,0.44666666667,0.45
