name,machine_type,trace,-10,-9,-8,-7,-6,-5,-4,-3,-2,-1,0,1,2,3
m298,cpu,utilization,28.598333333,27.956666667,27.7,27.78,28.055,28.355,28.4,28.23,28.853333333,29.0,27.895,27.616666667,27.926666667,28.0
m390,cpu,utilization,30.161666667,30.246666667,30.2,28.84,29.945,28.585,29.66,29.73,29.863333333,29.9,29.39,28.633333333,28.745,28.8
