name,machine_type,trace,-10,-9,-8,-7,-6,-5,-4,-3,-2,-1,0,1,2,3
m364,cpu,utilization,24.466666667,26.85,24.096666667,26.12,25.573333333,24.225,21.001666667,20.2,20.736666667,20.655,19.155,24.68,21.193333333,20.5
