name,machine_type,trace,-10,-9,-8,-7,-6,-5,-4,-3,-2,-1,0,1,2,3
m58,cpu,utilization,79.083333333,72.13,76.591666667,49.75,80.146666667,80.43,74.67,79.453333333,70.18,80.79,77.893333333,76.083333333,72.74,74.115
