name,machine_type,trace,-10,-9,-8,-7,-6,-5,-4,-3,-2,-1,0,1,2,3
m235,cpu,utilization,24.8,24.8,24.89,24.4,23.411666667,26.75,31.58,29.12,24.8,24.8,24.25,23.743333333,25.09,25.943333333
m199,cpu,utilization,35.005,34.9,34.41,34.9,34.615,35.995,39.22,37.02,34.723333333,34.46,34.163333333,34.448333333,34.96,34.4
m375,cpu,utilization,36.645,37.1,36.53,35.566666667,37.186666667,40.745,43.24,42.4,39.985,36.1,35.733333333,35.48,36.36,36.556666667
m25,cpu,utilization,26.225,25.9,25.84,25.6,24.671666667,25.83,30.98,28.82,25.4,25.4,25.656666667,26.005,25.05,24.065
