name,machine_type,trace,-10,-9,-8,-7,-6,-5,-4,-3,-2,-1,0,1,2,3
m172,cpu,utilization,22.566666667,21.82,21.6,21.6,22.35,22.528333333,22.5,23.38,23.163333333,23.0,23.163333333,22.628333333,22.5,22.42
