name,machine_type,trace,-10,-9,-8,-7,-6,-5,-4,-3,-2,-1,0,1,2,3
m86,cpu,utilization,21.453333333,21.35,21.3,21.3,21.23,21.2,21.575,21.4,21.3,21.3,21.223333333,21.988333333,22.3,21.438333333
m375,cpu,utilization,11.2,11.2,11.2,11.2,11.34,11.4,11.25,11.35,11.4,11.553333333,11.6,11.313333333,11.123333333,11.1
m275,cpu,utilization,11.476666667,11.575,11.6,11.526666667,11.57,11.6,11.45,11.475,11.5,11.5,11.5,11.5,11.5,11.5
m331,cpu,utilization,18.206666667,17.925,17.8,17.8,17.8,17.8,17.875,17.825,17.8,17.8,17.8,17.8,17.8,17.8
