name,machine_type,trace,-10,-9,-8,-7,-6,-5,-4,-3,-2,-1,0,1,2,3
m168,cpu,utilization,16.603333333,16.6,16.793333333,16.6,16.608333333,16.693333333,16.6,16.6,16.6,16.6,16.611666667,16.741666667,17.2,17.175
m235,cpu,utilization,25.935,22.326666667,21.9,21.906666667,22.0,22.0,22.006666667,22.22,23.16,22.1,22.088333333,21.991666667,21.97,23.945
