name,machine_type,trace,-10,-9,-8,-7,-6,-5,-4,-3,-2,-1,0,1,2,3
m42,cpu,utilization,29.093333333,29.533333333,28.2,28.83,28.841666667,28.016666667,27.738333333,28.493333333,28.32,27.745,28.58,28.483333333,27.845,27.8
