name,machine_type,trace,-10,-9,-8,-7,-6,-5,-4,-3,-2,-1,0,1,2,3
m12,cpu,utilization,17.443333333,16.85,16.94,17.3,17.41,17.273333333,17.1,17.046666667,16.943333333,16.9,17.23,17.073333333,16.7,17.02
