name,machine_type,trace,-10,-9,-8,-7,-6,-5,-4,-3,-2,-1,0,1,2,3
m375,cpu,utilization,25.4,25.395,24.85,24.52,25.103333333,28.793333333,28.793333333,24.7,26.246666667,25.35,28.966666667,28.18,25.113333333,24.45
