name,machine_type,trace,-10,-9,-8,-7,-6,-5,-4,-3,-2,-1,0,1,2,3
m350,cpu,utilization,7.1266666667,18.883333333,11.0,20.313333333,21.973333333,14.783333333,16.83,17.566666667,13.94,16.508333333,8.9083333333,17.133333333,16.39,16.783333333
