name,machine_type,trace,-10,-9,-8,-7,-6,-5,-4,-3,-2,-1,0,1,2,3
m415,cpu,utilization,22.28,22.6,22.513333333,22.4,22.246666667,23.0,23.2,22.893333333,21.938333333,21.7,22.2,24.101666667,22.683333333,22.38
