name,machine_type,trace,-10,-9,-8,-7,-6,-5,-4,-3,-2,-1,0,1,2,3
m162,cpu,utilization,21.855,18.893333333,21.65,21.238333333,20.68,21.705,21.9,22.14,22.121666667,18.575,20.75,21.57,21.5,21.908333333
