name,machine_type,trace,-10,-9,-8,-7,-6,-5,-4,-3,-2,-1,0,1,2,3
m270,cpu,utilization,11.87,11.141666667,11.84,12.08,7.85,10.266666667,11.605,10.496666667,11.588333333,11.233333333,11.766666667,11.918333333,7.7333333333,11.066666667
