name,machine_type,trace,-10,-9,-8,-7,-6,-5,-4,-3,-2,-1,0,1,2,3
m388,cpu,utilization,20.1,19.725,19.153333333,19.055,19.0,19.073333333,19.241666667,19.3,19.3,19.03,18.57,18.703333333,19.923333333,20.066666667
