name,machine_type,trace,-10,-9,-8,-7,-6,-5,-4,-3,-2,-1,0,1,2,3
m275,cpu,utilization,29.4,29.113333333,28.211666667,28.25,28.468333333,28.435,29.22,29.395,29.3,28.845,29.185,29.5,29.643333333,29.626666667
