name,machine_type,trace,-10,-9,-8,-7,-6,-5,-4,-3,-2,-1,0,1,2,3
m35,cpu,utilization,35.761666667,33.876666667,33.825,22.765,32.76,41.36,42.4,37.935,35.95,35.095,33.725,34.9,36.496666667,34.45
m134,cpu,utilization,22.49,22.6,22.94,23.595,23.873333333,23.466666667,22.233333333,22.0,21.166666667,20.216666667,20.0,21.275,21.621666667,18.31
