name,machine_type,trace,-10,-9,-8,-7,-6,-5,-4,-3,-2,-1,0,1,2,3
m146,cpu,utilization,31.25,31.4,28.066666667,24.573333333,28.34,31.786666667,31.16,30.74,30.7,28.18,31.04,32.133333333,30.943333333,31.945
