name,machine_type,trace,-10,-9,-8,-7,-6,-5,-4,-3,-2,-1,0,1,2,3
m254,cpu,utilization,25.6,24.653333333,27.306666667,24.555,23.908333333,25.965,24.356666667,25.606666667,24.325,24.2,25.966666667,25.095,24.9,27.741666667
