name,machine_type,trace,-10,-9,-8,-7,-6,-5,-4,-3,-2,-1,0,1,2,3
m223,cpu,utilization,9.0,8.9866666667,8.9,8.92,9.0883333333,9.0,8.9766666667,8.8166666667,8.9,8.9,8.9,8.9133333333,8.95,8.575
