name,machine_type,trace,-10,-9,-8,-7,-6,-5,-4,-3,-2,-1,0,1,2,3
m333,cpu,utilization,20.985,20.9,20.906666667,21.005,21.1,21.096666667,21.0,21.0,21.0,20.99,20.9,20.76,15.761666667,15.761666667
