name,machine_type,trace,-10,-9,-8,-7,-6,-5,-4,-3,-2,-1,0,1,2,3
m412,cpu,utilization,29.92,28.693333333,28.6,28.86,28.9,28.9,29.908333333,28.716666667,28.79,28.8,28.8,28.3425,28.3425,28.785
