name,machine_type,trace,-10,-9,-8,-7,-6,-5,-4,-3,-2,-1,0,1,2,3
m15,cpu,utilization,28.3,28.3,28.3,28.365,28.4,28.333333333,28.3,28.373333333,28.4,28.326666667,28.37,28.4,28.4,28.4
