name,machine_type,trace,-10,-9,-8,-7,-6,-5,-4,-3,-2,-1,0,1,2,3
m330,cpu,utilization,15.521666667,15.745,15.44,16.256666667,13.41,10.8,13.8,15.075,11.736666667,14.6,12.353333333,15.2,12.1,16.5
