name,machine_type,trace,-10,-9,-8,-7,-6,-5,-4,-3,-2,-1,0,1,2,3
m117,cpu,utilization,27.405,27.326666667,26.38,26.2,27.343333333,27.216666667,27.1,27.175,27.2,27.2,27.13,27.1,31.1,35.115
m30,cpu,utilization,22.59,22.8,23.14,22.533333333,21.746666667,22.443333333,22.853333333,22.6,23.41,24.1,23.01,22.5,22.566666667,23.51
m253,cpu,utilization,31.06,31.0,31.17,31.2,30.955,30.746666667,30.7,31.225,31.4,31.4,31.33,31.443333333,31.566666667,31.6
m30,cpu,utilization,22.59,22.8,23.14,22.533333333,21.746666667,22.443333333,22.853333333,22.6,23.41,24.1,23.01,22.5,22.566666667,23.51
