name,machine_type,trace,-10,-9,-8,-7,-6,-5,-4,-3,-2,-1,0,1,2,3
m68,cpu,utilization,0.92833333333,0.49333333333,0.48,0.5,0.33,0.91833333333,0.83,0.535,0.41333333333,0.4,0.4,0.47833333333,0.5,0.65
m20,cpu,utilization,0.4,0.4,0.4,0.4,0.4,0.4,0.4,0.4,0.4,0.4,0.31666666667,0.3,0.45,0.35
m20,cpu,utilization,0.4,0.4,0.4,0.4,0.4,0.4,0.4,0.4,0.4,0.4,0.31666666667,0.3,0.45,0.35
m264,cpu,utilization,0.4,0.32333333333,0.3,0.38,0.4,0.4,0.4,0.4,0.4,0.4,0.73333333333,0.48666666667,1.0,0.675
