name,machine_type,trace,-10,-9,-8,-7,-6,-5,-4,-3,-2,-1,0,1,2,3
m65,cpu,utilization,19.995,21.698333333,15.98,21.366666667,25.203333333,19.458333333,17.163333333,21.853333333,20.708333333,22.725,20.23,25.025,25.413333333,20.446666667
