name,machine_type,trace,-10,-9,-8,-7,-6,-5,-4,-3,-2,-1,0,1,2,3
m200,cpu,utilization,19.04,17.046666667,1.96,12.048333333,15.3,10.4,15.341666667,15.926666667,18.45,3.4,12.06,18.533333333,18.77,18.36
