name,machine_type,trace,-10,-9,-8,-7,-6,-5,-4,-3,-2,-1,0,1,2,3
m237,cpu,utilization,22.7,22.7,22.798333333,23.1,23.18,24.22,23.51,23.6,23.506666667,22.811666667,23.14,25.2,23.293333333,22.9
