name,machine_type,trace,-10,-9,-8,-7,-6,-5,-4,-3,-2,-1,0,1,2,3
m411,cpu,utilization,1.2516666667,0.52833333333,0.6,0.54,0.68333333333,1.0666666667,0.94,1.9466666667,1.6666666667,2.0416666667,1.7,1.7,1.63,1.4233333333
