name,machine_type,trace,-10,-9,-8,-7,-6,-5,-4,-3,-2,-1,0,1,2,3
m313,cpu,utilization,26.56,21.335,21.0,17.215,18.553333333,26.351666667,26.666666667,22.715,18.12,23.0,27.106666667,17.901666667,22.52,17.145
