name,machine_type,trace,-10,-9,-8,-7,-6,-5,-4,-3,-2,-1,0,1,2,3
m164,cpu,utilization,24.906666667,24.18,24.113333333,25.67,25.24,24.456666667,25.6,25.586666667,25.38,24.225,24.14,25.335,24.656666667,25.766666667
