name,machine_type,trace,-10,-9,-8,-7,-6,-5,-4,-3,-2,-1,0,1,2,3
m359,cpu,utilization,15.225,14.12,9.5433333333,7.9733333333,7.6166666667,7.3433333333,7.4533333333,7.6466666667,7.7,11.928333333,13.746666667,13.45,13.983333333,14.56
