name,machine_type,trace,-10,-9,-8,-7,-6,-5,-4,-3,-2,-1,0,1,2,3
m172,cpu,utilization,22.7,23.23,21.693333333,20.3,21.59,21.383333333,23.233333333,20.66,22.275,22.041666667,20.885,21.06,20.98,20.266666667
