name,machine_type,trace,-10,-9,-8,-7,-6,-5,-4,-3,-2,-1,0,1,2,3
m155,cpu,utilization,30.075,28.908333333,29.683333333,29.535,29.245,24.61,20.68,2.9666666667,0.3,0.3,0.22,0.28333333333,6.9583333333,17.05
m105,cpu,utilization,29.0,24.508333333,28.516666667,29.1,26.635,28.72,26.75,3.9666666667,0.33333333333,0.3,0.38,0.4,2.045,15.583333333
