name,machine_type,trace,-10,-9,-8,-7,-6,-5,-4,-3,-2,-1,0,1,2,3
m325,cpu,utilization,8.7366666667,8.7,8.46,8.7666666667,4.7216666667,2.8166666667,3.4,6.7916666667,8.9,8.8366666667,8.86,8.9,8.9,8.76
