name,machine_type,trace,-10,-9,-8,-7,-6,-5,-4,-3,-2,-1,0,1,2,3
m40,cpu,utilization,18.74,18.023333333,16.813333333,18.216666667,17.5,17.526666667,17.6,17.726666667,18.198333333,18.7,18.353333333,18.18,20.275,18.24
