name,machine_type,trace,-10,-9,-8,-7,-6,-5,-4,-3,-2,-1,0,1,2,3
m109,cpu,utilization,6.81,6.6,9.2666666667,8.8466666667,7.14,6.9,6.9916666667,6.91,6.9,7.2533333333,7.025,7.0,7.58,8.8
m185,cpu,utilization,24.666666667,25.6,24.6,24.92,23.093333333,24.533333333,25.075,24.47,25.44,24.54,25.225,23.806666667,25.536666667,24.9
