name,machine_type,trace,-10,-9,-8,-7,-6,-5,-4,-3,-2,-1,0,1,2,3
m253,cpu,utilization,0.41,1.3616666667,3.07,3.7,3.7,3.765,3.6633333333,3.6,3.67,3.7,3.7,3.7,3.63,3.6
