name,machine_type,trace,-10,-9,-8,-7,-6,-5,-4,-3,-2,-1,0,1,2,3
m322,cpu,utilization,26.966666667,30.5,28.96,27.716666667,30.158333333,30.56,30.408333333,30.033333333,30.0,29.166666667,26.446666667,27.923333333,30.3,30.2
