name,machine_type,trace,-10,-9,-8,-7,-6,-5,-4,-3,-2,-1,0,1,2,3
m111,cpu,utilization,0.24333333333,0.26,0.3,0.23666666667,0.265,0.3,0.37166666667,0.4,0.54333333333,0.6,0.6,0.31333333333,0.2,0.2
m401,cpu,utilization,0.3,0.3,0.23833333333,0.2,0.2,0.2,0.27166666667,0.3,0.3,0.22833333333,0.2,0.2,0.2,0.2
m390,cpu,utilization,0.3,0.3,0.3,0.3,0.235,0.33666666667,0.4,0.26666666667,0.27166666667,0.3,0.225,0.27166666667,0.3,0.225
m274,cpu,utilization,0.24333333333,0.26,0.3,0.23666666667,0.265,0.3,0.37166666667,0.33333333333,0.3,0.3,0.3,0.3,0.3,0.375
