name,machine_type,trace,-10,-9,-8,-7,-6,-5,-4,-3,-2,-1,0,1,2,3
m393,cpu,utilization,12.073333333,11.926666667,11.9,12.145,11.71,11.6,11.69,11.7,11.7,11.965,12.0,11.91,11.9,11.635
