name,machine_type,trace,-10,-9,-8,-7,-6,-5,-4,-3,-2,-1,0,1,2,3
m287,cpu,utilization,28.816666667,29.045,29.1,29.013333333,22.43,29.125,28.475,28.3,28.035,30.12,29.21,29.0,28.646666667,29.11
