name,machine_type,trace,-10,-9,-8,-7,-6,-5,-4,-3,-2,-1,0,1,2,3
m11,cpu,utilization,29.695,30.8,30.823333333,31.0,30.606666667,25.541666667,30.4,30.22,29.2,29.35,30.166666667,30.0,30.045,30.28
