name,machine_type,trace,-10,-9,-8,-7,-6,-5,-4,-3,-2,-1,0,1,2,3
m35,cpu,utilization,20.295,20.526666667,20.47,20.4,20.336666667,20.553333333,20.576666667,20.5,20.18,19.9,13.786666667,12.675,20.68,20.521666667
