name,machine_type,trace,-10,-9,-8,-7,-6,-5,-4,-3,-2,-1,0,1,2,3
m112,cpu,utilization,0.3,0.3,0.3,0.3,0.3,0.25,0.2,0.31,0.29333333333,0.30666666667,0.4,0.30333333333,0.29,0.4
m267,cpu,utilization,0.26,0.3,0.3,0.24833333333,0.25166666667,0.3,0.35333333333,0.345,0.3,0.3,0.3,0.3,0.3,0.3
