name,machine_type,trace,-10,-9,-8,-7,-6,-5,-4,-3,-2,-1,0,1,2,3
m49,cpu,utilization,24.3,23.61,22.69,23.766666667,22.985,23.845,24.14,24.14,24.5,24.43,23.31,22.518333333,24.26,23.756666667
m275,cpu,utilization,34.76,33.9,32.89,33.966666667,34.11,34.295,34.92,33.84,33.721666667,34.47,34.49,34.141666667,33.8,33.828333333
m323,cpu,utilization,23.1,23.1,23.01,22.966666667,22.445,21.65,23.56,23.18,22.853333333,22.995,22.763333333,22.921666667,23.34,23.03
m143,cpu,utilization,15.13,14.91,14.7,14.9,15.3,15.3,15.38,15.26,15.053333333,15.3,14.786666667,14.406666667,15.11,14.2
