name,machine_type,trace,-10,-9,-8,-7,-6,-5,-4,-3,-2,-1,0,1,2,3
m175,cpu,utilization,41.946666667,34.731666667,34.28,33.733333333,34.165,33.54,33.945,34.2,34.241666667,34.7,34.726666667,35.316666667,36.846666667,31.816666667
m237,cpu,utilization,25.473333333,25.4,27.473333333,26.7,26.71,26.86,26.26,24.97,25.683333333,26.6,26.586666667,26.416666667,26.653333333,26.8
