name,machine_type,trace,-10,-9,-8,-7,-6,-5,-4,-3,-2,-1,0,1,2,3
m23,cpu,utilization,18.533333333,18.76,18.253333333,18.1,18.263333333,18.708333333,18.3,18.4,18.62,17.5,17.54,18.1,19.815,18.13
m194,cpu,utilization,16.966666667,16.576666667,16.476666667,16.356666667,16.293333333,16.526666667,16.26,16.783333333,18.26,20.455,19.32,15.95,16.715,16.8
m29,cpu,utilization,26.153333333,26.183333333,25.94,26.4,26.283333333,25.918333333,26.03,26.183333333,26.1,26.055,25.94,26.483333333,26.37,26.2
m21,cpu,utilization,26.433333333,26.403333333,24.26,21.543333333,22.68,25.881666667,25.8,25.85,26.02,25.73,26.0,26.4,26.4,26.365
