name,machine_type,trace,-10,-9,-8,-7,-6,-5,-4,-3,-2,-1,0,1,2,3
m132,cpu,utilization,0.32,0.4,0.4,0.42,0.48333333333,0.4,0.4,0.415,0.5,0.49166666667,0.41166666667,0.48833333333,0.4,0.415
