name,machine_type,trace,-10,-9,-8,-7,-6,-5,-4,-3,-2,-1,0,1,2,3
m350,cpu,utilization,19.833333333,18.866666667,18.583333333,19.5,19.485,18.6,18.586666667,18.51,19.5,19.41,18.78,18.2,18.6,18.55
m212,cpu,utilization,23.113333333,19.391666667,22.6,22.616666667,23.1,23.1,23.106666667,23.2,23.2,23.185,23.115,23.08,22.68,23.0
m165,cpu,utilization,24.48,24.125,22.483333333,13.57,15.6,16.105,25.54,23.35,24.1,25.8,25.44,23.4,23.48,23.8
m21,cpu,utilization,10.66,11.533333333,11.858333333,11.37,10.5,10.525,11.013333333,11.2,11.095,10.515,10.6,10.7,11.1,11.033333333
m297,cpu,utilization,27.6,27.6,27.658333333,28.31,28.6,28.58,28.313333333,29.62,27.025,26.69,27.275,27.7,27.6,27.2
m175,cpu,utilization,30.4,29.0,28.958333333,28.543333333,29.78,28.605,28.806666667,30.38,30.8,29.04,29.48,33.22,30.12,28.666666667
m268,cpu,utilization,24.026666667,20.416666667,22.85,23.39,23.1,23.145,23.96,23.45,23.765,22.955,22.94,24.2,23.8,23.816666667
m91,cpu,utilization,23.3,23.441666667,24.841666667,23.08,22.521666667,23.82,24.18,23.9,23.78,23.19,23.67,23.44,23.34,23.816666667
