name,machine_type,trace,-10,-9,-8,-7,-6,-5,-4,-3,-2,-1,0,1,2,3
m193,cpu,utilization,24.596666667,25.825,25.5,24.816666667,23.685,25.75,27.925,27.26,24.916666667,23.1,24.853333333,24.63,25.853333333,26.08
m117,cpu,utilization,16.6,16.4,15.84,16.0,15.985,15.9,16.005,16.59,16.5,16.51,17.463333333,24.0,22.986666667,16.4
m322,cpu,utilization,27.0,27.1,27.22,26.566666667,27.035,27.8,27.725,27.35,27.583333333,25.39,27.1,27.11,27.226666667,27.12
m293,cpu,utilization,23.1,23.275,24.34,26.466666667,25.91,23.7,23.73,23.82,23.208333333,24.56,25.778333333,24.11,24.2,24.12
