name,machine_type,trace,-10,-9,-8,-7,-6,-5,-4,-3,-2,-1,0,1,2,3
m395,cpu,utilization,16.88,17.866666667,18.393333333,18.193333333,18.1,16.433333333,17.516666667,17.966666667,17.02,16.391666667,6.61,4.9,1.5433333333,1.37
