name,machine_type,trace,-10,-9,-8,-7,-6,-5,-4,-3,-2,-1,0,1,2,3
m150,cpu,utilization,27.168333333,27.2,27.07,26.863333333,27.066666667,27.2,27.06,27.136666667,27.2,27.06,27.136666667,27.2,27.268333333,27.515
