name,machine_type,trace,-10,-9,-8,-7,-6,-5,-4,-3,-2,-1,0,1,2,3
m356,cpu,utilization,17.7,18.37,24.426666667,24.8,24.81,24.986666667,24.6,24.38,18.0,18.34,24.8,24.73,22.393333333,18.31
