name,machine_type,trace,-10,-9,-8,-7,-6,-5,-4,-3,-2,-1,0,1,2,3
m109,cpu,utilization,45.763333333,80.376666667,82.266666667,81.57,81.626666667,81.0,80.825,80.105,72.396666667,40.86,43.918333333,67.1,81.118333333,81.2
