name,machine_type,trace,-10,-9,-8,-7,-6,-5,-4,-3,-2,-1,0,1,2,3
m10,cpu,utilization,10.126666667,10.1,10.171666667,3.5033333333,0.4,0.4,0.4,0.4,0.45166666667,0.44333333333,0.4,0.4,0.45833333333,0.5
