name,machine_type,trace,-10,-9,-8,-7,-6,-5,-4,-3,-2,-1,0,1,2,3
m82,cpu,utilization,17.365,16.926666667,15.935,16.55,15.93,16.4,16.375,16.365,16.6,16.556666667,16.38,16.225,15.92,16.38
