name,machine_type,trace,-10,-9,-8,-7,-6,-5,-4,-3,-2,-1,0,1,2,3
m364,cpu,utilization,26.871666667,27.04,27.225,26.38,26.8,27.433333333,28.003333333,26.8,26.8,27.266666667,27.323333333,26.88,27.533333333,29.016666667
