name,machine_type,trace,-10,-9,-8,-7,-6,-5,-4,-3,-2,-1,0,1,2,3
m234,cpu,utilization,18.61,17.528333333,17.4,18.04,17.2,20.593333333,21.4,21.86,23.218333333,23.7,23.768333333,23.866666667,23.9,24.05
