name,machine_type,trace,-10,-9,-8,-7,-6,-5,-4,-3,-2,-1,0,1,2,3
m244,cpu,utilization,3.16,2.6166666667,2.8066666667,2.7966666667,2.7966666667,2.6033333333,2.7233333333,3.3333333333,2.605,2.695,2.8541666667,2.8541666667,2.8458333333,2.8458333333
