name,machine_type,trace,-10,-9,-8,-7,-6,-5,-4,-3,-2,-1,0,1,2,3
m194,cpu,utilization,3.6533333333,3.7,3.7,3.605,3.6983333333,3.7,3.7916666667,3.71,3.7,3.7,3.615,3.6,3.6816666667,3.7
