name,machine_type,trace,-10,-9,-8,-7,-6,-5,-4,-3,-2,-1,0,1,2,3
m309,cpu,utilization,0.3,0.3,0.28,0.21833333333,0.3,0.28333333333,0.21833333333,0.3,0.28333333333,0.21333333333,0.3,0.335,0.54,0.2
m232,cpu,utilization,0.3,0.3,0.3,0.3,0.3,0.31666666667,0.38166666667,0.3,0.3,0.3,0.3,0.3,0.285,0.2
