name,machine_type,trace,-10,-9,-8,-7,-6,-5,-4,-3,-2,-1,0,1,2,3
m216,cpu,utilization,3.3366666667,3.36,3.3,3.3,3.255,3.245,3.3,3.2566666667,3.2466666667,3.3416666667,3.4,3.31,3.2483333333,3.3
