name,machine_type,trace,-10,-9,-8,-7,-6,-5,-4,-3,-2,-1,0,1,2,3
m394,cpu,utilization,27.596666667,28.33,29.441666667,27.665,28.79,29.333333333,28.485,28.92,29.3,27.591666667,28.466666667,30.088333333,26.5,28.48
