name,machine_type,trace,-10,-9,-8,-7,-6,-5,-4,-3,-2,-1,0,1,2,3
m87,cpu,utilization,19.593333333,19.506666667,19.5,19.5,19.5,19.5,19.5,19.316666667,19.3,19.3,19.3,19.3,19.82,19.9
