name,machine_type,trace,-10,-9,-8,-7,-6,-5,-4,-3,-2,-1,0,1,2,3
m315,cpu,utilization,19.936666667,21.401666667,27.233333333,27.4,27.391666667,27.296666667,27.2,27.2,27.011666667,27.011666667,27.403333333,27.345833333,27.345833333,27.873333333
