name,machine_type,trace,-10,-9,-8,-7,-6,-5,-4,-3,-2,-1,0,1,2,3
m182,cpu,utilization,23.28,23.4,23.4,19.546666667,16.24,20.501666667,23.3,23.18,23.158333333,23.2,23.2,23.2,23.2,19.8
