name,machine_type,trace,-10,-9,-8,-7,-6,-5,-4,-3,-2,-1,0,1,2,3
m350,cpu,utilization,21.5,21.381666667,20.265,21.506666667,21.6,21.576666667,21.4,21.4,21.4,21.413333333,21.5,21.5,21.491666667,21.275
