name,machine_type,trace,-10,-9,-8,-7,-6,-5,-4,-3,-2,-1,0,1,2,3
m201,cpu,utilization,0.2,0.39333333333,0.20666666667,0.21166666667,0.91333333333,1.245,0.26,3.8,3.7933333333,3.7083333333,3.8,3.7933333333,3.9866666667,8.05
