name,machine_type,trace,-10,-9,-8,-7,-6,-5,-4,-3,-2,-1,0,1,2,3
m168,cpu,utilization,46.563333333,38.603333333,39.93,33.03,38.47,13.375,18.425,34.588333333,39.78,48.36,45.323333333,37.308333333,36.2,50.075
m391,cpu,utilization,47.406666667,27.708333333,25.041666667,23.62,21.1,21.575,26.423333333,38.323333333,39.258333333,45.92,30.193333333,47.48,45.216666667,24.9
