name,machine_type,trace,-10,-9,-8,-7,-6,-5,-4,-3,-2,-1,0,1,2,3
m302,cpu,utilization,6.4,6.575,7.1,7.1,6.575,5.46,5.2366666667,5.6333333333,6.3383333333,6.4,6.8816666667,7.53,6.3366666667,6.4
