name,machine_type,trace,-10,-9,-8,-7,-6,-5,-4,-3,-2,-1,0,1,2,3
m237,cpu,utilization,30.4,31.281666667,30.2,30.258333333,30.915,31.2,31.16,30.05,26.4,28.4,31.22,31.4,31.365,30.7
