name,machine_type,trace,-10,-9,-8,-7,-6,-5,-4,-3,-2,-1,0,1,2,3
m154,cpu,utilization,8.5,8.745,8.6616666667,7.5266666667,7.6,7.6,7.75,8.1,8.1,8.4466666667,9.1,8.3416666667,8.6366666667,8.4666666667
