name,machine_type,trace,-10,-9,-8,-7,-6,-5,-4,-3,-2,-1,0,1,2,3
m362,cpu,utilization,16.88,17.5,17.166666667,20.725,24.42,20.623333333,19.273333333,20.275,19.475,20.0,14.77,15.333333333,14.133333333,20.36
