name,machine_type,trace,-10,-9,-8,-7,-6,-5,-4,-3,-2,-1,0,1,2,3
m281,cpu,utilization,17.058333333,17.2,17.07,16.805,15.5,16.23,16.866666667,16.8,16.253333333,16.733333333,17.1,17.038333333,17.061666667,17.1
