name,machine_type,trace,-10,-9,-8,-7,-6,-5,-4,-3,-2,-1,0,1,2,3
m354,cpu,utilization,26.7,26.743333333,26.875,26.8,26.86,27.05,26.793333333,26.523333333,26.6,26.733333333,27.075,27.0,26.88,26.775
