name,machine_type,trace,-10,-9,-8,-7,-6,-5,-4,-3,-2,-1,0,1,2,3
m237,cpu,utilization,27.61,27.6,13.583333333,26.666666667,27.9,35.7,28.283333333,36.335,28.79,27.9,32.14,28.195,35.96,34.5
