name,machine_type,trace,-10,-9,-8,-7,-6,-5,-4,-3,-2,-1,0,1,2,3
m307,cpu,utilization,25.191666667,25.3,25.3,25.385,25.576666667,24.186666667,26.21,26.166666667,26.1,25.61,25.5,25.786666667,25.2,25.25
