name,machine_type,trace,-10,-9,-8,-7,-6,-5,-4,-3,-2,-1,0,1,2,3
m117,cpu,utilization,29.52,29.406666667,29.4,29.95,29.566666667,30.471666667,30.33,30.3,29.216666667,29.408333333,29.5,29.75,30.045,30.1
m263,cpu,utilization,24.766666667,26.15,24.49,24.216666667,24.2,24.111666667,24.46,24.5,25.916666667,25.71,25.11,24.583333333,24.5,24.583333333
