name,machine_type,trace,-10,-9,-8,-7,-6,-5,-4,-3,-2,-1,0,1,2,3
m45,cpu,utilization,10.1,10.028333333,10.0,10.066666667,10.1,10.1,9.895,9.8,10.02,9.9533333333,9.9,10.105,10.2,10.2
