name,machine_type,trace,-10,-9,-8,-7,-6,-5,-4,-3,-2,-1,0,1,2,3
m419,cpu,utilization,23.6,23.58,23.026666667,23.4,22.38,17.533333333,22.2,22.328333333,23.3,23.3,23.265,23.0,23.0,23.013333333
