name,machine_type,trace,-10,-9,-8,-7,-6,-5,-4,-3,-2,-1,0,1,2,3
m33,cpu,utilization,16.866666667,23.256666667,18.02,16.56,23.226666667,20.63,17.641666667,21.21,20.19,25.14,20.493333333,12.495,12.3,12.51
