name,machine_type,trace,-10,-9,-8,-7,-6,-5,-4,-3,-2,-1,0,1,2,3
m23,cpu,utilization,31.4,31.4,31.4,31.395,31.293333333,35.9275,35.9275,40.5,34.208333333,34.208333333,35.443333333,32.103333333,32.26,35.676666667
m232,cpu,utilization,26.46,20.365,30.97,27.99,18.693333333,26.284166667,26.284166667,29.0,40.198333333,40.198333333,32.478333333,30.963333333,24.158333333,27.793333333
