name,machine_type,trace,-10,-9,-8,-7,-6,-5,-4,-3,-2,-1,0,1,2,3
m177,cpu,utilization,18.7,18.93,19.548333333,19.7,20.083333333,18.398333333,18.896666667,19.2,19.35,19.4,19.4,20.26,20.121666667,19.705
