name,machine_type,trace,-10,-9,-8,-7,-6,-5,-4,-3,-2,-1,0,1,2,3
m105,cpu,utilization,19.883333333,21.17,21.75,21.28,21.74,22.35,17.895,20.506666667,21.53,20.716666667,19.92,20.418333333,20.5,20.5
