name,machine_type,trace,-10,-9,-8,-7,-6,-5,-4,-3,-2,-1,0,1,2,3
m350,cpu,utilization,19.773333333,20.35,20.161666667,19.8,19.8,19.75,19.7,20.353333333,20.05,20.16,21.4,21.07,21.1,21.448333333
