name,machine_type,trace,-10,-9,-8,-7,-6,-5,-4,-3,-2,-1,0,1,2,3
m94,cpu,utilization,5.1,5.1,5.1,5.1983333333,5.1016666667,5.1,3.94,2.5933333333,2.5,2.31,0.52666666667,0.49333333333,0.595,5.1433333333
m137,cpu,utilization,10.86,10.806666667,10.23,10.396666667,5.7783333333,5.7,10.34,9.8466666667,9.8,10.085,10.193333333,10.2,10.2,10.2
