name,machine_type,trace,-10,-9,-8,-7,-6,-5,-4,-3,-2,-1,0,1,2,3
m296,cpu,utilization,0.3,0.28166666667,0.2,0.225,0.27833333333,0.2,0.22,0.27833333333,0.2,0.225,0.32333333333,0.4,0.37833333333,0.3
