name,machine_type,trace,-10,-9,-8,-7,-6,-5,-4,-3,-2,-1,0,1,2,3
m134,cpu,utilization,29.4,28.256666667,27.575,28.806666667,28.62,29.06,28.116666667,28.88,27.58,28.305,28.666666667,27.64,27.933333333,28.833333333
