name,machine_type,trace,-10,-9,-8,-7,-6,-5,-4,-3,-2,-1,0,1,2,3
m272,cpu,utilization,12.28,12.3,12.381666667,12.318333333,12.3,12.21,12.106666667,12.1,12.195,12.2,12.206666667,12.396666667,12.3,12.295
m361,cpu,utilization,9.65,7.0866666667,9.64,9.9733333333,8.71,6.25,6.0,5.8133333333,9.885,10.296666667,9.6,9.5833333333,9.025,7.74
m32,cpu,utilization,12.88,12.9,12.736666667,12.618333333,12.6,12.78,12.893333333,12.9,12.995,13.0,12.8,12.8,12.8,12.8
m3,cpu,utilization,9.82,7.1133333333,8.7416666667,10.016666667,8.33,5.57,5.3,5.3,8.91,10.181666667,9.9,9.8333333333,7.89,7.83
