name,machine_type,trace,-10,-9,-8,-7,-6,-5,-4,-3,-2,-1,0,1,2,3
m161,cpu,utilization,28.7,28.636666667,28.663333333,28.7,24.773333333,22.376666667,25.916666667,28.5,28.62,28.7,28.7,28.7,28.755,28.8
