name,machine_type,trace,-10,-9,-8,-7,-6,-5,-4,-3,-2,-1,0,1,2,3
m319,cpu,utilization,0.25166666667,0.2,0.25333333333,0.3,0.3,0.3,0.255,0.2,0.38,0.41333333333,0.2,0.25333333333,0.3,0.3
