name,machine_type,trace,-10,-9,-8,-7,-6,-5,-4,-3,-2,-1,0,1,2,3
m56,cpu,utilization,32.493333333,22.0825,22.0825,35.21,28.3,25.736666667,25.736666667,27.538333333,36.45,29.376666667,27.566666667,21.83,28.253333333,37.315
