name,machine_type,trace,-10,-9,-8,-7,-6,-5,-4,-3,-2,-1,0,1,2,3
m351,cpu,utilization,15.493333333,15.278333333,15.225,15.425,17.186666667,16.603333333,15.883333333,15.8,17.993333333,17.933333333,15.676666667,17.52,18.016666667,15.573333333
