name,machine_type,trace,-10,-9,-8,-7,-6,-5,-4,-3,-2,-1,0,1,2,3
m52,cpu,utilization,17.4,17.7,22.518333333,20.956666667,15.766666667,15.666666667,15.876666667,19.215,19.8,19.26,19.2,19.2,17.168333333,16.985
