name,machine_type,trace,-10,-9,-8,-7,-6,-5,-4,-3,-2,-1,0,1,2,3
m53,cpu,utilization,0.28166666667,0.3,0.46666666667,0.34,0.3,0.3,0.3,0.3,0.22166666667,0.52,0.6,0.27333333333,0.52,0.29333333333
