name,machine_type,trace,-10,-9,-8,-7,-6,-5,-4,-3,-2,-1,0,1,2,3
m323,cpu,utilization,41.405,41.685,41.405,40.883333333,26.136666667,40.24,41.72,34.965,34.153333333,32.4,38.215,40.385,40.1,40.163333333
m201,cpu,utilization,28.9,27.95,27.703333333,20.866666667,20.003333333,25.92,23.36,22.86,24.1,25.465,24.66,22.17,25.396666667,25.326666667
