name,machine_type,trace,-10,-9,-8,-7,-6,-5,-4,-3,-2,-1,0,1,2,3
m113,cpu,utilization,19.82,20.5,20.4,19.916666667,20.0,20.0,20.1,20.516666667,20.42,21.433333333,20.088333333,20.0,20.016666667,20.1
