name,machine_type,trace,-10,-9,-8,-7,-6,-5,-4,-3,-2,-1,0,1,2,3
m288,cpu,utilization,28.983333333,29.6,29.64,29.6,28.833333333,29.4,29.6,26.03,25.733333333,24.76,26.033333333,26.5,26.65,26.553333333
