name,machine_type,trace,-10,-9,-8,-7,-6,-5,-4,-3,-2,-1,0,1,2,3
m352,cpu,utilization,21.09,21.0,21.0,21.0,21.0,21.0,21.116666667,21.2,21.2,21.143333333,21.1,21.1,21.153333333,21.148333333
