name,machine_type,trace,-10,-9,-8,-7,-6,-5,-4,-3,-2,-1,0,1,2,3
m319,cpu,utilization,7.3,7.3966666667,7.21,7.2,7.3733333333,7.2233333333,7.2,7.2866666667,7.2133333333,7.2,7.285,7.57,7.6,7.34
