name,machine_type,trace,-10,-9,-8,-7,-6,-5,-4,-3,-2,-1,0,1,2,3
m208,cpu,utilization,29.183333333,29.57,29.513333333,30.76,31.253333333,29.59,30.526666667,30.19,28.9,29.08,30.135,29.28,29.1,28.666666667
