name,machine_type,trace,-10,-9,-8,-7,-6,-5,-4,-3,-2,-1,0,1,2,3
m238,cpu,utilization,11.56,9.1466666667,10.073333333,12.683333333,19.1,19.1,19.146666667,19.15,19.1,19.1,19.1,19.95,21.573333333,21.965
m363,cpu,utilization,0.4,0.4,0.4,0.35833333333,0.46,0.61333333333,0.64,0.8,0.55833333333,0.3,0.3,0.95,1.4066666667,0.95833333333
m269,cpu,utilization,0.5,0.42666666667,0.33833333333,0.73333333333,0.84,0.38666666667,0.45333333333,0.4,0.4,0.4,0.35333333333,0.75,0.765,0.49333333333
m78,cpu,utilization,0.4,0.4,0.43833333333,0.5,0.46,0.4,0.4,0.45,0.45166666667,0.4,0.4,0.4,0.4,0.44833333333
