name,machine_type,trace,-10,-9,-8,-7,-6,-5,-4,-3,-2,-1,0,1,2,3
m68,cpu,utilization,11.0,10.97,10.9,10.9,10.9,10.9,11.0,11.4,11.283333333,10.9,10.926666667,11.0,9.2,5.6366666667
