name,machine_type,trace,-10,-9,-8,-7,-6,-5,-4,-3,-2,-1,0,1,2,3
m309,cpu,utilization,28.74,29.005,29.1,30.103333333,29.6,30.553333333,30.9,31.13,30.77,29.573333333,28.57,27.786666667,27.6,28.58
