name,machine_type,trace,-10,-9,-8,-7,-6,-5,-4,-3,-2,-1,0,1,2,3
m294,cpu,utilization,9.7,5.78,9.925,10.0,4.0266666667,3.6,3.2266666667,3.2,3.2,3.2,3.2,3.2966666667,4.7,9.125
