name,machine_type,trace,-10,-9,-8,-7,-6,-5,-4,-3,-2,-1,0,1,2,3
m99,cpu,utilization,19.746666667,21.9,20.58,21.48,18.14,20.333333333,18.05,20.68,21.68,21.783333333,21.8,19.98,21.346666667,15.12
