name,machine_type,trace,-10,-9,-8,-7,-6,-5,-4,-3,-2,-1,0,1,2,3
m390,cpu,utilization,33.3,33.3,33.45,33.451666667,33.27,34.103333333,33.553333333,34.37,34.566666667,35.666666667,33.405,33.4,34.756666667,33.525
m373,cpu,utilization,31.638333333,32.1,30.9,30.773333333,30.753333333,31.101666667,30.6,30.9,31.6,31.466666667,31.2,31.0,30.638333333,30.741666667
m385,cpu,utilization,28.835,28.6,28.06,27.18,28.348333333,29.27,29.19,28.08,28.433333333,28.5,28.865,28.033333333,27.113333333,28.391666667
m339,cpu,utilization,24.113333333,24.325,25.15,23.526666667,23.8,23.913333333,24.001666667,23.68,24.1,24.3,24.14,23.133333333,23.621666667,24.258333333
m263,cpu,utilization,25.965,26.45,27.2,26.946666667,25.291666667,23.636666667,25.981666667,27.74,29.466666667,28.9,26.46,27.466666667,27.821666667,29.125
m274,cpu,utilization,29.465,29.875,31.33,33.278333333,31.09,27.938333333,30.631666667,34.0,32.766666667,30.666666667,31.47,31.266666667,31.021666667,31.7
