name,machine_type,trace,-10,-9,-8,-7,-6,-5,-4,-3,-2,-1,0,1,2,3
m407,cpu,utilization,0.2,0.28166666667,0.21666666667,0.2,0.28,0.22333333333,0.2,0.27833333333,0.21833333333,0.2,0.28166666667,0.215,0.2,0.28666666667
