name,machine_type,trace,-10,-9,-8,-7,-6,-5,-4,-3,-2,-1,0,1,2,3
m395,cpu,utilization,16.783333333,16.7,16.64,16.6,16.6,16.6,16.651666667,16.7,16.86,16.845,16.7,16.79,17.03,17.2
