name,machine_type,trace,-10,-9,-8,-7,-6,-5,-4,-3,-2,-1,0,1,2,3
m253,cpu,utilization,27.1,27.1,27.1,27.1,27.365,28.96,29.65,32.438333333,31.74,29.583333333,30.053333333,30.1,29.913333333,27.74
