name,machine_type,trace,-10,-9,-8,-7,-6,-5,-4,-3,-2,-1,0,1,2,3
m402,cpu,utilization,0.33333333333,0.21833333333,0.2,0.275,0.22666666667,0.2,0.27166666667,0.3,0.23333333333,0.2,0.2,0.265,0.505,0.6
