name,machine_type,trace,-10,-9,-8,-7,-6,-5,-4,-3,-2,-1,0,1,2,3
m14,cpu,utilization,15.8,15.935,15.761666667,15.13,14.8,15.09,15.866666667,16.805,17.3,17.3,17.2,16.616666667,16.1,15.62
