name,machine_type,trace,-10,-9,-8,-7,-6,-5,-4,-3,-2,-1,0,1,2,3
m325,cpu,utilization,28.16,27.811666667,28.386666667,27.8,27.74,27.6,27.571666667,27.5,27.526666667,27.76,28.45,28.406666667,26.446666667,26.893333333
m172,cpu,utilization,33.066666667,32.081666667,32.846666667,31.92,32.65,31.951666667,31.625,32.22,31.66,33.173333333,33.325,33.036666667,30.973333333,32.653333333
