name,machine_type,trace,-10,-9,-8,-7,-6,-5,-4,-3,-2,-1,0,1,2,3
m294,cpu,utilization,52.346666667,42.97,53.28,42.576666667,52.193333333,42.966666667,54.723333333,49.491666667,35.316666667,48.398333333,39.95,48.386666667,35.15,36.115
m158,cpu,utilization,50.24,25.353333333,31.7,51.33,29.49,34.073333333,54.246666667,45.296666667,23.126666667,35.671666667,44.85,20.566666667,28.3,49.935
