name,machine_type,trace,-10,-9,-8,-7,-6,-5,-4,-3,-2,-1,0,1,2,3
m92,cpu,utilization,26.95,28.373333333,27.286666667,29.516666667,28.121666667,28.351666667,28.516666667,26.926666667,29.15,27.926666667,27.71,25.793333333,27.1,27.191666667
m357,cpu,utilization,59.075,54.713333333,50.773333333,58.283333333,58.133333333,59.18,57.183333333,56.845,57.466666667,49.686666667,41.645,54.913333333,53.06,57.871666667
