name,machine_type,trace,-10,-9,-8,-7,-6,-5,-4,-3,-2,-1,0,1,2,3
m399,cpu,utilization,22.0,21.976666667,21.8,22.331666667,24.0,21.78,22.216666667,22.6,22.46,21.978333333,22.008333333,22.4,22.088333333,21.646666667
