name,machine_type,trace,-10,-9,-8,-7,-6,-5,-4,-3,-2,-1,0,1,2,3
m399,cpu,utilization,31.7,27.548333333,32.211666667,31.928333333,32.716666667,32.9,32.5,32.155,26.15,31.813333333,31.691666667,32.626666667,32.415,32.95
