name,machine_type,trace,-10,-9,-8,-7,-6,-5,-4,-3,-2,-1,0,1,2,3
m281,cpu,utilization,23.453333333,24.846666667,23.093333333,21.55,21.5,23.095,24.8,24.8,23.315,21.5,21.451666667,24.12,25.753333333,25.1
