name,machine_type,trace,-10,-9,-8,-7,-6,-5,-4,-3,-2,-1,0,1,2,3
m406,cpu,utilization,17.29,18.936666667,20.336666667,20.415,18.493333333,18.2,17.66,18.906666667,17.743333333,16.52,18.875,19.19,19.593333333,28.0
m128,cpu,utilization,31.15,34.786666667,36.006666667,35.845,35.366666667,35.3,34.49,34.773333333,34.413333333,35.285,35.775,34.66,34.6,35.2
