name,machine_type,trace,-10,-9,-8,-7,-6,-5,-4,-3,-2,-1,0,1,2,3
m56,cpu,utilization,26.895,26.801666667,26.9,26.896666667,26.806666667,26.9,26.9,26.9,26.9,26.883333333,26.818333333,26.9,26.885,26.82
