name,machine_type,trace,-10,-9,-8,-7,-6,-5,-4,-3,-2,-1,0,1,2,3
m210,cpu,utilization,1.4333333333,1.7533333333,1.9,1.345,1.2,1.3,1.6333333333,1.8,1.5333333333,1.0666666667,0.9,0.96333333333,1.0,1.3083333333
