name,machine_type,trace,-10,-9,-8,-7,-6,-5,-4,-3,-2,-1,0,1,2,3
m395,cpu,utilization,18.831666667,21.985,21.8,21.983333333,18.02,16.558333333,16.003333333,13.265,19.256666667,13.14,15.653333333,22.0,22.0,22.226666667
