name,machine_type,trace,-10,-9,-8,-7,-6,-5,-4,-3,-2,-1,0,1,2,3
m77,cpu,utilization,0.225,0.27833333333,0.2,0.23333333333,0.36333333333,0.33333333333,0.85333333333,0.21333333333,0.3,0.29,0.20666666667,0.3,0.295,0.21
