name,machine_type,trace,-10,-9,-8,-7,-6,-5,-4,-3,-2,-1,0,1,2,3
m278,cpu,utilization,16.176666667,21.42,15.733333333,10.881666667,12.273333333,18.24,20.1,17.191666667,16.776666667,17.126666667,17.931666667,16.873333333,15.891666667,15.081666667
