name,machine_type,trace,-10,-9,-8,-7,-6,-5,-4,-3,-2,-1,0,1,2,3
m81,cpu,utilization,30.42,30.788333333,30.8,29.4,5.3133333333,17.121666667,17.121666667,30.2,29.118333333,29.193333333,30.613333333,30.8,30.366666667,30.05
