name,machine_type,trace,-10,-9,-8,-7,-6,-5,-4,-3,-2,-1,0,1,2,3
m291,cpu,utilization,0.6,0.975,0.59833333333,0.4,0.4,0.595,0.7,0.5,0.70833333333,0.9,0.68,0.5,0.55833333333,0.48333333333
m214,cpu,utilization,0.5,0.425,0.47166666667,0.5,0.5,0.435,0.4,0.53333333333,0.97,1.025,1.12,0.805,0.86666666667,0.73333333333
m108,cpu,utilization,1.0866666667,0.55,0.3,0.3,0.3,0.69,0.65333333333,0.5,0.93166666667,0.675,0.41,0.5,0.38333333333,0.65
m200,cpu,utilization,0.4,0.4,0.32833333333,0.3,0.43666666667,0.435,0.4,0.46666666667,0.43833333333,0.4,0.51,0.985,0.775,0.45833333333
m417,cpu,utilization,0.32666666667,0.3,0.37166666667,0.33,0.43666666667,0.5,0.43833333333,0.33333333333,0.3,0.35833333333,0.455,0.555,0.425,0.3
m312,cpu,utilization,1.1066666667,0.7,0.45666666667,0.54,0.53166666667,0.435,0.4,0.53333333333,0.6,0.71666666667,1.075,1.3,1.2416666667,1.2
m160,cpu,utilization,1.0,0.55,0.32833333333,0.3,0.36833333333,0.4,0.4,0.4,0.4,0.4,0.51,0.545,0.5,0.675
m224,cpu,utilization,1.06,0.7,0.5,0.5,0.5,0.435,0.33833333333,0.5,0.6,0.48333333333,0.51,0.6,0.775,0.60833333333
