name,machine_type,trace,-10,-9,-8,-7,-6,-5,-4,-3,-2,-1,0,1,2,3
m404,cpu,utilization,15.935,23.765,23.6,23.6,20.945,19.228333333,23.428333333,23.595,23.87,15.145,22.353333333,23.7,23.616666667,20.285
