name,machine_type,trace,-10,-9,-8,-7,-6,-5,-4,-3,-2,-1,0,1,2,3
m40,cpu,utilization,28.138333333,28.16,28.1,28.1,28.063333333,28.0,28.038333333,28.058333333,28.0,28.043333333,28.183333333,28.255,28.2,28.12
