name,machine_type,trace,-10,-9,-8,-7,-6,-5,-4,-3,-2,-1,0,1,2,3
m327,cpu,utilization,8.7,8.7933333333,8.94,8.67,8.94,8.5,8.68,9.1,9.1533333333,9.385,9.675,10.24,10.533333333,9.4
