name,machine_type,trace,-10,-9,-8,-7,-6,-5,-4,-3,-2,-1,0,1,2,3
m374,cpu,utilization,4.315,4.4,4.0033333333,3.0966666667,4.4216666667,4.5,4.45,4.04,3.64,5.66,5.3283333333,5.675,4.345,4.1
