name,machine_type,trace,-10,-9,-8,-7,-6,-5,-4,-3,-2,-1,0,1,2,3
m38,cpu,utilization,9.52,9.4533333333,9.4,9.5533333333,9.375,9.3,9.6666666667,9.585,8.62,7.01,8.5666666667,17.01,13.961666667,9.5166666667
m29,cpu,utilization,13.0,13.0,7.94,11.083333333,12.6,13.04,12.98,12.9,12.973333333,12.57,14.533333333,18.323333333,15.275,12.75
