name,machine_type,trace,-10,-9,-8,-7,-6,-5,-4,-3,-2,-1,0,1,2,3
m265,cpu,utilization,23.3,24.63,24.875,24.953333333,27.063333333,28.261666667,27.775,26.956666667,27.42,27.9,27.18,26.7,26.5,26.946666667
