name,machine_type,trace,-10,-9,-8,-7,-6,-5,-4,-3,-2,-1,0,1,2,3
m207,cpu,utilization,0.21,15.128333333,17.1,22.875,11.52,7.5133333333,7.6833333333,6.52,6.0333333333,7.53,7.2283333333,7.1,6.14,5.21
