name,machine_type,trace,-10,-9,-8,-7,-6,-5,-4,-3,-2,-1,0,1,2,3
m357,cpu,utilization,11.67,11.16,11.1,11.895,10.716666667,10.6,10.96,11.176666667,11.2,11.893333333,10.786666667,10.6,11.206666667,11.3
