name,machine_type,trace,-10,-9,-8,-7,-6,-5,-4,-3,-2,-1,0,1,2,3
m322,cpu,utilization,28.353333333,28.453333333,28.02,27.9,28.38,28.666666667,27.866666667,27.7,28.236666667,28.713333333,28.8,28.57,28.5,28.5
m352,cpu,utilization,27.3,27.223333333,27.12,27.1,27.1,27.016666667,27.0,27.32,27.246666667,27.2,27.2,27.276666667,27.3,27.16
m339,cpu,utilization,32.54,32.393333333,31.58,31.485,31.98,31.683333333,32.6,31.36,27.55,28.536666667,28.733333333,30.056666667,30.858333333,29.95
m265,cpu,utilization,28.966666667,28.7,29.66,29.56,29.34,29.3,30.883333333,30.0,29.393333333,29.378333333,29.4,29.553333333,29.6,29.6
