name,machine_type,trace,-10,-9,-8,-7,-6,-5,-4,-3,-2,-1,0,1,2,3
m177,cpu,utilization,12.46,12.36,12.5,12.5,12.553333333,12.841666667,13.873333333,14.7,14.865,14.84,14.7,13.98,12.71,12.731666667
m266,cpu,utilization,13.453333333,14.493333333,14.4,13.7,13.806666667,13.513333333,13.776666667,14.655,14.855,14.9,15.15,14.32,12.61,12.293333333
