name,machine_type,trace,-10,-9,-8,-7,-6,-5,-4,-3,-2,-1,0,1,2,3
m279,cpu,utilization,14.415,14.685,14.7,16.98,14.67,14.13,14.28,15.125,15.2,14.36,14.3,14.666666667,14.415,14.401666667
