name,machine_type,trace,-10,-9,-8,-7,-6,-5,-4,-3,-2,-1,0,1,2,3
m321,cpu,utilization,19.193333333,21.48,21.466666667,23.316666667,23.7,22.8,24.006666667,20.46,23.44,23.706666667,22.3,19.825,21.38,16.86
