name,machine_type,trace,-10,-9,-8,-7,-6,-5,-4,-3,-2,-1,0,1,2,3
m335,cpu,utilization,25.5425,25.5425,25.7,25.7,25.99,25.6,26.663333333,26.7,25.733333333,25.6,25.6,27.075,25.42,25.783333333
