name,machine_type,trace,-10,-9,-8,-7,-6,-5,-4,-3,-2,-1,0,1,2,3
m156,cpu,utilization,25.64,21.153333333,21.363333333,23.053333333,25.163333333,25.7,25.7,25.546666667,25.646666667,25.7,24.5,20.225,22.47,25.075
