name,machine_type,trace,-10,-9,-8,-7,-6,-5,-4,-3,-2,-1,0,1,2,3
m175,cpu,utilization,27.9,28.04,28.6,28.53,28.3,28.555,29.26,29.4,29.241666667,28.9,28.9,29.033333333,28.9,28.448333333
