name,machine_type,trace,-10,-9,-8,-7,-6,-5,-4,-3,-2,-1,0,1,2,3
m386,cpu,utilization,22.15,19.246666667,23.285,24.876666667,24.1,22.2,23.97,24.753333333,23.325,23.235,23.235,19.8,21.795,23.486666667
m143,cpu,utilization,28.65,30.37,28.88,29.586666667,29.8,28.8,28.8,29.316666667,26.825,27.5225,27.5225,28.3,29.915,27.013333333
