name,machine_type,trace,-10,-9,-8,-7,-6,-5,-4,-3,-2,-1,0,1,2,3
m78,cpu,utilization,0.4,0.425,0.5,0.47666666667,0.425,0.5,0.48166666667,0.42,0.5,0.475,0.42333333333,0.5,0.47333333333,0.42833333333
