name,machine_type,trace,-10,-9,-8,-7,-6,-5,-4,-3,-2,-1,0,1,2,3
m54,cpu,utilization,48.7,48.5,48.21,49.053333333,50.3,49.953333333,49.21,48.765,42.49,34.63,40.2,48.175,48.26,48.6
m385,cpu,utilization,48.6,48.45,48.21,48.36,48.623333333,48.5,48.451666667,48.265,42.25,34.426666667,39.68,47.9,47.943333333,48.16
