name,machine_type,trace,-10,-9,-8,-7,-6,-5,-4,-3,-2,-1,0,1,2,3
m385,cpu,utilization,25.198333333,25.8,26.333333333,26.6,25.333333333,24.846666667,25.0,24.63,25.023333333,24.806666667,25.263333333,25.35,25.15,25.253333333
