name,machine_type,trace,-10,-9,-8,-7,-6,-5,-4,-3,-2,-1,0,1,2,3
m47,cpu,utilization,27.653333333,27.0,27.0,27.19,28.53,27.133333333,26.911666667,27.076666667,26.658333333,26.973333333,28.353333333,27.45,27.31,25.925
m350,cpu,utilization,25.403333333,24.0,22.82,22.895,22.9,22.9,22.9,22.9,22.811666667,22.613333333,22.6,22.885,22.54,21.125
m212,cpu,utilization,30.0,31.7,28.848333333,31.08,31.2,31.75,32.153333333,30.963333333,30.446666667,29.28,31.52,30.935,29.64,28.95
m109,cpu,utilization,19.856666667,21.5,21.795,21.325,21.3,20.841666667,17.09,15.01,16.478333333,15.113333333,15.0,19.56,21.51,20.416666667
