name,machine_type,trace,-10,-9,-8,-7,-6,-5,-4,-3,-2,-1,0,1,2,3
m29,cpu,utilization,22.4,22.4,23.1,22.805,22.8,22.706666667,22.793333333,22.8,22.8,22.603333333,22.6,22.79,22.8,17.386666667
