name,machine_type,trace,-10,-9,-8,-7,-6,-5,-4,-3,-2,-1,0,1,2,3
m339,cpu,utilization,30.913333333,25.726666667,24.9,29.116666667,30.543333333,30.225,32.685,32.816666667,33.133333333,31.075,30.7,30.275,32.155,27.646666667
