name,machine_type,trace,-10,-9,-8,-7,-6,-5,-4,-3,-2,-1,0,1,2,3
m162,cpu,utilization,61.44,53.405,72.41,70.366666667,59.236666667,74.546666667,61.19,56.83,76.23,62.93,31.1,61.616666667,61.8,67.236666667
