name,machine_type,trace,-10,-9,-8,-7,-6,-5,-4,-3,-2,-1,0,1,2,3
m177,cpu,utilization,7.4,7.4,7.78,8.2,8.1766666667,8.28,8.01,7.8,8.005,8.1,7.91,8.0666666667,8.2,8.5416666667
