name,machine_type,trace,-10,-9,-8,-7,-6,-5,-4,-3,-2,-1,0,1,2,3
m343,cpu,utilization,43.266666667,39.743333333,39.6,54.376666667,77.066666667,76.558333333,81.4,69.026666667,69.506666667,80.57,57.92,40.1,39.986666667,39.9
