name,machine_type,trace,-10,-9,-8,-7,-6,-5,-4,-3,-2,-1,0,1,2,3
m141,cpu,utilization,15.171666667,17.05,17.1,16.86,16.95,17.0,16.68,16.763333333,16.8,17.04,16.64,16.5,16.568333333,16.6
