name,machine_type,trace,-10,-9,-8,-7,-6,-5,-4,-3,-2,-1,0,1,2,3
m273,cpu,utilization,3.2216666667,3.86,3.8,3.7616666667,3.77,3.4883333333,2.6,2.6266666667,2.6766666667,2.6,2.6,2.62,2.92,3.8
