name,machine_type,trace,-10,-9,-8,-7,-6,-5,-4,-3,-2,-1,0,1,2,3
m278,cpu,utilization,32.516666667,32.4,32.48,32.255,32.43,29.3,32.501666667,32.316666667,33.46,33.95,34.0,34.075,33.953333333,33.9
