name,machine_type,trace,-10,-9,-8,-7,-6,-5,-4,-3,-2,-1,0,1,2,3
m8,cpu,utilization,2.89,3.0766666667,2.6333333333,2.885,3.19,3.6583333333,2.7833333333,2.7,4.9966666667,3.68,3.4066666667,2.6666666667,3.5,4.0583333333
