name,machine_type,trace,-10,-9,-8,-7,-6,-5,-4,-3,-2,-1,0,1,2,3
m52,cpu,utilization,40.116666667,40.17,30.58,26.5,36.318333333,40.2,39.893333333,40.26,40.4,40.18,40.335,40.4,29.316666667,26.683333333
