name,machine_type,trace,-10,-9,-8,-7,-6,-5,-4,-3,-2,-1,0,1,2,3
m216,cpu,utilization,0.29333333333,0.3,0.3,0.215,0.29,0.21166666667,0.2,0.2,0.2,0.2,0.2,0.37666666667,0.4,0.23333333333
