name,machine_type,trace,-10,-9,-8,-7,-6,-5,-4,-3,-2,-1,0,1,2,3
m269,cpu,utilization,0.54166666667,0.3,0.3,0.24166666667,0.25666666667,0.67,0.96,0.545,0.23,0.2,0.32666666667,0.27,0.26666666667,0.3
