name,machine_type,trace,-10,-9,-8,-7,-6,-5,-4,-3,-2,-1,0,1,2,3
m59,cpu,utilization,0.315,0.4,0.41166666667,0.50833333333,0.6,0.58,0.39,0.3,0.3,0.3,0.3,0.3,0.36666666667,0.7
