name,machine_type,trace,-10,-9,-8,-7,-6,-5,-4,-3,-2,-1,0,1,2,3
m59,cpu,utilization,23.438333333,28.23,28.8,27.74,28.766666667,28.48,28.4,28.12,28.55,28.6,28.6,28.266666667,28.2,28.5
