name,machine_type,trace,-10,-9,-8,-7,-6,-5,-4,-3,-2,-1,0,1,2,3
m97,cpu,utilization,27.29,27.106666667,25.9,22.873333333,25.766666667,26.71,26.973333333,26.751666667,27.91,28.026666667,28.36,27.825,26.486666667,26.786666667
