name,machine_type,trace,-10,-9,-8,-7,-6,-5,-4,-3,-2,-1,0,1,2,3
m245,cpu,utilization,0.4,0.39166666667,0.3,0.3,0.31,0.4,0.4,0.39666666667,0.30333333333,0.4,0.38666666667,0.215,0.5,0.5
