name,machine_type,trace,-10,-9,-8,-7,-6,-5,-4,-3,-2,-1,0,1,2,3
m315,cpu,utilization,9.92,9.9383333333,9.15,8.0,8.8783333333,9.1683333333,8.6466666667,8.385,7.91,8.5083333333,9.4583333333,9.3616666667,10.3,13.69
