name,machine_type,trace,-10,-9,-8,-7,-6,-5,-4,-3,-2,-1,0,1,2,3
m23,cpu,utilization,26.3,26.3,26.3,26.3,26.3,26.3,26.3,26.283333333,26.233333333,26.418333333,26.5,26.483333333,26.383333333,26.3
