name,machine_type,trace,-10,-9,-8,-7,-6,-5,-4,-3,-2,-1,0,1,2,3
m287,cpu,utilization,27.03,28.08,27.775,27.7,27.02,27.65,28.146666667,27.791666667,27.373333333,27.218333333,27.2,27.283333333,27.3,27.75
m112,cpu,utilization,42.65,41.63,36.825,41.226666667,40.19,41.8,41.333333333,41.608333333,39.658333333,42.385,41.376666667,41.566666667,42.046666667,41.74
m97,cpu,utilization,27.54,27.6,28.025,27.365,27.2,27.033333333,26.566666667,27.643333333,27.165,27.0,26.53,26.566666667,26.6,28.49
m192,cpu,utilization,7.8,26.25,22.435,18.786666667,18.455,18.5,15.726666667,9.0116666667,7.7633333333,7.8,10.62,11.4,21.973333333,23.6
