name,machine_type,trace,-10,-9,-8,-7,-6,-5,-4,-3,-2,-1,0,1,2,3
m166,cpu,utilization,0.5,0.33666666667,0.45666666667,0.5,0.75,0.535,0.5,0.4525,0.4525,0.5,0.40333333333,0.305,0.3,0.39916666667
m304,cpu,utilization,0.4,0.48166666667,0.5,0.34333333333,0.46666666667,0.5,0.40666666667,0.45083333333,0.45083333333,0.5,0.5,0.5,0.5,0.40083333333
m188,cpu,utilization,0.5,0.5,0.42166666667,0.4,0.4,0.4,0.4,0.4475,0.4475,0.4,0.4,0.4,0.4,0.4
m71,cpu,utilization,0.42,0.4,0.47833333333,0.42166666667,0.4,0.48833333333,0.40666666667,0.45083333333,0.45083333333,0.4,0.4,0.4,0.49666666667,0.40083333333
