name,machine_type,trace,-10,-9,-8,-7,-6,-5,-4,-3,-2,-1,0,1,2,3
m14,cpu,utilization,15.9,16.115,15.78,16.626666667,16.02,16.03,16.725,16.9,17.14,16.586666667,16.4,6.4383333333,2.5,7.765
