name,machine_type,trace,-10,-9,-8,-7,-6,-5,-4,-3,-2,-1,0,1,2,3
m37,cpu,utilization,6.0,6.0,6.0,6.18,5.92,5.99,6.0,5.9116666667,5.9,5.9,5.9,5.9833333333,6.0,5.915
