name,machine_type,trace,-10,-9,-8,-7,-6,-5,-4,-3,-2,-1,0,1,2,3
m37,cpu,utilization,3.36,3.4483333333,3.0,3.3,3.17,2.6733333333,2.75,3.18,3.1,3.0166666667,2.6183333333,2.7,2.8633333333,3.2483333333
