name,machine_type,trace,-10,-9,-8,-7,-6,-5,-4,-3,-2,-1,0,1,2,3
m350,cpu,utilization,25.161666667,25.2,25.131666667,25.1,25.1,25.1,25.173333333,25.128333333,25.1,25.1,25.173333333,25.2,25.128333333,8.085
m268,cpu,utilization,65.755,81.8,52.421666667,39.18,29.528333333,64.428333333,81.526666667,50.713333333,39.315,69.915,81.9,51.73,39.086666667,68.446666667
