name,machine_type,trace,-10,-9,-8,-7,-6,-5,-4,-3,-2,-1,0,1,2,3
m39,cpu,utilization,0.355,0.53,0.3,0.34666666667,0.44666666667,0.3,0.3,0.3,0.3,0.33833333333,0.36666666667,0.3,0.34,0.47666666667
