name,machine_type,trace,-10,-9,-8,-7,-6,-5,-4,-3,-2,-1,0,1,2,3
m204,cpu,utilization,11.67,12.146666667,11.78,11.366666667,11.43,7.7383333333,5.21,5.1,10.766666667,13.39,11.436666667,10.843333333,11.515,7.495
