name,machine_type,trace,-10,-9,-8,-7,-6,-5,-4,-3,-2,-1,0,1,2,3
m351,cpu,utilization,3.4,3.2,2.8,2.8316666667,2.9266666667,3.0,2.9683333333,2.9,2.9,2.9,2.9,2.9,2.855,2.84
