name,machine_type,trace,-10,-9,-8,-7,-6,-5,-4,-3,-2,-1,0,1,2,3
m128,cpu,utilization,24.975,25.091666667,25.1,24.666666667,24.953333333,25.0,25.27,25.3,25.103333333,25.385,23.626666667,23.5,22.473333333,24.623333333
m182,cpu,utilization,22.8,15.1,14.4,14.4,21.731666667,22.7,22.7,22.7,22.503333333,23.45,24.34,24.4,24.4,22.95
m406,cpu,utilization,20.15,20.2,20.641666667,20.526666667,20.5,20.5,20.23,20.2,20.2,20.2,18.8,18.415,18.4,20.623333333
m256,cpu,utilization,11.016666667,11.183333333,11.2,11.46,10.97,10.9,10.9,10.9,10.9,10.9,9.4066666667,9.395,9.2133333333,11.036666667
