name,machine_type,trace,-10,-9,-8,-7,-6,-5,-4,-3,-2,-1,0,1,2,3
m223,cpu,utilization,3.36,4.465,4.4,4.4,4.4316666667,4.5266666667,4.6,4.67,4.8133333333,4.5,4.46,4.3,4.3,4.315
