name,machine_type,trace,-10,-9,-8,-7,-6,-5,-4,-3,-2,-1,0,1,2,3
m266,cpu,utilization,19.866666667,20.436666667,20.4,20.626666667,20.58,20.916666667,20.965,20.403333333,19.525,18.746666667,19.05,18.915,18.6,18.0
m333,cpu,utilization,15.168333333,15.2,14.768333333,14.726666667,14.57,14.816666667,15.01,14.361666667,14.62,15.2,14.966666667,14.36,14.275,14.5
m351,cpu,utilization,28.52,28.393333333,27.976666667,28.693333333,29.3,28.99,29.231666667,29.316666667,28.076666667,27.88,28.475,28.49,28.4,28.1
m318,cpu,utilization,23.336666667,23.083333333,22.9,22.843333333,22.91,22.845,22.845,23.0,23.206666667,23.026666667,23.05,23.19,23.43,23.16
