name,machine_type,trace,-10,-9,-8,-7,-6,-5,-4,-3,-2,-1,0,1,2,3
m52,cpu,utilization,24.056666667,24.28,24.243333333,23.473333333,23.766666667,23.6,23.735,24.483333333,24.4,24.24,23.708333333,24.208333333,24.6,24.516666667
