name,machine_type,trace,-10,-9,-8,-7,-6,-5,-4,-3,-2,-1,0,1,2,3
m54,cpu,utilization,12.596666667,12.565,11.975,12.87,13.44,12.92,13.226666667,12.561666667,12.561666667,12.9,12.9,12.925,13.186666667,13.02
