name,machine_type,trace,-10,-9,-8,-7,-6,-5,-4,-3,-2,-1,0,1,2,3
m56,cpu,utilization,15.96,16.236666667,15.495,14.966666667,16.62,16.3,16.11,15.433333333,15.445,15.223333333,16.3,16.675,16.701666667,16.02
