name,machine_type,trace,-10,-9,-8,-7,-6,-5,-4,-3,-2,-1,0,1,2,3
m16,cpu,utilization,24.785,24.445,22.933333333,22.74,22.533333333,19.15,21.7,21.833333333,22.725,22.991666667,22.9,22.9,23.44,26.021666667
m194,cpu,utilization,24.91,26.115,26.233333333,26.5,26.816666667,26.28,25.623333333,25.96,26.866666667,25.533333333,26.92,26.08,26.11,30.21
m29,cpu,utilization,28.39,28.765,28.183333333,29.06,28.833333333,28.575,28.93,28.4,28.375,28.166666667,28.9,28.926666667,29.73,33.043333333
m197,cpu,utilization,27.605,26.395,25.9,26.6,27.283333333,26.64,26.3,26.353333333,26.683333333,26.5,26.53,26.64,26.23,29.426666667
