name,machine_type,trace,-10,-9,-8,-7,-6,-5,-4,-3,-2,-1,0,1,2,3
m221,cpu,utilization,10.4,10.325,10.143333333,10.3,10.246666667,10.126666667,10.993333333,12.773333333,11.888333333,11.978333333,13.373333333,10.886666667,10.3,10.27
