name,machine_type,trace,-10,-9,-8,-7,-6,-5,-4,-3,-2,-1,0,1,2,3
m186,cpu,utilization,14.325,15.053333333,15.25,14.7,15.18,15.373333333,14.706666667,14.575,15.396666667,15.8,16.58,16.24,15.5,15.3
