name,machine_type,trace,-10,-9,-8,-7,-6,-5,-4,-3,-2,-1,0,1,2,3
m350,cpu,utilization,14.3,14.396666667,14.495,14.5,14.598333333,14.406666667,14.303333333,14.3,14.395,14.3,14.3,14.396666667,14.493333333,14.5
