name,machine_type,trace,-10,-9,-8,-7,-6,-5,-4,-3,-2,-1,0,1,2,3
m412,cpu,utilization,30.336666667,32.2,32.98,30.186666667,30.3,30.1,30.008333333,30.3,30.125,29.8,30.758333333,31.635,29.863333333,29.583333333
