name,machine_type,trace,-10,-9,-8,-7,-6,-5,-4,-3,-2,-1,0,1,2,3
m165,cpu,utilization,19.203333333,19.3,19.3,19.3,19.3,19.3,19.3,19.3,19.3,19.275,19.02,19.3,19.276666667,19.116666667
m165,cpu,utilization,19.203333333,19.3,19.3,19.3,19.3,19.3,19.3,19.3,19.3,19.275,19.02,19.3,19.276666667,19.116666667
