name,machine_type,trace,-10,-9,-8,-7,-6,-5,-4,-3,-2,-1,0,1,2,3
m14,cpu,utilization,26.23,25.61,24.623333333,26.28,25.986666667,24.2,24.313333333,26.6,26.85,27.733333333,28.1,28.066666667,28.073333333,28.2
