name,machine_type,trace,-10,-9,-8,-7,-6,-5,-4,-3,-2,-1,0,1,2,3
m254,cpu,utilization,17.513333333,1.07,16.945,5.6466666667,19.971666667,19.971666667,21.793333333,18.675,18.303333333,21.193333333,17.225,0.90166666667,18.09,1.44
