name,machine_type,trace,-10,-9,-8,-7,-6,-5,-4,-3,-2,-1,0,1,2,3
m190,cpu,utilization,27.2,27.206666667,29.15,28.8,29.066666667,29.08,29.353333333,29.52,29.015,28.933333333,29.416666667,29.291666667,28.97,29.146666667
