name,machine_type,trace,-10,-9,-8,-7,-6,-5,-4,-3,-2,-1,0,1,2,3
m45,cpu,utilization,11.253333333,11.371666667,10.77,10.5,11.2,11.428333333,11.05,10.9,11.688333333,12.0,11.44,10.64,11.22,11.473333333
m269,cpu,utilization,11.206666667,11.3,11.58,12.19,11.77,11.571666667,11.6,11.4,11.3,11.593333333,11.77,10.26,10.761666667,11.49
