name,machine_type,trace,-10,-9,-8,-7,-6,-5,-4,-3,-2,-1,0,1,2,3
m151,cpu,utilization,18.183333333,18.5,22.825,21.641666667,23.2,23.19,22.895,19.133333333,23.0,22.89,21.9,22.008333333,22.663333333,17.01
m228,cpu,utilization,18.8,18.25,22.99,21.533333333,23.0,23.02,23.005,19.416666667,22.8,22.83,23.113333333,23.291666667,22.756666667,18.425
