name,machine_type,trace,-10,-9,-8,-7,-6,-5,-4,-3,-2,-1,0,1,2,3
m216,cpu,utilization,18.54,18.183333333,19.196666667,18.58,17.726666667,17.5,18.4,18.413333333,18.71,18.48,18.633333333,18.8,18.733333333,29.496666667
m25,cpu,utilization,15.13,15.1,15.335,15.246666667,15.2,15.34,20.65,24.908333333,25.9,25.76,27.433333333,29.016666667,29.3,29.095
