name,machine_type,trace,-10,-9,-8,-7,-6,-5,-4,-3,-2,-1,0,1,2,3
m157,cpu,utilization,0.49666666667,0.50666666667,0.69333333333,0.5,0.55,0.99166666667,0.99166666667,0.40166666667,0.4,0.4,0.4,0.4,0.4,0.4
m136,cpu,utilization,7.3,7.1066666667,7.2,7.1666666667,6.8,6.8,6.8,8.0783333333,7.1,7.1,7.1983333333,7.2,7.2,7.2
