name,machine_type,trace,-10,-9,-8,-7,-6,-5,-4,-3,-2,-1,0,1,2,3
m153,cpu,utilization,11.541666667,11.6,11.6,11.638333333,11.613333333,11.5,11.54,11.6,11.6,11.6,11.6,11.96,12.206666667,11.623333333
