name,machine_type,trace,-10,-9,-8,-7,-6,-5,-4,-3,-2,-1,0,1,2,3
m97,cpu,utilization,19.99,20.956666667,21.073333333,21.186666667,21.64,20.486666667,18.806666667,20.6,19.813333333,19.93,21.4,20.41,18.7,19.783333333
