name,machine_type,trace,-10,-9,-8,-7,-6,-5,-4,-3,-2,-1,0,1,2,3
m233,cpu,utilization,20.825,20.12,20.5,20.458333333,20.64,21.0,20.731666667,20.133333333,20.203333333,20.6,20.565,20.353333333,20.415,21.0
