name,machine_type,trace,-10,-9,-8,-7,-6,-5,-4,-3,-2,-1,0,1,2,3
m37,cpu,utilization,2.8883333333,2.9,2.81,2.8,2.8,2.8,2.8,2.9466666667,2.9233333333,2.9,2.83,2.865,2.9,2.8283333333
