name,machine_type,trace,-10,-9,-8,-7,-6,-5,-4,-3,-2,-1,0,1,2,3
m267,cpu,utilization,21.4,21.5,21.5,21.5,21.596666667,21.5,21.508333333,21.653333333,22.4,22.3,21.435,21.7,21.723333333,21.858333333
