name,machine_type,trace,-10,-9,-8,-7,-6,-5,-4,-3,-2,-1,0,1,2,3
m172,cpu,utilization,11.62,11.285,11.2,11.2,11.178333333,11.1,11.14,11.325,11.4,11.35,11.058333333,10.7,10.765,11.0
