name,machine_type,trace,-10,-9,-8,-7,-6,-5,-4,-3,-2,-1,0,1,2,3
m298,cpu,utilization,24.243333333,19.52,21.271666667,24.3,24.24,24.316666667,20.141666667,21.18,24.243333333,24.2,21.876666667,20.58,22.653333333,24.293333333
