name,machine_type,trace,-10,-9,-8,-7,-6,-5,-4,-3,-2,-1,0,1,2,3
m362,cpu,utilization,28.37,28.4,28.4,29.353333333,28.52,28.3,28.3,28.215,28.2,28.2,28.285,28.3,28.3,28.211666667
m158,cpu,utilization,28.385,28.4,28.313333333,28.3,28.3,28.3,28.381666667,28.4,28.316666667,28.388333333,24.15,27.905,28.5,28.323333333
