name,machine_type,trace,-10,-9,-8,-7,-6,-5,-4,-3,-2,-1,0,1,2,3
m373,cpu,utilization,29.09,29.625,28.666666667,29.23,29.74,28.635,29.233333333,29.61,28.255,29.14,29.4,28.49,28.9,28.9
