name,machine_type,trace,-10,-9,-8,-7,-6,-5,-4,-3,-2,-1,0,1,2,3
m346,cpu,utilization,25.513333333,22.94,21.858333333,22.395,22.055,25.066666667,20.303333333,20.765,27.258333333,22.61,26.291666667,22.9,22.858333333,22.373333333
