name,machine_type,trace,-10,-9,-8,-7,-6,-5,-4,-3,-2,-1,0,1,2,3
m293,cpu,utilization,17.39,17.18,16.7,16.921666667,17.24,16.8,16.933333333,17.24,17.1,17.206666667,17.393333333,17.0,16.643333333,18.716666667
