name,machine_type,trace,-10,-9,-8,-7,-6,-5,-4,-3,-2,-1,0,1,2,3
m128,cpu,utilization,27.285,27.23,27.5,27.465,27.23,27.4,27.35,27.118333333,27.2,27.176666667,27.06,26.9,26.94,27.116666667
