name,machine_type,trace,-10,-9,-8,-7,-6,-5,-4,-3,-2,-1,0,1,2,3
m415,cpu,utilization,31.113333333,31.286666667,31.401666667,31.401666667,31.205,31.2,31.2,31.111666667,30.916666667,7.24,3.6,3.34,25.74,29.7
