name,machine_type,trace,-10,-9,-8,-7,-6,-5,-4,-3,-2,-1,0,1,2,3
m310,cpu,utilization,22.881666667,22.9,22.9,22.605,22.796666667,22.8,23.453333333,22.96,22.9,22.625,22.6,21.536666667,22.416666667,22.596666667
m196,cpu,utilization,16.996666667,17.051666667,17.051666667,17.198333333,17.2,16.915,16.993333333,17.0,17.0,17.458333333,16.846666667,16.8,18.633333333,18.703333333
m322,cpu,utilization,23.115,18.005,18.005,20.991666667,15.886666667,19.79,20.84,15.95,19.551666667,20.833333333,16.233333333,20.636666667,20.8,16.256666667
m88,cpu,utilization,19.428333333,17.753333333,17.753333333,17.5,20.941666667,20.81,21.173333333,20.66,20.688333333,20.7,21.82,22.77,21.975,22.866666667
