name,machine_type,trace,-10,-9,-8,-7,-6,-5,-4,-3,-2,-1,0,1,2,3
m290,cpu,utilization,31.041666667,30.9,31.383333333,30.416666667,30.496666667,30.835,31.93,29.983333333,30.935,31.040833333,31.040833333,31.188333333,30.993333333,30.993333333
m294,cpu,utilization,10.5,8.3533333333,10.52,10.501666667,10.5,10.598333333,10.6,10.6,10.6,10.6,10.6,10.6,10.5,10.5
