name,machine_type,trace,-10,-9,-8,-7,-6,-5,-4,-3,-2,-1,0,1,2,3
m339,cpu,utilization,29.2,29.273333333,28.616666667,28.566666667,28.7,28.846666667,29.125,29.13,28.586666667,28.323333333,26.106666667,28.06,28.445,28.4
