name,machine_type,trace,-10,-9,-8,-7,-6,-5,-4,-3,-2,-1,0,1,2,3
m222,cpu,utilization,26.2,26.31,26.4,26.173333333,26.246666667,26.4,26.273333333,26.2,26.2,26.2,26.14,26.1,26.21,26.3
