name,machine_type,trace,-10,-9,-8,-7,-6,-5,-4,-3,-2,-1,0,1,2,3
m297,cpu,utilization,62.58,57.341666667,66.125,71.3,71.3,71.361666667,71.4,71.533333333,62.866666667,58.5,66.27,71.1,71.265,71.293333333
