name,machine_type,trace,-10,-9,-8,-7,-6,-5,-4,-3,-2,-1,0,1,2,3
m111,cpu,utilization,24.8,24.726666667,24.84,24.9,24.753333333,24.7,24.775,24.8,24.8,24.726666667,26.42,27.1,25.9,25.421666667
m277,cpu,utilization,28.3,28.3,28.51,28.6,28.38,28.376666667,28.4,28.328333333,28.3,28.3,28.228333333,28.2,24.975,26.171666667
