name,machine_type,trace,-10,-9,-8,-7,-6,-5,-4,-3,-2,-1,0,1,2,3
m185,cpu,utilization,22.933333333,22.401666667,22.31,22.31,21.74,21.7,21.995,25.441666667,25.873333333,23.608333333,22.466666667,21.95,21.9,22.58
