name,machine_type,trace,-10,-9,-8,-7,-6,-5,-4,-3,-2,-1,0,1,2,3
m172,cpu,utilization,26.0,26.33,25.491666667,25.586666667,26.766666667,27.1,27.1,27.406666667,27.18,27.1,26.926666667,27.633333333,22.76,26.0
