name,machine_type,trace,-10,-9,-8,-7,-6,-5,-4,-3,-2,-1,0,1,2,3
m150,cpu,utilization,6.9333333333,5.7333333333,6.7666666667,7.4383333333,5.96,5.0,6.6,6.8116666667,6.3,6.3133333333,5.8,6.735,6.95,6.6133333333
