name,machine_type,trace,-10,-9,-8,-7,-6,-5,-4,-3,-2,-1,0,1,2,3
m50,cpu,utilization,15.3,15.253333333,15.053333333,14.9,14.876666667,14.951666667,15.3,14.62,15.275,15.561666667,14.851666667,15.306666667,15.093333333,15.356666667
