name,machine_type,trace,-10,-9,-8,-7,-6,-5,-4,-3,-2,-1,0,1,2,3
m357,cpu,utilization,25.77,28.63,30.64,29.1,29.88,24.541666667,25.88,21.033333333,24.72,30.088333333,25.715,26.723333333,28.84,20.565
